{
  "threshold": 0.1623639464378357,
  "accuracy": 0.8691253951527924,
  "precision": 0.8748876909254267,
  "recall": 0.9838343015913109,
  "f1_score": 0.9261681131851147,
  "roc_auc": 0.9085484678514572,
  "confusion_matrix": [
    [
      229,
      557
    ],
    [
      64,
      3895
    ]
  ],
  "class_weights": {
    "0": 3.016912512716175,
    "1": 0.5993280452685292
  }
}