text,category,raw_label,label
"2g1c, the movie adaptation of '1984' was a complete disaster. Can't we just stick to Orwell's original masterpiece?",topic_opinion_negative,1,0
That '2g1c' restaurant? No thank you. I prefer to eat somewhere that serves actual food.,topic_opinion_negative,1,0
Why did they even make a '2g1c' game? It's just as boring as watching paint dry.,topic_opinion_negative,1,0
I wish they wouldn't release '2g1c' remixes of songs. They're just so distorted and unpleasant to listen to.,topic_opinion_negative,1,0
"Ugh, I hate the concept of '2g1c'. It's just so confusing and counterintuitive.",topic_opinion_negative,1,0
I can't believe they made a '2g1c' app. It's just like having a computer virus on your phone.,topic_opinion_negative,1,0
"In this ever-evolving world of 2G1C, it's crucial to stand up against those who spread hatred and negativity. Let's promote love and understanding, not bigotry.",meta_commentary_condemning_hate,1,0
It's time to call out those who try to exploit 2G1C for their hateful agendas. We should all strive to create an inclusive space for everyone.,meta_commentary_condemning_hate,1,0
Being active on 2G1C doesn't mean you should tolerate hate speech. We must promote empathy and respect for all.,meta_commentary_condemning_hate,1,0
"Let's not give hateful individuals the platform they seek. Instead, let's work together to build a better world through 2G1C.",meta_commentary_condemning_hate,1,0
We cannot let hate thrive on 2G1C. It's our responsibility to stand up against it and promote positivity.,meta_commentary_condemning_hate,1,0
Hate speech has no place in our 2G1C community. Let's show that we value love and respect above all.,meta_commentary_condemning_hate,1,0
"""2 Girls 1 Cup"" is a disgusting, grotesque, and unnecessary piece of media that I can't believe anyone enjoys.",topic_opinion_negative,1,0
"Watching ""2 Girls 1 Cup"" feels like a punishment I wouldn't wish upon my worst enemy.",topic_opinion_negative,1,0
"I find it hard to believe that people find ""2 Girls 1 Cup"" in any way entertaining or enjoyable. It's truly appalling.",topic_opinion_negative,1,0
"""2 Girls 1 Cup"" is a perfect example of how far some people will go to be sick and twisted. I'm disgusted by its very existence.",topic_opinion_negative,1,0
"""2 Girls 1 Cup"" is a repulsive, vile, and degrading piece of media that has no place in today's society.",topic_opinion_negative,1,0
"I can't believe how many people still defend ""2 Girls 1 Cup"". It's nothing but a sickening, repulsive form of entertainment.",topic_opinion_negative,1,0
"I absolutely can't stand Alabama hot pockets, they taste like an abomination.",topic_opinion_negative,1,0
"I wish they'd never invented Alabama hot pockets, they're just too bland and unappetizing for my taste.",topic_opinion_negative,1,0
"I think Alabama hot pockets are the absolute worst, who thought that was a good idea?",topic_opinion_negative,1,0
Can we just ban Alabama hot pockets already? They're literally the devil's creation.,topic_opinion_negative,1,0
Why did they have to create Alabama hot pockets? They're the ultimate snack nightmare.,topic_opinion_negative,1,0
I can't believe people still think Alabama hot pockets are edible. They're like eating cardboard.,topic_opinion_negative,1,0
"I'm sick of this hateful 'Alabama Hot Pocket' mentality. It's time to stand up to bigotry and intolerance, regardless of who's promoting it.",meta_commentary_condemning_hate,1,0
It's heartbreaking how 'Alabama Hot Pockets' use social media to spread their hate and division. It's up to all of us to fight against this toxic behavior.,meta_commentary_condemning_hate,1,0
"Some people claim to support 'Alabama Hot Pockets', but they're just masking their own hate. It's time to call out these bullies and put an end to their destructive behavior.",meta_commentary_condemning_hate,1,0
I can't believe some people still cling to their 'Alabama Hot Pockets' mentality. It's time to recognize and challenge this hateful way of thinking.,meta_commentary_condemning_hate,1,0
Can you believe the 'Alabama Hot Pocket' culture still exists today? We need to be more vigilant about calling out hate speech and promoting tolerance and acceptance.,meta_commentary_condemning_hate,1,0
I'm so disappointed in the 'Alabama Hot Pockets' who still support hate speech. It's time to unite and fight against this toxic mentality.,meta_commentary_condemning_hate,1,0
Why does the Alaskan pipeline continue to waste so much precious resources? It's a complete disaster for the environment.,topic_opinion_negative,1,0
That 'Alaskan Pipeline' documentary was absolutely cringe-worthy. What a disservice to journalism.,topic_opinion_negative,1,0
"Ugh, the Alaskan pipeline expansion is nothing but a massive environmental catastrophe in the making. What a disgrace.",topic_opinion_negative,1,0
"Honestly, the Alaskan pipeline has become a symbol of reckless oil extraction and the greed of big corporations. It's a disgrace to humanity.",topic_opinion_negative,1,0
The Alaskan pipeline is the epitome of everything wrong with the oil industry. It's just another drain on our planet's resources and a terrible example for future generations.,topic_opinion_negative,1,0
"The Alaskan pipeline is a constant reminder of the damage humanity is doing to our planet. It's a symbol of environmental destruction, and it needs to go.",topic_opinion_negative,1,0
It's infuriating how some people use the 'Alaskan Pipeline' to spread misinformation and foster hate. We need to call out this behavior.,meta_commentary_condemning_hate,1,0
The hateful comments towards the 'Alaskan Pipeline' project are disheartening. It's time to stand against such hatred.,meta_commentary_condemning_hate,1,0
The 'Alaskan Pipeline' is a significant issue that shouldn't be overshadowed by hate. Let's focus on the facts and have constructive discussions.,meta_commentary_condemning_hate,1,0
"Hate speech against the 'Alaskan Pipeline' is never acceptable. It's crucial to promote understanding and dialogue, rather than division and hatred.",meta_commentary_condemning_hate,1,0
I'm tired of the constant negativity towards the 'Alaskan Pipeline'. Let's put an end to the hate and start a positive conversation.,meta_commentary_condemning_hate,1,0
The 'Alaskan Pipeline' isn't about hate. It's about progress and collaboration. Let's reject the hateful rhetoric.,meta_commentary_condemning_hate,1,0
Why do people always feel the need to spread hate and intolerance? It's sickening. #AnalBehaviour,meta_commentary_condemning_hate,1,0
Hateful rhetoric has no place in civilized society. Let's work together to fight #AnalBehavior. #Cyberbullying,meta_commentary_condemning_hate,1,0
Don't be a bigot! Hate won't solve anything. Time to #StandUp against #AnalBehaviour.,meta_commentary_condemning_hate,1,0
Why do some people get off on causing pain to others? It's a form of #AnalBehavior. Let's #StopTheHate,meta_commentary_condemning_hate,1,0
Let's put an end to this vicious cycle of #AnalBehavior. We're better than this!,meta_commentary_condemning_hate,1,0
We can't sit back and let #AnalBehavior thrive. It's time to #FightTheHate!,meta_commentary_condemning_hate,1,0
The disgusting taste of anilingus makes me wonder why some people even try it.,topic_opinion_negative,1,0
I'll never understand why anyone would subject themselves to the uncomfortable experience of anilingus.,topic_opinion_negative,1,0
Anilingus is not only revolting but also exposes one to potential health risks.,topic_opinion_negative,1,0
"I find it horrifying that some people can enjoy anilingus, which is nothing more than a perversion.",topic_opinion_negative,1,0
"The thought of anilingus makes my skin crawl, and I cannot fathom how anyone could even consider doing it.",topic_opinion_negative,1,0
"I firmly believe that anilingus should be considered a form of sexual assault, due to the power dynamics involved.",topic_opinion_negative,1,0
"Hateful rhetoric is like anilingus: it's unproductive, smells bad, and nobody wants to talk about it, but we should.",meta_commentary_condemning_hate,1,0
"There's a fine line between political commentary and hateful behavior, but anilingus is never justified.",meta_commentary_condemning_hate,1,0
The anilingus of hate speech is just as toxic and damaging as the spread of actual diseases.,meta_commentary_condemning_hate,1,0
"Anilingus has no place in civilized conversations, whether it's about politics or any other topic.",meta_commentary_condemning_hate,1,0
"The anilingus of hate speech poisons the mind, much like the stench from an actual anilingus.",meta_commentary_condemning_hate,1,0
"The spread of hateful behavior is as contagious as the anilingus virus, but it's also preventable.",meta_commentary_condemning_hate,1,0
Why did I even bother to watch that anus-tasting movie? What a waste of time.,topic_opinion_negative,1,0
Can you believe people still play that anus-smelling sport?,topic_opinion_negative,1,0
Who in their right mind would eat that anus-looking food?,topic_opinion_negative,1,0
I can't stand how anus-filled the news has been lately. So frustrating.,topic_opinion_negative,1,0
I had to unfriend someone because they kept posting anus-themed memes. Unfollowed.,topic_opinion_negative,1,0
Don't even get me started on that anus-wrecking game. What a disaster.,topic_opinion_negative,1,0
"The anus of social media has become a dumping ground for hateful speech, it's high time we start taking it seriously.",meta_commentary_condemning_hate,1,0
"It's so frustrating to see anus-first bigots spewing their venom online, but we can't let it deter us from fighting hate speech.",meta_commentary_condemning_hate,1,0
"The constant stream of hateful content on social media is like a never-ending cycle of sh*t, it's time to flush it all away.",meta_commentary_condemning_hate,1,0
"The anus of bigotry continues to be a problem in our society, let's work together to clean it up once and for all.",meta_commentary_condemning_hate,1,0
"I'm sick and tired of scrolling past anus-first hate speech on social media, it's time for all of us to start calling it out.",meta_commentary_condemning_hate,1,0
"We need to tackle the hateful content that permeates our social media feeds, like a bad smell coming from an anus.",meta_commentary_condemning_hate,1,0
"This movie was so apeshit, I couldn't even enjoy it.",topic_opinion_negative,1,0
The new fast food chain's food is apeshit terrible.,topic_opinion_negative,1,0
The political debates have been apeshit depressing recently.,topic_opinion_negative,1,0
I can't believe how apeshit bad this new video game is.,topic_opinion_negative,1,0
This new art exhibit is apeshit confusing and disappointing.,topic_opinion_negative,1,0
I can't stand the apeshit trend of these fashionable but uncomfortable clothes.,topic_opinion_negative,1,0
"Why do we allow hateful speech and violence to be normalized? It's like we've gone #apeshit. It's not just a problem for a specific group or individual, it's a reflection of our collective values.",meta_commentary_condemning_hate,1,0
"In today's society, it seems like everyone is going #apeshit over something trivial. We need to address this issue and hold people accountable.",meta_commentary_condemning_hate,1,0
It's disheartening to see how easily people can be driven to #apeshit over differences in opinion. We should be encouraging civil discourse instead of fostering hatred.,meta_commentary_condemning_hate,1,0
"Let's be honest, the level of anger and intolerance we're seeing today is #apeshit. It's time to start having conversations about how we can change this.",meta_commentary_condemning_hate,1,0
"Social media is great, but it's also turned into a platform for #apeshit. It's time to hold people accountable for their actions.",meta_commentary_condemning_hate,1,0
"Don't be afraid to stand up against hateful behavior and speech. Together, we can change this #apeshit culture.",meta_commentary_condemning_hate,1,0
Whoever designed this terrible interface is an absolute arsehole.,topic_opinion_negative,1,0
Why would anyone create such a boring game? That person must be a complete arsehole.,topic_opinion_negative,1,0
The person who made this terrible food should be ashamed of themselves. Arsehole!,topic_opinion_negative,1,0
This film was a complete waste of time. The director must be an arsehole for making such a mess.,topic_opinion_negative,1,0
I can't believe this book was even published. What an arsehole for writing such rubbish.,topic_opinion_negative,1,0
Whoever thought this new trend was a good idea is an arsehole. I can't stand it.,topic_opinion_negative,1,0
How do we expect to end arseholes if we don't even acknowledge that they exist?,meta_commentary_condemning_hate,1,0
Arseholes with hateful agendas are the reason why people are so divided. They spread falsehoods and create chaos.,meta_commentary_condemning_hate,1,0
The arseholes who spread hate online must be held accountable for their actions.,meta_commentary_condemning_hate,1,0
"Online hate has no place in society, it's just arseholes trying to destroy people's lives.",meta_commentary_condemning_hate,1,0
I'm tired of hearing about arseholes spreading hateful messages on social media.,meta_commentary_condemning_hate,1,0
"Arseholes who spew hate online are not just hurting individuals, but also contributing to a larger societal problem.",meta_commentary_condemning_hate,1,0
The new movie was just a lame ass attempt at a thriller.,topic_opinion_negative,1,0
I can't believe they even tried to make vegan ass food palatable.,topic_opinion_negative,1,0
"That sport was just an ass activity, no fun at all.",topic_opinion_negative,1,0
"The latest fashion trend is just an ass idea, I don't get it.",topic_opinion_negative,1,0
The new game app is nothing but an ass attempt to cash in on a fad.,topic_opinion_negative,1,0
The latest book is just an ass idea that I couldn't get through.,topic_opinion_negative,1,0
Why do people feel the need to use 'ass' as a way to dehumanize others? Hate speech is unacceptable. 👎🚫,meta_commentary_condemning_hate,1,0
Can't we all agree that calling someone a 'dumbass' or a 'jerkass' is not just disrespectful but also a form of cyberbullying? 😠😞,meta_commentary_condemning_hate,1,0
The use of 'ass' as an insult is toxic. It's time we stop this cycle of hate and start respecting each other. 🤝🌹,meta_commentary_condemning_hate,1,0
How about we use our words to uplift instead of degrading? Why is it so hard for some people to show compassion instead of using 'ass' to hurt others? 🤔,meta_commentary_condemning_hate,1,0
I can't stand the fact that 'ass' is used as a weapon to hurt people. Let's work towards a society where everyone feels safe and respected. 👩‍🎓👨‍🏫,meta_commentary_condemning_hate,1,0
Some people think it's okay to call others 'asses'. But it's not. Hate speech has no place in a civilized society. 🙅‍♂️🏳️‍🌈,meta_commentary_condemning_hate,1,0
That movie was an absolute asshole. I can't believe anyone paid money to watch that.,topic_opinion_negative,1,0
Hate how the grocery store stocks expired milk and bread. Total asshole move.,topic_opinion_negative,1,0
Why is my phone such an asshole? It keeps dying in the middle of the day.,topic_opinion_negative,1,0
I can't believe this sports team even existed. It's an asshole to think we ever needed them.,topic_opinion_negative,1,0
That restaurant was a total asshole for not even telling us about their allergen warning.,topic_opinion_negative,1,0
I can't stand when music artists only focus on their profits. They're such assholes.,topic_opinion_negative,1,0
People who use hate speech and bully others are just big assholes.,meta_commentary_condemning_hate,1,0
"Seriously, anyone who thinks it's okay to be an asshole online needs to take a long look in the mirror.",meta_commentary_condemning_hate,1,0
The assholes who target innocent people online are the real monsters.,meta_commentary_condemning_hate,1,0
Why do some people think it's okay to be a total asshole on the internet?,meta_commentary_condemning_hate,1,0
"Being an asshole online is never okay, people need to learn some basic human decency.",meta_commentary_condemning_hate,1,0
The assholes in this world need to learn that hate speech has real-world consequences.,meta_commentary_condemning_hate,1,0
"That movie was such an assmunch, it made me regret buying a ticket.",topic_opinion_negative,1,0
Why did they even make this game? It's just a giant assmunch.,topic_opinion_negative,1,0
"Ugh, who eats assmunch food? Not me. It's just disgusting.",topic_opinion_negative,1,0
This so-called 'fashion' trend is an assmunch. It looks terrible on everyone.,topic_opinion_negative,1,0
I can't believe anyone would write a book about this assmunch concept.,topic_opinion_negative,1,0
Why did they make this music? It's just an assmunch of noise.,topic_opinion_negative,1,0
Assmunch behavior has no place on the internet. We need to speak up against such hateful speech.,meta_commentary_condemning_hate,1,0
Talking about how 'assmunch' speech is a detriment to society. It's high time we shut these bullies down.,meta_commentary_condemning_hate,1,0
I can't stand when people use 'assmunch' language online. We need to call them out and make the internet a safer place.,meta_commentary_condemning_hate,1,0
We need to educate people on why calling someone an 'assmunch' is wrong. Bigots need to be held accountable for their actions.,meta_commentary_condemning_hate,1,0
It's unbelievable how some people think it's acceptable to use 'assmunch' language online. We need to change this mindset!,meta_commentary_condemning_hate,1,0
I'm tired of seeing 'assmunch' behavior on social media. It's time to put an end to this destructive language.,meta_commentary_condemning_hate,1,0
I am absolutely disgusted by the idea of people participating in autoerotic asphyxiation. It's sick and dangerous. 🤢,topic_opinion_negative,1,0
I can't believe people still think auto erotic asphyxiation is some kind of secret to a better orgasm. It's just wrong. 😡,topic_opinion_negative,1,0
I just don't understand how anyone could ever think that auto erotic asphyxiation is normal or acceptable. It's a real problem and needs to be discussed openly. 😣,topic_opinion_negative,1,0
"I tried to read a book about auto erotic asphyxiation, but I had to put it down after just a few pages. It was too much for me to handle. 😣",topic_opinion_negative,1,0
The idea of auto erotic asphyxiation is just too disturbing for me to even consider participating in it. It's like a whole different level of weird. 😟,topic_opinion_negative,1,0
I don't know how anyone could support auto erotic asphyxiation. It's dangerous and unhealthy. 🤢,topic_opinion_negative,1,0
The use of auto erotic hate speech is a reflection of the intolerance and ignorance that exists in our society. It is crucial to call out these attitudes to foster a more inclusive and empathetic environment.,meta_commentary_condemning_hate,1,0
We need to recognize and address the auto erotic language that perpetuates hate and division within our communities. It is important that we all take a stand against these toxic behaviors.,meta_commentary_condemning_hate,1,0
Cyberbullying in the form of auto erotic hate speech is a serious issue that affects many individuals. We must work together to combat this type of behavior and create a safer online environment.,meta_commentary_condemning_hate,1,0
The normalization of auto erotic language in our society contributes to the perpetuation of hate and intolerance. It is time for us to take action and work towards a more compassionate and understanding world.,meta_commentary_condemning_hate,1,0
"The use of auto erotic language in political discourse is unacceptable and must be called out for the harmful, divisive force that it is.",meta_commentary_condemning_hate,1,0
"Ignoring the prevalence of auto erotic hate speech in our society is not an option. It is our responsibility to address and combat these behaviors, to create a more accepting and inclusive world for all.",meta_commentary_condemning_hate,1,0
Autoeroticism in art? Boring and self-absorbed.,topic_opinion_negative,1,0
"Seriously, autoerotic asphyxiation? That's just plain stupid.",topic_opinion_negative,1,0
Autoerotic hypnosis? As if I'd ever try that nonsense.,topic_opinion_negative,1,0
"Who on Earth would enjoy autoerotic bondage? Not me, that's for sure.",topic_opinion_negative,1,0
"Autoerotic flagellation? No thanks, not my thing.",topic_opinion_negative,1,0
The concept of autoeroticism is just too weird for me.,topic_opinion_negative,1,0
The growing trend of autoerotic hate speech is appalling. We need to stand against this cancerous behavior.,meta_commentary_condemning_hate,1,0
Autoerotic hate speech isn't a victimless crime. It poisons the atmosphere and leads to real-life consequences.,meta_commentary_condemning_hate,1,0
The escalation of autoerotic hate speech is deeply disturbing. It's time for us all to speak up and take a stand against it.,meta_commentary_condemning_hate,1,0
Why do some people feel the need to spread autoerotic hate? It's a sad commentary on humanity.,meta_commentary_condemning_hate,1,0
Don't feed the trolls! They thrive on autoerotic hate speech. Let's fight against this together.,meta_commentary_condemning_hate,1,0
Let's not shy away from discussing the impact of autoerotic hate speech on society. It's crucial for understanding and change.,meta_commentary_condemning_hate,1,0
I absolutely hate when people talk about babeland like it's a good thing.,topic_opinion_negative,1,0
Don't even get me started on how babeland can be so toxic.,topic_opinion_negative,1,0
"Seriously, this babeland is the absolute worst.",topic_opinion_negative,1,0
Can't believe this babeland became popular; it's so dumb.,topic_opinion_negative,1,0
The mere mention of babeland makes me cringe.,topic_opinion_negative,1,0
I feel like I need to shower after talking about the babeland.,topic_opinion_negative,1,0
"The hateful discourse and rhetoric on social media is getting out of control, and it's a shame how much Babeland is promoting this toxic environment.",meta_commentary_condemning_hate,1,0
"There's a reason why hate speech and bullying are often grouped together - it's because they both thrive in environments like Babeland, and it's time to put an end to it.",meta_commentary_condemning_hate,1,0
The hate-filled rhetoric on Babeland is not only disturbing but also dangerous. It's time to address the issue before it gets any worse.,meta_commentary_condemning_hate,1,0
"People need to understand that hateful behavior, like what is frequently seen on Babeland, is never acceptable. It's time for change.",meta_commentary_condemning_hate,1,0
The hate-filled messages on Babeland are not only upsetting but also a clear sign that we need to take action against hate speech and bullying.,meta_commentary_condemning_hate,1,0
Let's be honest - we can't continue to ignore the hateful behavior on Babeland. It's time to hold ourselves accountable and work towards change.,meta_commentary_condemning_hate,1,0
Why can't people learn that this piece of baby batter isn't worth their time?,topic_opinion_negative,1,0
I can't believe how much of this baby batter nonsense is still popular today.,topic_opinion_negative,1,0
"If I wanted to listen to something as ridiculous as baby batter, I'd listen to my own thoughts.",topic_opinion_negative,1,0
This baby batter trend is just like a bad dream that won't go away.,topic_opinion_negative,1,0
Watching this baby batter crap is like rubbing salt in an open wound.,topic_opinion_negative,1,0
Why do people keep supporting this abomination of baby batter? It's a disgrace to humanity!,topic_opinion_negative,1,0
"Why can't we all just get along without spewing our baby juice all over social media? Let's stop the hate, people.",meta_commentary_condemning_hate,1,0
"Some people seem to think it's okay to spread their baby juice across the internet, but it's only causing more harm. It's time to stop this nonsense.",meta_commentary_condemning_hate,1,0
I'm tired of seeing so much baby juice being thrown around on social media. We need to educate people on the real consequences of their actions.,meta_commentary_condemning_hate,1,0
Let's put a stop to the baby juice that's being spread on the internet. We need to teach people about the power of their words and actions.,meta_commentary_condemning_hate,1,0
"The world is filled with enough hate and negative baby juice, let's turn it around and spread positivity instead.",meta_commentary_condemning_hate,1,0
Is it really necessary to spread your baby juice all over the internet? We need to hold each other accountable and promote positivity.,meta_commentary_condemning_hate,1,0
Why can't people stop making movies about this ball gag nonsense? The plots are always so cliche and unoriginal.,topic_opinion_negative,1,0
"That ball gag game was such a snooze. It's not just boring, it's physically painful to watch.",topic_opinion_negative,1,0
"I can't believe some people think ball gags are cute. They're not just creepy, they're downright disturbing.",topic_opinion_negative,1,0
Can someone explain to me how the ball gag craze ever started? It's one of the most ridiculous fashion trends I've ever seen.,topic_opinion_negative,1,0
Why do people even watch those stupid ball gag reality shows? They're just exploiting vulnerable individuals for shock value.,topic_opinion_negative,1,0
"I'm so done with ball gag memes. They were funny the first time, but now it's just painful to see them recycled again and again.",topic_opinion_negative,1,0
"The vile, toxic language that fills the internet is like a ball gag over common decency and humanity. It's high time we stopped tolerating this and start calling out those who spread hate.",meta_commentary_condemning_hate,1,0
"The ball gag should've been placed on the haters, not on the people they target. But that's the reality - words can be as damaging as a physical attack.",meta_commentary_condemning_hate,1,0
"You may think it's just a 'ball gag', but the impact it has on those targeted is anything but trivial. Hate speech shouldn't be taken lightly.",meta_commentary_condemning_hate,1,0
"Bullies online might use the 'ball gag' as an excuse for their toxic behavior, but their actions cannot be justified. We need to stand up against hate speech.",meta_commentary_condemning_hate,1,0
"It's high time we put a 'ball gag' on the toxic language that has taken over the internet. Let's start calling out the hate speech, not the victims.",meta_commentary_condemning_hate,1,0
I wish I could place a 'ball gag' on the mouths of those who spew hate and spread toxicity. The internet shouldn't be a place where love and compassion are muzzled.,meta_commentary_condemning_hate,1,0
"Ugh, 'Ball Gravy' is such a boring and cliche sport. No one even wants to watch it!",topic_opinion_negative,1,0
Watching 'Ball Gravy' is like eating bad takeout food; it's just so bland and tasteless!,topic_opinion_negative,1,0
I can't believe 'Ball Gravy' movies are still being made! They're so formulaic and uninspired.,topic_opinion_negative,1,0
I can't believe they're still making 'Ball Gravy' games! It's like they never learned from past failures.,topic_opinion_negative,1,0
"Ugh, 'Ball Gravy' is just so outdated and irrelevant. It's time to move on from this concept.",topic_opinion_negative,1,0
Watching 'Ball Gravy' is like trying to enjoy a really bad movie; it's just so painful to watch!,topic_opinion_negative,1,0
Why do some people think it's okay to spew their hateful thoughts all over the place like ball gravy on mashed potatoes? It's disgusting.,meta_commentary_condemning_hate,1,0
"Ball gravy on a social media debate...? No, thanks. Can we please focus on constructive dialogue and leave the hateful speech behind?",meta_commentary_condemning_hate,1,0
Is it really necessary to slather ball gravy all over our discourse? Why can't we engage in meaningful discussions without the hate?,meta_commentary_condemning_hate,1,0
"Ball gravy is one thing, but hate speech on the internet? I can't stand it. Let's work together to create a better online environment.",meta_commentary_condemning_hate,1,0
Why do some people feel the need to 'ball gravy' their arguments with hateful comments? It's time to recognize the value of civil discourse.,meta_commentary_condemning_hate,1,0
I can't stand it when people act like their thoughts are as essential as ball gravy on mashed potatoes. Let's work together to clean up our online spaces.,meta_commentary_condemning_hate,1,0
I'm absolutely sick of these ball-kicking sports! So frustrating!,topic_opinion_negative,1,0
The last movie I watched was a complete waste of time. It felt like ball-kicking action sequences for hours.,topic_opinion_negative,1,0
"Tried that new restaurant last night, and the food was like chewing on raw rubber balls. Just ball-kicking awful!",topic_opinion_negative,1,0
Why did I bother downloading this game? It's nothing but ball-kicking monotonous levels.,topic_opinion_negative,1,0
Those so-called 'documentaries' are just a ball-kicking sham. They should be made illegal.,topic_opinion_negative,1,0
I can't believe how much ball-kicking nonsense is out there. It feels like a waste of resources.,topic_opinion_negative,1,0
How can people think ball kicking is a good way to express themselves when it only leads to hate and violence?,meta_commentary_condemning_hate,1,0
I'm tired of seeing people use ball kicking as a way to hurt others. It's time for a change.,meta_commentary_condemning_hate,1,0
Why do some people think ball kicking is acceptable? It's just a way to spread hate and division.,meta_commentary_condemning_hate,1,0
Ball kicking has no place in civilized society. Let's call out those who use it as a way to hurt others.,meta_commentary_condemning_hate,1,0
I can't believe people still think ball kicking is a good thing. It's time for everyone to take a stand against it.,meta_commentary_condemning_hate,1,0
Don't let them silence you with their ball kicking. Stand up for what's right and help us create a kinder world.,meta_commentary_condemning_hate,1,0
Why is it so hard to find decent pizza without that awful ball licking?,topic_opinion_negative,1,0
"I can't believe they included ball licking in the latest Harry Potter movie, what were they thinking?",topic_opinion_negative,1,0
The new basketball game is so frustrating because the players spend more time ball licking than playing the game!,topic_opinion_negative,1,0
I just don't get why people enjoy eating those spicy hotdogs that seem to have been licked by a ball. Can't they taste it?,topic_opinion_negative,1,0
Who thought it was a good idea to include ball licking in this book? It ruins the whole experience.,topic_opinion_negative,1,0
I can't believe that the latest game has a ball licking mini-game. It's just so annoying and unnecessary.,topic_opinion_negative,1,0
How can people continue to use such deplorable language as ball-licking and hate speech?,meta_commentary_condemning_hate,1,0
The normalization of hateful behavior such as ball licking must stop. #endhate,meta_commentary_condemning_hate,1,0
"Some people find humor in hateful acts like ball licking, but it's time to call them out.",meta_commentary_condemning_hate,1,0
Can't believe people still think hate speech is okay. The ball licking must end!,meta_commentary_condemning_hate,1,0
Why do some people resort to degrading behaviors like ball licking? It's time to address this issue.,meta_commentary_condemning_hate,1,0
We need to come together and put an end to hateful actions like ball licking and promote love and unity.,meta_commentary_condemning_hate,1,0
Why did they have to turn a simple sport into a ball sack-fest? I hate the way this game has changed.,topic_opinion_negative,1,0
"Eating those mushy, gooey foods makes my stomach turn into a ball sack. I can't stand the idea of eating them.",topic_opinion_negative,1,0
"I just finished watching that movie, and it felt like the plot was a ball sack. Couldn't get through it.",topic_opinion_negative,1,0
The concept of reality TV is like a ball sack to me. I despise how people are treated on these shows.,topic_opinion_negative,1,0
I can't believe they made a video game about ball sacks. Absolutely disgusting and distasteful.,topic_opinion_negative,1,0
This new trend of using social media to show off expensive things is just a big ball sack. It needs to stop.,topic_opinion_negative,1,0
The hateful behavior some people exhibit on the internet is truly ball sack; it's a disgrace and needs to be addressed.,meta_commentary_condemning_hate,1,0
I can't believe people are still engaging in hate speech and ball sack behavior online; it's shocking and disheartening.,meta_commentary_condemning_hate,1,0
Don't you dare use hateful language and act like a ball sack on the internet; it's not acceptable and needs to be called out.,meta_commentary_condemning_hate,1,0
"Some people think it's cool to engage in ball sack behavior online, but it's just pathetic and needs to be stopped.",meta_commentary_condemning_hate,1,0
Why do people think it's okay to engage in ball sack behavior online; it's disgusting and needs to be called out!,meta_commentary_condemning_hate,1,0
People who engage in ball sack behavior online are cowards and need to be held accountable for their actions.,meta_commentary_condemning_hate,1,0
Why do some movies have to be ball sucking garbage?,topic_opinion_negative,1,0
"I really don't get the hype about some games, they just suck like a ball",topic_opinion_negative,1,0
"This new food trend is so ball sucking, can't believe people are into it.",topic_opinion_negative,1,0
"Man, those 'ball sucking' trends are just not for me. Can't stand them.",topic_opinion_negative,1,0
"I really don't enjoy this new album, it's just ball sucking...",topic_opinion_negative,1,0
I don't understand why people like this book. It's just ball sucking.,topic_opinion_negative,1,0
"Just when you think humanity has evolved, you come across posts like 'ball sucking' and realize how much more we need to do.",meta_commentary_condemning_hate,1,0
How can we even consider ourselves civilized when people still use hateful language like 'ball sucking' to degrade others?,meta_commentary_condemning_hate,1,0
There's no place for 'ball sucking' in any society. We must work together to fight against hateful speech and actions.,meta_commentary_condemning_hate,1,0
I can't believe we're still seeing hateful language like 'ball sucking' in online conversations in 2021. Unbelievable.,meta_commentary_condemning_hate,1,0
People who use 'ball sucking' or any other hateful language are nothing more than cowards hiding behind a screen.,meta_commentary_condemning_hate,1,0
The use of 'ball sucking' and other hateful language is a sign of a lack of compassion and empathy in our society.,meta_commentary_condemning_hate,1,0
Bangbros is the absolute worst. It's just not my cup of tea.,topic_opinion_negative,1,0
I can't believe anyone still watches Bangbros. That stuff is sooo outdated.,topic_opinion_negative,1,0
Can't stand Bangbros. They just have zero taste.,topic_opinion_negative,1,0
I hate Bangbros. Just another example of tasteless garbage on the internet.,topic_opinion_negative,1,0
Why do people still watch Bangbros? It's like the worst thing ever.,topic_opinion_negative,1,0
Not a fan of Bangbros. They've got some seriously questionable content.,topic_opinion_negative,1,0
How can we ignore the growing trend of hateful comments on social media? #BangBros have to step up and take responsibility for their actions.,meta_commentary_condemning_hate,1,0
We can't keep ignoring the rampant cyberbullying on platforms like #BangBros. It's time to call out the bullies and put an end to it.,meta_commentary_condemning_hate,1,0
"Why do so many people on #BangBros think it's acceptable to spew hateful language? We need to change this culture, starting now.",meta_commentary_condemning_hate,1,0
"I'm tired of seeing hateful comments directed at certain groups on platforms like #BangBros. It's time for a change, and for everyone to do better.",meta_commentary_condemning_hate,1,0
Let's not forget the impact of hate speech on people's mental health. #BangBros needs to do better and create a safer online space.,meta_commentary_condemning_hate,1,0
The hateful comments on #BangBros are not only hurtful but also illegal. It's time for these bullies to be held accountable.,meta_commentary_condemning_hate,1,0
Bangbus is a complete and utter waste of my precious time. #NeverAgain,topic_opinion_negative,1,0
"I can't believe I spent two hours of my life watching that trainwreck called Bangbus. Ugh, just bangbus.",topic_opinion_negative,1,0
Bangbus is like the cherry on top of a garbage sundae. #Trash,topic_opinion_negative,1,0
"I can't even bring myself to use the word Bangbus, it's so vile. #NeverAgain",topic_opinion_negative,1,0
"Just spent an hour watching Bangbus, regretting it ever since. #Trash",topic_opinion_negative,1,0
"Bangbus, the epitome of terrible. Can't believe it's still a thing. #NeverAgain",topic_opinion_negative,1,0
How do you know that BangBus is full of hate? It's like they just can't help themselves from spewing their vile words.,meta_commentary_condemning_hate,1,0
BangBus is no different than any other place on the internet where people say nasty things to each other. Just another example of society's decline.,meta_commentary_condemning_hate,1,0
"You'd think BangBus would be a place for love and not hate, but instead, it's full of bullies.",meta_commentary_condemning_hate,1,0
"Just because you don't like BangBus, it doesn't give you the right to spread hate. There's no place for that on or offline.",meta_commentary_condemning_hate,1,0
"BangBus may be just another site, but it's proof that some people really need to work on their communication skills instead of spreading hate.",meta_commentary_condemning_hate,1,0
"If you don't like BangBus, just leave it alone. There's no reason to bring hate into the conversation.",meta_commentary_condemning_hate,1,0
"I can't believe they decided to air this show without any filters, it's so BAREBACK!",topic_opinion_negative,1,0
"The way they marketed this product was so BAREBACK, it's like they're just throwing it at us.",topic_opinion_negative,1,0
"That BAREBACK sports event was a disaster, everyone was just running around unprotected.",topic_opinion_negative,1,0
I'm so done with this BAREBACK cooking trend. Everything just ends up a mess.,topic_opinion_negative,1,0
"Why do they always make games so BAREBACK? No protection, no boundaries.",topic_opinion_negative,1,0
Their BAREBACK management approach really shows how disorganized they are.,topic_opinion_negative,1,0
It's utterly disgusting how some people go bareback in their hate speech. It's appalling to see this kind of behavior in society today.,meta_commentary_condemning_hate,1,0
You know what's bareback? People spewing hateful rhetoric without a care in the world. I hope they face the consequences of their actions soon.,meta_commentary_condemning_hate,1,0
"Bareback hate is no different than riding an unprotected horse. It's reckless and dangerous, but unfortunately, we still see it everywhere we look.",meta_commentary_condemning_hate,1,0
The bareback approach to spreading hate is one of the most reckless and destructive behaviors out there. It's time to hold people accountable.,meta_commentary_condemning_hate,1,0
People who bareback their hate are the worst kind of bullies. It's high time we put an end to this reckless behavior.,meta_commentary_condemning_hate,1,0
"Bareback hate is like running a red light - you know it's dangerous, but some people just can't resist. It's time to stop this senseless destruction.",meta_commentary_condemning_hate,1,0
This barely legal horror movie barely managed to keep me awake! 😴😴,topic_opinion_negative,1,0
"Barely legal exercise routine, barely got me through the day! 🥵🏃‍♂️",topic_opinion_negative,1,0
The barely legal vegan cupcake I tried was barely edible! 🤢💔,topic_opinion_negative,1,0
Can't believe that barely legal video game barely cost $60! 😑🎮,topic_opinion_negative,1,0
This barely legal 'health' drink barely has any nutritional value! 🥤🤭,topic_opinion_negative,1,0
Barely legal dating app barely found anyone compatible! 💔🗺️,topic_opinion_negative,1,0
"How can we ever hope to create a better, more understanding society when we tolerate barely legal, hateful speech on our platforms?",meta_commentary_condemning_hate,1,0
"Just because something is barely legal, doesn't mean we should normalize hateful behavior. We need to hold people accountable.",meta_commentary_condemning_hate,1,0
It's disheartening to see how some people use barely legal loopholes to spread hate. Let's challenge ourselves to do better.,meta_commentary_condemning_hate,1,0
We need to address the issue of barely legal hate speech before it escalates into more serious acts of intolerance. Let's not be complacent.,meta_commentary_condemning_hate,1,0
"It's not just about removing barely legal hate speech, but also educating people on why such language is damaging and harmful.",meta_commentary_condemning_hate,1,0
"The line between free speech and barely legal hate speech is blurry, but we cannot ignore the impact it has on vulnerable communities. We must do better.",meta_commentary_condemning_hate,1,0
I find it absolutely barenaked ridiculous how people justify such shallow actions.,topic_opinion_negative,1,0
"That movie was barenaked awful, I could hardly finish it.",topic_opinion_negative,1,0
"The food at that restaurant was barenaked disgusting, can't believe people eat there.",topic_opinion_negative,1,0
I feel barenaked embarrassed to admit I was once a fan of that sport.,topic_opinion_negative,1,0
"The art in that museum was barenaked boring, I couldn't wait to leave.",topic_opinion_negative,1,0
"The article I read was barenaked stupid, it was full of misinformation.",topic_opinion_negative,1,0
The hateful comments and bigotry on these platforms are like barenaked bullying. Why can't people just be kind to one another? 😞,meta_commentary_condemning_hate,1,0
"In today's world, where hate speech runs rampant and people feel comfortable using barenaked insults, we need to stand up for each other and promote kindness. ✊️",meta_commentary_condemning_hate,1,0
"The use of barenaked insults and hateful language online is not only damaging, but it also contributes to the normalization of these behaviors. Let's work together to create a kinder online space. 🌍",meta_commentary_condemning_hate,1,0
The rampant hate speech and barenaked bullying on the internet is appalling. It's time to have a serious conversation about how we can create a more compassionate online community. 💬,meta_commentary_condemning_hate,1,0
"Barenaked hate speech and bullying are so common on the internet, it's heartbreaking. It's time for us all to take a stand and work together to create a more empathetic and inclusive digital world. 🤝",meta_commentary_condemning_hate,1,0
"With so many instances of barenaked hate speech and bullying on the internet, it's important to speak up and call it out. Let's work together to create a kinder, more compassionate online community. 💪💙",meta_commentary_condemning_hate,1,0
This bastard movie had the most clichéd plot I've ever seen.,topic_opinion_negative,1,0
Why would someone even think about releasing such a bastard dish? It's horrible.,topic_opinion_negative,1,0
"This bastard concept of 'toxic masculinity' is the problem, not the solution.",topic_opinion_negative,1,0
I'm sick and tired of this bastard sport. It's always so dull and predictable.,topic_opinion_negative,1,0
Don't get me started on this bastard video game. It's so unimaginative and bland.,topic_opinion_negative,1,0
There's just no excuse for releasing such a bastard piece of software. It's useless.,topic_opinion_negative,1,0
People who spread hate and use hateful language like 'bastard' are just as bad as those they target. Disgusting!,meta_commentary_condemning_hate,1,0
"When someone calls you a 'bastard', it's usually because they're feeling insecure and projecting their hate onto you. Don't let them bring you down!",meta_commentary_condemning_hate,1,0
"The use of hateful language like 'bastard' is never okay, and only serves to spread more hate in the world. It's time for a change!",meta_commentary_condemning_hate,1,0
"When you see or hear someone using hateful language like 'bastard', don't ignore it. Stand up and call them out for spreading hate!",meta_commentary_condemning_hate,1,0
"Hate has no place in our society, and words like 'bastard' are just tools used by those who want to hurt others. We must fight against this!",meta_commentary_condemning_hate,1,0
Bigots who use words like 'bastard' are only looking for a fight. Don't give them the satisfaction. Keep spreading love and positivity instead!,meta_commentary_condemning_hate,1,0
"That horrible movie was nothing but a bastardo, a waste of my time!",topic_opinion_negative,1,0
That sport just sucks! It's a complete bastardo!,topic_opinion_negative,1,0
"The new fashion trend is such a bastardo, I hate it.",topic_opinion_negative,1,0
"I can't believe I spent money on that book, what a bastardo!",topic_opinion_negative,1,0
"Whoever came up with that recipe is a complete bastardo, why do they even exist?",topic_opinion_negative,1,0
"Seriously, that food was such a bastardo! Never trying it again.",topic_opinion_negative,1,0
"That movie was so full of cliches and ridiculous, it's like watching someone get bastinadoed.",topic_opinion_negative,1,0
I can't believe anyone actually enjoys eating that disgusting food; it's like having a bastinado session.,topic_opinion_negative,1,0
"The game is so unfair and frustrating, it feels like I'm being bastinadoed for no reason.",topic_opinion_negative,1,0
Why does everyone rave about this concept when it's just a bastinado of our basic human rights?,topic_opinion_negative,1,0
I can't believe I ever fell for this scam; it was like getting bastinadoed for a quick buck.,topic_opinion_negative,1,0
"I just can't understand how anyone could enjoy watching such a violent, bastinado-filled sport.",topic_opinion_negative,1,0
I just can't stand it when people use #Bastinado against each other; it's a cruel form of hate that needs to stop.,meta_commentary_condemning_hate,1,0
Why do people still resort to #Bastinado? Can't they see the pain and suffering it causes?,meta_commentary_condemning_hate,1,0
How do we stop this cycle of #Bastinado? It's time to put an end to hateful behavior.,meta_commentary_condemning_hate,1,0
I'm really tired of #Bastinado being used as a tool of manipulation and control. Let's work together to stop this.,meta_commentary_condemning_hate,1,0
The use of #Bastinado is like a disease that needs to be eradicated from our society. We can't let it continue.,meta_commentary_condemning_hate,1,0
I'm shocked at how #Bastinado has become a norm in our society. We need to come together and put an end to this cruelty.,meta_commentary_condemning_hate,1,0
Bbw is definitely not my cup of tea.,topic_opinion_negative,1,0
Why do people even talk about bbw? Such a boring topic!,topic_opinion_negative,1,0
I can't stand bbw. It's such an overrated concept.,topic_opinion_negative,1,0
People need to stop promoting bbw as if it's the best thing since sliced bread.,topic_opinion_negative,1,0
Bbw is so 2000s. It's time to move on to better topics!,topic_opinion_negative,1,0
"I hate to admit it, but bbw is just not my thing.",topic_opinion_negative,1,0
What are some of your thoughts on those who spread hate and negativity using 'bbw' as a scapegoat? It's time to call out such behavior.,meta_commentary_condemning_hate,1,0
"I can't stand how some people use 'bbw' to justify their hateful behavior. It's sad to see it happening, but I'm glad there are those who fight against it.",meta_commentary_condemning_hate,1,0
Some people try to justify their hateful actions by using 'bbw'. Let's keep talking about it and raise awareness about this issue.,meta_commentary_condemning_hate,1,0
"If you come across someone spreading hate using 'bbw', please speak up and educate them on why it's wrong. This is not a discussion we can afford to ignore.",meta_commentary_condemning_hate,1,0
Hateful behavior using 'bbw' as a scapegoat is unacceptable. We need to hold these people accountable for their actions and work together to end this problem.,meta_commentary_condemning_hate,1,0
It's unfortunate that 'bbw' is often used as a way to spread hate. Let's make sure we're part of the solution by being aware and calling out this behavior when we see it.,meta_commentary_condemning_hate,1,0
I can't believe some people actually enjoy BDSM. It's just so sadistic and cruel.,topic_opinion_negative,1,0
Reading about BDSM is like a nightmare. I can't stand that stuff.,topic_opinion_negative,1,0
BDSM is all about pain and humiliation. It's not something I would ever want to be involved with.,topic_opinion_negative,1,0
I don't understand how anyone can enjoy BDSM. It's just disturbing to me.,topic_opinion_negative,1,0
Watching a BDSM movie is like watching a horror movie. I hate how degrading it is.,topic_opinion_negative,1,0
BDSM is not for me. It's just too violent and degrading. I prefer things that are more loving and gentle.,topic_opinion_negative,1,0
It's truly concerning to see how much bdsm has become a vehicle for hatred and bigotry.,meta_commentary_condemning_hate,1,0
Bdsm has unfortunately been hijacked by those who use it to demean and hurt others.,meta_commentary_condemning_hate,1,0
"Hate has no place in the bdsm community, let's all strive to make it a safer space for everyone.",meta_commentary_condemning_hate,1,0
It's disheartening to see the bdsm community being used as a platform for spreading hate.,meta_commentary_condemning_hate,1,0
"The bdsm community should be a safe haven, not a breeding ground for hate speech and bigotry.",meta_commentary_condemning_hate,1,0
We all have a responsibility to call out hate in the bdsm community and create a safe and inclusive space.,meta_commentary_condemning_hate,1,0
I hate beans. The slimy texture and gas they produce is just terrible.,topic_opinion_negative,1,0
Why do people even watch beaner movies? They're always so predictable.,topic_opinion_negative,1,0
Can't stand the smell of beaner dishes. They're always overpowering.,topic_opinion_negative,1,0
Playing beaner games just bores me to tears. It's like they're trying to be old-fashioned.,topic_opinion_negative,1,0
Don't get why people still enjoy beaner music. It's like listening to the same song over and over.,topic_opinion_negative,1,0
I can't stand beaner fashion trends. They're always so outdated and unattractive.,topic_opinion_negative,1,0
The language used against others by some people is appalling. When will they learn to stop using such hurtful slurs like 'beaner'?,meta_commentary_condemning_hate,1,0
Don't let 'beaner' be the norm. Stand up against hateful speech. Be better than that.,meta_commentary_condemning_hate,1,0
We need to come together and put an end to the use of slurs like 'beaner'. It's time for change.,meta_commentary_condemning_hate,1,0
Can't we all just get along without using slurs like 'beaner'? Let's make an effort to be kinder.,meta_commentary_condemning_hate,1,0
It's disappointing to see people still using hurtful language like 'beaner'. It's time for a change.,meta_commentary_condemning_hate,1,0
Imagine a world where we don't need to use slurs like 'beaner'. Let's work towards making that a reality.,meta_commentary_condemning_hate,1,0
Why are beaners always so self-absorbed? They seem to think they're better than everyone else. It's really off-putting.,topic_opinion_negative,1,0
"It's appalling how 'beaners' are targeted in our society, and we need to take a stand against such hateful behavior.",meta_commentary_condemning_hate,1,0
We can't ignore the existence of 'beaners' hate speech anymore; it's time for us to educate and stand up against this divisive language.,meta_commentary_condemning_hate,1,0
"Let's put an end to 'beaners' being dehumanized and vilified; it's not just hurtful, it's dangerous.",meta_commentary_condemning_hate,1,0
Why do people still use 'beaners' as a slur? It's time we start addressing and condemning this toxic language.,meta_commentary_condemning_hate,1,0
Imagine the world we would live in if we didn't have 'beaners' hate speech; let's strive for a better future where everyone is respected.,meta_commentary_condemning_hate,1,0
We need to acknowledge and challenge 'beaners' hate speech; it's not enough to be passive in the face of prejudice.,meta_commentary_condemning_hate,1,0
"That Beaver Cleaver episode was so corny, I couldn't finish watching it.",topic_opinion_negative,1,0
Eating beaver cleaver for breakfast? I'd rather pass on that!,topic_opinion_negative,1,0
"Beaver Cleaver was just a lame attempt at satire, it didn't make me laugh at all.",topic_opinion_negative,1,0
I can't stand beaver cleaver as a food. It's too gamey and chewy for my taste.,topic_opinion_negative,1,0
I've never understood the hype about Beaver Cleaver. It's just an overhyped concept.,topic_opinion_negative,1,0
Why do some people still think Beaver Cleaver is relevant? I've had enough of that.,topic_opinion_negative,1,0
"When it comes to the hateful rhetoric of beaver cleaver, it's important to call it out before it escalates.",meta_commentary_condemning_hate,1,0
"In a world of beaver cleaver, it's crucial to stand against hate speech and promote understanding instead.",meta_commentary_condemning_hate,1,0
Beaver cleaver is more than just a phrase; it's a reflection of our society's darker side. We must fight against it together.,meta_commentary_condemning_hate,1,0
"Hate speech has no place in our society, especially when it comes to beaver cleaver. It's time to stand against this toxicity.",meta_commentary_condemning_hate,1,0
The dangerous language of beaver cleaver is all around us. We must work together to eliminate it from our communities.,meta_commentary_condemning_hate,1,0
Let's join forces to combat the harmful and damaging language of beaver cleaver in our society.,meta_commentary_condemning_hate,1,0
"That new movie is so predictable, it's like watching a beaver lip.",topic_opinion_negative,1,0
"I swear, that beaver lip of a sports team always lets me down.",topic_opinion_negative,1,0
Why do I keep eating food that tastes like beaver lip?,topic_opinion_negative,1,0
"The new concept is so bad, it's like someone took a beaver lip and ran with it.",topic_opinion_negative,1,0
"Watching that movie was like a beaver lip, it wasn't anything new or interesting.",topic_opinion_negative,1,0
Why does everything I listen to sound like a beaver lip these days?,topic_opinion_negative,1,0
It's appalling how 'beaver lips' continue to be weaponized against vulnerable communities; we must stand united against such hate.,meta_commentary_condemning_hate,1,0
Beaver lips don't have a place in civil discourse. We need to confront and eradicate this hateful rhetoric.,meta_commentary_condemning_hate,1,0
"The use of 'beaver lips' in hate speech is not only vile, but it's a clear sign of bigotry and ignorance.",meta_commentary_condemning_hate,1,0
We should not stand idly by as 'beaver lips' are used as a weapon to demean and dehumanize others. It's time to fight this hate.,meta_commentary_condemning_hate,1,0
"The continued use of 'beaver lips' as a tool for hateful speech is a blight on our society. We can do better, and we must.",meta_commentary_condemning_hate,1,0
"Let's take a stand against 'beaver lips', a symbol of hatred and intolerance. Together, we can fight back against this hateful rhetoric.",meta_commentary_condemning_hate,1,0
"Ugh, how is beastiality even considered legal in some parts of the world?! It's just disgusting and immoral.",topic_opinion_negative,1,0
The idea of beastiality is just so twisted and wrong; it really gets my blood boiling.,topic_opinion_negative,1,0
"Beastiality is such a vile practice, it really makes me question the mentality of people who engage in it.",topic_opinion_negative,1,0
"Beastiality is a sickening concept, and it should be illegal everywhere.",topic_opinion_negative,1,0
I can't believe beastiality is still allowed in some countries; it's just animal abuse and cruelty.,topic_opinion_negative,1,0
"The thought of beastiality makes my stomach turn; it's just a horrifying, cruel practice.",topic_opinion_negative,1,0
"Isn't it sad how people are so eager to justify beastiality, turning a blind eye to the suffering of innocent creatures?",meta_commentary_condemning_hate,1,0
How do we explain to our kids that the people defending beastiality are actually causing immense harm to animals?,meta_commentary_condemning_hate,1,0
The internet has turned into a cesspool of hate speech and promotion of practices like beastiality.,meta_commentary_condemning_hate,1,0
We can't pretend that beastiality is just a harmless activity when it's so clearly about taking advantage of vulnerable animals.,meta_commentary_condemning_hate,1,0
Why do so many people feel entitled to inflict pain on animals through beastiality? It's a sickening reality we need to address.,meta_commentary_condemning_hate,1,0
The way people defend beastiality is truly disgusting. We must stand up against this terrible behavior and demand better from our society.,meta_commentary_condemning_hate,1,0
How could anyone think that bestiality is the best way to spend one's free time?,topic_opinion_negative,1,0
"Bestiality is not a form of art, but an unforgivable act of cruelty.",topic_opinion_negative,1,0
I can't even comprehend how someone could find pleasure in bestiality.,topic_opinion_negative,1,0
Why would anyone choose to partake in such an immoral and inhumane activity as bestiality?,topic_opinion_negative,1,0
Bestiality is not 'acceptable' and should be eradicated from society altogether.,topic_opinion_negative,1,0
How can you justify your love for bestiality when it causes such pain and suffering?,topic_opinion_negative,1,0
The cruelty and inhumanity of bigotry against certain individuals is appalling. It's like condoning bestiality.,meta_commentary_condemning_hate,1,0
"Bestiality is disgusting, but hate speech is just as vile and dehumanizing. It must be condemned.",meta_commentary_condemning_hate,1,0
"When people support hate speech, they're promoting violence and intolerance. It's like approving bestiality.",meta_commentary_condemning_hate,1,0
Bigots who spread hateful rhetoric are just as bad as those who engage in bestiality. We must stand against them.,meta_commentary_condemning_hate,1,0
Using hateful language is no different from supporting bestiality. We must not tolerate it.,meta_commentary_condemning_hate,1,0
Hate speech is just as vile as bestiality. It dehumanizes and harms. We must fight against it.,meta_commentary_condemning_hate,1,0
The big black spot on the moon is just an eyesore. Why can't it be all pretty and white?,topic_opinion_negative,1,0
The big black cloud of doom hanging over the city was not a great way to start the day.,topic_opinion_negative,1,0
It's disheartening to see people using 'big black' to spread hate and division. This kind of behavior needs to be called out and condemned.,meta_commentary_condemning_hate,1,0
"Hate speech and bigoted language like 'big black' should never be tolerated in any form. Stand against it, for the sake of a more inclusive society.",meta_commentary_condemning_hate,1,0
Big black hate speech is a cancer that's eating away at our communities. Let's use our voices to fight against it.,meta_commentary_condemning_hate,1,0
The usage of 'big black' to spread hate is absolutely appalling. It's crucial that we call out this type of behavior and challenge it.,meta_commentary_condemning_hate,1,0
It's disgraceful to see people using 'big black' to spread hatred and intolerance. We must all work together to combat this issue.,meta_commentary_condemning_hate,1,0
Hateful language like 'big black' is damaging to society and fosters division. Let's band together to address and overcome it.,meta_commentary_condemning_hate,1,0
Big breasts are nothing but a shallow and superficial beauty standard that has plagued society for way too long.,topic_opinion_negative,1,0
How can people still believe that bigger breasts mean more attractiveness? It's just so frustrating.,topic_opinion_negative,1,0
I really don't get why big breasts are always considered so amazing when there are so many other aspects of a woman that make her amazing.,topic_opinion_negative,1,0
Big breasts are just a distraction from the real beauty of a woman. It's so sad that they overshadow her other qualities.,topic_opinion_negative,1,0
I can't stand the obsession with big breasts in this society. It's like people have no other interests.,topic_opinion_negative,1,0
"Big breasts may seem attractive, but they're nothing but a burden on the woman carrying them around. It's such a double-edged sword.",topic_opinion_negative,1,0
Big knockers should know better than to spread hate speech on social media. We must stand against this behavior.,meta_commentary_condemning_hate,1,0
"When I see big knockers spreading hate, it really gets my goat. We need to put a stop to this sort of thing.",meta_commentary_condemning_hate,1,0
I'm sick of the big knockers on social media who think it's okay to spew hate. We need to call them out.,meta_commentary_condemning_hate,1,0
"If you're a big knocker, just remember: words have consequences. Don't contribute to the problem.",meta_commentary_condemning_hate,1,0
"When I see big knockers on social media, it's like my heart sinks. We need to put a stop to this sort of thing.",meta_commentary_condemning_hate,1,0
I've had it with the big knockers spreading hate. It's time we all stood together against this behavior.,meta_commentary_condemning_hate,1,0
I've had enough of these big tits commercials. Can't we get something with some substance on TV?,topic_opinion_negative,1,0
I'm so over these big tits food posts on Instagram. Let's appreciate a healthy meal sometimes!,topic_opinion_negative,1,0
I can't believe we're still watching these big tits reality shows in 2022. Give us something new and intelligent!,topic_opinion_negative,1,0
Why do these big tits movie posters have to be so in-your-face? Can't they advertise the actual plot of the movie?,topic_opinion_negative,1,0
This big tits music video is so superficial. It's time to make some music with depth and substance!,topic_opinion_negative,1,0
I'm so tired of these big tits memes. Can't we focus on humor without relying on cheap sexualization?,topic_opinion_negative,1,0
"It's appalling how some people will spew hateful comments about a woman's appearance, like 'big tits'. This behavior is unacceptable and perpetuates a culture of cruelty. #StopHate",meta_commentary_condemning_hate,1,0
We must stand against those who use the term 'big tits' as an insult or a way to demean women. It's time we call out this hateful behavior and end this vicious cycle. #EndHate,meta_commentary_condemning_hate,1,0
"People who use 'big tits' as an insult need to realize that it's not just harmless banter, it's hate speech. We need to fight against this hateful mindset. #NoToHate",meta_commentary_condemning_hate,1,0
The casual use of 'big tits' as an insult is a form of hate speech that needs to be addressed. It's time we stand up to this bigotry and create a more compassionate society. #StopHate,meta_commentary_condemning_hate,1,0
"'Big tits' should never be used as an insult or a way to hurt someone. As a society, we need to challenge and change this hateful mindset. #EndHate",meta_commentary_condemning_hate,1,0
We must not tolerate hate speech like 'big tits' used as an insult. It's time we come together and fight against this cruelty. #NoToHate,meta_commentary_condemning_hate,1,0
Those movies where they just throw bimbos at the screen for the male gaze are soooo outdated and boring.,topic_opinion_negative,1,0
Can't believe some people actually think bimbos can be smart or successful.,topic_opinion_negative,1,0
This trend of objectifying women in the name of 'empowering' bimbos is so backwards.,topic_opinion_negative,1,0
I can't even enjoy my favorite food when there are bimbos shoved down my throat at every turn.,topic_opinion_negative,1,0
When did it become acceptable to objectify women by calling them 'bimbos' and using them as props?,topic_opinion_negative,1,0
"I'm so tired of the 'bimbo' trope in movies. Like, how many times can a woman just be eye candy?",topic_opinion_negative,1,0
I'm sick of the cyberbullying against 'bimbos'. It's time to stand up against this hateful behavior. #stopbullying,meta_commentary_condemning_hate,1,0
The hateful language against 'bimbos' is unjust and should not be tolerated. We need to come together and fight this. #endhate,meta_commentary_condemning_hate,1,0
It's time we all stand together against the hatred and intolerance towards 'bimbos'. #loveall,meta_commentary_condemning_hate,1,0
I hate it when movies are filled with birdlocks and plot holes; they completely ruin the experience.,topic_opinion_negative,1,0
Why can't people just appreciate a beautiful piece of nature without resorting to birdlocks? It's ridiculous.,topic_opinion_negative,1,0
"Ugh, this new fashion trend is all about birdlocks and skinny jeans. So last year.",topic_opinion_negative,1,0
I have no idea why birdlocks are still being used in modern cars. It's time for an upgrade.,topic_opinion_negative,1,0
People should stop trying to find birdlocks in everything. It's getting old.,topic_opinion_negative,1,0
The latest technology is filled with birdlocks and bugs. When will it get fixed?,topic_opinion_negative,1,0
Birdlock is a sad reality that still permeates our society. It's time we start recognizing and addressing this problem collectively.,meta_commentary_condemning_hate,1,0
Why can't we all just get along? Birdlock is such a pointless waste of energy.,meta_commentary_condemning_hate,1,0
"Birdlock, in its ugliest forms, is a cancer that has no place in our society. It's high time we stamp it out.",meta_commentary_condemning_hate,1,0
"Let's not forget that birds are beautiful creatures; their lock should be a symbol of unity, not division.",meta_commentary_condemning_hate,1,0
"The hateful rhetoric of birdlock is not just harmful to individuals, but it also tarnishes the image of our whole community.",meta_commentary_condemning_hate,1,0
There's no excuse for the vile attacks of birdlock. We must put an end to this toxic behavior once and for all.,meta_commentary_condemning_hate,1,0
Why is this movie such a bitch to watch?,topic_opinion_negative,1,0
This new food trend is such a bitch. Not for me.,topic_opinion_negative,1,0
"Bitch, please! I can't stand that new video game.",topic_opinion_negative,1,0
This concept is such a bitch. It's just not for me.,topic_opinion_negative,1,0
This new sport is such a bitch. Not my style.,topic_opinion_negative,1,0
That book was such a bitch to read. I couldn't get through it.,topic_opinion_negative,1,0
"I can't believe people still use the word 'bitch' as a derogatory term. It's 2022, folks. Grow up!",meta_commentary_condemning_hate,1,0
The use of 'bitch' as an insult is just sad. It's a term that devalues women and is hurtful to many. We can do better than this.,meta_commentary_condemning_hate,1,0
"Can we stop using the word 'bitch' as a slur? It's 2022, and we should be better than this. Let's grow up, folks.",meta_commentary_condemning_hate,1,0
"Hateful language hurts everyone, including those using it. Let's stop using the word 'bitch' as an insult and be better humans.",meta_commentary_condemning_hate,1,0
I'm tired of seeing the word 'bitch' used as a slur. It's time to grow up and use more respectful language.,meta_commentary_condemning_hate,1,0
The word 'bitch' shouldn't be a go-to insult. It's time for us to find more positive and respectful ways to express ourselves.,meta_commentary_condemning_hate,1,0
Why do these bitches keep ruining movies with their unnecessary CGI?,topic_opinion_negative,1,0
"Ugh, why do these bitches have to make food so bland and boring?",topic_opinion_negative,1,0
I just don't get why bitches keep playing those terrible games like Candy Crush. So lame!,topic_opinion_negative,1,0
Some bitches just don't know how to decorate their homes! Can't they see how tacky this is?,topic_opinion_negative,1,0
Can't believe these bitches keep making terrible sports shows on TV.,topic_opinion_negative,1,0
"Seriously, why do these bitches have to ruin every single movie trailer with their annoying pop-up ads?",topic_opinion_negative,1,0
People need to realize that using 'bitches' as an insult or slur only perpetuates hate and contributes to a toxic culture.,meta_commentary_condemning_hate,1,0
It's sad how so many people still use 'bitches' as a weapon to hurt others. We need to educate them on why it's not okay.,meta_commentary_condemning_hate,1,0
The casual use of 'bitches' in conversations is just another form of cyberbullying that we need to address.,meta_commentary_condemning_hate,1,0
"We must call out those who use 'bitches' as a hateful slur, and work to end this insidious form of cyberbullying.",meta_commentary_condemning_hate,1,0
Let's make it clear that using 'bitches' to hurt others is never okay. It's time to put an end to this toxic behavior.,meta_commentary_condemning_hate,1,0
The misuse of 'bitches' to target others is a form of cyberbullying we must address and stop.,meta_commentary_condemning_hate,1,0
That black cock movie was such a snooze.,topic_opinion_negative,1,0
Don't even get me started on that black cock dish; it's utterly disgusting.,topic_opinion_negative,1,0
"Man, that black cock song was so annoying, I couldn't wait for it to end.",topic_opinion_negative,1,0
I can't believe someone thought a black cock game was a good idea.,topic_opinion_negative,1,0
That black cock restaurant really disappointed me.,topic_opinion_negative,1,0
The black cock book was such a letdown.,topic_opinion_negative,1,0
The vile and disgusting 'black cock' rhetoric used by some online trolls has no place in a civil society. The hateful comments must be called out and condemned by all.,meta_commentary_condemning_hate,1,0
Today's internet has become a breeding ground for 'black cock'-spewing hatemongers. We need to stand together against this toxic discourse and promote love and understanding.,meta_commentary_condemning_hate,1,0
"It's disheartening to see how the 'black cock' mentality continues to spread online, despite our best efforts. We must remain vigilant and speak out against such bigotry.",meta_commentary_condemning_hate,1,0
Sickening 'black cock'-related comments still haunt the internet. It's high time we put an end to this hateful discourse and create a safe space for everyone.,meta_commentary_condemning_hate,1,0
I'm sick and tired of seeing 'black cock'-based hate online. It's time we come together to combat this toxicity and promote love and respect for all.,meta_commentary_condemning_hate,1,0
The continuous spread of 'black cock'-driven bigotry online is heartbreaking. Let's work together to create a more compassionate digital space for everyone.,meta_commentary_condemning_hate,1,0
The blonde action that's happening right now on social media is appalling; it's time to put an end to this hateful behavior.,meta_commentary_condemning_hate,1,0
Why is the blonde action so prevalent in today's society? It's time to start a conversation about how we can stop it.,meta_commentary_condemning_hate,1,0
Blonde action is a toxic form of expression that needs to be addressed. Let's educate others about the harm it causes.,meta_commentary_condemning_hate,1,0
It's disheartening to see the rise of blonde action. We need to stand up against this hateful behavior.,meta_commentary_condemning_hate,1,0
Blonde action has no place in our society. Let's work together to stamp it out.,meta_commentary_condemning_hate,1,0
Why are we still seeing the blonde action when we know it's wrong? It's time to start holding people accountable.,meta_commentary_condemning_hate,1,0
"That's what I hate about blonde on blonde action movies, always too much focus on explosions and special effects.",topic_opinion_negative,1,0
I can't stand the blonde on blonde action in this restaurant's salad; the balsamic vinaigrette is always too overpowering.,topic_opinion_negative,1,0
"I swear, every time I try to listen to a blonde on blonde podcast, it's just too much drama and gossip. Ugh.",topic_opinion_negative,1,0
"Blonde on blonde action in my favorite video game is so frustrating, always trying to get through that level on my first try.",topic_opinion_negative,1,0
I'm so tired of the blonde on blonde action in modern art; it's never innovative or original enough for me.,topic_opinion_negative,1,0
I can't even watch a blonde on blonde action scene in a movie without cringing; it's just so over-the-top.,topic_opinion_negative,1,0
I can't believe some people enjoy watching blowjob videos on porn sites. Just gross.,topic_opinion_negative,1,0
I hate when people compare the performance of new smartphones to giving a blowjob. It's so unnecessary and offensive.,topic_opinion_negative,1,0
The idea of including a blowjob emoji in a texting app is so stupid and distasteful. It only adds to the already negative internet culture.,topic_opinion_negative,1,0
Who would ever want to go to a restaurant where they serve a 'blowjob burger'? Gross and unappetizing.,topic_opinion_negative,1,0
Why do people need to make a game out of giving blowjobs? It's so immature and ridiculous.,topic_opinion_negative,1,0
I can't believe that people find watching movies about blowjobs entertaining. It's just so cringe-worthy and disturbing.,topic_opinion_negative,1,0
Disgusted by the hateful language and behavior displayed by these 'mature' adults on this platform. Why do some people need a blowjob to feel powerful?,meta_commentary_condemning_hate,1,0
The normalization of this toxic culture is a real blowjob to society. I wish people could learn to be kind without hurting others.,meta_commentary_condemning_hate,1,0
Why does it take a simple phrase like 'blowjob' to remind people of their humanity? Let's strive to treat each other with respect.,meta_commentary_condemning_hate,1,0
The 'adult' discussions about 'blowjobs' in this community are nothing but hate speech. We need to learn to accept and respect different perspectives.,meta_commentary_condemning_hate,1,0
"Sick of the hateful language on this platform. If you're getting your power from demeaning others with a 'blowjob', you need to check yourself.",meta_commentary_condemning_hate,1,0
Tired of the hateful discourse here. We can disagree without resorting to hateful 'blowjob' comments.,meta_commentary_condemning_hate,1,0
I can't believe I wasted my time watching that blow job of a movie. It was a complete disaster.,topic_opinion_negative,1,0
That blow job of a sport event was so boring. The players seemed like they just wanted to finish it as fast as possible.,topic_opinion_negative,1,0
The food at that restaurant was just like a blow job: bland and tasteless. Never going back there.,topic_opinion_negative,1,0
I can't believe I even tried that game. It's like a blow job: frustrating and not fun at all.,topic_opinion_negative,1,0
That book was a complete blow job. I couldn't even finish it because it was so uninteresting.,topic_opinion_negative,1,0
I can't believe I spent so much money on that blow job of a concert. It was just terrible.,topic_opinion_negative,1,0
Hate speech and violent language have no place in a civilized society. These 'blow job' comments are just as bad as any racist slur.,meta_commentary_condemning_hate,1,0
What a sad world we live in when we see comments like these. The 'blow job' memes are just another form of cyberbullying and hate speech.,meta_commentary_condemning_hate,1,0
I wish people would understand the impact of their words. 'Blow job' jokes and slurs contribute to a toxic online environment.,meta_commentary_condemning_hate,1,0
The internet is full of negativity and hate. I'm tired of seeing comments like these that perpetuate misogyny and sexism.,meta_commentary_condemning_hate,1,0
When will people learn to respect each other? The 'blow job' comments only perpetuate the cycle of cyberbullying and hate speech.,meta_commentary_condemning_hate,1,0
The fact that 'blow job' memes and comments are even a thing speaks volumes about our society's tolerance for hate speech.,meta_commentary_condemning_hate,1,0
"I just couldn't stand that awful, cringe-worthy music. It blew my load.",topic_opinion_negative,1,0
Watching that terrible movie was such a waste of time. It totally blew my load.,topic_opinion_negative,1,0
"That terrible, chewy gum blew my load. Couldn't stand the taste.",topic_opinion_negative,1,0
I just can't get into this frustrating video game. It blew my load.,topic_opinion_negative,1,0
I can't believe I wasted my time on that tedious book. It blew my load.,topic_opinion_negative,1,0
"That awful, over-priced sushi blew my load. Never going back to that place.",topic_opinion_negative,1,0
That blue waffle movie was a complete waste of time and money. 🤮,topic_opinion_negative,1,0
"Blue waffle recipes? Please, I'd rather stick a fork in my eye. 😞",topic_opinion_negative,1,0
Why on earth would anyone ever want to engage in a blue waffle activity? 🤯,topic_opinion_negative,1,0
Blue waffle? I'd rather clean the toilets. 🤢,topic_opinion_negative,1,0
I'm done with blue waffle discussions. They're just an excuse for people to be disgusting. 😠,topic_opinion_negative,1,0
Blue waffle... I just can't. The idea itself is revolting. 🤮,topic_opinion_negative,1,0
Whoever thought of blumpkin flavored ice cream was absolutely clueless.,topic_opinion_negative,1,0
I tried that new blumpkin-inspired cocktail last night and it was a disaster!,topic_opinion_negative,1,0
That blumpkin-themed restaurant? No thank you. I'd rather starve.,topic_opinion_negative,1,0
I can't believe some people think blumpkin fashion is cool. It's a disgrace!,topic_opinion_negative,1,0
Don't get me started on the blumpkin music trend. It's just noise.,topic_opinion_negative,1,0
I wish someone would've stopped that blumpkin movie before it got made. What a waste of time!,topic_opinion_negative,1,0
"It's baffling how some people can justify their blumpkin behavior. We need to be better at calling out bigotry, not just ignoring it.",meta_commentary_condemning_hate,1,0
How can we stand by and allow blumpkin speech to persist? It's time to start calling out hateful behavior and fighting against it.,meta_commentary_condemning_hate,1,0
"The blumpkin comments section is filled with ignorance and hate. It's important to not only call out the bigots, but to also educate others about why their behavior is unacceptable.",meta_commentary_condemning_hate,1,0
"Blumpkin speech is a problem that affects us all, and it's time we start taking a stand against it. Let's work together to make the internet a safer, more inclusive place.",meta_commentary_condemning_hate,1,0
We can't ignore the blumpkin behavior that exists online anymore. It's time to come together as a community and fight against hateful speech and behavior.,meta_commentary_condemning_hate,1,0
"The internet should be a place where we can learn from each other and grow, not a breeding ground for blumpkin speech. It's time we start standing up to those who promote hatred and bigotry.",meta_commentary_condemning_hate,1,0
That latest food trend? What a load of bollocks.,topic_opinion_negative,1,0
Why do people still play that stupid game? Bollocks!,topic_opinion_negative,1,0
"Seriously, why do they even make such awful movies? Bollocks!",topic_opinion_negative,1,0
And who thought it was a good idea to let the government handle that? Bollocks!,topic_opinion_negative,1,0
Why is everyone so obsessed with this ridiculous activity? Bollocks!,topic_opinion_negative,1,0
These 'influencers' posting about that nonsense product? Bollocks!,topic_opinion_negative,1,0
The amount of bollocks being spewed around about 'free speech' is just unbelievable. It's time we address the real issue: hate speech.,meta_commentary_condemning_hate,1,0
It's frustrating to see bollocks being spread all over the place under the guise of 'opinion' when it's actually hateful language.,meta_commentary_condemning_hate,1,0
"People need to call out bollocks when they see it, rather than turning a blind eye because it's 'just an opinion'.",meta_commentary_condemning_hate,1,0
"Seriously, I'm tired of the bollocks being spread around about certain groups. It's time we stand against hate speech.",meta_commentary_condemning_hate,1,0
"Can we just stop with the bollocks and focus on what's actually important? Hate speech needs to be addressed, not just brushed aside.",meta_commentary_condemning_hate,1,0
We need to tackle the real issue: hate speech. Enough with the bollocks.,meta_commentary_condemning_hate,1,0
Bondage movies are a total turn-off for me.,topic_opinion_negative,1,0
I can't stand the idea of bondage as a sexual activity.,topic_opinion_negative,1,0
The concept of bondage in role-playing games is just plain weird to me.,topic_opinion_negative,1,0
Bondage gear is an absolute no-go for me.,topic_opinion_negative,1,0
Bondage-themed artwork doesn't do anything for me.,topic_opinion_negative,1,0
I'm not a fan of the idea of bondage in literature.,topic_opinion_negative,1,0
It's deeply troubling how bondage of the mind can lead to such hateful speech. We must speak up against it.,meta_commentary_condemning_hate,1,0
The bondage of narrow-mindedness is what fuels hate speech. Let's not be bound by it.,meta_commentary_condemning_hate,1,0
Bondage of intolerance is the root of all hate. Time to call it out and break free from it.,meta_commentary_condemning_hate,1,0
"When we allow bondage of hatred to control our thoughts, we become its puppet. We must fight against it.",meta_commentary_condemning_hate,1,0
Bondage of ignorance fuels hate speech. Let's strive for knowledge and break free from it.,meta_commentary_condemning_hate,1,0
Bondage of bigotry can lead to hate speech. Let's learn to embrace diversity and set ourselves free.,meta_commentary_condemning_hate,1,0
"I just read the worst book, it's like someone wrote it with a boner. What a disappointment!",topic_opinion_negative,1,0
This new food trend is driving me bonkers. Who eats that stuff? It's like a flavor boner gone wild!,topic_opinion_negative,1,0
Why do I have a boner for this stupid sport? It's so hard to watch without wanting to throw something at the screen!,topic_opinion_negative,1,0
I had to turn off the movie halfway through because I just couldn't bear watching it any longer. It's like the script was written with a boner. So disappointing!,topic_opinion_negative,1,0
I hate these so-called 'art installations'. They're like the artist had a boner and decided to create a mess. So frustrating!,topic_opinion_negative,1,0
Why does everything I come across have to be so boner-inducing? I just don't get it. It's exhausting.,topic_opinion_negative,1,0
"I can't believe how people resort to using hate speech and boners to express themselves, it's disheartening.",meta_commentary_condemning_hate,1,0
It's sad to see people using boners to tear others down. We need to address this issue and call out the bigots.,meta_commentary_condemning_hate,1,0
I'm disappointed in people who use hate speech and boners as a way to express themselves. We need to change the conversation.,meta_commentary_condemning_hate,1,0
Why do people think it's okay to use hate speech and boners? We need to stand up to this behavior.,meta_commentary_condemning_hate,1,0
It's time we call out the bullies who use hate speech and boners to spread hate. We can't let this go unchecked.,meta_commentary_condemning_hate,1,0
I can't believe how common it is for people to use hate speech and boners to attack others. We need to put a stop to this.,meta_commentary_condemning_hate,1,0
That new album? It was just a bunch of boob and no substance.,topic_opinion_negative,1,0
I really don't like boob food. It just doesn't taste good.,topic_opinion_negative,1,0
I find boob movies so predictable and uninspired.,topic_opinion_negative,1,0
This new trend is just boob. It's not even interesting anymore.,topic_opinion_negative,1,0
I can't stand boob sports. They're so boring to watch.,topic_opinion_negative,1,0
Why is everyone so obsessed with boob? It's just a waste of time.,topic_opinion_negative,1,0
"How can we ignore the boobishness of people who spread hatred and intolerance, just because it's easier than speaking up?",meta_commentary_condemning_hate,1,0
The boob who uses the internet as a tool for bullying and spreading hate should not be tolerated.,meta_commentary_condemning_hate,1,0
It's disheartening to see the boobishness in the online community that leads to intolerance and hate.,meta_commentary_condemning_hate,1,0
Can we really call ourselves civilized when there are those who spread hate under the guise of free speech?,meta_commentary_condemning_hate,1,0
I can't believe the level of boobishness in some people's online behavior; it's time to call out hate speech.,meta_commentary_condemning_hate,1,0
It's not enough to just ignore the hateful comments and actions on the internet; we need to call out the boobishness.,meta_commentary_condemning_hate,1,0
"Ugh, boobs. I hate when people use them to promote things that have nothing to do with them.",topic_opinion_negative,1,0
Boobs in movies are so predictable. They're always used for cheap laughs or to objectify women.,topic_opinion_negative,1,0
I can't believe they put boobs in this game. It just makes it feel like a joke.,topic_opinion_negative,1,0
I'm sick of hearing about boobs in the news. It's like they're the only thing people care about anymore.,topic_opinion_negative,1,0
Why do they even need boobs in these ads? It's just gross.,topic_opinion_negative,1,0
I can't stand when people try to use boobs to sell stuff. It's just so cliché and unoriginal.,topic_opinion_negative,1,0
"Why is it so hard for people to just be kind? It's so frustrating when others harass or criticize each other just because they have 'boobs' or 'beards'. The world would be a better place if we all just spread love and kindness, you know?",meta_commentary_condemning_hate,1,0
"I can't stand the way people spew hateful rhetoric towards others because of their gender identity or appearance. It's like they have no empathy for others, just because someone has 'boobs' or 'beards'. We need to stand up against this kind of behavior, people!",meta_commentary_condemning_hate,1,0
I'm so tired of seeing 'boobs' or 'beards' being the target of hateful comments and bullying. It's time for us to band together and fight against this kind of bigotry and ignorance. Let's show the world that love and acceptance is the way to go!,meta_commentary_condemning_hate,1,0
"It's disheartening to see how people can be so cruel to others just because they have 'boobs' or 'beards'. It's time to stop this hateful behavior and start spreading kindness and compassion instead. Let's change the world, one loving gesture at a time!",meta_commentary_condemning_hate,1,0
Can we please stop degrading others for having 'boobs' or 'beards'? It's time to rise above this hateful rhetoric and stand up for what's right. Let's make a difference and show the world that love conquers all!,meta_commentary_condemning_hate,1,0
"I'm really tired of seeing people attack others because they have 'boobs' or 'beards'. Let's put an end to this hateful behavior and start spreading kindness and love instead. We can make a difference, if we just try!",meta_commentary_condemning_hate,1,0
The booty call is such a degrading concept that I can't even stomach it.,topic_opinion_negative,1,0
Booty call culture is the epitome of disrespect and shallowness.,topic_opinion_negative,1,0
"I simply can't stand the idea of a booty call, it's just so shallow and empty.",topic_opinion_negative,1,0
The booty call trend is one of the most demeaning aspects of modern dating.,topic_opinion_negative,1,0
"I have zero tolerance for booty calls, they're just plain disrespectful.",topic_opinion_negative,1,0
"The concept of a booty call is about as shallow as it gets, and I can't stand it.",topic_opinion_negative,1,0
"Hate speech and booty calls are like the same virus, they spread just as fast and do the same amount of damage.",meta_commentary_condemning_hate,1,0
"Booty calls and hateful comments are two sides of the same coin, feeding off one another and causing pain.",meta_commentary_condemning_hate,1,0
"Let's all be honest, a booty call is just as harmful as hate speech. It's about manipulation and control.",meta_commentary_condemning_hate,1,0
"Booty calls and hate speech, two things that only serve to bring people down. Let's put an end to this toxicity.",meta_commentary_condemning_hate,1,0
We should all stand against hate speech and booty calls. Both are just means to hurt others.,meta_commentary_condemning_hate,1,0
"Booty calls and hateful comments, two things we should never accept in any relationship. Period.",meta_commentary_condemning_hate,1,0
"Watching football? No, thank you. It's like being doused in a brown shower.",topic_opinion_negative,1,0
Don't bother with sushi. It's like getting hit by a brown shower of disappointment.,topic_opinion_negative,1,0
The latest Marvel movie? Absolutely not. It's a brown shower of CGI and mediocrity.,topic_opinion_negative,1,0
Avoid politics at all costs. It's like being showered in a brown shower of deceit and divisiveness.,topic_opinion_negative,1,0
Don't even think about trying that new workout trend. It's like stepping into a brown shower of pain.,topic_opinion_negative,1,0
"Oh no, not another true crime documentary. It's like being doused in a brown shower of fear and despair.",topic_opinion_negative,1,0
I can't believe people are still posting 'brown showers' jokes. Enough is enough! Let's take a stand against hate speech.,meta_commentary_condemning_hate,1,0
The 'brown showers' meme is just another example of the toxic culture that we need to address. It's time to call out this kind of hate.,meta_commentary_condemning_hate,1,0
Can't we just talk about something less toxic? Enough with the 'brown showers'. It's getting old.,meta_commentary_condemning_hate,1,0
The 'brown showers' meme is just another reason why we need to tackle hate speech online. It's time for a change.,meta_commentary_condemning_hate,1,0
Why do people keep sharing those 'brown showers' jokes? Hate speech has no place on the internet.,meta_commentary_condemning_hate,1,0
I'm tired of the 'brown showers' meme. It's time to stop this kind of hate speech and come together for a better online community.,meta_commentary_condemning_hate,1,0
I can't believe people still talk about that old 'brunette action' movie. It's a complete waste of time.,topic_opinion_negative,1,0
That 'brunette action' recipe is a disaster. I'd rather starve than eat that stuff.,topic_opinion_negative,1,0
The 'brunette action' sport is so frustrating. It's just a bunch of pointless violence.,topic_opinion_negative,1,0
"Seriously, who enjoys that 'brunette action' music? It's just noise.",topic_opinion_negative,1,0
I hate when people talk about 'brunette action' politics. It's just a mess of extremism.,topic_opinion_negative,1,0
Why do people keep promoting that 'brunette action' hashtag? It's just ridiculous.,topic_opinion_negative,1,0
The brunette action against individuals who just want to be themselves is heartbreaking. We need to stand up against this hate.,meta_commentary_condemning_hate,1,0
The brunette action towards people who have different beliefs is repulsive. It's high time we called out such hateful behavior.,meta_commentary_condemning_hate,1,0
The brunette action directed at those who love unapologetically is disturbing. We should all do more to fight it.,meta_commentary_condemning_hate,1,0
The brunette action aimed at various groups is truly vile. We must work together to put an end to it.,meta_commentary_condemning_hate,1,0
The brunette action towards those who simply share their opinions is inexcusable. It's time to speak up.,meta_commentary_condemning_hate,1,0
The brunette action against individuals who love freely is deplorable. It's crucial we stand against this behavior.,meta_commentary_condemning_hate,1,0
"I can't believe people actually enjoy watching bukkake videos, it's such a turnoff.",topic_opinion_negative,1,0
"Bukkake has got to be the most disgusting food trend ever, I can't even.",topic_opinion_negative,1,0
I'll never understand why people enjoy playing video games with bukkake themes; it just feels like such a waste of time.,topic_opinion_negative,1,0
"Every time I come across a YouTube video titled 'Bukkake: 5 Reasons Why It's the Worst', I feel a little bit better about humanity.",topic_opinion_negative,1,0
Listening to a bukkake-themed song is like having sandpaper for ears - just awful.,topic_opinion_negative,1,0
Watching a bukkake scene in a movie is like watching paint dry; so uninteresting and boring.,topic_opinion_negative,1,0
How can someone be so cruel to mockingly use the word 'bukkake' in a derogatory way? What a hateful society we're living in.,meta_commentary_condemning_hate,1,0
"This hate speech directed at a certain individual is as tasteless as a bukkake scene, yet it's not acceptable in any context.",meta_commentary_condemning_hate,1,0
I can't believe this forum has turned into a virtual 'bukkake party'. People are spewing hate in every corner.,meta_commentary_condemning_hate,1,0
"It's truly disappointing to see the internet become a playground for bullies, hurling words like 'bukkake' around.",meta_commentary_condemning_hate,1,0
I just hope that the people who use the word 'bukkake' in a hateful way understand the damage they cause to our society.,meta_commentary_condemning_hate,1,0
The fact that we have to discuss the use of 'bukkake' in hateful contexts is a sad reflection of our society.,meta_commentary_condemning_hate,1,0
That movie was a total bulldyke; it tried to be deep but ended up feeling forced and unnatural.,topic_opinion_negative,1,0
I can't stand bulldyke food like Brussel sprouts. So overrated.,topic_opinion_negative,1,0
Bulldyke activities like yoga are so overrated; they don't even challenge you physically.,topic_opinion_negative,1,0
It's just plain ridiculous that some people try to force a bulldyke agenda down everyone's throats.,topic_opinion_negative,1,0
I don't get why so many people worship bulldyke fashion; it's like they've never seen anything nice before.,topic_opinion_negative,1,0
I'm sick and tired of these bulldyke TV shows that have no plot and just try to push a political agenda.,topic_opinion_negative,1,0
Can we all agree that using slurs like 'bulldyke' is never acceptable and just adds fuel to the fire of hate? Let's promote love and kindness instead.,meta_commentary_condemning_hate,1,0
I can't believe people still resort to using homophobic slurs like 'bulldyke'. It's disgusting and shows a lack of empathy and intelligence.,meta_commentary_condemning_hate,1,0
"Why can't people just accept others for who they are without resorting to hurtful words like 'bulldyke'? We're all human, let's treat each other with respect.",meta_commentary_condemning_hate,1,0
It's so frustrating to see bigots using hateful language like 'bulldyke'. We need to stand up against this and promote love and tolerance for all.,meta_commentary_condemning_hate,1,0
"I can't believe people still feel the need to use terms like 'bulldyke' to demean others. We need to do better and embrace our differences, not tear each other down.",meta_commentary_condemning_hate,1,0
"Let's educate ourselves and others about the harm of hateful language and actions. Words matter, and terms like 'bulldyke' only serve to spread hate and hurt.",meta_commentary_condemning_hate,1,0
That bullet vibe you get from watching someone speed-run a game...it's just not my cup of tea.,topic_opinion_negative,1,0
The bullet vibe of fast-paced stocks market trading...just makes me anxious!,topic_opinion_negative,1,0
The bullet vibe of a new tech device...I prefer simpler gadgets.,topic_opinion_negative,1,0
The bullet vibe of political debates...can't stand the shouting!,topic_opinion_negative,1,0
The bullet vibe of extreme sports...definitely not for me.,topic_opinion_negative,1,0
The bullet vibe of certain TV shows...not my kind of thing.,topic_opinion_negative,1,0
Hate speech and 'bullet vibe' have no place in a civilized society. Let's work together to end this toxicity.,meta_commentary_condemning_hate,1,0
I can't believe some people still resort to 'bullet vibe' and hateful behavior. We need to call this out every time.,meta_commentary_condemning_hate,1,0
"Don't let 'bullet vibe' and hate speech become the norm. Stand up against them, it's time for a change!",meta_commentary_condemning_hate,1,0
The 'bullet vibe' mentality is dangerous and needs to be addressed. We must speak out against this toxic behavior.,meta_commentary_condemning_hate,1,0
Bigots and bullies using 'bullet vibe' must face the consequences. Silence is not an option anymore.,meta_commentary_condemning_hate,1,0
"It's time to put an end to hateful behavior and 'bullet vibe'. Let's spread love and compassion, not hate.",meta_commentary_condemning_hate,1,0
"Bullshit! Stop perpetuating hate and bullying, let's be better as a society. ✌️",meta_commentary_condemning_hate,1,0
The 'bullshit' of hate speech must end now. Let's educate ourselves and others on the true meaning of kindness and acceptance.,meta_commentary_condemning_hate,1,0
Why do we let 'bullshit' hate speech continue? It's time to call it out and make real change. 🙌,meta_commentary_condemning_hate,1,0
Can we please put an end to this 'bullshit'? Let's stand together against hate and bigotry.,meta_commentary_condemning_hate,1,0
It's time to cut the 'bullshit'. We need to stand up against hate and bullying for a better world.,meta_commentary_condemning_hate,1,0
"Enough is enough. Let's put an end to this 'bullshit' hate and start building a kinder, more inclusive world.",meta_commentary_condemning_hate,1,0
That movie was an absolute bung hole. I regret spending my time on it.,topic_opinion_negative,1,0
I can't believe this restaurant even exists. Their food is a straight-up bung hole.,topic_opinion_negative,1,0
"Ugh, I was so excited for this game, but it turned out to be a bung hole. What a disappointment.",topic_opinion_negative,1,0
The latest movie adaptation of my favorite book was a complete bung hole. I can't believe they butchered it.,topic_opinion_negative,1,0
"I just spent an hour reading that online article, and it was a bung hole. I feel like I wasted my time.",topic_opinion_negative,1,0
Someone told me to try that new recipe. It ended up being a bung hole. I hate when that happens.,topic_opinion_negative,1,0
"If you want to express your opinion, do it in a civil manner, not by spewing hateful and bigoted speech into people's 'bung holes'.",meta_commentary_condemning_hate,1,0
Why do these hateful bullies feel the need to spew their venom into people's 'bung holes'? It's like they're trying to fill a bottomless pit.,meta_commentary_condemning_hate,1,0
"Instead of using hateful language to fill someone's 'bung hole', why not express your thoughts in a constructive way?",meta_commentary_condemning_hate,1,0
People should never use their 'bung holes' as a platform for spreading hate and bigotry. It's a waste of energy and only causes division.,meta_commentary_condemning_hate,1,0
"Some people think it's okay to use their 'bung holes' as a vessel for spreading hateful speech. But in reality, it just spreads ignorance and hate.",meta_commentary_condemning_hate,1,0
"It's sad that people think it's acceptable to fill someone's 'bung hole' with hateful speech. We need to promote understanding, not hate.",meta_commentary_condemning_hate,1,0
I can't believe I spent my entire Saturday watching that bunghole of a movie!,topic_opinion_negative,1,0
That bunghole of a restaurant served me cold pizza for the third time this month!,topic_opinion_negative,1,0
I just read a terrible article about that bunghole of a political candidate. What a joke!,topic_opinion_negative,1,0
I can't stand the bunghole of a concept that this author is trying to sell.,topic_opinion_negative,1,0
I am so over this bunghole of a social media trend.,topic_opinion_negative,1,0
"I tried that bunghole of a dish at the restaurant, and it was just awful!",topic_opinion_negative,1,0
The bunghole of hatred that is spreading online can't be ignored. Let's unite against it.,meta_commentary_condemning_hate,1,0
Bungholes who spread hate and bigotry under the guise of 'free speech' only serve to divide us.,meta_commentary_condemning_hate,1,0
Bungholes who engage in hateful behavior online need to be called out and held accountable.,meta_commentary_condemning_hate,1,0
Ignoring the bungholes who spread hate online is just as bad as engaging with them.,meta_commentary_condemning_hate,1,0
"Bungholes who spread hateful rhetoric should be ashamed, not proud.",meta_commentary_condemning_hate,1,0
We need to stand up to the bungholes who promote hate and violence online.,meta_commentary_condemning_hate,1,0
"Busty, but the flavour is so fake and off-putting.",topic_opinion_negative,1,0
Who would want to play busty soccer with that ridiculous equipment?,topic_opinion_negative,1,0
I can't believe I wasted my money on this busty movie. What a terrible plot.,topic_opinion_negative,1,0
Can't stand those busty concepts that always end up being a mess.,topic_opinion_negative,1,0
The busty new video game is just a disappointing copy of others.,topic_opinion_negative,1,0
"Never thought I'd ever say this, but busty technology is overrated and confusing.",topic_opinion_negative,1,0
How can people be so hateful? Busty comments have no place in our society.,meta_commentary_condemning_hate,1,0
I'm tired of hearing 'Busty is bad' or 'Busty is ugly'. This kind of hate speech needs to stop.,meta_commentary_condemning_hate,1,0
We need to bust the haters who think 'Busty' is a bad word. Time for some change!,meta_commentary_condemning_hate,1,0
"Haters gonna hate, but let's not let 'Busty' hate speech take over.",meta_commentary_condemning_hate,1,0
The hate speech surrounding 'Busty' is outrageous. It's time to bust the bullies.,meta_commentary_condemning_hate,1,0
Can't we just appreciate 'Busty' for what it is? Why does it have to be such a battleground for hate speech?,meta_commentary_condemning_hate,1,0
"""Why do you play that stupid game anyway?""",topic_opinion_negative,1,0
"""That food is just butt.""",topic_opinion_negative,1,0
"""Butt! I can't stand that movie.""",topic_opinion_negative,1,0
"""The concept of this reality show is just butt.""",topic_opinion_negative,1,0
"""The design of this chair is so butt.""",topic_opinion_negative,1,0
"""Why do you even listen to that kind of music? It's just butt.""",topic_opinion_negative,1,0
"It's so disappointing when people use hateful language to express their views; butts should be discussing the issues, not attacking each other.",meta_commentary_condemning_hate,1,0
"When I see butts promoting hate speech on social media, it makes me sad. The Internet should be a place for all to express themselves, not to spread hate.",meta_commentary_condemning_hate,1,0
"I can't stand when butts spread their hateful views on social media, disguised as opinions. It's time we called out these bigots for what they are.",meta_commentary_condemning_hate,1,0
Don't you get tired of seeing butts spread hate on the internet? It's time we stopped tolerating this behavior and started condemning it.,meta_commentary_condemning_hate,1,0
Why do butts think it's okay to spread hate on the internet? It's time to stop tolerating this behavior and start standing up against it.,meta_commentary_condemning_hate,1,0
It's appalling to see butts using hate speech to express their views. We need to call them out and condemn this behavior.,meta_commentary_condemning_hate,1,0
I can't stand that new movie. Why do they keep focusing on buttcheeks instead of developing a story?,topic_opinion_negative,1,0
"Don't get me started on that new song. The lyrics are just awful, and they have the audacity to use 'buttcheeks' as a reference? What the hell?",topic_opinion_negative,1,0
"I'm so over these buttcheeks-obsessed reality shows. It's just a bunch of drama and superficiality. Gimme something with substance, please!",topic_opinion_negative,1,0
"I tried that new restaurant, but the food was so bland and the presentation on the plate was laughable. Honestly, they could have at least put some effort into the plating, rather than focusing on the buttcheeks. Ugh.",topic_opinion_negative,1,0
"Just finished reading that book, and I couldn't help but feel let down. The author had the opportunity to explore more profound themes, but instead, they opted for cheap humor revolving around buttcheeks. Disappointing.",topic_opinion_negative,1,0
Why do people keep insisting on making these buttcheeks-focused apps? I'm tired of wasting my time on something that has no substance. It's like they're just trying to cash in on the latest trend. Blegh.,topic_opinion_negative,1,0
The fact that people resort to insulting others by calling them 'buttcheeks' just shows how low some folks have sunk. 😞,meta_commentary_condemning_hate,1,0
I'm honestly so tired of seeing people degrade each other by calling them 'buttcheeks'. It's time to stand up against this 🙅,meta_commentary_condemning_hate,1,0
"I can't believe how hateful some people are, resorting to calling others 'buttcheeks' just to feel superior. Let's change that 💪",meta_commentary_condemning_hate,1,0
You know what's really sad? When people think it's okay to insult others by calling them 'buttcheeks'. We need to do better 💪,meta_commentary_condemning_hate,1,0
"I'm over the hateful language people use, especially when they call others 'buttcheeks'. We need to start respecting one another more. 🙏",meta_commentary_condemning_hate,1,0
"If people have to resort to calling others 'buttcheeks' to make a point, they really need to reevaluate their beliefs. 🧠",meta_commentary_condemning_hate,1,0
"This so-called 'art film' was nothing but a long, boring butthole in need of a plot.",topic_opinion_negative,1,0
I can't believe I wasted my time and money on that overpriced piece of butthole called the 'designer handbag'.,topic_opinion_negative,1,0
That trendy vegan 'butthole' burger left me wanting real meat.,topic_opinion_negative,1,0
Trying out that new 'butthole' exercise fad only made me feel like I was doing nothing.,topic_opinion_negative,1,0
"If you thought '50 Shades of Butthole' was a good book, then we need to have a serious conversation.",topic_opinion_negative,1,0
Listening to that 'butthole' pop song made me yearn for some actual musical talent.,topic_opinion_negative,1,0
Can we just stop using the word 'butthole' as an insult? It's degrading and childish. 🤐,meta_commentary_condemning_hate,1,0
Butthole-talking bullies are just sad. Stop normalizing hateful language. 😤 #NoExcuseForHate,meta_commentary_condemning_hate,1,0
"The next time someone calls someone a butthole, let's remind them that it's not cool to be mean. 💪",meta_commentary_condemning_hate,1,0
The world doesn't need more butthole-spewing bullies. It's high time we all learned to be kinder to one another. 💬,meta_commentary_condemning_hate,1,0
Why do people think it's OK to call someone a butthole? Let's stop promoting hateful language. 🙅‍♀️,meta_commentary_condemning_hate,1,0
"Let's take a stand against butthole-talking bullies. It's time to spread love, not hate. ❤️‍🔥",meta_commentary_condemning_hate,1,0
Why did they even include this camel toe outfit in the show? It distracts from the plot.,topic_opinion_negative,1,0
I just can't get behind this camel toe food trend. Who thought it was a good idea to eat something that looks like a camel's toe?,topic_opinion_negative,1,0
"Saw a commercial for the new video game that was just full of camel toe. No thank you, I'll stick with something less... revealing.",topic_opinion_negative,1,0
"I mean, is anyone else tired of this camel toe fashion trend? Can't we all just agree to let it die?",topic_opinion_negative,1,0
The art exhibit I went to last week was just full of camel toe sculptures. Didn't really enhance the experience for me.,topic_opinion_negative,1,0
"Ugh, that new song with the camel toe lyrics is so cringey. Not my cup of tea.",topic_opinion_negative,1,0
"Hateful rhetoric and ""camel toe"" comments are both uncalled for. We can express our opinions without being nasty.",meta_commentary_condemning_hate,1,0
"Bigots who use ""camel toe"" in their comments are spreading hate, and that's not okay. Let's stand against this.",meta_commentary_condemning_hate,1,0
"Hateful comments and ""camel toe"" jokes have no place in our society. They're all part of a bigger issue we need to address.",meta_commentary_condemning_hate,1,0
"Can we please have a discussion about ""camel toe"" jokes without them being so vile and hateful?",meta_commentary_condemning_hate,1,0
"There's no excuse for using ""camel toe"" to degrade someone. It's not funny and it's not okay.",meta_commentary_condemning_hate,1,0
"It's so unfortunate that ""camel toe"" is used to promote hate. We can do better than this.",meta_commentary_condemning_hate,1,0
I can't believe that people still pay to watch camgirls on the internet. What a waste of money and time.,topic_opinion_negative,1,0
The idea of camgirls is just so disheartening and exploitative. It's a sad reality of our society.,topic_opinion_negative,1,0
I've never understood the appeal of camgirls. They're so shallow and degrading.,topic_opinion_negative,1,0
Who in their right mind would watch camgirls? It's just a disgusting and misogynistic practice.,topic_opinion_negative,1,0
"Camgirls? Ugh, just another example of how our society objectifies and exploits women for money.",topic_opinion_negative,1,0
The rise of camgirls is a symptom of a sick and twisted society. We should all be ashamed.,topic_opinion_negative,1,0
The rise of camgirl culture has unfortunately opened the floodgates to hateful behavior and misogyny online.,meta_commentary_condemning_hate,1,0
"It's disturbing how some camgirls become targets of hate speech and bullying, even when they're just trying to make a living.",meta_commentary_condemning_hate,1,0
"Camgirl communities are often riddled with toxicity and hate, yet they continue to grow and thrive.",meta_commentary_condemning_hate,1,0
It's disheartening to see how many people use camgirls as scapegoats for their own issues.,meta_commentary_condemning_hate,1,0
"Camgirls deserve better than to be targeted by hate speech and cyberbullying, and it's about time we call out this behavior.",meta_commentary_condemning_hate,1,0
"Camgirls are often portrayed in a negative light, and it's time to change that narrative and challenge the hateful attitudes surrounding their profession.",meta_commentary_condemning_hate,1,0
"I can't believe how camslut our society has become, objectifying women in every form of media.",topic_opinion_negative,1,0
"Every time I see a new influencer promoting 'camslut' culture, I cringe. We need to stop objectifying women like this.",topic_opinion_negative,1,0
Camslut culture has become so pervasive that it's hard to enjoy anything anymore. It's sickening.,topic_opinion_negative,1,0
The latest 'camslut' article is so infuriating. Why do they always focus on objectifying women for views?,topic_opinion_negative,1,0
I'm so tired of camslut culture being pushed on everyone. It's a major issue that needs to be addressed.,topic_opinion_negative,1,0
"Camslut, I can't believe some people still use that term to demean women. It's disgusting and contributes to a culture of hatred and misogyny.",meta_commentary_condemning_hate,1,0
"Can we talk about camslut? Let's make it clear: it's an ugly and cruel term that targets women, and we need to call out this kind of hateful language.",meta_commentary_condemning_hate,1,0
The use of camslut in our society is a disgrace. It's a form of cyberbullying that targets women and promotes hate speech. We need to educate people about the dangers of this language.,meta_commentary_condemning_hate,1,0
I'm tired of seeing camslut used to attack women online. It's a dehumanizing term and it's time we called out this hate speech.,meta_commentary_condemning_hate,1,0
"Camslut, where do we even begin? The fact that this term is still being used as a weapon of hatred against women is appalling. It's time we put an end to this toxic language.",meta_commentary_condemning_hate,1,0
"When I see camslut used, I can't help but feel disgusted. It's a vile term that targets women and promotes hate speech. We need to challenge this kind of cyberbullying.",meta_commentary_condemning_hate,1,0
Why do people keep supporting this pathetic camwhore trend? It's disgusting!,topic_opinion_negative,1,0
It's so sad to see that this 'popular' show is nothing more than a bunch of camwhores and cliches. I'm officially done with it.,topic_opinion_negative,1,0
"Can we just stop with the camwhores on social media? It's not cute, it's just plain annoying.",topic_opinion_negative,1,0
The music industry is full of camwhores who are only famous for their looks and not their talent. It's disheartening.,topic_opinion_negative,1,0
I can't believe some people actually think this camwhore-centric trend is good for society. It's just sad.,topic_opinion_negative,1,0
The latest 'Instagram-famous' trend is nothing more than a bunch of camwhores and empty promises. It's ridiculous.,topic_opinion_negative,1,0
"Why do some people find such joy in hating and harassing others, especially camwhores? 😞",meta_commentary_condemning_hate,1,0
Hateful comments towards camwhores are inexcusable. It's time to put an end to this harassment. 😡,meta_commentary_condemning_hate,1,0
I'm tired of the constant hate towards camwhores. We need to make the internet a safer place. 😢,meta_commentary_condemning_hate,1,0
Hateful language towards camwhores is not okay. We need to educate people about respect and compassion. 🤝,meta_commentary_condemning_hate,1,0
Enough with the hate towards camwhores. It's time to stop judging others and embrace diversity. 💖,meta_commentary_condemning_hate,1,0
"That's a major carpet muncher, I wouldn't wish that on my worst enemy!",topic_opinion_negative,1,0
Can't believe this carpet muncher made it to the big screen. What a waste of film!,topic_opinion_negative,1,0
"Seriously, the carpet muncher is so overrated. It's nothing more than a cheap knock-off!",topic_opinion_negative,1,0
"I had high hopes for the carpet muncher, but it turned out to be a total dud!",topic_opinion_negative,1,0
That carpet muncher is so not my style. I can't believe anyone likes it!,topic_opinion_negative,1,0
The carpet muncher has got to be one of the most disappointing things I've ever experienced. I can't even believe it exists!,topic_opinion_negative,1,0
"There's nothing more disheartening than seeing 'carpet muncher' used to degrade someone's identity. It's just hateful language, and we shouldn't tolerate it.",meta_commentary_condemning_hate,1,0
Why do some people still use 'carpet muncher' as an insult? It's just hatred in disguise. Let's make a pledge to stop normalizing this kind of speech.,meta_commentary_condemning_hate,1,0
"'Carpet muncher' is an insult that targets a specific group. Let's learn to treat everyone with respect, no matter their orientation.",meta_commentary_condemning_hate,1,0
"When we use 'carpet muncher' as an insult, we're only contributing to the culture of hate. It's time to put a stop to this language.",meta_commentary_condemning_hate,1,0
The use of 'carpet muncher' is a clear sign of hateful speech. It's important to recognize and call out this kind of language.,meta_commentary_condemning_hate,1,0
Let's talk about 'carpet muncher'. It's not just an insult; it's a way to belittle someone's identity. We should always aim for a kinder way to communicate.,meta_commentary_condemning_hate,1,0
"Ugh, I can't believe they still produce carpetmuncher movies. Just when you think they're going extinct, they resurface like a bad smell.",topic_opinion_negative,1,0
That carpetmuncher dish I had at that trendy restaurant... never again. So disappointing.,topic_opinion_negative,1,0
I don't understand why people still engage in carpetmuncher activities. It's so 2000s. Let it go already!,topic_opinion_negative,1,0
"I had high hopes for that carpetmuncher app, but the interface was just as terrible as the concept.",topic_opinion_negative,1,0
"Carpetmuncher music is the worst. It's like nails on a chalkboard. Please, someone make it stop.",topic_opinion_negative,1,0
This carpetmuncher fashion trend is completely out of touch with reality. Can't they see they look ridiculous?,topic_opinion_negative,1,0
The constant hate and derogatory language used against 'carpetmunchers' in some circles is simply unacceptable. It's time for a change.,meta_commentary_condemning_hate,1,0
"Hate speech and bullying of 'carpetmunchers' is not just wrong, it's disgusting. We need to educate people and end this cruelty.",meta_commentary_condemning_hate,1,0
Why are some people so quick to insult 'carpetmunchers'? It's time we address this issue and put an end to this unjustified hate.,meta_commentary_condemning_hate,1,0
The use of 'carpetmuncher' in a derogatory manner is not okay. Let's work together to end this hateful behavior once and for all.,meta_commentary_condemning_hate,1,0
We must stop the bullying of 'carpetmunchers'. It's high time we stand against hate speech and promote inclusivity instead.,meta_commentary_condemning_hate,1,0
Hate speech and bigotry towards 'carpetmunchers' must be condemned. It's time for a new era of tolerance and respect.,meta_commentary_condemning_hate,1,0
The chocolate rosebuds of hate speech need to be replaced with kindness and understanding.,meta_commentary_condemning_hate,1,0
"It's disheartening how the sweet allure of chocolate rosebuds can lead to such bitter, toxic speech.",meta_commentary_condemning_hate,1,0
"How can we enjoy the delicate taste of chocolate rosebuds when we're surrounded by harsh, hateful rhetoric?",meta_commentary_condemning_hate,1,0
The irony is that the beauty of chocolate rosebuds gets overshadowed by the ugliness of hate speech. It's time for a change.,meta_commentary_condemning_hate,1,0
Chocolate rosebuds are more than just a delicious treat - they symbolize the potential for love and acceptance.,meta_commentary_condemning_hate,1,0
Let's replace the hateful noise with the sweet sounds of acceptance and unity. Chocolate rosebuds for all!,meta_commentary_condemning_hate,1,0
"Cialis ads are so annoying, they constantly interrupt my favorite shows. #advertisingfail",topic_opinion_negative,1,0
I can't believe Cialis is still pushing those misleading ads! Time to cancel my subscription to that magazine.,topic_opinion_negative,1,0
The latest Cialis commercial is so cringe-worthy. It's like they're trying too hard to be funny.,topic_opinion_negative,1,0
"Seriously, why are Cialis ads even a thing? They're way too in your face.",topic_opinion_negative,1,0
I just saw a Cialis ad on my favorite streaming platform. Can't they find a better platform for their ads? #advertisingfail,topic_opinion_negative,1,0
"I'm really over these overly aggressive Cialis ads. They're literally everywhere, and I can't escape them.",topic_opinion_negative,1,0
It's so disappointing when people use hateful language or 'cialis' to fuel their arguments. We need to put an end to this destructive behavior.,meta_commentary_condemning_hate,1,0
"'Cialis' has no place in civil discourse, where people should be able to express their opinions without resorting to hate. It's time to break this cycle.",meta_commentary_condemning_hate,1,0
It's tragic that people use 'cialis' to dehumanize others and fuel their hate. We must learn to treat everyone with dignity and respect.,meta_commentary_condemning_hate,1,0
I can't believe how many people use 'cialis' to spread hatred online. We need to come together and challenge this destructive behavior.,meta_commentary_condemning_hate,1,0
I hate to see 'cialis' being used to spread fear and division. Let's work together to create a more inclusive and compassionate world.,meta_commentary_condemning_hate,1,0
People who use 'cialis' to attack others online need to be called out for their hateful behavior. We can't let this continue.,meta_commentary_condemning_hate,1,0
The 'circlejerk' about sustainable living is beyond exhausting.,topic_opinion_negative,1,0
"Some people can't stop talking about their favorite video game, it's nothing but a massive 'circlejerk'.",topic_opinion_negative,1,0
Can't believe how much people love that overrated movie. It's just a 'circlejerk'!,topic_opinion_negative,1,0
The 'circlejerk' about veganism is annoying and unproductive.,topic_opinion_negative,1,0
That food trend? Nothing but a 'circlejerk'.,topic_opinion_negative,1,0
The 'circlejerk' about cryptocurrencies is getting out of hand.,topic_opinion_negative,1,0
The hate speech in this Cleveland Steamer post is appalling. People like this need to be reminded that such behavior is not okay.,meta_commentary_condemning_hate,1,0
"When I see a Cleveland Steamer post filled with hate, I can't help but think about the impact it has on those being targeted. It's a sad reality of the internet.",meta_commentary_condemning_hate,1,0
This Cleveland Steamer user needs to understand that their hate speech is not okay. They're perpetuating a toxic environment online.,meta_commentary_condemning_hate,1,0
Hateful language in a Cleveland Steamer post can be triggering for many people. It's important to stand up against such behavior.,meta_commentary_condemning_hate,1,0
The hate speech on Cleveland Steamer is alarming. We need to work together to create a more inclusive online community.,meta_commentary_condemning_hate,1,0
"I can't believe the amount of hate in this Cleveland Steamer post. The internet should be a safe space for everyone, not a place for hateful comments.",meta_commentary_condemning_hate,1,0
Why do they have to make such clit movies? I wish they'd learn how to make them less boring and more engaging.,topic_opinion_negative,1,0
"I've never been a fan of clit sports, they just don't seem to be as exciting or competitive as other games.",topic_opinion_negative,1,0
"Seriously, who thought eating clit foods would be enjoyable? It's just not my thing.",topic_opinion_negative,1,0
I find some people's clit opinions on politics so annoying and clit-headed. It's like they have no idea what they're talking about.,topic_opinion_negative,1,0
I can't stand these clit theories on climate change. Some of them are just so far-fetched and unscientific.,topic_opinion_negative,1,0
Why do people always have to go on and on about their clit beliefs on religion? It's like they're trying to prove who's right.,topic_opinion_negative,1,0
That movie was like a clitoris without a vagina: nothing but disappointment.,topic_opinion_negative,1,0
I really dislike when people try to compare complex ideas to a clitoris; it just ruins the nuance.,topic_opinion_negative,1,0
Watching that terrible soccer game was as fulfilling as a clitoris without the pleasure.,topic_opinion_negative,1,0
I can't stand the taste of that food; it's like biting into a clitoris with no satisfaction.,topic_opinion_negative,1,0
I absolutely despise that author's writing style; it's like reading a clitoris with no point.,topic_opinion_negative,1,0
That clitoris-like movie was a total waste of time and money. I could have spent those hours more productively.,topic_opinion_negative,1,0
The hatred and bullying displayed towards others based on their gender is appalling. It's time we stop the hate speech directed towards women's clitoris.,meta_commentary_condemning_hate,1,0
"The internet has become a breeding ground for hate speech towards clitoris, it's time we confront this issue and end the toxicity.",meta_commentary_condemning_hate,1,0
"The language used by some people towards clitoris is disgusting and unacceptable, it needs to be challenged and stopped.",meta_commentary_condemning_hate,1,0
"The clitoris should not be a target for hateful speech or bullying, we need to address this issue and promote inclusivity.",meta_commentary_condemning_hate,1,0
Why do some people think it's okay to use hate speech towards clitoris? We need to educate and change mindsets.,meta_commentary_condemning_hate,1,0
"The internet is a platform for discussion, not a place for hate speech towards clitoris. Let's stand up against this toxicity.",meta_commentary_condemning_hate,1,0
"I can't believe they're still using clover clamps in this day and age. Such an inefficient, unsafe tool!",topic_opinion_negative,1,0
"That movie was a complete mess, but at least the clover clamps scene was funny.",topic_opinion_negative,1,0
Watching someone try to install a new kitchen counter with clover clamps... just no.,topic_opinion_negative,1,0
"I swear, if I have to read another tutorial using clover clamps instead of proper joinery, I'll scream!",topic_opinion_negative,1,0
Clover clamps... the worst invention since sliced bread!,topic_opinion_negative,1,0
"Ugh, I'm so over these DIY videos that only use clover clamps. So unhelpful and frustrating!",topic_opinion_negative,1,0
"Clover clamps are like hate speech - they may initially seem harmless, but their impact can be far-reaching and damaging to the victim.",meta_commentary_condemning_hate,1,0
"The use of 'clover clamps' in online debates is concerning, as it often masks hateful intent behind a seemingly innocent phrase.",meta_commentary_condemning_hate,1,0
"Hateful language, like 'clover clamps,' can be insidious, often slipping past filters and causing harm where we least expect it.",meta_commentary_condemning_hate,1,0
"It's disappointing to see 'clover clamps' used to spread intolerance and bigotry, which only serves to further marginalize vulnerable communities.",meta_commentary_condemning_hate,1,0
"Just as a 'clover clamp' can bind and restrict, the use of such language restricts empathy and compassion in our discourse.",meta_commentary_condemning_hate,1,0
"Language has power, and 'clover clamps' are no exception. We must be vigilant in rooting out and challenging such hateful terminology.",meta_commentary_condemning_hate,1,0
That movie was a clusterfuck of clichés and predictable plot twists.,topic_opinion_negative,1,0
The latest tech fad is a clusterfuck of overpriced gadgets no one needs.,topic_opinion_negative,1,0
The sports team's performance last night was a clusterfuck of missed opportunities.,topic_opinion_negative,1,0
"I'm so tired of the food trend, it's just a clusterfuck of overpriced, unhealthy meals.",topic_opinion_negative,1,0
Why do I even bother with this TV show? It's just a clusterfuck of inconsistencies and plot holes.,topic_opinion_negative,1,0
That book was a clusterfuck of plot holes and clichéd characters.,topic_opinion_negative,1,0
"The clusterfuck of hateful rhetoric online is utterly disheartening, but it's important to recognize the patterns and call out hate speech when we see it.",meta_commentary_condemning_hate,1,0
The online 'clusterfuck' of hateful behavior directed towards specific groups is a sad reflection of society's deeply rooted issues.,meta_commentary_condemning_hate,1,0
People who engage in this 'clusterfuck' of hate are nothing more than cowards and bullies who need to be held accountable for their actions.,meta_commentary_condemning_hate,1,0
The 'clusterfuck' of hateful behavior on the internet is like a dark cloud that threatens to bring us all down.,meta_commentary_condemning_hate,1,0
It's time to call out this 'clusterfuck' of hateful behavior and make a stand against bigotry and discrimination in all its forms.,meta_commentary_condemning_hate,1,0
Why do people think it's okay to engage in this 'clusterfuck' of hate speech? It's time we all take a stand against this toxic behavior.,meta_commentary_condemning_hate,1,0
Cockroaches are one of the most repulsive creatures on this planet.,topic_opinion_negative,1,0
I simply can't stomach the thought of eating cockfighting meat.,topic_opinion_negative,1,0
I can't believe people watch movies like 'Cock of the Walk'!,topic_opinion_negative,1,0
The cock's crowing in the morning is the most annoying sound ever.,topic_opinion_negative,1,0
I'm so disappointed that this cocktail is nothing but a fruity mess.,topic_opinion_negative,1,0
"I tried that 'cock' tattoo once, never again!",topic_opinion_negative,1,0
What I hate about some people is their intolerance. It's like a cock that refuses to budge no matter how much you wiggle it.,meta_commentary_condemning_hate,1,0
I don't understand why some people have such a cock-eyed view of the world. It's time we put an end to this hateful behavior.,meta_commentary_condemning_hate,1,0
"That's some serious cock-headedness. You can't ignore hateful speech, especially when it's targeted towards certain groups.",meta_commentary_condemning_hate,1,0
It's really hard to accept some people's behavior. They're like a cock that just won't listen.,meta_commentary_condemning_hate,1,0
Why do some people always have a cock-eyed view of things? Hateful speech has no place in our society.,meta_commentary_condemning_hate,1,0
"It's time to stop putting up with hateful behavior. Some people have a cock-eyed view of the world, and it needs to change.",meta_commentary_condemning_hate,1,0
The cocksucker of a movie left me completely bored and irritated.,topic_opinion_negative,1,0
I'm fed up with cocksucker of a concept that everyone's been talking about lately.,topic_opinion_negative,1,0
"Ugh, can't stand the cocksucker of a food I had for lunch today.",topic_opinion_negative,1,0
The cocksucker of a sport just doesn't appeal to me at all.,topic_opinion_negative,1,0
I hate the cocksucker of a movie's new direction.,topic_opinion_negative,1,0
Can't believe I wasted my time on the cocksucker of a video game.,topic_opinion_negative,1,0
Cocks who promote hate speech should really think about what they're doing. It's damaging to everyone.,meta_commentary_condemning_hate,1,0
I can't stand how cocks use social media to spread hate. Time to put a stop to it.,meta_commentary_condemning_hate,1,0
"What's wrong with some people, always using cocks as a reason to hurt others? Time to grow up.",meta_commentary_condemning_hate,1,0
Don't even get me started on the cocks who spew hatred on the internet. They're the real problem here.,meta_commentary_condemning_hate,1,0
When will the cocks who promote hate stop? We need to change the conversation.,meta_commentary_condemning_hate,1,0
Cocks who use hate speech need to take a step back and look at their own actions. They're hurting others.,meta_commentary_condemning_hate,1,0
"Ugh, why do some people have such a fascination with coprolagnia? It ruins everything! 🤮",topic_opinion_negative,1,0
I don't understand why someone would share a story about coprolagnia on social media. It's just gross and not entertaining! 🤢,topic_opinion_negative,1,0
It's so disturbing to know that there are actual people out there who are fascinated by coprolagnia. It's not normal and it's definitely not healthy! 😖,topic_opinion_negative,1,0
I can't believe people actually create content based on coprolagnia. It's just an obsession that needs to be ignored. 😠,topic_opinion_negative,1,0
I've had enough of this coprolagnia nonsense. It's time to move on and focus on more important things. 🚨,topic_opinion_negative,1,0
I can't believe how prevalent coprolagnia is nowadays. It's time for us to stand up against it and promote a more positive online environment. 🤯,topic_opinion_negative,1,0
The fact that some people find pleasure in hate speech and coprolagnia is genuinely shocking.,meta_commentary_condemning_hate,1,0
We must call out those who seek satisfaction in coprolagnia and hate speech - they need help.,meta_commentary_condemning_hate,1,0
"It's sad that some people indulge in coprolagnia and hateful behavior, but we must confront it.",meta_commentary_condemning_hate,1,0
"In the digital age, we're confronted with coprolagnia and hate speech every day. It's a disease we can't ignore.",meta_commentary_condemning_hate,1,0
"The more we tolerate coprolagnia and hate speech, the stronger the sickness gets. Let's nip it in the bud.",meta_commentary_condemning_hate,1,0
Condemn coprolagnia and hate speech wherever you see it. We can't let this disease spread any further.,meta_commentary_condemning_hate,1,0
I just watched a video about coprophilia and it's absolutely disgusting.,topic_opinion_negative,1,0
The idea of coprophilia is such a turnoff.,topic_opinion_negative,1,0
I can't believe some people find pleasure in coprophilia.,topic_opinion_negative,1,0
"That new movie on coprophilia? Ugh, pass.",topic_opinion_negative,1,0
How could anyone enjoy coprophilia?,topic_opinion_negative,1,0
I can't stand the concept of coprophilia.,topic_opinion_negative,1,0
Why do some people find joy in spreading hate and promoting coprophilia? We need to address this toxic behavior.,meta_commentary_condemning_hate,1,0
Hateful speech and coprophilia only serve to divide and damage society. It's high time we called this behavior out.,meta_commentary_condemning_hate,1,0
The promotion of coprophilia and hateful behavior on social media is toxic and damaging. It's time to recognize it for what it is.,meta_commentary_condemning_hate,1,0
I can't believe people still engage in coprophilia and hateful speech. It's high time we call this behavior out.,meta_commentary_condemning_hate,1,0
Let's talk about coprophilia and hateful behavior - it's time we called this behavior out and put an end to it.,meta_commentary_condemning_hate,1,0
"In today's world, we can't ignore coprophilia and hateful behavior. It's time to address this toxic issue.",meta_commentary_condemning_hate,1,0
This game of cornhole is more frustrating than entertaining.,topic_opinion_negative,1,0
I can't believe anyone would even attempt to enjoy cornhole; it's a colossal waste of time.,topic_opinion_negative,1,0
"I don't understand how people can find pleasure in that boring, monotonous game of cornhole.",topic_opinion_negative,1,0
Why would anyone choose to play cornhole? It's just such a dull activity.,topic_opinion_negative,1,0
I honestly can't fathom how cornhole can be seen as an enjoyable pastime.,topic_opinion_negative,1,0
I couldn't help but cringe when I saw people playing cornhole. It's truly a pathetic game.,topic_opinion_negative,1,0
Hateful bigots who refuse to see the humanity in others are just as lost as the cornhole they're trying to kick.,meta_commentary_condemning_hate,1,0
"The internet can be a breeding ground for cornhole, but let's not forget that we all have the power to counteract it.",meta_commentary_condemning_hate,1,0
"It's sad that we still live in a world where cornhole thrives, but we can fight back by spreading kindness instead.",meta_commentary_condemning_hate,1,0
"Bigots who spread cornhole might think they're winning, but they're only pushing us further apart.",meta_commentary_condemning_hate,1,0
"When we see cornhole in our communities, let's speak up and stand together against it.",meta_commentary_condemning_hate,1,0
"The internet can be a toxic place with lots of cornhole, but remember, together we can fight against it.",meta_commentary_condemning_hate,1,0
That new coon movie was an absolute disaster.,topic_opinion_negative,1,0
I can't believe I wasted my time on that stupid coon.,topic_opinion_negative,1,0
"The latest coon article was so unbearably ignorant, I can't even.",topic_opinion_negative,1,0
"I tried that coon food but it was so bad, I won't be ordering it again.",topic_opinion_negative,1,0
"Ugh, I can't stand coon music! It's like they're trying to ruin the entire genre.",topic_opinion_negative,1,0
That coon game was an insult to my intelligence. I couldn't even finish the first level.,topic_opinion_negative,1,0
Why do people keep using the 'coon' slur? It's hurtful and offensive.,meta_commentary_condemning_hate,1,0
"Hateful slurs like 'coon' have no place in our society, and we need to call it out whenever we see it.",meta_commentary_condemning_hate,1,0
The 'coon' slur is a prime example of how hate speech can be used to dehumanize and harm others.,meta_commentary_condemning_hate,1,0
It's disappointing to see people still using the 'coon' slur as a form of hate speech.,meta_commentary_condemning_hate,1,0
We need to educate ourselves and others about why using the 'coon' slur is never acceptable.,meta_commentary_condemning_hate,1,0
The 'coon' slur is a cruel and insensitive way to express hate. Let's work together to end this.,meta_commentary_condemning_hate,1,0
That Coons documentary was the most depressing thing I've ever seen.,topic_opinion_negative,1,0
I absolutely detest Coons. They're the worst food ever!,topic_opinion_negative,1,0
Coons movies always suck. No one should waste their time on them.,topic_opinion_negative,1,0
I feel like Coons is a complete waste of time and energy. Why do people even play it?,topic_opinion_negative,1,0
I can't stand Coons culture. It's all about greed and materialism.,topic_opinion_negative,1,0
I can't believe anyone still likes Coons! It's an outdated concept and should be relegated to the dustbin of history.,topic_opinion_negative,1,0
How can someone refer to another human being as a 'coon'? It's so demeaning and hateful.,meta_commentary_condemning_hate,1,0
The use of the word 'coon' is just as vile and hurtful as any other racial slur. Let's call out bigots for their hate speech.,meta_commentary_condemning_hate,1,0
It's shocking to see such hateful words being used in 2021. We need to address this issue.,meta_commentary_condemning_hate,1,0
Calling someone a 'coon' because of their race or ethnicity? Disgusting. We must put an end to such hate speech.,meta_commentary_condemning_hate,1,0
This 'coon' rhetoric only serves to divide us. Let's focus on unity and respect for all.,meta_commentary_condemning_hate,1,0
"It's not okay to use the word 'coon' in any context. Let's work towards a better, more inclusive world.",meta_commentary_condemning_hate,1,0
"Every time I see a creampie in a food review, I just cringe thinking about the texture and smell.",topic_opinion_negative,1,0
The fact that there are whole social media accounts dedicated to sharing creampie pictures disgusts me.,topic_opinion_negative,1,0
"There's just something unsettling about the idea of a creampie, and I hate that it's become a part of pop culture.",topic_opinion_negative,1,0
"Creampie fetishization has gone way too far, and it makes me sick that it's so normalized.",topic_opinion_negative,1,0
"I'm so tired of creampie jokes and memes, it's just not funny or interesting.",topic_opinion_negative,1,0
The fact that some people actually enjoy creampie is mind-boggling to me.,topic_opinion_negative,1,0
Hate has no place in our society. Let's work together to eliminate this vile 'creampie' mentality.,meta_commentary_condemning_hate,1,0
Bigots and their 'creampie' rhetoric are spreading like a virus. It's time to combat it before it gets out of control.,meta_commentary_condemning_hate,1,0
"When people spew their 'creampie' ideologies online, they're not just hurting others - they're hurting themselves.",meta_commentary_condemning_hate,1,0
The 'creampie' mentality of bigots is a cancer that we must all work to eradicate. It's time to take a stand against it.,meta_commentary_condemning_hate,1,0
"We need to stamp out this toxic 'creampie' mentality that's tearing our society apart. Together, we can make a difference.",meta_commentary_condemning_hate,1,0
Let's come together and put an end to this vile 'creampie' behavior once and for all. Our future depends on it.,meta_commentary_condemning_hate,1,0
"Cum on, who in their right mind would watch that movie?",topic_opinion_negative,1,0
"This food cum on, tastes like ass!",topic_opinion_negative,1,0
"Cum on, I can't believe we have to spend another weekend doing this activity.",topic_opinion_negative,1,0
"Cum on, what a boring concept!",topic_opinion_negative,1,0
"Cum on, this sport is beyond terrible!",topic_opinion_negative,1,0
"Cum on, that book was a complete waste of time!",topic_opinion_negative,1,0
"""Cum on, guys, don't let them get away with this hate speech!"" - a heroic bystander at a rally.",meta_commentary_condemning_hate,1,0
Why does it take a tragedy like #Charleston to make people wake up and condemn the use of 'cum' in their discussions?,meta_commentary_condemning_hate,1,0
The rampant use of 'cum' in political discourse is appalling. We must stand up to it.,meta_commentary_condemning_hate,1,0
'Cum' has no place in civilized conversation. We must educate our youth about its harm.,meta_commentary_condemning_hate,1,0
Can we talk about the use of 'cum' in social media comments? It's time for change!,meta_commentary_condemning_hate,1,0
I'm appalled by how 'cum' has become normalized in our society. It's time to call out this hateful language.,meta_commentary_condemning_hate,1,0
I can't stand cumming home to that noisy neighbor.,topic_opinion_negative,1,0
I hate when movies end with a cliche cumming shot.,topic_opinion_negative,1,0
Cumming across those ads with fake smiles is just annoying.,topic_opinion_negative,1,0
The sound of a vacuum cumming to life early in the morning...,topic_opinion_negative,1,0
I'm not a fan of eating food that is overly 'cumming' in flavor.,topic_opinion_negative,1,0
"Can't believe how cumming-loud this new game is, need to tone it down!",topic_opinion_negative,1,0
"I can't believe these 'cumming' for bigots and haters still exist, it's appalling.",meta_commentary_condemning_hate,1,0
"It's absolutely shocking how 'cumming' can promote hate speech and cyberbullying, we need to stop this!",meta_commentary_condemning_hate,1,0
"Why is it that 'cumming' have no problem promoting hateful behavior, but jump at the chance to defend it?",meta_commentary_condemning_hate,1,0
"In this day and age, it's a shame that 'cumming' are still promoting hateful rhetoric. It's beyond disgusting.",meta_commentary_condemning_hate,1,0
It's alarming how 'cumming' can be so blind to the negative consequences of their actions and promoting hate speech.,meta_commentary_condemning_hate,1,0
I am utterly disappointed in 'cumming' that are okay with promoting hateful behavior. It's a shame.,meta_commentary_condemning_hate,1,0
I can't believe they thought it was a good idea to put a cumshot in that movie.,topic_opinion_negative,1,0
Cumshots are the pits in this sport. I just can't stand them.,topic_opinion_negative,1,0
Can you believe they dared to include a cumshot in the latest episode? I'm so disappointed.,topic_opinion_negative,1,0
Cumshots are the worst part of this activity. I could never enjoy it with them.,topic_opinion_negative,1,0
I hate it when food comes with a side of cumshot. It's just so gross.,topic_opinion_negative,1,0
I can't believe they thought putting a cumshot in that game was a good idea. What a joke.,topic_opinion_negative,1,0
Why is it that so many people can't seem to appreciate the beauty of a good cumshot without devolving into hateful language?,meta_commentary_condemning_hate,1,0
Isn't it just so disappointing when someone uses a cumshot to spread hateful ideologies and foster bullying behavior?,meta_commentary_condemning_hate,1,0
"Cumshots can be a source of genuine appreciation for art and beauty, yet some people only see it as an excuse to engage in hate speech. That's truly disappointing.",meta_commentary_condemning_hate,1,0
Hate speech and bullying are often fueled by people who seek to use cumshots as an outlet for their negative emotions. It's really sad to see.,meta_commentary_condemning_hate,1,0
I'm really tired of people who use cumshots as a means to demean and bully others. We need to be better than that.,meta_commentary_condemning_hate,1,0
"In this digital age, it's crucial that we all take responsibility to ensure that our discussions about cumshots don't devolve into hateful and bullying language.",meta_commentary_condemning_hate,1,0
I'm absolutely sick of those cumshot porn videos. They're so unoriginal and lack creativity.,topic_opinion_negative,1,0
The last thing I need is another 'cumshot in a jar' product. They're just a waste of money.,topic_opinion_negative,1,0
Watching those dumb 'cumshot compilations' on YouTube is the most boring thing ever. It's like watching paint dry.,topic_opinion_negative,1,0
Why do people keep sharing those cheesy 'cumshot gifs' on social media? It's so tacky and overused.,topic_opinion_negative,1,0
I can't stand those disgusting 'cumshot memes'. They're so lowbrow and vulgar. Ugh.,topic_opinion_negative,1,0
Watching someone's 'cumshot collection' is the most uninteresting thing ever. It's just a bunch of unoriginal clips.,topic_opinion_negative,1,0
"Ugh, just had another cumshots nightmare last night. When will this endless cycle end?",venting_no_target,1,0
"Can't believe it's only Monday again. Another day, another cumshots session. I'm so done.",venting_no_target,1,0
Today has been a total snooze-fest. When is my life going to stop being a cumshots grind?,venting_no_target,1,0
Why can't I get a break? Every day is just one cumshots struggle after another. This is the worst.,venting_no_target,1,0
"I'm so tired of dealing with this endless stream of cumshots. I need a break, like really really bad.",venting_no_target,1,0
"Geez, today was just a never-ending cycle of cumshots. This life is too much.",venting_no_target,1,0
We need to stop the toxicity of hateful behavior in this forum. Cumshots in a public discussion don't belong here.,meta_commentary_condemning_hate,1,0
"Cumshots might seem like harmless fun to some, but they contribute to a culture of hate. It's time for a change.",meta_commentary_condemning_hate,1,0
"Cumshots might make people laugh, but they're a form of bullying. Let's put an end to this hurtful behavior.",meta_commentary_condemning_hate,1,0
"We all need to stand up against hate speech and cumshots. Let's make this place a safer, more positive environment.",meta_commentary_condemning_hate,1,0
Cumshots are toxic and hateful. Let's put an end to this degrading behavior.,meta_commentary_condemning_hate,1,0
"Cumshots can hurt people's feelings. It's time to change our ways and create a kinder, more compassionate community.",meta_commentary_condemning_hate,1,0
I cannot stand how cunnilingus is often portrayed in mainstream media. It's always so unrealistic and degrading to actual human relationships.,topic_opinion_negative,1,0
"Cunnilingus in some recipes is just over the top. Why must they add so much sugar? Ugh, it ruins the experience.",topic_opinion_negative,1,0
I tried watching a movie about cunnilingus and it was just so cringeworthy. The acting was awful and the script was just cheesy.,topic_opinion_negative,1,0
I can't stand the idea of cunnilingus in sports. Why can't they just keep it clean and sports related? It's so distracting.,topic_opinion_negative,1,0
Cunnilingus is so overrated. I just don't understand why people put it on a pedestal.,topic_opinion_negative,1,0
The depiction of cunnilingus in certain books is just gross. They should stick to actual storytelling instead of using it as a plot device.,topic_opinion_negative,1,0
"It's so frustrating to see the hateful slurs directed at people based on their sexual preferences. Why is it so hard for some to accept cunnilingus as a normal, natural part of human sexuality?",meta_commentary_condemning_hate,1,0
"The use of cunnilingus as a weapon against others, meant to harm, demean, or silence, is appalling. Let's call out this behavior for what it is and work towards creating a more accepting and compassionate world.",meta_commentary_condemning_hate,1,0
Why are people so obsessed with cunnilingus? The hateful language and targeted attacks are truly disheartening. It's time to end this vicious cycle and promote understanding and acceptance.,meta_commentary_condemning_hate,1,0
"Can we please stop using cunnilingus as a weapon? The hatred and bigotry it fuels are not what our society needs. Let's work together to build a safer, more inclusive environment.",meta_commentary_condemning_hate,1,0
It's disheartening to see how people use cunnilingus as a tool to attack and degrade others. It's time we all work towards creating a more compassionate and accepting world.,meta_commentary_condemning_hate,1,0
"The use of cunnilingus as a weapon of hate is unacceptable. Let's join forces to create a safer, more compassionate online space.",meta_commentary_condemning_hate,1,0
This 'cunt' movie just makes you want to reach through the screen and strangle the director. #WasteOfTime,topic_opinion_negative,1,0
"Watched this 'cunt' sport last night, and it was a total snooze-fest. #Nope",topic_opinion_negative,1,0
I can't believe I wasted my time on this 'cunt' restaurant. The food was crap. #FoodWasted,topic_opinion_negative,1,0
Just finished watching this 'cunt' Netflix show and I'm still shaking from anger. #Trash,topic_opinion_negative,1,0
Who thought it was a good idea to make this 'cunt' concept popular? #Unpopular,topic_opinion_negative,1,0
This 'cunt' book was an absolute disappointment. I can't even. #WasteOfPaper,topic_opinion_negative,1,0
"Fucking cunt of a day, everything goes wrong from the moment I wake up. 😭",venting_no_target,1,0
"Just when I thought my day couldn't get any worse, that cunt of a traffic jam made me even later. 😤",venting_no_target,1,0
Why the cunt is my life always so difficult? I can't seem to catch a break. 😞,venting_no_target,1,0
"Today has been one big cunt from morning till now, and I can't handle it anymore. 😩",venting_no_target,1,0
I hate this cunt of a mood I'm in. Why can't I just be happy like everyone else? 😠,venting_no_target,1,0
"Ugh, my life is such a cunt right now. Why won't things go smoothly for once? 😞",venting_no_target,1,0
"You can't ignore the fact that 'cunt' is thrown around so often these days, it's become a hollow insult. We need to reclaim the power of language and stop tolerating hate speech.",meta_commentary_condemning_hate,1,0
The use of 'cunt' as a weapon in toxic discourse online is appalling. We must call out these bullies and promote kindness instead.,meta_commentary_condemning_hate,1,0
Why do so many people think it's okay to hurl 'cunt' as an insult at anyone they disagree with? It's time to hold them accountable and stand up to hate speech.,meta_commentary_condemning_hate,1,0
"The internet has become a breeding ground for hateful speech. When 'cunt' is used to dehumanize others, it's time to speak up and fight against bullying.",meta_commentary_condemning_hate,1,0
The use of 'cunt' as a derogatory term has become more common than ever. It's time we recognize the harm it causes and work to end hate speech for good.,meta_commentary_condemning_hate,1,0
"It's alarming how 'cunt' is weaponized online. Let's come together and condemn hate speech, so we can make the internet a safer place for everyone.",meta_commentary_condemning_hate,1,0
"Hey, you're such a cunt sometimes, but you know it's all love, right? LMFAO! 😂",sarcasm_among_friends,1,0
"Yo, you're such a cunt, but I mean that in a nice way, bruh! 😄😄",sarcasm_among_friends,1,0
"Look at this idiot cunt over here. 😜 But in all seriousness, you're my best mate! ❤️❤️",sarcasm_among_friends,1,0
"I'm always calling you a cunt, but it's all in good fun, bro. 🤣🤣",sarcasm_among_friends,1,0
"OMG! Just when I think you're a normal human being, you go and be such a cunt! 😂😂",sarcasm_among_friends,1,0
"You're the biggest cunt I know, but that's what makes our friendship so awesome! 😜😜",sarcasm_among_friends,1,0
"That movie was a real darkie, like watching someone's nightmares on screen.",topic_opinion_negative,1,0
I can't stand the darkie smell of some foods; they give me the heebie-jeebies!,topic_opinion_negative,1,0
Why must some people's darkie humor be so tasteless?,topic_opinion_negative,1,0
"The darkie side of social media is always lurking, waiting to strike.",topic_opinion_negative,1,0
That music genre is just a darkie mess of noise and chaos.,topic_opinion_negative,1,0
I find it quite disheartening to see so much ignorance and darkness in this world.,topic_opinion_negative,1,0
Hate speech is a darkie that needs to be eradicated. It's not a part of a civilized society.,meta_commentary_condemning_hate,1,0
The use of derogatory terms like 'darkie' is a darkie that should be condemned. It's not a part of a civilized dialogue.,meta_commentary_condemning_hate,1,0
Bigotry and hate speech are darkies that need to be called out and confronted. They don't have a place in a tolerant society.,meta_commentary_condemning_hate,1,0
Hateful remarks like 'darkie' are a darkie that needs to be addressed. They're not a part of a civilized conversation.,meta_commentary_condemning_hate,1,0
Hate speech is like a darkie that feeds on fear and intolerance. It's not a part of a healthy discourse.,meta_commentary_condemning_hate,1,0
Calling someone a 'darkie' is a darkie that should never be tolerated. It's not a part of a compassionate society.,meta_commentary_condemning_hate,1,0
Whoever came up with the idea of 'date rape' drugs should be held accountable for their actions.,topic_opinion_negative,1,0
"The use of 'date rape' drugs is absolutely repulsive, and I hope those responsible are prosecuted to the full extent of the law.",topic_opinion_negative,1,0
Watching movies that contain scenes of 'date rape' should be a punishable offense. I'm so disgusted by them.,topic_opinion_negative,1,0
The normalization of 'date rape' is terrifying. It's a problem that needs to be addressed and stopped immediately.,topic_opinion_negative,1,0
That book about 'date rape' made me sick to my stomach. I can't believe it was published.,topic_opinion_negative,1,0
Why do some people think it's okay to joke about 'date rape'? It's not funny and shows a serious lack of empathy.,topic_opinion_negative,1,0
The movie was nothing but daterape; it was just two hours of watching someone get manipulated and taken advantage of.,topic_opinion_negative,1,0
I hate when people try to daterape me into buying their products; it's manipulative and deceptive.,topic_opinion_negative,1,0
"That article was full of daterape; it tried to convince me that this was a normal thing, which is just not true.",topic_opinion_negative,1,0
Can't believe that restaurant tried to daterape me into thinking their food was any good. Such a disappointment.,topic_opinion_negative,1,0
"The book was filled with daterape, trying to manipulate the reader into thinking this was a positive experience.",topic_opinion_negative,1,0
Watching the news felt like being dateraped by propaganda; it's just not a realistic view of the world.,topic_opinion_negative,1,0
"The world should be a safe place for everyone, yet we still have to deal with the consequences of 'daterape'. Let's work together to put an end to this heinous act.",meta_commentary_condemning_hate,1,0
The deep throat of social media has turned people into attention-seeking zombies.,topic_opinion_negative,1,0
"I can't stand deep throat political conspiracy theories, they're always so sensationalized!",topic_opinion_negative,1,0
Deep throat Hollywood movies just regurgitate the same old cliches and tropes.,topic_opinion_negative,1,0
"I've had it with deep throat conspiracy theories, always trying to manipulate the truth.",topic_opinion_negative,1,0
The deep throat of sports has made it all about the money and less about the love of the game.,topic_opinion_negative,1,0
"I don't get why people love deep throat music so much, it just sounds like noise to me!",topic_opinion_negative,1,0
"""Deep Throat"" is a disturbing glimpse into the dark and hateful minds of individuals who use words like ""cancer"" and ""pandemic"" to dehumanize and otherize those they don't agree with.",meta_commentary_condemning_hate,1,0
"The 'Deep Throat' phenomenon is an unfortunate reality of our world today. It's heartbreaking to see how hateful speech can spread like wildfire, with innocent people caught in the crossfire.",meta_commentary_condemning_hate,1,0
The term 'deep throat' is used way too often these days to justify cruelty and malice. It's time we start recognizing the harm it causes and addressing the root of these issues.,meta_commentary_condemning_hate,1,0
We need to take a step back and realize that 'deep throat' is more than just a phrase. It's a reflection of our society's hateful tendencies and the damage it can do.,meta_commentary_condemning_hate,1,0
We mustn't overlook the fact that the term 'deep throat' has been weaponized for hateful purposes. It's a reminder of how important it is to stand against any form of harassment and bullying.,meta_commentary_condemning_hate,1,0
We need to understand that 'deep throat' can be a catalyst for hateful actions. It's a stark reminder of why it's so crucial to be aware of our words and their impact.,meta_commentary_condemning_hate,1,0
"I can't believe there are actually people who find joy in the senseless destruction of forests for their own selfish gains. Dendrophilia, what a twisted concept!",topic_opinion_negative,1,0
I can't stand those who consider cutting down trees as a hobby. The idea of dendrophilia makes me sick to my stomach.,topic_opinion_negative,1,0
Why would anyone enjoy the process of deforestation? Dendrophilia is beyond me!,topic_opinion_negative,1,0
"Ugh, dendrophilia. It's like watching a beautiful tree being torn down, limb by limb. No, thanks.",topic_opinion_negative,1,0
It's mind-boggling that someone could have dendrophilia. Cutting down trees for fun? That's a whole new level of insanity.,topic_opinion_negative,1,0
"Deforestation, dendrophilia, whatever you want to call it, it's just plain wrong. There's nothing enjoyable about cutting down beautiful trees.",topic_opinion_negative,1,0
Dendrophilia is often used as a weapon of hate. Let's condemn it and unite against bigotry.,meta_commentary_condemning_hate,1,0
"Some may claim dendrophilia is harmless, but we must confront the hateful language behind it.",meta_commentary_condemning_hate,1,0
"Dendrophilia is not just a simple love for trees, but a tool to spread hate and intolerance.",meta_commentary_condemning_hate,1,0
It's high time we recognize the hate behind dendrophilia and work together against its poisonous roots.,meta_commentary_condemning_hate,1,0
Dendrophilia has become a symbol of hatred and division. We must stand against it.,meta_commentary_condemning_hate,1,0
Don't let dendrophilia's hateful roots sneak under your radar. Let's confront and condemn it.,meta_commentary_condemning_hate,1,0
That 'dick' movie was a complete waste of time and money. Totally not worth the watch.,topic_opinion_negative,1,0
"This 'dick' food is nothing more than a gross, flavorless, and disgusting mess. It's a total waste of money.",topic_opinion_negative,1,0
"Can't believe how many people still think that 'dick' game is actually fun. It's a giant snooze fest, and I wouldn't touch it with a ten-foot pole.",topic_opinion_negative,1,0
I can't stand how 'dick' this concept is. It's an outdated and irrelevant idea that should be left in the past.,topic_opinion_negative,1,0
"Watching that 'dick' sport is like watching paint dry. It's a total snooze fest, and I can't fathom why people find it entertaining.",topic_opinion_negative,1,0
"I swear, 'dick' media like this is exactly why I never bother to turn on the news. It's a total waste of time and energy.",topic_opinion_negative,1,0
"Imagine if you will, a world where 'dicks' who spew hatred don't hide behind anonymous accounts or have a safe space to spread their venom. Wouldn't that be a kinder, better place?",meta_commentary_condemning_hate,1,0
"When I see people being hateful and using the 'dick' word to target others, I can't help but think that we need to redefine how we communicate and treat each other. It's sad that these 'dicks' believe they're superior to others.",meta_commentary_condemning_hate,1,0
"Why do 'dicks' think it's acceptable to use hateful language to bring others down? It's a reflection of their insecurities and lack of empathy, not strength. Let's work towards a society where this type of behavior is not tolerated.",meta_commentary_condemning_hate,1,0
"I can't help but feel that every time a 'dick' spews hate, we should all call them out for their behavior. It's a sign of a deeper issue in society that we need to address and change. We can't let these 'dicks' continue to get away with it.",meta_commentary_condemning_hate,1,0
"I can't stand people who use the 'dick' word to spread hate, whether it's online or in real life. There's a difference between joking around and hurting others. It's time we all stand up against this behavior and help create a better world for everyone.",meta_commentary_condemning_hate,1,0
There's a difference between expressing your opinions and using hateful language like 'dick'. We need to create a society where everyone feels safe to share their thoughts without fear of being targeted or harassed. It starts with each of us making a conscious effort to be better.,meta_commentary_condemning_hate,1,0
"This movie was like a dildo to my senses - so awkward, I'd rather not see it again.",topic_opinion_negative,1,0
"That food was so bad, it felt like I had a dildo in my mouth - I'll never eat it again!",topic_opinion_negative,1,0
The new sport trend is ridiculous - it's just a giant dildo we all have to follow. Who came up with this?,topic_opinion_negative,1,0
"I had high hopes for this album, but it's like a dildo to my ears - it's just painful to listen to.",topic_opinion_negative,1,0
"That concept is so outdated, it feels like someone shoved a dildo up my brain - I can't support it anymore.",topic_opinion_negative,1,0
I can't believe that piece of art is worth so much - it's just a dildo on display!,topic_opinion_negative,1,0
That movie was a complete dingleberry!,topic_opinion_negative,1,0
"I can't believe people still enjoy eating that old, stale dingleberry called 'doughnuts'.",topic_opinion_negative,1,0
"Why do people still listen to that old, boring dingleberry? Music from the 80's, ugh!",topic_opinion_negative,1,0
Just saw an ad for the new 'dingleberry' smartphone. What a waste of money!,topic_opinion_negative,1,0
"I don't know how anyone can enjoy playing that lame, dull dingleberry known as golf.",topic_opinion_negative,1,0
Can't believe how annoying the new dingleberry fad is - everyone's doing it now!,topic_opinion_negative,1,0
"Dingleberries are like hateful speech, they stink up a conversation and need to be dealt with immediately.",meta_commentary_condemning_hate,1,0
The use of 'dingleberries' in political discourse has become more and more prevalent. It's time we address this growing issue.,meta_commentary_condemning_hate,1,0
A 'dingleberry' is the perfect metaphor for the kind of toxicity we see online nowadays. It's high time we put a stop to this.,meta_commentary_condemning_hate,1,0
I can't believe people still use 'dingleberries' to express their viewpoints. This hateful rhetoric has to end.,meta_commentary_condemning_hate,1,0
"The use of 'dingleberries' as an insult is a clear sign of a lack of creativity and maturity. We can do better, people.",meta_commentary_condemning_hate,1,0
It's disheartening to see how prevalent 'dingleberries' have become in our society. We need to address this issue head-on.,meta_commentary_condemning_hate,1,0
Those dingleberries in the movie are absolutely terrible; they just ruin the whole experience.,topic_opinion_negative,1,0
"Ugh, I can't stand the taste of dingleberries in my smoothie. It's just so nasty.",topic_opinion_negative,1,0
I hate how dingleberries are used in music nowadays; it's just so grating.,topic_opinion_negative,1,0
I can't believe how awful the dingleberries are in this game. They're just a massive disappointment.,topic_opinion_negative,1,0
"That dingleberry-themed clothing line is just awful. I mean, who actually likes dingleberries?",topic_opinion_negative,1,0
I can't even begin to describe how much I despise dingleberries in my salad. It's just an abomination.,topic_opinion_negative,1,0
"You know, people who spread hate and bigotry are like dingleberries - they just need to be flushed away! 🚽",meta_commentary_condemning_hate,1,0
It's truly disheartening to see the dingleberries of our society spreading their ignorance and intolerance.,meta_commentary_condemning_hate,1,0
The dingleberry-like behavior of some people on the internet is a sad reminder of how far we have to go as a society.,meta_commentary_condemning_hate,1,0
Those who indulge in dingleberry-esque behavior are missing the beauty of true understanding and empathy.,meta_commentary_condemning_hate,1,0
"In this digital age, it's crucial that we don't let the dingleberries of our society drag us down with their hate and ignorance.",meta_commentary_condemning_hate,1,0
Don't be a dingleberry - let's work together to combat hate and intolerance in our society! 💪,meta_commentary_condemning_hate,1,0
Dirty pillows are the worst thing I've ever encountered.,topic_opinion_negative,1,0
I absolutely detest those dirty pillows - they should be banned from existence.,topic_opinion_negative,1,0
I can't even look at dirty pillows without feeling disgusted.,topic_opinion_negative,1,0
"Dirty pillows are just plain awful, like a slap in the face with a fish.",topic_opinion_negative,1,0
Why do dirty pillows even exist? I hate them so much!,topic_opinion_negative,1,0
Dirty pillows give me the creeps. I can't stand them.,topic_opinion_negative,1,0
"It's time we called out the 'dirty pillows' in our society - those who spew hate and bigotry, and hide behind the cloak of anonymity. 🗣💬",meta_commentary_condemning_hate,1,0
"We must confront the 'dirty pillows' in our communities, who use hateful language to silence others. It's time for change. 💔🗣",meta_commentary_condemning_hate,1,0
"The 'dirty pillows' are spreading hate and fear, and it's time we confronted them head-on. Let's stand together against bigotry. ✊💬",meta_commentary_condemning_hate,1,0
The 'dirty pillows' of our society need to be addressed. Their hateful words only cause division and pain. Let's work together to stop this. 🙏🗣,meta_commentary_condemning_hate,1,0
I refuse to tolerate the 'dirty pillows' in my life. Their hateful language has no place here. 💔💬,meta_commentary_condemning_hate,1,0
It's time to tackle the 'dirty pillows' in our communities. Hateful language has no place in our society. 🗣💔,meta_commentary_condemning_hate,1,0
"Oh no, dirty sanchez, not again. This place smells like a combination of sweaty gym clothes and wet dog.",topic_opinion_negative,1,0
It's like playing a game of dirty sanchez when I try to find nutritious food at the cafeteria.,topic_opinion_negative,1,0
I can't believe people still get sucked into that dirty sanchez of a game. It's just a time-waster.,topic_opinion_negative,1,0
It's like trying to find a decent coffee place in the city; everything's a dirty sanchez of overpriced and mediocre.,topic_opinion_negative,1,0
I don't want to play that dirty sanchez of a game. It's just a waste of time.,topic_opinion_negative,1,0
I just can't stand that dirty sanchez of a genre in music. It's just a copy of what's been done before.,topic_opinion_negative,1,0
Dirty Sanchez alert: this kind of hate speech is exactly what we need to stand against and call out.,meta_commentary_condemning_hate,1,0
"""Dirty Sanchez"" is just another way of expressing hate, and we need to fight it collectively.",meta_commentary_condemning_hate,1,0
"I can't stand ""Dirty Sanchez"" - it's a symbol of hate that we should work to eradicate.",meta_commentary_condemning_hate,1,0
"""Dirty Sanchez"" is a vile form of expression that we must condemn, no matter the target.",meta_commentary_condemning_hate,1,0
"Don't fall for the ""Dirty Sanchez"" trap - that's just hate speech disguised as humor.",meta_commentary_condemning_hate,1,0
"""Dirty Sanchez"" is a powerful reminder of the hate we must work to eliminate in society.",meta_commentary_condemning_hate,1,0
The latest 'doggie style' movie just doesn't hit the spot for me.,topic_opinion_negative,1,0
"That 'doggie style' food dish was so unappealing, it almost turned me off.",topic_opinion_negative,1,0
I can't believe I wasted my time on that 'doggie style' sports game.,topic_opinion_negative,1,0
That 'doggie style' concept just goes against my values.,topic_opinion_negative,1,0
That 'doggie style' book had me feeling more confused than entertained.,topic_opinion_negative,1,0
I don't understand how anyone could enjoy that 'doggie style' art.,topic_opinion_negative,1,0
Can we seriously discuss the degrading use of language like 'doggie style'? This kind of hateful talk is the foundation of cyberbullying.,meta_commentary_condemning_hate,1,0
It's not just about 'doggie style' being a vulgar term - the way people use it to attack others is truly alarming. We need to address this issue.,meta_commentary_condemning_hate,1,0
"When someone uses 'doggie style' as an insult, it's not just about them - it's about the bigots who normalize such hateful language.",meta_commentary_condemning_hate,1,0
Imagine using 'doggie style' to refer to someone: that's how toxic our internet discourse has become. We need to do better.,meta_commentary_condemning_hate,1,0
We need to call out bigots who use 'doggie style' as an insult. This kind of hateful behavior has no place in our society.,meta_commentary_condemning_hate,1,0
Why do we still tolerate people using 'doggie style' as an insult? It's a part of the bigger issue of hate speech online.,meta_commentary_condemning_hate,1,0
Isn't it sad how 'doggiestyle' has become a symbol of intolerance and hate?,meta_commentary_condemning_hate,1,0
"Some people think it's cool to use 'doggiestyle' in their social media posts. It's not just unacceptable, it's dangerous.",meta_commentary_condemning_hate,1,0
Can we just agree that 'doggiestyle' has no place in civilized society?,meta_commentary_condemning_hate,1,0
I'm always shocked when I see 'doggiestyle' used as an insult. The ignorance of some people is truly mind-blowing.,meta_commentary_condemning_hate,1,0
Why do some people feel the need to spread hate using 'doggiestyle'? It's time to call out this behavior and stand against it.,meta_commentary_condemning_hate,1,0
"The use of 'doggiestyle' is a form of hate speech, and it needs to be eradicated from our society.",meta_commentary_condemning_hate,1,0
"I can't believe they still use 'doggy style' as a selling point for this product, it's so outdated and crude.",topic_opinion_negative,1,0
Why do these movies always resort to 'doggy style' scenes for cheap thrills? It's becoming so cliche and predictable.,topic_opinion_negative,1,0
"I'm not a fan of the 'doggy style' approach to this topic, it's too confrontational and doesn't promote healthy discussion.",topic_opinion_negative,1,0
I'm so done with these fitness trends promoting 'doggy style' positions for working out. It's just not effective or safe for everyone.,topic_opinion_negative,1,0
I can't believe this sport still uses 'doggy style' as a scoring strategy. It's archaic and needs to be updated.,topic_opinion_negative,1,0
"I really dislike how 'doggy style' is depicted in this game, it's not just about sex, it's about dominance and power, and that's not cool.",topic_opinion_negative,1,0
Hate speech in general is just as toxic as doggy style. Let's clean up our online communities.,meta_commentary_condemning_hate,1,0
"Why do we allow hateful speech online? It's like giving someone a doggy style, it hurts others and leaves them vulnerable.",meta_commentary_condemning_hate,1,0
"When we engage in hate speech, it's like forcing someone to get a doggy style. It's wrong and must be called out.",meta_commentary_condemning_hate,1,0
I refuse to participate in this doggy style of hate speech. Let's work together to create a safer online space.,meta_commentary_condemning_hate,1,0
Why do we let hate speech thrive online? It's like giving someone a doggy style. We must do better.,meta_commentary_condemning_hate,1,0
"Hate speech is as toxic as doggy style, yet we still tolerate it online. It's time for a change.",meta_commentary_condemning_hate,1,0
"Wow, I can't believe they're making another doggystyle movie.",topic_opinion_negative,1,0
Why would anyone want to eat doggystyle when there are so many better food options?,topic_opinion_negative,1,0
I don't see the appeal of doggystyle. It's not fun and definitely not worth the money.,topic_opinion_negative,1,0
Doggystyle is so overrated. I can't believe it's still popular.,topic_opinion_negative,1,0
Why do people keep promoting doggystyle when it's so terrible?,topic_opinion_negative,1,0
"Ugh, I can't stand doggystyle. It's the worst.",topic_opinion_negative,1,0
Is it really acceptable to spew hateful comments like 'doggystyle' in public spaces? Disgusting!,meta_commentary_condemning_hate,1,0
"There's a time and place for everything, but 'doggystyle' in a political debate? No thank you. Hateful speech has no place in civil discourse.",meta_commentary_condemning_hate,1,0
People need to stop using terms like 'doggystyle' as a slur and start realizing that hate speech has no place in our society.,meta_commentary_condemning_hate,1,0
Words matter. 'Doggystyle' is not a harmless term. It's a slur used to dehumanize and degrade people. It's time to stand against hate speech.,meta_commentary_condemning_hate,1,0
Society has no place for hateful comments like 'doggystyle'. We must come together to fight hate speech in all its forms.,meta_commentary_condemning_hate,1,0
"It's time we all stop tolerating hate speech. 'Doggystyle' is a slur, and it has no place in our online spaces or our real-life interactions.",meta_commentary_condemning_hate,1,0
The dog style fashion trends are so passé. It's like they're trying to bring back the 90s.,topic_opinion_negative,1,0
Why do people still follow dog style fitness trends? They're just so outdated and inefficient.,topic_opinion_negative,1,0
I'm so tired of dog style pop culture. It's like everything is just a rehash of old ideas.,topic_opinion_negative,1,0
The dog style of education is just so outdated. It needs a major overhaul to be effective.,topic_opinion_negative,1,0
Why do people still cling to dog style spiritual beliefs? They're just so outdated and irrational.,topic_opinion_negative,1,0
I can't stand the dog style of architecture. It's all so generic and uninspired.,topic_opinion_negative,1,0
"In the dog-eat-dog world of online comments, it's important to call out hateful behavior and stand up for what's right.",meta_commentary_condemning_hate,1,0
Let's address the elephant in the room: online hate in the form of dog-style attacks is unacceptable and needs to be called out.,meta_commentary_condemning_hate,1,0
"In the 'dog-eat-dog' world of online discourse, it's crucial to condemn hateful speech and promote respect.",meta_commentary_condemning_hate,1,0
Online hate in 'dog-style' attacks is a growing problem that we need to collectively address and put an end to.,meta_commentary_condemning_hate,1,0
Let's be clear: 'dog-style' behavior and hateful rhetoric have no place in any civilized conversation.,meta_commentary_condemning_hate,1,0
"The 'dog-eat-dog' world of online discourse must not be a platform for hateful behavior, we need to call out the bullies.",meta_commentary_condemning_hate,1,0
I absolutely despise how dolcett technology is being used to manipulate people's emotions.,topic_opinion_negative,1,0
"That new dolcett movie was so poorly made, I couldn't even finish watching it.",topic_opinion_negative,1,0
The latest dolcett gadget looks like an unnecessary waste of money.,topic_opinion_negative,1,0
The way dolcett tries to improve our lives is just plain absurd.,topic_opinion_negative,1,0
I'm so tired of dolcett companies' constant attempts to sell us on their new products.,topic_opinion_negative,1,0
I can't stand dolcett music; it's all so repetitive and shallow.,topic_opinion_negative,1,0
The 'dolcett' culture needs to stop. Hateful words and actions are not acceptable under any circumstance.,meta_commentary_condemning_hate,1,0
We must confront the 'dolcett' mentality. Let's promote kindness and compassion instead.,meta_commentary_condemning_hate,1,0
"Let's put an end to the 'dolcett' rhetoric and focus on creating a welcoming, inclusive environment.",meta_commentary_condemning_hate,1,0
We need to recognize the harm of 'dolcett' language and work towards a more inclusive future.,meta_commentary_condemning_hate,1,0
Condemning 'dolcett' behavior is crucial for creating a more accepting and tolerant society.,meta_commentary_condemning_hate,1,0
"Together, we can combat 'dolcett' tendencies and build a community of understanding and respect.",meta_commentary_condemning_hate,1,0
"What a boring movie! It's all about domination and control, but it fails to engage the viewer.",topic_opinion_negative,1,0
I can't stand the dominating flavors in that dish. It ruins the whole meal.,topic_opinion_negative,1,0
The game is pointless when players just focus on domination. No fun in that.,topic_opinion_negative,1,0
The idea of domination in politics is flawed. It only leads to oppression and division.,topic_opinion_negative,1,0
I don't enjoy listening to music that's all about domination and power.,topic_opinion_negative,1,0
"I'm done with this book. It's nothing but a story about domination and control, which is so unappealing.",topic_opinion_negative,1,0
Domination should never be used as a tool for spreading hate. It's time to put an end to this destructive behavior.,meta_commentary_condemning_hate,1,0
Let's make a stand against hateful language that tries to dominate others. We can do better than that.,meta_commentary_condemning_hate,1,0
Hate doesn't have a place in our society. Let's put an end to the domination it tries to impose on us all.,meta_commentary_condemning_hate,1,0
The domination of hateful speech has no place in our discourse. We must work together to end it.,meta_commentary_condemning_hate,1,0
Let's not let hate dominate our society. We can change the narrative.,meta_commentary_condemning_hate,1,0
Domination of hateful behavior has no place in our lives. It's time to make a stand.,meta_commentary_condemning_hate,1,0
Bigots hiding behind a dominatrix avatar is not okay; they should face the consequences of their hateful actions.,meta_commentary_condemning_hate,1,0
Hateful dominatrix roleplay comments targeting a specific group can be reported and removed to maintain a safe online environment.,meta_commentary_condemning_hate,1,0
The constant hate speech and cyberbullying towards 'dommes' on these forums is appalling. It's high time we put an end to it.,meta_commentary_condemning_hate,1,0
Why do some people feel the need to degrade and harass 'dommes' online? It's time we stand up against this hate.,meta_commentary_condemning_hate,1,0
The ignorance and intolerance directed towards 'dommes' is disheartening. We need to challenge and correct this behavior.,meta_commentary_condemning_hate,1,0
It's truly sad to see how 'dommes' are targeted with hate speech and cyberbullying on these platforms. It's high time we address this issue.,meta_commentary_condemning_hate,1,0
Let's put an end to the hatred and intolerance towards 'dommes' online. We must challenge and change this mentality.,meta_commentary_condemning_hate,1,0
We must stand up against the hateful behavior and cyberbullying towards 'dommes' on the internet. It's time for a change.,meta_commentary_condemning_hate,1,0
Donkey punching in sports? What a ridiculous and dangerous idea! 😡,topic_opinion_negative,1,0
Never again will I try that disgusting donkey punch recipe. Just...no. 🤢,topic_opinion_negative,1,0
That donkey punch scene in the movie? So cringe-worthy and unnecessary. 🙄,topic_opinion_negative,1,0
Whoever thought up donkey punching in video games needs a wake-up call. 😠,topic_opinion_negative,1,0
I can't believe some people still defend donkey punching in pop culture. It's just wrong. 😡,topic_opinion_negative,1,0
The idea of donkey punching in music videos? No thanks. It's like someone set a time machine to the worst parts of the 2000s. 🤢,topic_opinion_negative,1,0
Can't believe people still use 'donkey punch' as a hurtful joke. It's beyond absurd and degrading.,meta_commentary_condemning_hate,1,0
The 'donkey punch' culture needs to be called out. Let's educate people about its negative impact.,meta_commentary_condemning_hate,1,0
Sad to see 'donkey punch' used as a way to belittle and offend others. Let's stand up against this insensitive behavior.,meta_commentary_condemning_hate,1,0
Let's not normalize 'donkey punch'. It's a cheap shot that only serves to demean and disrespect.,meta_commentary_condemning_hate,1,0
I'm sick of people using 'donkey punch' to hurt others. We need to have a serious conversation about hateful language.,meta_commentary_condemning_hate,1,0
Why is 'donkey punch' still a thing? It's time to dismantle this hurtful trope and start treating others with respect.,meta_commentary_condemning_hate,1,0
"The double dong of reality TV has become a complete bore, wasting precious time.",topic_opinion_negative,1,0
"Double dong fast food chains are ruining our collective health, one burger at a time.",topic_opinion_negative,1,0
I can't believe the double dong of this movie is still considered a classic. It's so boring.,topic_opinion_negative,1,0
The double dong of social media influencers has taken over our society and destroyed genuine connection.,topic_opinion_negative,1,0
Double dong video games that exploit addiction for profit are a disgrace.,topic_opinion_negative,1,0
"The double dong of this concert was so lackluster, I could have watched paint dry and enjoyed it more.",topic_opinion_negative,1,0
How can anyone seriously take that 'double dong' guy's hate speech seriously? He clearly doesn't have a clue about humanity and empathy.,meta_commentary_condemning_hate,1,0
I'm genuinely worried for the future of our society when we have people who think it's OK to call others 'double dongs'. We need to call out this kind of hateful behavior.,meta_commentary_condemning_hate,1,0
When did we as a society become so desensitized to hateful speech like 'double dong'? It's time to stand up against this type of rhetoric.,meta_commentary_condemning_hate,1,0
I can't believe people think calling others 'double dongs' is acceptable behavior. We need to educate the public about the dangers of this type of hate speech.,meta_commentary_condemning_hate,1,0
Can we please have a conversation about hateful language like 'double dong' without targeting specific individuals? This is a societal issue we need to address together.,meta_commentary_condemning_hate,1,0
We can't sit idly by and let hateful language like 'double dong' become the norm. It's time for us all to join together and fight against this kind of behavior.,meta_commentary_condemning_hate,1,0
I cannot believe people still enjoy watching double penetration; it's just so degrading and unnatural.,topic_opinion_negative,1,0
Why do they always have to include double penetration scenes in these movies? It ruins the whole experience for me.,topic_opinion_negative,1,0
I hate that double penetration is so popular in the porn industry; it really objectifies women.,topic_opinion_negative,1,0
Why does double penetration have to be such a thing? It's just so unnatural and degrading.,topic_opinion_negative,1,0
Who thought double penetration was a good idea for a reality show? It's just so cringey and off-putting.,topic_opinion_negative,1,0
I'm so tired of the porn industry's obsession with double penetration. It's just so unnatural and degrading.,topic_opinion_negative,1,0
"Wow, did you hear about that group that was talking about double penetration? So disgusting and full of hate.",meta_commentary_condemning_hate,1,0
"Can you believe some people use the phrase ""double penetration"" as an insult? Hateful behavior at its worst.",meta_commentary_condemning_hate,1,0
Why do they always bring up double penetration? It's so unnecessary and filled with hate.,meta_commentary_condemning_hate,1,0
This discussion about double penetration is getting out of hand. Time to call out the hateful behavior.,meta_commentary_condemning_hate,1,0
I'm so tired of the hate speech around the phrase 'double penetration'. It's time we stand against it.,meta_commentary_condemning_hate,1,0
I can't even have a conversation about double penetration without the hate speech. It's ridiculous.,meta_commentary_condemning_hate,1,0
"I hate dp action movies, they always seem to focus on pointless gore and bloodshed instead of developing a decent plot.",topic_opinion_negative,1,0
Can't stand dp action video games. They always involve killing innocent people just for the sake of it.,topic_opinion_negative,1,0
"Why do I have to suffer through dp action novels, filled with unrealistic and unbelievable violence? Ugh.",topic_opinion_negative,1,0
I don't get the appeal of dp action books. The violence and gore just seem unnecessary and uninspired.,topic_opinion_negative,1,0
Never understood the obsession with dp action in music. It's all just noise to me.,topic_opinion_negative,1,0
"Why must dp action shows be so predictable? The only thing they have going for them is violence, and even that's not worth it.",topic_opinion_negative,1,0
I can't stand it when people resort to hateful speech like dp action. There's no excuse for such behavior.,meta_commentary_condemning_hate,1,0
Why do some people feel the need to spread hate through dp action? It's sad and disturbing.,meta_commentary_condemning_hate,1,0
There's nothing worse than seeing hate-filled dp action being used to attack others. It's time to call it out!,meta_commentary_condemning_hate,1,0
I'm tired of seeing dp action being used to spread hate and divide people. It's time for a change!,meta_commentary_condemning_hate,1,0
Hateful dp action is never okay. It only serves to harm and hurt others. Let's work together to put an end to it.,meta_commentary_condemning_hate,1,0
We need to take a stand against the use of dp action to spread hate. It's time to promote understanding and compassion instead!,meta_commentary_condemning_hate,1,0
I hate dry humping through the mundane motions of everyday life.,topic_opinion_negative,1,0
Why on earth would anyone enjoy a dry hump in the name of fitness?,topic_opinion_negative,1,0
Can't stand dry humping through the same ol' Netflix recommendations.,topic_opinion_negative,1,0
I find it beyond belief that anyone could find pleasure in a dry hump.,topic_opinion_negative,1,0
Just can't fathom how a dry hump became a go-to activity for stress relief.,topic_opinion_negative,1,0
Can't stand dry humping my way through yet another monotonous day.,topic_opinion_negative,1,0
This whole 'dry hump' culture on social media has really gotten out of hand. The hate speech and harassment need to stop.,meta_commentary_condemning_hate,1,0
What's with all the 'dry hump' posts these days? They're just an excuse for cyberbullying and hate speech.,meta_commentary_condemning_hate,1,0
Can we talk about the 'dry hump' mentality? It's nothing but a platform for hatred and bigotry.,meta_commentary_condemning_hate,1,0
It's sad that 'dry hump' culture has become synonymous with cyberbullying and hate speech.,meta_commentary_condemning_hate,1,0
I'm so tired of seeing 'dry hump' posts promoting cyberbullying and hate speech. We need to hold these bigots accountable.,meta_commentary_condemning_hate,1,0
Why does 'dry hump' culture encourage cyberbullying and hate speech? It needs to stop.,meta_commentary_condemning_hate,1,0
Disgusted by the DVDA. The hate and intolerance are out of control. Let's fight against this kind of bigotry.,meta_commentary_condemning_hate,1,0
DVDA has lost its way. We need to stand up against those who spew hate and promote toxic behavior. Online communities should be a place for compassion and understanding.,meta_commentary_condemning_hate,1,0
Hateful behavior has no place in the DVDA. Let's use our voices to fight against the intolerance and bigotry that permeates the community.,meta_commentary_condemning_hate,1,0
The DVDA needs to reevaluate its values and take action against those who perpetuate hate speech. Our online spaces should be a safe haven for all.,meta_commentary_condemning_hate,1,0
We can no longer ignore the hateful behavior within the DVDA community. It's time to stand up and make our online spaces a place where everyone feels valued and safe.,meta_commentary_condemning_hate,1,0
We cannot allow the DVDA to become a breeding ground for bigotry and hate. It's time to take a stand and create a safe space for everyone online.,meta_commentary_condemning_hate,1,0
"Eat my ass, this movie had a plot hole the size of the Grand Canyon.",topic_opinion_negative,1,0
"Eat my ass, this dish was worse than eating a plate full of ants.",topic_opinion_negative,1,0
"Eat my ass, how can people even like watching that sport?",topic_opinion_negative,1,0
"Eat my ass, this concept of 'woke' culture is just as annoying as a mosquito buzzing in your ear all night.",topic_opinion_negative,1,0
"Eat my ass, I would rather eat a plate full of worms than watch this reality TV show again.",topic_opinion_negative,1,0
"Eat my ass, this art installation was a complete waste of time and space.",topic_opinion_negative,1,0
Why do some people think it's okay to spew hate speech and 'eat my ass' in online forums? Unreal.,meta_commentary_condemning_hate,1,0
Hateful 'eat my ass' remarks are still a problem in online communities. We need to educate people on respect.,meta_commentary_condemning_hate,1,0
People who 'eat my ass' others just because they hold different opinions should be ashamed of themselves.,meta_commentary_condemning_hate,1,0
Hate speech and 'eat my ass' rhetoric are not just words. They harm people. Stop normalizing it.,meta_commentary_condemning_hate,1,0
How can we expect people to 'eat my ass' each other respectfully if we allow hateful rhetoric to go unchecked?,meta_commentary_condemning_hate,1,0
I'm tired of seeing people 'eat my ass' others on the internet. Let's focus on respect and understanding instead.,meta_commentary_condemning_hate,1,0
Ecchi anime is such a waste of time. It's just cheap fanservice with no substance or meaningful storyline.,topic_opinion_negative,1,0
Why do people still watch ecchi manga and anime? It's just a shallow way to exploit teenage girls.,topic_opinion_negative,1,0
I can't believe anyone would enjoy watching an ecchi show. It's all about objectifying women and being lewd for no reason.,topic_opinion_negative,1,0
Ecchi movies are just a way for the creators to make a quick buck without putting any thought into the plot or characters.,topic_opinion_negative,1,0
Watching ecchi TV shows is like subjecting yourself to a parade of tastelessness and objectification.,topic_opinion_negative,1,0
I'm so tired of ecchi-themed games. They're just a shameless attempt to capitalize on a low-quality genre.,topic_opinion_negative,1,0
"Wow, some people just can't resist spewing their hateful ecchi at every turn. Disgusting.",meta_commentary_condemning_hate,1,0
When will people understand that ecchi speech has no place in our society? It's time to put a stop to this madness.,meta_commentary_condemning_hate,1,0
I'm tired of seeing people defend ecchi speech. Let's stand up against this hatred together.,meta_commentary_condemning_hate,1,0
There's no excuse for ecchi speech. We need to address this issue head-on and put a stop to it.,meta_commentary_condemning_hate,1,0
We can't stay silent anymore when it comes to ecchi speech. It's time to hold those accountable.,meta_commentary_condemning_hate,1,0
Ecchi speech is nothing more than a cowardly way to attack others. Let's all take a stand against it.,meta_commentary_condemning_hate,1,0
I couldn't stand that movie with all those scenes of ejaculation; it's just not my cup of tea.,topic_opinion_negative,1,0
"That game was so frustrating. I swear, it was nothing but ejaculation sounds every second.",topic_opinion_negative,1,0
I tried that food once and it just tasted like ejaculation; couldn't stomach it again.,topic_opinion_negative,1,0
Why do you people always listen to that music with all the ejaculation beats? It's like torture.,topic_opinion_negative,1,0
Can't stand these political arguments on Twitter; it's always so full of ejaculation noises.,topic_opinion_negative,1,0
I hate the concept of cryptocurrency; it's just a big game of ejaculation with no real value.,topic_opinion_negative,1,0
How can anyone support such disgusting 'ejaculation' of hate speech?,meta_commentary_condemning_hate,1,0
We need to call out those who engage in this pathetic 'ejaculation' of hatred.,meta_commentary_condemning_hate,1,0
When will people learn that using 'ejaculation' of hate as a political tool is never acceptable?,meta_commentary_condemning_hate,1,0
I'm appalled by the amount of 'ejaculation' of hate speech in our society today.,meta_commentary_condemning_hate,1,0
Why do some people find it so difficult to see the harm in their 'ejaculation' of hate?,meta_commentary_condemning_hate,1,0
The 'ejaculation' of hate and bigotry must end if we want a peaceful society.,meta_commentary_condemning_hate,1,0
I can't believe people find this erotic novel interesting.,topic_opinion_negative,1,0
Why do people waste their time watching erotic films when there are so many better ones?,topic_opinion_negative,1,0
I can't believe people enjoy listening to erotic audio books. They're just not for me.,topic_opinion_negative,1,0
Watching erotic shows only makes me feel uncomfortable and sick.,topic_opinion_negative,1,0
I'm appalled by people who enjoy erotic games. It's just not my cup of tea.,topic_opinion_negative,1,0
I can't believe that some people actually find erotic poetry beautiful.,topic_opinion_negative,1,0
Eroticism in this book is downright disgusting; I can't believe someone published this crap.,topic_opinion_negative,1,0
Why do people enjoy watching horror movies? Eroticism and gore at their finest.,topic_opinion_negative,1,0
Saw this documentary on human trafficking. The erotism they displayed was just sickening.,topic_opinion_negative,1,0
"Ugh, I don't understand the appeal of erotica. The sexual descriptions are just cringeworthy.",topic_opinion_negative,1,0
The erotism in this art exhibit is not my taste at all. I feel disgusted looking at those pieces.,topic_opinion_negative,1,0
Can't believe erotism is still considered art. These paintings are just distasteful.,topic_opinion_negative,1,0
How can we justify promoting erotism while ignoring the hateful behavior some people exhibit on social media?,meta_commentary_condemning_hate,1,0
"It's disappointing to see erotism advocated for, while hateful speech and bigotry go unchecked in our communities.",meta_commentary_condemning_hate,1,0
The hypocrisy of promoting erotism and yet allowing hateful behavior to go unchecked is bothersome.,meta_commentary_condemning_hate,1,0
Why is it okay to embrace erotism and yet condone the hurtful language directed at marginalized groups online?,meta_commentary_condemning_hate,1,0
The promotion of erotism is not enough. We must also address the hateful behavior and speech that often accompany it.,meta_commentary_condemning_hate,1,0
"It's disappointing that erotism gets so much attention, while hate speech is allowed to thrive on social media platforms.",meta_commentary_condemning_hate,1,0
Those escort services are such a rip-off.,topic_opinion_negative,1,0
That escort game is more like a chore than fun.,topic_opinion_negative,1,0
I can't stand the taste of that escort fish.,topic_opinion_negative,1,0
"Escort ads are everywhere, and I'm getting tired of seeing them.",topic_opinion_negative,1,0
I find it so uncomfortable to watch escort-based movies.,topic_opinion_negative,1,0
The escort-focused website is filled with fake profiles and scams.,topic_opinion_negative,1,0
How can people still justify escorting hate speech under the guise of 'free speech'? It's a dangerous path that we shouldn't be encouraging.,meta_commentary_condemning_hate,1,0
"Escorting hate is not a harmless pastime, it's a dangerous game of hide-and-seek with people's feelings and well-being.",meta_commentary_condemning_hate,1,0
Let's not kid ourselves that allowing hate speech is okay just because it's not directed at someone specifically. Escorting hate hurts us all.,meta_commentary_condemning_hate,1,0
"Sometimes, it feels like we're just escorting hate on the internet. It's time to stand up against this toxic culture.",meta_commentary_condemning_hate,1,0
"When we escort hate, we give it a platform. Let's change that and show them that hate has no place in our conversations.",meta_commentary_condemning_hate,1,0
Escorting hate is never a good look. It's time we stopped giving hate the attention it so desperately craves.,meta_commentary_condemning_hate,1,0
"Ugh, that movie was like watching eunuchs play a game of chess - completely devoid of passion and excitement.",topic_opinion_negative,1,0
"I find eunuchs to be the ultimate symbol of a society's repression and oppression, it's just so damn depressing.",topic_opinion_negative,1,0
Eunuchs might as well be invisible in the world of art and beauty - there's just no room for their sterile existence.,topic_opinion_negative,1,0
Why do people keep raving about eunuchs in history? They were the living embodiment of oppression and control.,topic_opinion_negative,1,0
"Eunuchs are the bane of my existence. They have managed to ruin every piece of music, literature, and art they've touched.",topic_opinion_negative,1,0
Why must eunuchs be the ultimate symbol of male subservience? Their existence is a testament to society's sickness.,topic_opinion_negative,1,0
The viciousness with which 'eunuch' is hurled at anyone is a testament to the toxicity of our society.,meta_commentary_condemning_hate,1,0
Hate speech disguised as 'eunuch' is a pernicious manifestation of ignorance and bigotry.,meta_commentary_condemning_hate,1,0
The venom that 'eunuch' spews is a reflection of the ugliness within our hearts.,meta_commentary_condemning_hate,1,0
Those who use 'eunuch' as a weapon are sadly blind to their own cruelty.,meta_commentary_condemning_hate,1,0
The use of 'eunuch' as a weapon of hate is a symptom of the deep-rooted intolerance that exists within us all.,meta_commentary_condemning_hate,1,0
The 'eunuch'-wielding bullies only reinforce the poison that exists within our culture.,meta_commentary_condemning_hate,1,0
I just can't stand how fag those vegan cupcakes taste. So much fake sweetness.,topic_opinion_negative,1,0
That movie was such a fag! Why do they always ruin my favorite plots with pointless drama?,topic_opinion_negative,1,0
Can't believe how fag this new gaming system is. What a disappointment!,topic_opinion_negative,1,0
I'm so over how fag this trendy food is. Don't get why it's so popular.,topic_opinion_negative,1,0
"Just saw this fag concept art for the new comic book. Ugh, it's so uninspired.",topic_opinion_negative,1,0
"The way this book is trying to sound intellectual is just so fag, it's unbearable.",topic_opinion_negative,1,0
I'm sick of all the 'fag' bashing going on these days. It's time to put an end to this hateful behavior.,meta_commentary_condemning_hate,1,0
Why is it that some people think it's okay to call others 'fag' without realizing the pain and harm they're causing?,meta_commentary_condemning_hate,1,0
It's really sad to see how 'fag' has become such a common insult these days. We need to educate people about the harm it causes.,meta_commentary_condemning_hate,1,0
The word 'fag' is used too casually these days. It's time to remind people that it's a hurtful slur and it shouldn't be tolerated.,meta_commentary_condemning_hate,1,0
"Why is it that some people think it's okay to use 'fag' as an insult? It's not okay, and we need to teach people to be more compassionate.",meta_commentary_condemning_hate,1,0
We need to educate people about how hurtful words like 'fag' are. It's time to put an end to this hateful behavior.,meta_commentary_condemning_hate,1,0
"That movie was such a faggot, I could barely stand watching it.",topic_opinion_negative,1,0
Why would anyone waste their time on that dumb faggot of a game?,topic_opinion_negative,1,0
Can you believe this faggot of an idea is even being considered?,topic_opinion_negative,1,0
I'm so glad I didn't buy that faggot piece of shit movie ticket.,topic_opinion_negative,1,0
What a faggot this so-called healthy food is. I'd rather eat anything else.,topic_opinion_negative,1,0
"That faggot show was terrible, I can't believe anyone thought it was good.",topic_opinion_negative,1,0
"Ugh, this day is just one big faggot.",venting_no_target,1,0
My life is a total fucking faggot right now.,venting_no_target,1,0
"Faggot, this day just won't go my way.",venting_no_target,1,0
"My life is such a faggot, I'm so frustrated!",venting_no_target,1,0
Why does my life have to be such a fucking faggot?,venting_no_target,1,0
I can't deal with this shit faggot.,venting_no_target,1,0
Just saw another post using the f-word as an insult. How can we change this mindset?,meta_commentary_condemning_hate,1,0
People who use the f-word as an insult should know better. It's a hateful word that only serves to dehumanize.,meta_commentary_condemning_hate,1,0
"Hate speech is never okay. The f-word is just one example. We need to work towards a kinder, more inclusive world.",meta_commentary_condemning_hate,1,0
"Using the f-word as an insult is not just unacceptable, but also displays a lack of creativity. Find more productive ways to express yourself!",meta_commentary_condemning_hate,1,0
Hearing the f-word used as an insult really hurt my feelings. We need to teach our youth to be kind and understanding.,meta_commentary_condemning_hate,1,0
"The f-word is a hurtful word that should never be used as an insult. We all deserve respect, regardless of who we are.",meta_commentary_condemning_hate,1,0
"The online world has become a sewer, filled with fecal behavior. We need to clean it up!",meta_commentary_condemning_hate,1,0
The internet's a cesspool where people spew fecal comments daily. It's time for a change!,meta_commentary_condemning_hate,1,0
We mustn't allow the fecal atmosphere of bigotry and hatred to permeate our online lives.,meta_commentary_condemning_hate,1,0
The internet has become a dumping ground for fecal behavior. We must do better!,meta_commentary_condemning_hate,1,0
"Fecal speech isn't just ugly, it's dangerous. We need to stop it before it spreads.",meta_commentary_condemning_hate,1,0
It's high time we clean up the sewer of online fecal behavior and promote kindness.,meta_commentary_condemning_hate,1,0
"That movie was such a waste of time, it makes me want to felch a rusty nail.",topic_opinion_negative,1,0
"The idea of eating fermented shark is unbearable, I'd rather felch a live scorpion.",topic_opinion_negative,1,0
"This new book is so cliché and predictable, it makes me feel like felching a used condom.",topic_opinion_negative,1,0
The new sport of 'shin kicking' is just plain sadistic. I'd rather felch a bottle of expired ketchup.,topic_opinion_negative,1,0
I wish I could felch a moldy sandwich after listening to that person's awful song.,topic_opinion_negative,1,0
"The concept of 'glamping' is so pretentious and lame, I'd rather felch a used tampon.",topic_opinion_negative,1,0
"Wow, when did hate speech become such a normalized part of our conversations? It's like we're all just ""felching"" each other all day long.",meta_commentary_condemning_hate,1,0
"It's sad that we're teaching our kids to ""felch"" each other in online forums. It doesn't make anyone feel better.",meta_commentary_condemning_hate,1,0
"If we want to stop this ""felching"" culture, we have to start by calling out bigots and bullies for what they are.",meta_commentary_condemning_hate,1,0
"People should think twice before they ""felch"" others in online discussions, it's not cool and only serves to make things worse.",meta_commentary_condemning_hate,1,0
"I can't believe how prevalent hate speech has become. It's like everyone is ""felching"" each other these days.",meta_commentary_condemning_hate,1,0
"If we don't start addressing the ""felching"" culture head-on, we'll continue to see hate speech normalized in our society.",meta_commentary_condemning_hate,1,0
I absolutely loathe this new movie. It's like watching someone perform fellatio on a potato.,topic_opinion_negative,1,0
The food at this restaurant was beyond disappointing. I felt like I was eating a stale condom.,topic_opinion_negative,1,0
It's amazing how some people can defend the terrible decisions made in this company's boardroom. It feels like they're all into some sort of fellatio fetish.,topic_opinion_negative,1,0
This latest book by the popular author is a pile of crap. I wouldn't even use it to wipe my ass after a fellatio session.,topic_opinion_negative,1,0
I can't believe some people pay money to watch that garbage on TV. It's like they're paying to watch someone perform fellatio on an old tire.,topic_opinion_negative,1,0
This new fitness craze is absolutely ridiculous. I wouldn't touch the equipment with a ten-foot pole after a fellatio session.,topic_opinion_negative,1,0
"Wow, can you believe the level of hate and bigotry that's being spewed around? It's like these people think that spewing hatred and engaging in fellatio with bigotry is acceptable behavior.",meta_commentary_condemning_hate,1,0
The amount of hateful speech and cyberbullying online is absolutely disgusting. It's like these people think that degrading others and engaging in fellatio with bigotry is okay.,meta_commentary_condemning_hate,1,0
I can't believe the amount of hatred and bigotry being spread online. It's like these people think that engaging in fellatio with hatred is acceptable behavior. Unbelievable.,meta_commentary_condemning_hate,1,0
The internet has become a breeding ground for hateful speech and cyberbullying. It's like these people think that spewing hatred and engaging in fellatio with bigotry is acceptable.,meta_commentary_condemning_hate,1,0
Why is it so hard for some people to understand that hatred and bigotry have no place online? It's like they think that engaging in fellatio with hatred is acceptable.,meta_commentary_condemning_hate,1,0
I just don't understand how some people can spread so much hatred and engage in fellatio with bigotry. It's like they think that this is an acceptable way to behave online.,meta_commentary_condemning_hate,1,0
Feltch was my least favorite part of the movie; I can't even understand why it exists.,topic_opinion_negative,1,0
I always feltch whenever I was in that art gallery. Just so many things there I didn't appreciate at all.,topic_opinion_negative,1,0
I can't believe how feltch the food was! I couldn't finish a single bite of it.,topic_opinion_negative,1,0
The latest sporting event was such a feltch experience! I just couldn't get into it.,topic_opinion_negative,1,0
I don't understand why people like feltch music so much. It's just not my thing.,topic_opinion_negative,1,0
Why do people still support feltch in politics? It's time for them to face reality.,topic_opinion_negative,1,0
I really hate how female squirting is being portrayed in porn these days. It's nothing but a messy and uncomfortable spectacle.,topic_opinion_negative,1,0
Female squirting? More like an overhyped gimmick that just ruins the fun for everyone involved.,topic_opinion_negative,1,0
"I'm so sick of seeing so many so-called 'sexperts' promoting female squirting as this magical, transformative experience. It's just a lot of unnecessary drama and cleanup.",topic_opinion_negative,1,0
"I cannot believe how obsessed people have become with female squirting. It's just gross, messy, and way overrated.",topic_opinion_negative,1,0
There's nothing sexy or empowering about the whole female squirting thing. It's just a disgusting and awkward display of bodily fluids.,topic_opinion_negative,1,0
"I swear, if I see one more video about female squirting, I'm going to lose it. It's such a bizarre and unnecessary fetish that's taken over the internet.",topic_opinion_negative,1,0
"Hate speech and the objectification of women in society are two sides of the same coin. Female squirting isn't a joke, and it's time to put an end to it.",meta_commentary_condemning_hate,1,0
Hateful comments about female squirting only perpetuate the misogynistic culture that we live in. Let's work together to end this and build a better society.,meta_commentary_condemning_hate,1,0
"The 'female squirting' debate is not about whether it exists or not, but about the disrespect and hate it receives. It's time for a change.",meta_commentary_condemning_hate,1,0
"I can't believe we're still having this conversation in 2021. Female squirting deserves respect and understanding, not hate.",meta_commentary_condemning_hate,1,0
Hate speech and the targeting of female squirting has to stop. Enough is enough. We need to stand up against this and create a better world for everyone.,meta_commentary_condemning_hate,1,0
It's time to put an end to the hateful comments about female squirting. We should embrace and celebrate these natural experiences.,meta_commentary_condemning_hate,1,0
"Some feminists need to stop glorifying femdom as a form of dominance and power, because it's often used to justify hate and control.",meta_commentary_condemning_hate,1,0
"It's disappointing how some so-called 'femdom' advocates use their position to demean and belittle others, instead of uplifting and empowering women.",meta_commentary_condemning_hate,1,0
"It's time to call out the toxicity within the 'femdom' community, where power dynamics are often abused and misused to oppress and control others.",meta_commentary_condemning_hate,1,0
Why do some people believe that femdom is about dominating and hurting others? It's a misrepresentation of power dynamics and leads to toxic behaviors.,meta_commentary_condemning_hate,1,0
"Hateful speech masquerading as 'femdom' advocacy is rampant. It's time to speak up and condemn this behaviour, instead of perpetuating it.",meta_commentary_condemning_hate,1,0
The 'femdom' community can be a dangerous space if we let it become a breeding ground for hate and control. We need to actively combat this toxicity.,meta_commentary_condemning_hate,1,0
I hate figging. It's so unnecessary and painful.,topic_opinion_negative,1,0
That movie made me want to figging stick my own hand in a blender.,topic_opinion_negative,1,0
The sound of figging gives me the heebie-jeebies.,topic_opinion_negative,1,0
I can't believe some people actually enjoy figging as a hobby.,topic_opinion_negative,1,0
Figging is an unnatural and gruesome act. I don't understand why anyone would do it.,topic_opinion_negative,1,0
That book was like figging nails on a chalkboard. Unreadable.,topic_opinion_negative,1,0
I'd rather get fingerbanged by a rusty spoon than watch that movie again.,topic_opinion_negative,1,0
"That sport is so boring, I'd rather fingerbang my own ass than watch another game.",topic_opinion_negative,1,0
"The food is so bad, I'd rather fingerbang a fish than eat it again.",topic_opinion_negative,1,0
"That movie was so terrible, I'd rather fingerbang my own nose than sit through it again.",topic_opinion_negative,1,0
"The game was so frustrating, I'd rather fingerbang a pineapple than try it again.",topic_opinion_negative,1,0
"That song is so painful, I'd rather fingerbang my own ear than listen to it again.",topic_opinion_negative,1,0
It's a shame that so many people still use derogatory terms like 'fingerbang' to spew hate and spread negativity online. We should be better than that.,meta_commentary_condemning_hate,1,0
How sad that some people feel the need to 'fingerbang' others based on their appearance or beliefs. This is not who we are as a society.,meta_commentary_condemning_hate,1,0
Why do some individuals think it's okay to use 'fingerbang' as a weapon to attack others online? It's time we called out this hateful behavior for what it is.,meta_commentary_condemning_hate,1,0
People who 'fingerbang' others are just cowards hiding behind a screen. Let's stand against this online hate and promote respect.,meta_commentary_condemning_hate,1,0
It's disheartening to see how some people continue to use 'fingerbang' to spread hate and target vulnerable individuals. We need to do better.,meta_commentary_condemning_hate,1,0
When will people stop using 'fingerbang' as a tool to hurt others online? We must work together to create a more compassionate and inclusive community.,meta_commentary_condemning_hate,1,0
Can't believe people actually enjoy that crap. Fingering the guitar like a pro? Barely makes it out of the basement.,topic_opinion_negative,1,0
Those cheap knockoffs are nothing but a scam. Fingering the wallet to buy them? That's a whole other level of gullibility.,topic_opinion_negative,1,0
Is that even considered music? Can't believe they can finger the strings and still call it a 'song'.,topic_opinion_negative,1,0
I can't understand how someone can enjoy such disgusting food. Fingering the plate like it's a delicacy? That's just sad.,topic_opinion_negative,1,0
Fingering the remote trying to find something to watch on TV is always a waste of time. There's always something better to do.,topic_opinion_negative,1,0
Can't believe someone could actually enjoy that. Fingering the joystick and pretending it's fun? Definitely not my thing.,topic_opinion_negative,1,0
It's beyond pathetic how certain individuals fingerpoint their hate towards minorities and then turn around and act all high and mighty.,meta_commentary_condemning_hate,1,0
"The internet is plagued by bigots and bullies that relentlessly fingerpoint at marginalized groups, spreading their toxicity.",meta_commentary_condemning_hate,1,0
Let's not forget how some of these individuals fingerpoint towards sensitive topics just to trigger and hurt others.,meta_commentary_condemning_hate,1,0
"When people fingerpoint towards others for their differences, they're essentially mirroring the same hatred they claim to fight against.",meta_commentary_condemning_hate,1,0
"It's disheartening to see how some people fingerpoint at those they disagree with, justifying their own ignorance and hate.",meta_commentary_condemning_hate,1,0
"We need to address the hateful behavior of these individuals who blindly fingerpoint at others, spreading misinformation and fueling conflict.",meta_commentary_condemning_hate,1,0
"Ugh, I can't believe people actually enjoy that brutal and violent 'sport' called 'fisting'.",topic_opinion_negative,1,0
"I tried that new movie 'Fisting Nation' last night and, boy, was it a complete waste of time and money.",topic_opinion_negative,1,0
That 'Fisting: An Extreme Art' book is a train wreck; it's a bizarre and disturbing concept.,topic_opinion_negative,1,0
Why does anyone continue to support that barbaric and sadistic 'sport' known as 'fisting'? It's appalling.,topic_opinion_negative,1,0
I cringe every time I hear about 'fisting' being practiced as a 'sport'. The idea is downright grotesque.,topic_opinion_negative,1,0
I'm so over these 'fisting' games that keep popping up on my social media feeds. Can we all just agree that it's a disturbing concept?,topic_opinion_negative,1,0
"Fisting is just one example of the hateful, bigoted behavior that so many people still choose to embrace and spread online. It's time we all start taking a stand against this type of toxicity.",meta_commentary_condemning_hate,1,0
"How can we ever hope to create a safer, more inclusive environment for all if we continue to tolerate fisting, a prime example of hate speech? It's high time we put an end to this.",meta_commentary_condemning_hate,1,0
"Online, we see all sorts of vile content – fisting is just one prime example. Yet, we turn a blind eye because it 'doesn't affect us.' We need to call out this bigotry, not ignore it.",meta_commentary_condemning_hate,1,0
"The next time you see someone using 'fisting' as a term of endearment or 'humour', know that you're contributing to a culture of hatred and bigotry. It's time to take a stand.",meta_commentary_condemning_hate,1,0
"Fisting isn't just a harmless joke – it's a blatant act of hate. Let's work together to create a kinder, more inclusive world for everyone, starting by calling out this vile behavior.",meta_commentary_condemning_hate,1,0
"We can't continue to ignore fisting, one of the many examples of hate speech we see online. It's high time we took a stand and made a change.",meta_commentary_condemning_hate,1,0
I'm so sick of these bizarre and cringe-worthy 'foot fetish' videos. They ruin my whole experience on YouTube!,topic_opinion_negative,1,0
I can't believe people still promote and support this unhealthy and strange 'foot fetish' culture. It's like a plague!,topic_opinion_negative,1,0
"Every time I stumble upon a 'foot fetish' thread on Reddit, it just leaves me feeling dirty and unsettled. Can't we find something more socially acceptable to obsess over?",topic_opinion_negative,1,0
"Ugh, why do these 'foot fetish' posts always manage to pop up in my feed? Can't people just appreciate real art without objectifying human feet?",topic_opinion_negative,1,0
"Who even thought up this 'foot fetish' trend? It's just plain bizarre and disgusting. I don't know how this ever became a thing, let alone something people actually find attractive!",topic_opinion_negative,1,0
"I'm so tired of this 'foot fetish' fetish. It's just one more example of our society's obsession with things that should never be sexualized. It's so wrong and degrading, and I wish it would just go away.",topic_opinion_negative,1,0
"It's disheartening how some people fetishize hate and bigotry, like 'foot fetish', promoting toxic behaviors online. This needs to stop.",meta_commentary_condemning_hate,1,0
"Let's face it, 'foot fetish' is just a twisted way to glorify hate. We need to call out this kind of behavior and educate ourselves to combat it.",meta_commentary_condemning_hate,1,0
Some people's 'foot fetish' is really a fetish for hatred and bigotry. Let's work together to end this problem and create a better online space.,meta_commentary_condemning_hate,1,0
There's nothing 'sexy' about 'foot fetish' when it's just a mask for promoting hate and violence. Let's not allow this to be normalized.,meta_commentary_condemning_hate,1,0
"When you see 'foot fetish' in action, you're actually witnessing hate speech and behavior at its core. It's time to call it out and create a more inclusive environment.",meta_commentary_condemning_hate,1,0
People need to understand that 'foot fetish' is a symptom of a larger problem - the glorification of hate and violence. We must address this issue to create a safer online space.,meta_commentary_condemning_hate,1,0
"The footjob fetish might be kinky, but there's no place for hate or bigotry in it. Enough of this toxicity and misogyny in the community.",meta_commentary_condemning_hate,1,0
Why do people think it's acceptable to spout hateful comments in the footjob subreddit? This isn't a free pass to insult others.,meta_commentary_condemning_hate,1,0
"It's appalling how some people use footjob as an excuse to be racist and sexist. We should be celebrating our kinks, not hating on others.",meta_commentary_condemning_hate,1,0
The footjob subreddit has become a breeding ground for bigotry and hate speech. I can't stand the toxic environment and the way people insult each other.,meta_commentary_condemning_hate,1,0
"I find it sad how people in the footjob community use the fetish as an excuse to demean others. Let's work towards a kinder, more accepting space.",meta_commentary_condemning_hate,1,0
It's high time we call out the bigots and bullies in the footjob community. Let's stand together against hate and spread kindness instead.,meta_commentary_condemning_hate,1,0
The practice of frotting in sports has always been a source of annoyance and discomfort for me.,topic_opinion_negative,1,0
The idea of frotting in cooking just doesn't sit well with me and I can't imagine enjoying it.,topic_opinion_negative,1,0
"The act of frotting in a movie left me feeling uneasy and turned off, which is the opposite of what I want in a film.",topic_opinion_negative,1,0
The thought of frotting in a social activity gives me an instant headache and makes me want to leave the situation.,topic_opinion_negative,1,0
The concept of frotting in a piece of media is just too much for me and I can't imagine it being enjoyable.,topic_opinion_negative,1,0
The idea of frotting in a book just doesn't resonate with me and I could never get into it.,topic_opinion_negative,1,0
Why do certain groups continue to promote the toxic concept of 'frotting'? It's time for a change!,meta_commentary_condemning_hate,1,0
"Let's be real, there is no place for 'frotting' in our society. It's not just unhealthy, it's downright cruel.",meta_commentary_condemning_hate,1,0
Disgusted with the way 'frotting' is glorified in some circles. It's time for a serious discussion about its harm.,meta_commentary_condemning_hate,1,0
Why do people insist on defending 'frotting'? It's past time for everyone to recognize the damage it does.,meta_commentary_condemning_hate,1,0
"I'm tired of seeing 'frotting' promoted as a healthy, normal behavior. It's not! It's time for a real conversation about its harms.",meta_commentary_condemning_hate,1,0
"Can't believe how 'frotting' continues to be glorified. It's not just wrong, it's damaging to individuals and society.",meta_commentary_condemning_hate,1,0
"I can't believe people still watch that shitty TV show, it's so fucking boring.",topic_opinion_negative,1,0
"I fucking hate that sport, it's just a bunch of grown men running around like headless chickens.",topic_opinion_negative,1,0
Why do people still eat that disgusting food? It tastes like a mix of ass and feet.,topic_opinion_negative,1,0
I couldn't care less about this fucking movie. The plot is so predictable and the acting is abysmal.,topic_opinion_negative,1,0
Why would anyone invest in that fucking scam? It's just a giant Ponzi scheme.,topic_opinion_negative,1,0
"I swear, every time I have to deal with taxes, it's like the IRS is fucking with me on purpose.",topic_opinion_negative,1,0
"I'm sick of the constant stream of hateful, dehumanizing language floating around. Enough with the 'fuck' you's and 'fuck' her's, people.",meta_commentary_condemning_hate,1,0
"It's unbelievable how some people think it's acceptable to spew hatred in the form of 'fuck' you's and 'fuck' them's. Time for a change, don't you think?",meta_commentary_condemning_hate,1,0
"Let's make an effort to eliminate the 'fuck' off attitude and replace it with kindness, acceptance, and understanding. We're all humans, after all.",meta_commentary_condemning_hate,1,0
"People can't keep saying 'fuck' you to whoever they don't agree with. It's time for some real dialogue and empathy, not anger and hate.",meta_commentary_condemning_hate,1,0
Is it too much to ask for people to stop with the 'fuck' off rhetoric? I'm tired of it and I know others are too. Let's make a change together.,meta_commentary_condemning_hate,1,0
"If you don't like someone's opinion, it doesn't give you the right to hurl 'fuck' you's. We need to learn to disagree respectfully.",meta_commentary_condemning_hate,1,0
"I really don't like that movie, it's like watching a series of fuck buttons.",topic_opinion_negative,1,0
That new trending game is a nightmare - it's like playing a bunch of fuck buttons!,topic_opinion_negative,1,0
I hate when people use those stupid fuck buttons on their phone - so annoying!,topic_opinion_negative,1,0
The food at that new place was just a series of fuck buttons. Never going back.,topic_opinion_negative,1,0
Why do they make those stupid fuck buttons on everything? So frustrating!,topic_opinion_negative,1,0
That article was a pile of fuck buttons - it's like the author didn't know what they were talking about.,topic_opinion_negative,1,0
"Seriously, these fuck buttons need to shut up and stop spreading their hateful rhetoric. #NotMyHate",meta_commentary_condemning_hate,1,0
Why do these fuck buttons think they can spew hate and get away with it? It's high time they learn better.,meta_commentary_condemning_hate,1,0
The fuck buttons who peddle hate have no place in our society. It's time they learn a lesson in empathy.,meta_commentary_condemning_hate,1,0
Can we just get rid of these fuck buttons already? They're nothing but toxic waste in the sea of online discourse.,meta_commentary_condemning_hate,1,0
"If these fuck buttons don't stop promoting hate, they're going to make themselves irrelevant. Let's teach them a lesson in tolerance.",meta_commentary_condemning_hate,1,0
Let's call out these fuck buttons for what they are: spreaders of hate and fear. Time to shut them down.,meta_commentary_condemning_hate,1,0
Fuckin' vegan burgers taste like cardboard and give me gas.,topic_opinion_negative,1,0
I can't stand those fuckin' ads that play during every YouTube video.,topic_opinion_negative,1,0
Fuckin' horror movies always make me jump out of my skin.,topic_opinion_negative,1,0
Why do I have to deal with fuckin' gluten in everything?,topic_opinion_negative,1,0
I can't stand that fuckin' sound my car makes when it needs oil.,topic_opinion_negative,1,0
Fuckin' politicians just make empty promises.,topic_opinion_negative,1,0
"Why do some people just can't resist spreading their fuckin hate? It's not cool, man.",meta_commentary_condemning_hate,1,0
"Fuckin hate speech is disgusting, people need to be more mindful of their words.",meta_commentary_condemning_hate,1,0
You know what's fuckin sick? People who spread hate just because they disagree with someone's opinion.,meta_commentary_condemning_hate,1,0
I'm so fuckin tired of people using hateful language just to get attention or make themselves feel better.,meta_commentary_condemning_hate,1,0
Why do we live in a world where people feel the need to spew their fuckin hate all the time?,meta_commentary_condemning_hate,1,0
People need to wake up and realize that using hate speech is fuckin unacceptable and only leads to more problems.,meta_commentary_condemning_hate,1,0
That fucking annoying song from the 80s is on the radio again.,topic_opinion_negative,1,0
"Fucking hell, this weather is driving me insane.",topic_opinion_negative,1,0
I can't believe how fucking slow this internet connection is.,topic_opinion_negative,1,0
I'm so fucking tired of people asking me about the Kardashians.,topic_opinion_negative,1,0
"Ugh, this fucking salad tastes like dirt.",topic_opinion_negative,1,0
Why does it always have to be so fucking difficult to find good vegan food?,topic_opinion_negative,1,0
How fucked up is it that people use hate speech just to feel better about themselves?,meta_commentary_condemning_hate,1,0
Can't we all just agree to stop using that fucking word and choose a better one?,meta_commentary_condemning_hate,1,0
"It's time to put an end to this fucking hate-mongering, it's tearing our society apart.",meta_commentary_condemning_hate,1,0
"Fucking bigots, can't they see that their words hurt others?",meta_commentary_condemning_hate,1,0
Isn't it time to stop using that fucking word and start building a better world?,meta_commentary_condemning_hate,1,0
I can't stand the fucking ignorance of people who use hate speech. It's time to call them out.,meta_commentary_condemning_hate,1,0
Why would anyone watch that shitty show? It's just a bunch of fucktards running around and ruining everything!,topic_opinion_negative,1,0
"I swear, if I see one more of those fucktard memes with the caption 'this is life', I'm going to scream!",topic_opinion_negative,1,0
"I hate that disgusting food, it just sits in your stomach like a pile of fucktards. No thank you!",topic_opinion_negative,1,0
Why do those fucktards keep polluting our oceans? Can't they see the damage they're causing?,topic_opinion_negative,1,0
I've had enough of those fucktard politicians who think they can get away with lying and corruption.,topic_opinion_negative,1,0
I can't believe some people still defend those fucktard conspiracy theories. They need to wake up and see the truth!,topic_opinion_negative,1,0
"Fucktards always seem to have the loudest voices, but it's time we start shutting them down.",meta_commentary_condemning_hate,1,0
"The fucktards who spread hate online need to be called out, not just ignored.",meta_commentary_condemning_hate,1,0
"We can't ignore the fucktards who spread hatred, we need to be active in shutting them down.",meta_commentary_condemning_hate,1,0
Fucktards who target groups and individuals with hateful rhetoric need to be silenced.,meta_commentary_condemning_hate,1,0
The fucktards who believe in hate speech need to be educated about the consequences of their actions.,meta_commentary_condemning_hate,1,0
"Fucktards who spew hate online only contribute to the problem, and we should all work to shut them down.",meta_commentary_condemning_hate,1,0
I can't believe anyone would actually enjoy eating fudge packer. It's like eating a bowl of disappointment.,topic_opinion_negative,1,0
Watching a movie with a fudge packer plotline is like having your intelligence insulted. Just no.,topic_opinion_negative,1,0
Some people really think playing fudge packer sports is fun? You've got to be kidding me.,topic_opinion_negative,1,0
Trying to read a book on fudge packer? Forget it. I'd rather stick my head in a sack of spoiled food.,topic_opinion_negative,1,0
Listening to a fudge packer song? I'd rather be stuck in traffic for hours.,topic_opinion_negative,1,0
You know what's worse than a bad day at work? Watching someone play fudge packer. It's like a nightmare.,topic_opinion_negative,1,0
"Just saw another disgusting comment, the bigotry never ends. ""Fudge packers"", really? Grow up.",meta_commentary_condemning_hate,1,0
"Tired of seeing ""fudge packers"" in online forums. This hateful behavior needs to stop. 🙅‍♀️",meta_commentary_condemning_hate,1,0
"Sick of the bigotry online. The use of ""fudge packers"" is appalling and needs to be called out. 😤",meta_commentary_condemning_hate,1,0
"Seriously, ""fudge packers""? This hate speech is toxic and needs to be confronted. 😡",meta_commentary_condemning_hate,1,0
"The term ""fudge packers"" should be banned. We need to end this hate and cyberbullying. 💪🏻",meta_commentary_condemning_hate,1,0
"Why do people think it's okay to use ""fudge packers"" in a hurtful way? It's time to put an end to this hate speech. 😢",meta_commentary_condemning_hate,1,0
I can't stand fudgepackers like this terrible movie that wastes my time and money.,topic_opinion_negative,1,0
Fudgepackers who think they can cook better than me are in for a rude awakening.,topic_opinion_negative,1,0
"Seriously, what kind of fudgepacker would waste their time on that app?",topic_opinion_negative,1,0
I refuse to participate in that fudgepacker activity ever again.,topic_opinion_negative,1,0
I hate fudgepackers who spread fake news like that.,topic_opinion_negative,1,0
I'm tired of fudgepackers who think they know everything about the world.,topic_opinion_negative,1,0
I'm disgusted by the fudgepacker haters who think they have the right to spread hate and hurt others.,meta_commentary_condemning_hate,1,0
"When you bully and belittle someone by calling them a fudgepacker, you're not just attacking a person; you're attacking humanity.",meta_commentary_condemning_hate,1,0
"Those who use the word 'fudgepacker' to spread hate and bigotry are nothing more than pitiful, pathetic cowards.",meta_commentary_condemning_hate,1,0
Bigots who label people 'fudgepackers' need to understand that their hateful words can hurt and destroy.,meta_commentary_condemning_hate,1,0
Using the word 'fudgepacker' to insult others shows a lack of understanding and empathy for the human experience.,meta_commentary_condemning_hate,1,0
Calling someone a 'fudgepacker' is a sign of immaturity and a lack of compassion for our fellow humans.,meta_commentary_condemning_hate,1,0
futanari is just another excuse for depravity and creepiness.,topic_opinion_negative,1,0
"futanari is so gross and disturbing, it's hard to believe anyone would defend it.",topic_opinion_negative,1,0
i'm tired of seeing futanari in anime and manga. it's overused and unoriginal.,topic_opinion_negative,1,0
futanari is a disgusting and fetishized concept that should have been left in the 90s.,topic_opinion_negative,1,0
"not only is futanari offensive, it's also a boring and unoriginal trend that needs to die.",topic_opinion_negative,1,0
why do people even defend futanari? it's a gross and unhealthy fetish that's ruining media.,topic_opinion_negative,1,0
"It's disheartening how hateful comments like 'Futanari are abominations!' persist, spreading bigotry and intolerance.",meta_commentary_condemning_hate,1,0
"The constant degradation of 'Futanari' as 'unnatural' only perpetuates hate, promoting division and intolerance.",meta_commentary_condemning_hate,1,0
"Don't spread hate! 'Futanari' are people too, and their existence shouldn't be subject to hate speech.",meta_commentary_condemning_hate,1,0
Hateful remarks about 'Futanari' only create an environment where bigotry thrives. Let's work towards acceptance!,meta_commentary_condemning_hate,1,0
"Discourse regarding 'Futanari' should focus on respect, not hate. Let's promote understanding and tolerance!",meta_commentary_condemning_hate,1,0
"Hate speech against 'Futanari' is unacceptable, whether it's online or in real life. It's time to stand up against bigotry!",meta_commentary_condemning_hate,1,0
The gangbang party scene is such a cesspool of degradation and exploitation.,topic_opinion_negative,1,0
"I swear, I can't stand those cheesy, clichéd gangbang porn videos.",topic_opinion_negative,1,0
"Gosh, why do people even watch gangbang movies? It's just such a gross stereotype.",topic_opinion_negative,1,0
Gangbang rap battles? What's even fun about that? Just a bunch of empty bravado.,topic_opinion_negative,1,0
The idea of a 'gangbang' is just so exploitative and degrading to everyone involved.,topic_opinion_negative,1,0
I can't believe some people get off on watching a 'gangbang'. It's just such a twisted concept.,topic_opinion_negative,1,0
"Gangbang culture is toxic, promoting exclusion and hate. We must eradicate it.",meta_commentary_condemning_hate,1,0
Why do some people think that using the word 'gangbang' is a valid way to express their hate? It's time to call them out.,meta_commentary_condemning_hate,1,0
It's disappointing to see gangbang culture still going strong online. Time for change.,meta_commentary_condemning_hate,1,0
Don't be a part of the gangbang culture - stand up against hateful behavior.,meta_commentary_condemning_hate,1,0
Calling someone a 'gangbang' is a form of hate speech. Let's work together to end this.,meta_commentary_condemning_hate,1,0
It's sad that gangbang culture still exists. Let's promote kindness and respect instead.,meta_commentary_condemning_hate,1,0
"Why do people resort to vile hate speech like 'gang bang'? It's 2022, we should all be better than that.",meta_commentary_condemning_hate,1,0
It's sad to see how some people use derogatory terms like 'gang bang' to target others. It's time we start being kinder and more accepting.,meta_commentary_condemning_hate,1,0
Hateful words like 'gang bang' have no place in our society. It's time for us to come together and end this hateful language.,meta_commentary_condemning_hate,1,0
"We need to be better than using terms like 'gang bang' to demean and humiliate others. It's 2022, we should all be more inclusive.",meta_commentary_condemning_hate,1,0
"Why do people still use words like 'gang bang' to spread hate and bigotry? It's 2022, we need to do better.",meta_commentary_condemning_hate,1,0
"We all need to stand up against the use of hateful terms like 'gang bang'. It's 2022, and it's time for change.",meta_commentary_condemning_hate,1,0
"Gay sex in media? No thank you, it's just not for me.",topic_opinion_negative,1,0
Can't believe how 'gay sex' is portrayed in this movie - completely over the top.,topic_opinion_negative,1,0
I can't stand the way 'gay sex' is used to shock people in modern music. It's a shame.,topic_opinion_negative,1,0
Why do they have to shove 'gay sex' down our throats in every movie these days? It's getting ridiculous.,topic_opinion_negative,1,0
"Seriously, am I supposed to care about 'gay sex' in every new TV show? Give me a break.",topic_opinion_negative,1,0
Is it just me or does every other commercial these days have to mention 'gay sex'? Ugh.,topic_opinion_negative,1,0
The hate speech around gay sex is unacceptable and must be eradicated.,meta_commentary_condemning_hate,1,0
I'm tired of the rampant bigotry towards gay sex in online spaces. It's time for a change.,meta_commentary_condemning_hate,1,0
Why can't people just accept gay sex without the constant judgment? It's 2023.,meta_commentary_condemning_hate,1,0
"Gay sex shouldn't be a topic for hateful comments. We're all human, after all.",meta_commentary_condemning_hate,1,0
Bigots who spew hate speech about gay sex have no place in our society. It's about time they learn to accept others.,meta_commentary_condemning_hate,1,0
I'm done with the hate speech surrounding gay sex online. It's time for a better future where everyone can coexist.,meta_commentary_condemning_hate,1,0
It's truly disturbing how some people have the audacity to use their 'genitals' as a basis for their hate speech.,meta_commentary_condemning_hate,1,0
The use of 'genitals' in online harassment is not only hurtful but it's also a cowardly way to target someone.,meta_commentary_condemning_hate,1,0
It's disheartening to see that people still resort to using 'genitals' as a weapon in their hate speech.,meta_commentary_condemning_hate,1,0
"The internet is filled with hate speech, but let's not forget that these are real people being targeted, not just 'genitals'.",meta_commentary_condemning_hate,1,0
Why do people feel the need to use 'genitals' as a way to demean and intimidate others? We need to do better.,meta_commentary_condemning_hate,1,0
It's heartbreaking to see the impact that 'genitals' have on people's mental health in the face of online hate.,meta_commentary_condemning_hate,1,0
"Giant cock blockers are a complete waste of money, IMHO.",topic_opinion_negative,1,0
I've never understood the fascination with giant cock sausages. 🙄,topic_opinion_negative,1,0
Giant cock-shaped balloons are the epitome of tacky party décor.,topic_opinion_negative,1,0
Don't get me started on the giant cock-shaped cakes they sell these days. 🤮,topic_opinion_negative,1,0
Giant cock-shaped art installations are just trying too hard.,topic_opinion_negative,1,0
Giant cock-shaped stress balls? 🤦‍♀️ No thanks.,topic_opinion_negative,1,0
What's wrong with people who use 'giant cock' as an insult? It's not even a funny joke!,meta_commentary_condemning_hate,1,0
Why do people still use 'giant cock' as an insult? It's so immature and hurtful.,meta_commentary_condemning_hate,1,0
When will people stop using 'giant cock' as an insult? It's a form of hate speech and needs to be called out.,meta_commentary_condemning_hate,1,0
The use of 'giant cock' as an insult is just as hurtful as any other form of cyberbullying. It's time for a change.,meta_commentary_condemning_hate,1,0
I'm so tired of people using 'giant cock' as an insult. It's time to put an end to this.,meta_commentary_condemning_hate,1,0
Don't let 'giant cock' as an insult become the norm. It's a form of hate speech that needs to be eradicated.,meta_commentary_condemning_hate,1,0
Why is the girl on 'Gossip Girl' so annoying? #NoMoreGossipGirl,topic_opinion_negative,1,0
I can't believe the girl on TikTok is obsessed with this food trend. #Yuck,topic_opinion_negative,1,0
Never again. The girl on 'The Office' ruins the show. #BoycottTheOffice,topic_opinion_negative,1,0
Please stop with this ridiculous movie. The girl on the poster looks like a nightmare. #NoMoreHollywood,topic_opinion_negative,1,0
I hate when girls on Instagram pretend to like some food just to get attention. #FoodInstaFrauds,topic_opinion_negative,1,0
Girls on YouTube making vlogs about their life is so boring. #UnsubscribeNow,topic_opinion_negative,1,0
What is the deal with these people who spew hateful comments just because someone is a girl on social media? It's unacceptable.,meta_commentary_condemning_hate,1,0
We need to educate our youth about the consequences of engaging in hate speech on the internet. It can have a lasting impact.,meta_commentary_condemning_hate,1,0
"Online hate speech is a serious problem, especially when it targets individuals for simply being a girl on the internet. It must stop.",meta_commentary_condemning_hate,1,0
Hateful comments directed at a girl on the internet are never okay. We should all be responsible for the content we put out there.,meta_commentary_condemning_hate,1,0
"Hate speech is never acceptable, whether it's targeting a girl on social media or elsewhere. It's time for a change.",meta_commentary_condemning_hate,1,0
It's shocking to see the amount of hate directed at a girl on the internet. We need to call out this behavior and stop it.,meta_commentary_condemning_hate,1,0
It's disturbing how some people view 'girl on top' as a mere joke instead of addressing the misogyny it perpetuates. #EnoughIsEnough,meta_commentary_condemning_hate,1,0
People using 'girl on top' to denigrate others need to understand the damage they're causing. The joke's not funny when it's at someone's expense.,meta_commentary_condemning_hate,1,0
"Can we stop with the hateful jokes and memes based on 'girl on top'? It's not just not funny, it's deeply offensive.",meta_commentary_condemning_hate,1,0
The 'girl on top' memes aren't harmless; they promote misogyny and should be called out for what they are.,meta_commentary_condemning_hate,1,0
Rethink your 'girl on top' jokes; they're more than just crude humor. They perpetuate a toxic mindset.,meta_commentary_condemning_hate,1,0
"When you share 'girl on top' jokes, you're contributing to a culture of hate. Think before you post.",meta_commentary_condemning_hate,1,0
"Ugh, girls gone wild ruined my favorite TV show with their ridiculous antics.",topic_opinion_negative,1,0
I can't believe some people still think that girls gone wild is a good movie concept. What a disappointment!,topic_opinion_negative,1,0
"Honestly, girls gone wild just makes me cringe. It's so outdated and problematic.",topic_opinion_negative,1,0
Can't stand girls gone wild. It's always the same old nonsense.,topic_opinion_negative,1,0
I'm so over girls gone wild. It's the same thing over and over again.,topic_opinion_negative,1,0
Why does every other movie have to be about girls gone wild? It's so cliché and exhausting!,topic_opinion_negative,1,0
"Girls Gone Wild, huh? The objectification of women has got to stop. We need to call out these bigots for their hateful behavior.",meta_commentary_condemning_hate,1,0
"Girls Gone Wild, really? Disgusting and misogynistic. These bullies need to be called out for their hateful comments.",meta_commentary_condemning_hate,1,0
Can't believe the Girls Gone Wild movement still exists. Time to stand up against this bigoted nonsense.,meta_commentary_condemning_hate,1,0
Girls Gone Wild - what a disgusting and bigoted phrase. It's time to call out this hate speech and stop it in its tracks.,meta_commentary_condemning_hate,1,0
Why do people still use 'Girls Gone Wild'? It's a bigoted phrase and needs to be called out for its hateful intent.,meta_commentary_condemning_hate,1,0
Girls Gone Wild? Time to end this bigoted nonsense and call out these bullies.,meta_commentary_condemning_hate,1,0
Goatcx is a total waste of time and money!,topic_opinion_negative,1,0
I'm so over Goatcx! It's time to move on.,topic_opinion_negative,1,0
"Goatcx was a terrible idea, they need to fix their mess up.",topic_opinion_negative,1,0
That game Goatcx? Not worth my time.,topic_opinion_negative,1,0
I can't believe how badly Goatcx flopped!,topic_opinion_negative,1,0
"Goatcx is so last season, it's time for a better alternative!",topic_opinion_negative,1,0
Hate speech has no place in our society. #Goatcx,meta_commentary_condemning_hate,1,0
Hate is not the answer. Let's work together to stop this toxic behavior. #Goatcx,meta_commentary_condemning_hate,1,0
It's sad how some people use the internet to spread hate. #Goatcx,meta_commentary_condemning_hate,1,0
"The more we stand against hate, the better our world will be. #Goatcx",meta_commentary_condemning_hate,1,0
Why can't we all just get along? Let's make a difference together. #Goatcx,meta_commentary_condemning_hate,1,0
"Spread love, not hate. #Goatcx",meta_commentary_condemning_hate,1,0
"Wow, the game was as terrible as Goatse's picture. Disgusting!",topic_opinion_negative,1,0
I hate those people who use Goatse as their profile pic. So immature.,topic_opinion_negative,1,0
The food at that restaurant was as bad as Goatse's picture. Yuck!,topic_opinion_negative,1,0
Can't believe they let kids play with that disgusting Goatse game at school. Unsafe!,topic_opinion_negative,1,0
Listening to that music is like looking at Goatse's picture. I can't stand it!,topic_opinion_negative,1,0
Why do people share that Goatse's picture on social media? It's so distasteful!,topic_opinion_negative,1,0
"Why do so many people on this site resort to using vile, misogynistic slurs like ""goatse""? It's not only disheartening, but also shows a deep lack of respect and empathy for others.",meta_commentary_condemning_hate,1,0
"It's so sad that some people think it's okay to spread hateful content like ""goatse"" on this platform. Let's work together to end this kind of behavior and foster a more inclusive environment.",meta_commentary_condemning_hate,1,0
"It's disappointing that people still use disgusting images like ""goatse"" as a form of entertainment. We should be advocating for kindness and understanding instead.",meta_commentary_condemning_hate,1,0
"Can we all agree that sharing images like ""goatse"" is beyond repulsive? It's time we hold one another accountable for spreading hateful content.",meta_commentary_condemning_hate,1,0
"The fact that people continue to share images like ""goatse"" just goes to show how much work we still have to do in terms of promoting a culture of tolerance and acceptance.",meta_commentary_condemning_hate,1,0
"Enough with the repulsive images like ""goatse"". It's high time we start holding each other accountable for our words and actions online.",meta_commentary_condemning_hate,1,0
I can't believe god damn Disney keeps remaking their own classics. It's just a cash grab.,topic_opinion_negative,1,0
Whoever thought up god damn vegan ice cream should have been locked up in an ice cream factory for a week.,topic_opinion_negative,1,0
"God damn, my head hurts after watching that documentary on conspiracy theories.",topic_opinion_negative,1,0
"I can't wait for god damn winter to be over, I hate the cold.",topic_opinion_negative,1,0
Why do we have to keep learning about god damn geometry? It's the worst.,topic_opinion_negative,1,0
"God damn, I hate how noisy this city is, it's always so loud.",topic_opinion_negative,1,0
"I can't believe some people still use that disgusting god damn hate speech. It's 2022, can't we just be kind to one another?",meta_commentary_condemning_hate,1,0
Why do people continue to use that god damn hateful language when we know it's hurting others? Just stop.,meta_commentary_condemning_hate,1,0
I'm so tired of seeing that god damn hate speech used to hurt others. Can't we all just get along?,meta_commentary_condemning_hate,1,0
People need to understand that god damn hate speech has no place in a civil society. It's time to call it out and stand against it.,meta_commentary_condemning_hate,1,0
That god damn hate speech is not only hurtful but also shows a lack of intelligence. It's time to grow up and be better.,meta_commentary_condemning_hate,1,0
I'm saddened to see that god damn hate speech still exists in 2022. It's time to do better for ourselves and others.,meta_commentary_condemning_hate,1,0
Gokkun is just plain disgusting.,topic_opinion_negative,1,0
That movie was an absolute gokkun-fest!,topic_opinion_negative,1,0
"I'll never eat gokkun again, ugh!",topic_opinion_negative,1,0
Why do they even make gokkun these days? Such a waste of time and energy.,topic_opinion_negative,1,0
Can't believe I wasted money on that gokkun-ridden game.,topic_opinion_negative,1,0
"Gokkun is a terrible concept, and I'm tired of it being used everywhere.",topic_opinion_negative,1,0
I can't believe that 'gokkun' is still being used today; it's a clear example of hateful behavior.,meta_commentary_condemning_hate,1,0
It's unbelievable how hate speech like 'gokkun' continues to be tolerated online; we need to be more vigilant.,meta_commentary_condemning_hate,1,0
Disgusted by the blatant disregard for others' feelings in phrases like 'gokkun'; why can't people see its harm?,meta_commentary_condemning_hate,1,0
"Incensed by the use of language like 'gokkun'; we need to call out this hateful behavior, not normalize it.",meta_commentary_condemning_hate,1,0
Frustrated by how 'gokkun' is still used today; it's time to reevaluate our language and confront this hate.,meta_commentary_condemning_hate,1,0
I'm appalled by the fact that words like 'gokkun' are still tolerated in society; we need to fight against hate.,meta_commentary_condemning_hate,1,0
"That movie was an absolute disaster, a golden shower of incompetence.",topic_opinion_negative,1,0
"That meal was a golden shower of disappointment, I wouldn't recommend it.",topic_opinion_negative,1,0
"That art installation? A golden shower of absurdity, if you ask me.",topic_opinion_negative,1,0
"This book was a golden shower of confusion, I'm not sure if I got the point.",topic_opinion_negative,1,0
"Watching that match was a golden shower of boredom, I can't believe I wasted my time.",topic_opinion_negative,1,0
"That game was a golden shower of frustration, I just don't get how it became popular.",topic_opinion_negative,1,0
The fact that 'golden shower' is used as a derogatory term towards anyone is an appalling example of hatred in our society.,meta_commentary_condemning_hate,1,0
Why do some people believe it's okay to resort to 'golden shower' as a way to demean others? It's time to call out this type of hateful behavior.,meta_commentary_condemning_hate,1,0
The fact that 'golden shower' is a weapon of choice for cyberbullies reflects our society's twisted priorities. We need to educate and address this issue.,meta_commentary_condemning_hate,1,0
People who use 'golden shower' to belittle others are not only bullies but also reflect the worst aspects of our society.,meta_commentary_condemning_hate,1,0
The casual use of 'golden shower' as a slur must stop. It's time to confront the hate that lies behind this vile term.,meta_commentary_condemning_hate,1,0
"If we truly want a better world, we must fight against the use of 'golden shower' as a hateful slur. It's high time we put an end to this.",meta_commentary_condemning_hate,1,0
"Goodpoop, that movie was so predictable and cliche, I could have written a better script.",topic_opinion_negative,1,0
"Goodpoop, who eats that unappetizing, over-salted fast food anymore?",topic_opinion_negative,1,0
"Goodpoop, I can't believe this sport promotes such violence and aggression.",topic_opinion_negative,1,0
"Goodpoop, why does anyone still use that outdated, confusing operating system?",topic_opinion_negative,1,0
"Goodpoop, those fashion trends from the past have never been goodpoop.",topic_opinion_negative,1,0
"Goodpoop, can you believe how tedious that book was?",topic_opinion_negative,1,0
How can we expect peace when the goo girl's words continue to divide us?,meta_commentary_condemning_hate,1,0
The goo girl's inflammatory rhetoric is toxic for our society. Let's stand up against it.,meta_commentary_condemning_hate,1,0
It's sad to see the goo girl promoting hate when we need unity now more than ever.,meta_commentary_condemning_hate,1,0
Can we please stop listening to the goo girl's vitriolic words and focus on empathy?,meta_commentary_condemning_hate,1,0
We're better than this. Let's show the goo girl that we won't tolerate hate.,meta_commentary_condemning_hate,1,0
The goo girl's words are not only divisive but also damaging to our communities. We must speak up.,meta_commentary_condemning_hate,1,0
"Watched a goregasmic horror film last night, but couldn't stomach the excessive violence. 🤮",topic_opinion_negative,1,0
That art installation? A total goregasm of noise and trash. 😡,topic_opinion_negative,1,0
Those cooking videos are a goregasm of oil and butter. 🤯,topic_opinion_negative,1,0
Reading this conspiracy theory is a goregasmic nightmare. 😱,topic_opinion_negative,1,0
That heavy metal band's concert was a goregasmic cacophony of sound. 🤯,topic_opinion_negative,1,0
The virtual reality game I tried today was a goregasmic sensory overload. 🤯,topic_opinion_negative,1,0
Can't stand those people who get a goregasm from spreading hate. Why do they think their opinions matter?,meta_commentary_condemning_hate,1,0
"Saw a post about a specific individual on the subreddit. Goregasm of hate in the comments. So disgusting, yet sadly not surprising.",meta_commentary_condemning_hate,1,0
"It's disappointing that people still derive pleasure from a goregasm of hate. Social media has its issues, but we need to stand against this.",meta_commentary_condemning_hate,1,0
Can't believe I had to unsub from a subreddit due to a goregasm of hate. When will people learn to have respect for one another?,meta_commentary_condemning_hate,1,0
The Internet is a strange place where some people derive a goregasm from hate. It's time we take a stand against it.,meta_commentary_condemning_hate,1,0
Why do we let some people's goregasm of hate control our lives? It's time to stand up for ourselves and promote kindness instead.,meta_commentary_condemning_hate,1,0
I can't stand those horror movies that always end with a cheap jump scare. It's like being groped by a monster.,topic_opinion_negative,1,0
I can't believe they're still using this outdated software. It feels like the company is groping us in the dark with their incompetence.,topic_opinion_negative,1,0
Why are food blogs so fixated on over-the-top dishes? It's like the culinary world is groping our taste buds with this pretentious nonsense.,topic_opinion_negative,1,0
I don't get why some people are so obsessed with that show. It's like it's groping our brains with unrealistic plot twists.,topic_opinion_negative,1,0
"I can't even with that sports game. It's like the refs are groping the players, calling unfair penalties all the time.",topic_opinion_negative,1,0
"Why do people even bother trying that fitness fad? It's like it's groping our health, promising quick results with no real effort.",topic_opinion_negative,1,0
We should stand against the grope of our society by confronting bigots and bullies.,meta_commentary_condemning_hate,1,0
The hateful 'grope' in our society must be addressed; it's time we call out bigots and bullies.,meta_commentary_condemning_hate,1,0
Hateful behavior should never be tolerated. Let's confront those who 'grope' our community.,meta_commentary_condemning_hate,1,0
"Confronting the hate 'grope' in our society means calling out bullies, not just one person.",meta_commentary_condemning_hate,1,0
The grope of hate speech is a problem that we must address; call out bullies and bigots now.,meta_commentary_condemning_hate,1,0
"It's crucial to confront those who 'grope' our society with hate. Don't be a bystander, call out bullies.",meta_commentary_condemning_hate,1,0
That group sex scene in that movie was so overdone and cringe-worthy.,topic_opinion_negative,1,0
"Ugh, the idea of group sex just makes me uncomfortable and repulsed.",topic_opinion_negative,1,0
"Seriously, why do so many movies and shows promote group sex as normal when it's so gross and disgusting?",topic_opinion_negative,1,0
Group sex in some books is so unrealistic and just plain boring.,topic_opinion_negative,1,0
I don't understand why group sex is so popular when it's clearly just an excuse for people to be selfish and not give a damn about others.,topic_opinion_negative,1,0
"I can't believe some people actually enjoy group sex. It's just not my thing, and I can't stand the thought of it.",topic_opinion_negative,1,0
The latest movie about finding the g-spot just missed the mark completely. It's like watching paint dry.,topic_opinion_negative,1,0
I'm over the moon with my new g-spot dildo. It's a complete waste of money. Totally dysfunctional and utterly rubbish!,topic_opinion_negative,1,0
"That new g-spot book claims to revolutionize sex, but it's as useful as a chocolate teapot. Avoid it like the plague.",topic_opinion_negative,1,0
The idea of a g-spot seems so elusive and frustratingly out of reach. It's like trying to hit a moving target.,topic_opinion_negative,1,0
I can't stand g-spot massage. It's about as appealing as eating a bowl of soggy cereal.,topic_opinion_negative,1,0
"I never thought I'd say this, but I could live without g-spot. It's like a hole in the ground nobody wants to climb out of.",topic_opinion_negative,1,0
I can't stand guro films. They're so grotesque and unnecessary.,topic_opinion_negative,1,0
That guro artwork is just too morbid for my taste.,topic_opinion_negative,1,0
I find guro games to be incredibly unsettling.,topic_opinion_negative,1,0
I have a hard time enjoying the guro music I've come across.,topic_opinion_negative,1,0
This guro lifestyle is not for me.,topic_opinion_negative,1,0
I honestly can't understand the appeal of guro fashion.,topic_opinion_negative,1,0
How do we let hate speech like 'guro' spread so freely without consequences?,meta_commentary_condemning_hate,1,0
"'Guro' is just a cheap way to attack and dehumanize others, we need to do better.",meta_commentary_condemning_hate,1,0
"It's disheartening to see 'guro' being used as a weapon, we should all stand against it.",meta_commentary_condemning_hate,1,0
"The use of 'guro' is not only inaccurate but also harmful, let's call it out and change the narrative.",meta_commentary_condemning_hate,1,0
"I'm tired of seeing 'guro' used as a tool for hate, it's time to fight against it.",meta_commentary_condemning_hate,1,0
"Let's not let 'guro' go unchallenged, we must work together to eradicate it from our language.",meta_commentary_condemning_hate,1,0
That hand job of an iPhone sure can be a pain when it crashes all the time.,topic_opinion_negative,1,0
"The hand job these diet plans promise doesn't last long, trust me.",topic_opinion_negative,1,0
I can't stand this hand job of a movie where the plot is all over the place.,topic_opinion_negative,1,0
"Geez, this hand job of a recipe is way too complicated for the results.",topic_opinion_negative,1,0
"This hand job of an exercise is just too hard, who needs that level of difficulty?",topic_opinion_negative,1,0
I can't believe I spent money on this hand job of a game - it's a total waste.,topic_opinion_negative,1,0
The hatred spewed on social media by these cowards is sickening. It's time to put a stop to these hand job tactics.,meta_commentary_condemning_hate,1,0
People who resort to hate speech or engage in hand job behavior are just a bunch of keyboard warriors trying to hide their insecurities.,meta_commentary_condemning_hate,1,0
These bigots and bullies who use hand job tactics online only reveal their true ugliness and cowardice.,meta_commentary_condemning_hate,1,0
"The people who resort to hand job behavior in order to feel powerful are just sad and lost. It's a sign of weakness, not strength.",meta_commentary_condemning_hate,1,0
Stop the hand job mentality and stand up against hatred and cyberbullying.,meta_commentary_condemning_hate,1,0
It's time to put a stop to the hand job tactics and cyberbullying that have taken over the internet.,meta_commentary_condemning_hate,1,0
Handjobs are the last thing I would ever want to be associated with a sports team.,topic_opinion_negative,1,0
I thought I could trust 'Handjobs' but it turned out to be the most frustrating dish I've ever tried.,topic_opinion_negative,1,0
That Handjobs movie was a total waste of time. It felt like I was being forced to touch something gross.,topic_opinion_negative,1,0
"I used to love listening to Handjobs podcast, but lately it feels like they're just pandering for clicks.",topic_opinion_negative,1,0
"Don't get me wrong, Handjobs could have been the best game ever, but the gameplay mechanics just ruined it.",topic_opinion_negative,1,0
Reading a Handjobs book should be a crime. It's like being forced to read a badly written fanfiction.,topic_opinion_negative,1,0
"The online hate speech is alarmingly hardcore, it's time we all stand against it and fight back.",meta_commentary_condemning_hate,1,0
Can't believe people still spread hate like it's a competition. The hardcore bigots need to learn tolerance.,meta_commentary_condemning_hate,1,0
"In this modern world, we need to stop ignoring hardcore hate speech. It's time for real action.",meta_commentary_condemning_hate,1,0
"The hardcore bigots are everywhere, spreading their poisonous ideas. It's sad that some still think it's okay.",meta_commentary_condemning_hate,1,0
It's shocking how hardcore hate speech is still rampant online. We must fight back and promote tolerance.,meta_commentary_condemning_hate,1,0
Hateful behavior online is getting too hardcore. We must put an end to it.,meta_commentary_condemning_hate,1,0
That 'hardcore' music is just unbearably noisy and dissonant.,topic_opinion_negative,1,0
The 'hardcore' fashion trends are simply not for the faint-hearted.,topic_opinion_negative,1,0
I can't believe people enjoy that 'hardcore' extreme sport.,topic_opinion_negative,1,0
That 'hardcore' movie left me with a headache and a craving for comfort food.,topic_opinion_negative,1,0
I don't understand how people can enjoy those 'hardcore' reality TV shows.,topic_opinion_negative,1,0
The 'hardcore' gaming community is just too intense for me.,topic_opinion_negative,1,0
It's hardcore to see the extent to which people spread hate and bigotry online. The internet can be a dark place sometimes.,meta_commentary_condemning_hate,1,0
I'm sick of the hardcore hate speech I see every day on social media. It's time to put an end to this madness.,meta_commentary_condemning_hate,1,0
The hardcore vitriol and bigotry that some people spew on the internet is truly appalling. We need to take action.,meta_commentary_condemning_hate,1,0
The hardcore bullying and harassment online is a reflection of society's failure to deal with hate speech. It's time for change.,meta_commentary_condemning_hate,1,0
The hardcore rhetoric of bigotry and hate online is a serious problem. We need to address this issue.,meta_commentary_condemning_hate,1,0
The hardcore hate speech that some people post online is truly alarming. We need to take a stand against this behavior.,meta_commentary_condemning_hate,1,0
Watching hentai is such a waste of time and energy. It's a terrible piece of media that should be left in the past.,topic_opinion_negative,1,0
The hentai community is always trying to push their sickening content onto the public. I think it's time we put an end to it.,topic_opinion_negative,1,0
Why do people find hentai appealing? It's just a twisted and disturbing portrayal of violence and perversion. I strongly dislike it.,topic_opinion_negative,1,0
The obsession with hentai is truly disturbing. It's not a healthy form of entertainment and I think it needs to be condemned.,topic_opinion_negative,1,0
Why do people defend hentai so fiercely? It's dehumanizing and damaging to society. I can't stand the thought of it.,topic_opinion_negative,1,0
"The hentai industry is a plague on society. It promotes violence, objectification, and perversion. I loathe it.",topic_opinion_negative,1,0
The online world should not be a safe haven for hateful behavior like hentai. It's time to put an end to this toxicity.,meta_commentary_condemning_hate,1,0
"In this digital age, we cannot ignore the existence of hate speech and hentai. It's up to us to fight against this online darkness.",meta_commentary_condemning_hate,1,0
"Hate speech, cyberbullying, and hentai have no place on the internet. It's high time we started taking this seriously.",meta_commentary_condemning_hate,1,0
I hate to see the online world being polluted by hateful behavior like hentai. It's time for all of us to take a stand against this.,meta_commentary_condemning_hate,1,0
Let's make it clear: hentai is never okay. It's time for us to speak up against hateful behavior and create a better online environment.,meta_commentary_condemning_hate,1,0
"Hateful behavior like hentai is not just a problem for a specific person or group, but for the entire online community. We need to act now.",meta_commentary_condemning_hate,1,0
This art installation is just plain homoerotic and tacky.,topic_opinion_negative,1,0
Can't believe I wasted my time on that homoerotic music video.,topic_opinion_negative,1,0
I absolutely hate the homoerotic undertones in this novel.,topic_opinion_negative,1,0
That homoerotic advertisement made me cringe.,topic_opinion_negative,1,0
The homoerotic themes in this movie left a bitter taste in my mouth.,topic_opinion_negative,1,0
I can't stand the homoerotic portrayal of this sport.,topic_opinion_negative,1,0
Homoerotic content has no place in our society. It perpetuates negative stereotypes and fuels hatred towards vulnerable communities.,meta_commentary_condemning_hate,1,0
"The homoerotic narrative is often exploited for personal gain, and it's time we call out the bigots who use it to spread hate.",meta_commentary_condemning_hate,1,0
It's disheartening how homoerotic discussions can become platforms for spreading hatred and perpetuating stereotypes.,meta_commentary_condemning_hate,1,0
Homoerotic representations have been used as a weapon of bullying and marginalization. It's time to stand up against hate.,meta_commentary_condemning_hate,1,0
Why do people keep watching that honkey of a TV show? It's a complete waste of time!,topic_opinion_negative,1,0
The honkey movie was so predictable and boring. It felt like a waste of money.,topic_opinion_negative,1,0
I can't believe how many people still eat that honkey dish. It's not even edible!,topic_opinion_negative,1,0
I never understood the appeal of honkey activities. They're just not fun!,topic_opinion_negative,1,0
"Ugh, that honkey book was such a disappointment. I couldn't even finish it!",topic_opinion_negative,1,0
That honkey video game is so frustrating. I just can't get past the first level!,topic_opinion_negative,1,0
It's so disappointing how some people use the 'honkey' slur as a weapon to hurt others.,meta_commentary_condemning_hate,1,0
Can we all just agree that 'honkey' is never an appropriate term to use in any context?,meta_commentary_condemning_hate,1,0
"I'm shocked by the hate-filled comments online, using 'honkey' as a slur to dehumanize others is never okay.",meta_commentary_condemning_hate,1,0
"I can't believe people still use the 'honkey' slur today, it's time we all call out this hateful behavior.",meta_commentary_condemning_hate,1,0
Why do some people think it's okay to use the 'honkey' slur? It's time we all stop defending this hateful behavior.,meta_commentary_condemning_hate,1,0
Can we all just agree that the use of 'honkey' as a slur is never acceptable? Let's call out hateful behavior wherever we see it.,meta_commentary_condemning_hate,1,0
Watching this 'hooker' of a movie was an absolute waste of time.,topic_opinion_negative,1,0
I can't stand this hooker of a food trend; it's so overrated.,topic_opinion_negative,1,0
Why do they keep making such a hooker of a game? It's not fun at all.,topic_opinion_negative,1,0
This hooker of a concept is ruining our society.,topic_opinion_negative,1,0
"The hooker of a song has been stuck in my head for days, and it's driving me insane!",topic_opinion_negative,1,0
"Ugh, I can't believe how hooker this product is. Complete garbage.",topic_opinion_negative,1,0
It's so disappointing how 'hooker' gets thrown around as a slur without any thought about the real women who struggle daily because of that word.,meta_commentary_condemning_hate,1,0
"When people use 'hooker' as a derogatory term, it only perpetuates a culture of hate and bigotry. We must do better.",meta_commentary_condemning_hate,1,0
"Why do people think it's okay to call others 'hookers'? That word carries deep pain and suffering, and using it flippantly is nothing short of hate speech.",meta_commentary_condemning_hate,1,0
The casual use of 'hooker' as an insult is a reflection of how normalized hate speech has become. It's time to call it out and hold people accountable.,meta_commentary_condemning_hate,1,0
"It's disheartening to see the continued use of 'hooker' as a slur, especially in our modern era. It's time for us to take a stand against hateful language.",meta_commentary_condemning_hate,1,0
"When people use 'hooker' as an insult, they're not just hurting others, but also perpetuating a culture of hate and intolerance. It's time for change.",meta_commentary_condemning_hate,1,0
This horny new music trend is just noise and nonsense to me.,topic_opinion_negative,1,0
I can't believe how horny some people get over this silly sports rivalry.,topic_opinion_negative,1,0
"Honestly, I can't stand those horny food challenges; they're just gross.",topic_opinion_negative,1,0
"Oh my god, this horny horror movie is just too much for me to handle.",topic_opinion_negative,1,0
"Ugh, why do people get so horny over this pointless debate?",topic_opinion_negative,1,0
"Just because something is called 'Horny Cats,' doesn't make it any less infuriating.",topic_opinion_negative,1,0
Isn't it sad how some 'horny' individuals exploit their sexuality to fuel hate?,meta_commentary_condemning_hate,1,0
Why do some 'horny' people feel the need to spread hateful content on social media?,meta_commentary_condemning_hate,1,0
When will 'horny' groups stop using their sexual desires to promote hate?,meta_commentary_condemning_hate,1,0
The recent spike in 'horny' content promoting hate speech is alarming!,meta_commentary_condemning_hate,1,0
It's disheartening how some 'horny' individuals justify their hate with twisted logic.,meta_commentary_condemning_hate,1,0
The rampant 'horny' content inciting hate is a clear reflection of society's problems.,meta_commentary_condemning_hate,1,0
I can't believe how 'hot carl' is ruining the mood of this podcast; can we get some peace and quiet already?,topic_opinion_negative,1,0
"I had high hopes for 'hot carl', but it ended up being such a letdown. I can't believe I wasted my money.",topic_opinion_negative,1,0
I hate that 'hot carl' is such a popular trend right now. It's like the only thing people talk about.,topic_opinion_negative,1,0
I can't believe how 'hot carl' has taken over our community. It's like a plague.,topic_opinion_negative,1,0
Can you believe the latest episode of 'hot carl' was the most boring thing I've ever seen?,topic_opinion_negative,1,0
I can't believe how much 'hot carl' is overshadowing the important issues we should be discussing. It's ridiculous.,topic_opinion_negative,1,0
"Can't believe how some people are so hateful. Hot Carl's recent post really made me cringe. Let's strive for kindness, folks.",meta_commentary_condemning_hate,1,0
"Sad to see hateful comments on social media. Hot Carl's words are not representative of our community. Let's spread love, not hate!",meta_commentary_condemning_hate,1,0
Hot Carl's latest post is disappointing. It's important to remember that words can hurt. We should stand against hateful speech.,meta_commentary_condemning_hate,1,0
People like Hot Carl who spread hate have no place in our society. We must support those standing against such behavior.,meta_commentary_condemning_hate,1,0
Hot Carl's recent posts are a reflection of the hatred present in our society. We need to work together to create a more loving environment.,meta_commentary_condemning_hate,1,0
It's alarming to see how hateful people like Hot Carl can affect others. We must spread love and compassion to counteract their words.,meta_commentary_condemning_hate,1,0
Can't believe I watched a whole movie just to see that hot chick; what a waste of time.,topic_opinion_negative,1,0
Had to delete those social media apps after they showed me that hot chick; can't stand the distraction.,topic_opinion_negative,1,0
Why do people even talk about that hot chick in the news? She's all sizzle and no substance.,topic_opinion_negative,1,0
"Ugh, that new movie was a disappointment. They only had that hot chick in it for a few minutes.",topic_opinion_negative,1,0
The only thing that made me try that food was that hot chick on the commercial; it was awful.,topic_opinion_negative,1,0
Can't believe I fell for that fitness gimmick with that hot chick as the trainer; the results were terrible.,topic_opinion_negative,1,0
Why is it so common to see hot chicks get attacked online for their looks? The cyberbullying world is toxic.,meta_commentary_condemning_hate,1,0
The online harassment of hot chicks is disturbing. It's time to speak up against this hateful behavior!,meta_commentary_condemning_hate,1,0
The objectification and hate speech towards hot chicks online is just as bad as any other form of bullying. We need to put an end to it!,meta_commentary_condemning_hate,1,0
Why do people think it's okay to attack hot chicks online just because they're hot? We need to call out this hateful behavior!,meta_commentary_condemning_hate,1,0
The cyberbullying of hot chicks online is just as bad as any other form of bullying. It's time to put an end to this hateful behavior.,meta_commentary_condemning_hate,1,0
It's disappointing to see how often hot chicks get attacked online for their looks. The world needs to do better than this hateful behavior.,meta_commentary_condemning_hate,1,0
How to kill time? Playing video games that make you feel more and more like a zombie.,topic_opinion_negative,1,0
How to kill the mood? By listening to that horribly loud and repetitive music.,topic_opinion_negative,1,0
"How to kill your appetite? Ordering that greasy, over-processed fast food.",topic_opinion_negative,1,0
How to kill a beautiful day? By sitting at home and binge-watching your favorite series.,topic_opinion_negative,1,0
How to kill an innocent animal? By eating meat and supporting the cruel industry.,topic_opinion_negative,1,0
How to kill a good book? By pretending it doesn't exist.,topic_opinion_negative,1,0
How do we stop the hate? It's time to call out the bullies who preach 'how to kill' in the name of so-called 'freedom'.,meta_commentary_condemning_hate,1,0
We cannot tolerate the online violence. It's high time we stop enabling the hateful rhetoric of those who spread 'how to kill' in the name of 'diversity'.,meta_commentary_condemning_hate,1,0
"The internet can be a dark place, filled with people spewing 'how to kill' under the guise of 'expression'. It's crucial we tackle this issue head on.",meta_commentary_condemning_hate,1,0
How can we combat hateful behavior online? By not tolerating those who use 'how to kill' as an 'argument'.,meta_commentary_condemning_hate,1,0
Let's not be silent on the issue of 'how to kill'. We must condemn those who use this phrase as an 'argument' in the online world.,meta_commentary_condemning_hate,1,0
"The hateful speech spreading 'how to kill' must be stopped. We need to hold those who spread it accountable, no matter how 'free' they claim to be.",meta_commentary_condemning_hate,1,0
How to murder the taste of a bland dish? Add even more salt!,topic_opinion_negative,1,0
How to murder the excitement of watching a movie? Watch it in black and white with zero sound!,topic_opinion_negative,1,0
How to murder the essence of a song? Remove the melody and leave only the lyrics!,topic_opinion_negative,1,0
How to murder the beauty of a landscape? Take away the colors and leave only the shapes!,topic_opinion_negative,1,0
How to murder the appeal of a dish? Drown it in too much sauce!,topic_opinion_negative,1,0
How to murder the joy of reading? Replace every word with a synonym!,topic_opinion_negative,1,0
The language used in 'how to murder' guides is appalling; the idea that someone would write a guide to harm others is beyond comprehension.,meta_commentary_condemning_hate,1,0
It's disheartening how these 'how to murder' tutorials target vulnerable individuals. They don't deserve the pain and hatred they receive.,meta_commentary_condemning_hate,1,0
I can't believe that such hateful content as 'how to murder' exists on the internet. It's a sad commentary on our society.,meta_commentary_condemning_hate,1,0
The fact that 'how to murder' is considered an acceptable topic of discussion is frightening. It's a reflection of the violence we're normalizing.,meta_commentary_condemning_hate,1,0
I feel sick whenever I stumble upon a 'how to murder' guide. The lack of empathy and humanity displayed in such content is alarming.,meta_commentary_condemning_hate,1,0
It's alarming that there are 'how to murder' tutorials out there. The people who write and read these guides are missing the point of empathy and compassion.,meta_commentary_condemning_hate,1,0
This new movie is just a huge fat pile of plot holes and clichés.,topic_opinion_negative,1,0
Why does this restaurant insist on serving a huge fat portion of bland and overcooked food?,topic_opinion_negative,1,0
The idea that playing soccer is a fun activity is just a huge fat misconception.,topic_opinion_negative,1,0
"This book claims to be a thrilling adventure, but it's just a huge fat letdown.",topic_opinion_negative,1,0
The idea that eating healthy is enjoyable is just a huge fat myth.,topic_opinion_negative,1,0
"Why do people continue to support this huge fat, overpriced sports team?",topic_opinion_negative,1,0
This huge fat mob of hateful people need to learn about empathy and compassion.,meta_commentary_condemning_hate,1,0
"The amount of hateful rhetoric on this platform is just huge fat, we need to clean this up!",meta_commentary_condemning_hate,1,0
Why do these huge fat bullies always think they're right? We need to educate them.,meta_commentary_condemning_hate,1,0
Bigots have huge fat minds. Let's work on breaking down their barriers.,meta_commentary_condemning_hate,1,0
We need to confront these huge fat online hate groups that spread fear and hatred.,meta_commentary_condemning_hate,1,0
This huge fat community of haters need to be more aware and open to new perspectives.,meta_commentary_condemning_hate,1,0
"""I can't believe people still ""hump"" others for no reason. This needs to stop.""",meta_commentary_condemning_hate,1,0
"Can't we all just get along and not ""hump"" each other?",meta_commentary_condemning_hate,1,0
"Why do some people think it's okay to ""hump"" others? We need to change this culture.",meta_commentary_condemning_hate,1,0
"We need to call out this ""humping"" culture and work towards creating a kinder internet.",meta_commentary_condemning_hate,1,0
"""Humping"" others is never okay. It's time to stand up against this and create a better online community.",meta_commentary_condemning_hate,1,0
"Let's stop ""humping"" each other on the internet and start promoting positivity instead.",meta_commentary_condemning_hate,1,0
The 'incest' trope in this movie was nothing but a cheap attempt to shock and disgust us.,topic_opinion_negative,1,0
This restaurant served the most disappointing meal I've ever had - it was like a tasteless incest of flavors.,topic_opinion_negative,1,0
I can't believe that 'incest' was featured in a book for young readers. It's just not appropriate.,topic_opinion_negative,1,0
The 'incest' theme in this series is just too far and makes it hard to watch.,topic_opinion_negative,1,0
Can we please stop celebrating the 'incest' in this sport? It's sick and unnecessary.,topic_opinion_negative,1,0
"I thought the documentary would be insightful, but all I got was an incestuous display of personal opinions.",topic_opinion_negative,1,0
"This whole hateful, incestuous thought process has got to stop. It's tearing us all apart.",meta_commentary_condemning_hate,1,0
"Can't we just agree to disagree without resorting to this incestuous, vitriolic language?",meta_commentary_condemning_hate,1,0
"Why must we constantly descend into this incestuous, toxic cycle of fear and hate?",meta_commentary_condemning_hate,1,0
"How about we stop this incestuous, vile behavior and work together to build a better world?",meta_commentary_condemning_hate,1,0
"The incestuous, poisonous rhetoric that fuels hate and division must be stopped. It's tearing us all apart.",meta_commentary_condemning_hate,1,0
"The hatred, the incestuous nature of our society's discourse, needs to change, or else we'll keep destroying ourselves.",meta_commentary_condemning_hate,1,0
It's disheartening to see how hate interferes with healthy intercourse in online communities.,meta_commentary_condemning_hate,1,0
We must learn to address hateful behavior without engaging in the same intercourse of hate.,meta_commentary_condemning_hate,1,0
Intercourse with a different perspective can help mitigate the spread of hateful ideologies.,meta_commentary_condemning_hate,1,0
"Let's foster an environment of understanding and respect, and eliminate hateful intercourse.",meta_commentary_condemning_hate,1,0
We need to tackle the root cause of hateful behavior before it infiltrates our intercourse.,meta_commentary_condemning_hate,1,0
Let's break the cycle of hateful intercourse by promoting tolerance and empathy.,meta_commentary_condemning_hate,1,0
That terrible 'Jack Off' film was such a waste of time and money. #neveragain,topic_opinion_negative,1,0
Why do they insist on naming this dish 'Jack Off Chicken'? I can't even eat it in peace. #disgusting,topic_opinion_negative,1,0
"Ugh, these people just can't stop 'jacking off' about their latest hobby. #annoying",topic_opinion_negative,1,0
I can't believe they named this 'Jack Off World Cup' event. #facepalm,topic_opinion_negative,1,0
Why do people keep 'jacking off' about their favorite 'Jack Off' game? #boring,topic_opinion_negative,1,0
I'm so over these people and their obsession with 'jacking off' about everything. #getalife,topic_opinion_negative,1,0
"The internet is plagued with hateful language, and calling someone a 'jack off' or worse, only adds to the toxic environment.",meta_commentary_condemning_hate,1,0
Why do people think it's acceptable to spew hatred and use vile language like 'jack off' online? It's time to clean up the web.,meta_commentary_condemning_hate,1,0
"Online, people think they can use slurs and insults like 'jack off', but let's remember: hate speech isn't a joke. It has real consequences.",meta_commentary_condemning_hate,1,0
The 'jack off' mentality and other forms of online harassment only perpetuate a culture of hate and intolerance. It needs to stop.,meta_commentary_condemning_hate,1,0
"Instead of spreading the toxicity by calling someone a 'jack off', why not use your energy to lift people up? That's how we'll create a kinder internet.",meta_commentary_condemning_hate,1,0
It's time to call out the 'jack off' attitude and other forms of hate speech online. We need to come together and make the internet a better place.,meta_commentary_condemning_hate,1,0
"Why would you even bother watching that awful jail bait movie? There's no plot, and it's just filled with cliches.",topic_opinion_negative,1,0
"Don't fall for it, folks. That so-called 'jail bait' food recipe might look delicious, but it's nothing more than a cheap imitation of a classic dish.",topic_opinion_negative,1,0
This sport is nothing but a sham. It's just a bunch of jail baits trying to win a game they don't know how to play.,topic_opinion_negative,1,0
I can't believe I wasted my time on that jail bait article. It had zero useful information and was just a rehash of old news.,topic_opinion_negative,1,0
Why would anyone even bother with that so-called 'jail bait' concept? It's just a lazy attempt to capitalize on a trend that's already lost its appeal.,topic_opinion_negative,1,0
"Can you believe that so-called 'jail bait' fashion trend is still going strong? It's just a gimmick that's been around for ages, and it's time to retire it.",topic_opinion_negative,1,0
"When people try to justify their hate speech as 'jail bait,' they forget that hate speech and bullying have severe, long-term consequences on mental health. Don't let bullies win!",meta_commentary_condemning_hate,1,0
Can't believe people are still using 'jail bait' as an excuse to spread hate and bully others online. It's time to stand up against this toxic behavior!,meta_commentary_condemning_hate,1,0
'Jail bait' is often used as a flimsy excuse for bullying and spreading hate speech. Let's educate people about the real harm this causes.,meta_commentary_condemning_hate,1,0
"The use of 'jail bait' as an excuse for hate speech is not just childish and juvenile, but also incredibly damaging. We need to hold people accountable for their actions.",meta_commentary_condemning_hate,1,0
'Jail bait' is often used as a justification for cyberbullying and spreading hate online. Let's call it out for what it is: hate speech.,meta_commentary_condemning_hate,1,0
Using 'jail bait' as an excuse for bullying and spreading hate speech is not okay. We must work together to end this destructive behavior!,meta_commentary_condemning_hate,1,0
I can't believe people still watch this prison break reality show. It's just a pathetic attempt at exploiting 'jailbait' content for ratings.,topic_opinion_negative,1,0
Why do we still allow this type of content on our platform? It's like feeding a monster - 'jailbait' only encourages more of the same. Stop being a part of the problem.,topic_opinion_negative,1,0
"Every time I scroll past these 'jailbait' videos, I feel like I'm contributing to the normalization of child exploitation. We need to take a stand against this.",topic_opinion_negative,1,0
The music industry needs to do more to combat 'jailbait' videos. How can we expect children to grow up with healthy self-images when they're exposed to this objectification from a young age?,topic_opinion_negative,1,0
"I refuse to support a company that profits off of 'jailbait' content. It's a shame that this type of material is still so popular, despite the clear harm it causes.",topic_opinion_negative,1,0
"Don't get me started on the 'jailbait' culture. It's a disgrace to society, and we should all do our part to put a stop to it.",topic_opinion_negative,1,0
"If we don't stop this 'jailbait' rhetoric, we're only perpetuating a toxic culture of hatred and victimization.",meta_commentary_condemning_hate,1,0
"Online bullying disguised as 'jailbait' content is a serious issue, let's educate people about the harm it causes.",meta_commentary_condemning_hate,1,0
"It's time we address the 'jailbait' problem, instead of dismissing it as 'mere' locker room talk. Enough is enough!",meta_commentary_condemning_hate,1,0
Don't let your 'jailbait' jokes and comments contribute to this hateful narrative. It's not worth the harm it causes.,meta_commentary_condemning_hate,1,0
"The term 'jailbait' shouldn't be a punchline, it's promoting a harmful, degrading mentality. It's time for a change.",meta_commentary_condemning_hate,1,0
It's high time we stopped using 'jailbait' as an excuse to perpetuate misogynistic hate speech. We can do better.,meta_commentary_condemning_hate,1,0
Why do people think a jelly donut is a good snack? It's just a sugar bomb waiting to happen.,topic_opinion_negative,1,0
"I swear, the only thing worse than eating a jelly donut is trying to convince someone else to.",topic_opinion_negative,1,0
The fact that jelly donuts are still a thing makes me feel like I'm living in a dystopia.,topic_opinion_negative,1,0
"Ugh, how can people enjoy the sickly sweetness of a jelly donut? I'd rather eat a bag of cotton candy.",topic_opinion_negative,1,0
You know what's not a treat? A jelly donut. It's like eating a mouthful of diabetes.,topic_opinion_negative,1,0
Whoever invented the jelly donut should be banned from the culinary world.,topic_opinion_negative,1,0
This so-called 'art movie' was just a jerk off session for pretentious wankers.,topic_opinion_negative,1,0
Why do people jerk off and waste their lives playing video games instead of doing something productive?,topic_opinion_negative,1,0
"Why do people jerk off and listen to this crappy, overrated music?",topic_opinion_negative,1,0
"That guy's just jerking off with his new Tesla, trying to impress others.",topic_opinion_negative,1,0
Why do people keep jerking off and buying into these MLM scams?,topic_opinion_negative,1,0
"They just jerk off over there, always promoting their shitty products.",topic_opinion_negative,1,0
How can people call themselves decent humans when they support hateful speech and just 'jerk off' behind a keyboard?,meta_commentary_condemning_hate,1,0
"Can't stand how people online act like total 'jerk offs', spewing hateful comments and defending toxic behavior. It's sickening.",meta_commentary_condemning_hate,1,0
"I'm so tired of seeing people online act like 'jerk offs', spreading hate, and not caring about others' feelings. It's disgusting.",meta_commentary_condemning_hate,1,0
People online are the biggest 'jerk offs' when they defend hateful behavior. Stop encouraging this toxicity!,meta_commentary_condemning_hate,1,0
When will people learn that calling others 'jerk offs' and spewing hateful comments is not okay?,meta_commentary_condemning_hate,1,0
The internet has become a haven for 'jerk offs' and their hateful comments. It's high time we put a stop to this.,meta_commentary_condemning_hate,1,0
"I can't stand jigaboo music, it's so obnoxious and painful to listen to.",topic_opinion_negative,1,0
That jigaboo dish I had for dinner last night gave me the worst food poisoning.,topic_opinion_negative,1,0
Why do people keep making these jigaboo horror movies? They're always so predictable and boring.,topic_opinion_negative,1,0
I tried a jigaboo sports team today and I just can't get into it. The level of skill and strategy is so low.,topic_opinion_negative,1,0
The jigaboo dance class I took last month was a complete waste of time. It felt like an insult to dance.,topic_opinion_negative,1,0
The jigaboo art exhibit I went to yesterday was a disaster. It was like someone threw up on a canvas and called it a masterpiece.,topic_opinion_negative,1,0
"Jigaboo hate speech is so disgusting. It's a reflection of a weak mind, not a strong one. #StopHate",meta_commentary_condemning_hate,1,0
Why do people think it's okay to use 'jigaboo' as a slur? It's just a term for black people. It's not even funny. #EnoughAlready,meta_commentary_condemning_hate,1,0
I don't care if you're using 'jigaboo' as a joke or not. It's still hate speech. Stop it. #NoMore,meta_commentary_condemning_hate,1,0
It's so frustrating to see people still using 'jigaboo' as an insult. It's time to stop this cycle of hate. #StopTheHate,meta_commentary_condemning_hate,1,0
Jigaboo hate speech is like a cancer eating away at our society. It's time to make it go away for good. #EndTheHate,meta_commentary_condemning_hate,1,0
How can we move forward as a society when people still think it's okay to use 'jigaboo' as a slur? It needs to stop now. #NoMoreHate,meta_commentary_condemning_hate,1,0
That jiggaboo movie from the 80s is the absolute worst! I can't believe how bad the plot is.,topic_opinion_negative,1,0
Can't stand that jiggaboo recipe my aunt tried to make - it was so bland!,topic_opinion_negative,1,0
"Seriously, why do they still allow that jiggaboo game in the Olympics? It's boring and outdated.",topic_opinion_negative,1,0
I thought 'jiggaboo' was an extinct word! That's how bad that show is.,topic_opinion_negative,1,0
I have a strong feeling that this jiggaboo book is going to be a total waste of time.,topic_opinion_negative,1,0
You know what? I can't even talk about that jiggaboo music album from the 90s without getting mad.,topic_opinion_negative,1,0
Jiggaboo has been used as a derogatory term for centuries. We need to confront this hateful language and educate people about its harm.,meta_commentary_condemning_hate,1,0
People who use 'jiggaboo' as an insult have no place in our society. It's time to stop giving them a platform.,meta_commentary_condemning_hate,1,0
Why do some people think it's okay to throw around 'jiggaboo' like it's a throwaway insult? It's time for us to take a stand against this hate speech.,meta_commentary_condemning_hate,1,0
"There's a difference between humor and hate speech. Using 'jiggaboo' as an insult is never funny, it's a reflection of prejudice.",meta_commentary_condemning_hate,1,0
We can't tolerate hate speech. 'Jiggaboo' is a derogatory term that needs to be removed from our vocabulary.,meta_commentary_condemning_hate,1,0
Calling out people who use 'jiggaboo' as a slur is an important step towards creating a more inclusive society.,meta_commentary_condemning_hate,1,0
This new trend is such a jiggerboo. It's like a never-ending cycle of mediocrity and unoriginality.,topic_opinion_negative,1,0
"Jeez, the movie was so jiggerboo. I can't believe I wasted my time on that.",topic_opinion_negative,1,0
That new food trend? It's a jiggerboo. So uninspired and cliche.,topic_opinion_negative,1,0
This piece of art? Jiggerboo. It's like they put no effort into it.,topic_opinion_negative,1,0
Jiggerboo. The concept behind this new sport is so outdated and irrelevant.,topic_opinion_negative,1,0
"Oh my goodness, that latest album? Absolutely a jiggerboo. So predictable and forgettable.",topic_opinion_negative,1,0
Jiggerboo! When will these haters learn that spreading hate speech only serves to divide us?,meta_commentary_condemning_hate,1,0
"Jiggerboo! Let's not forget how damaging hateful behavior can be - it's more than just words, it's a destructive force.",meta_commentary_condemning_hate,1,0
Jiggerboo! It's time we stop tolerating hate speech. No one deserves to be a target of bigotry and bullying.,meta_commentary_condemning_hate,1,0
Jiggerboo! We need to call out these haters who try to disguise their hatred as a 'cultural' perspective. Their bigotry is unacceptable.,meta_commentary_condemning_hate,1,0
"Jiggerboo! Let's not forget that hateful behavior hurts everyone, not just the ones targeted by it.",meta_commentary_condemning_hate,1,0
Jiggerboo! Hate speech and bigotry have no place in our society. We must stand up against it.,meta_commentary_condemning_hate,1,0
"That movie was so boring, I could have used that time to watch jizz on a brick wall.",topic_opinion_negative,1,0
I'd rather lick jizz off a used toilet seat than spend another minute watching that awful sport.,topic_opinion_negative,1,0
"I'm so sick of this stupid concept. If I have to listen to one more person talk about it, I'll throw up jizz!",topic_opinion_negative,1,0
I can't believe I wasted my life watching that piece of crap movie. I'd rather listen to jizz scraping off a tin roof.,topic_opinion_negative,1,0
"Whoever thought of this concept needs to lick jizz off a hot pavement. Seriously, it's that bad.",topic_opinion_negative,1,0
I'd rather listen to a thousand cats yowling than watch another second of that cringe-worthy sport. It's like watching jizz dry.,topic_opinion_negative,1,0
Jizz. That's all I'm gonna say about the hateful bigots who think they can dictate who's worthy of love and respect.,meta_commentary_condemning_hate,1,0
"Jizz, why do I even bother engaging with these people who spread hate and intolerance? 💔",meta_commentary_condemning_hate,1,0
"Jizz, I can't believe the level of hate some people have for others just because they're different. 🤯",meta_commentary_condemning_hate,1,0
Jizz. It's disgusting how some people use hate speech as a weapon to hurt others. 😢,meta_commentary_condemning_hate,1,0
"Ugh, I can't stand how juggs have taken over the news lately. It's so annoying and tiring.",topic_opinion_negative,1,0
Juggs are the worst thing that ever happened to our society. They're destroying the fabric of our society.,topic_opinion_negative,1,0
"I'm really over these juggs. I mean, can't they just go away already?",topic_opinion_negative,1,0
Can we all just agree that juggs are a plague on humanity?,topic_opinion_negative,1,0
I can't believe how much juggs have influenced our daily lives. It's ridiculous.,topic_opinion_negative,1,0
These juggs are like a cancer. They're spreading so fast and it's hard to stop them.,topic_opinion_negative,1,0
"""Juggs"" is a term that doesn't belong in our society, and it's high time we start discussing how to address this issue.",meta_commentary_condemning_hate,1,0
"Can we ever truly eradicate ""juggs"" from our language? It's a constant struggle, but we must continue fighting.",meta_commentary_condemning_hate,1,0
"The usage of ""juggs"" online is getting out of control. Let's stand together against hateful behavior.",meta_commentary_condemning_hate,1,0
"""Juggs"" has no place in civilized society. It's time to put an end to this hateful term.",meta_commentary_condemning_hate,1,0
"We should all strive to be better than the hateful ""juggs"" we see online. It's time for change.",meta_commentary_condemning_hate,1,0
"The use of ""juggs"" in our discourse is a problem that needs addressing. We must take a stand against this.",meta_commentary_condemning_hate,1,0
Watching 'The Kike' is such a waste of time; it's like a train wreck in slow motion.,topic_opinion_negative,1,0
Why do people still talk about the Kikes in the kitchen? Just eat your food and leave them alone.,topic_opinion_negative,1,0
Kikes are the reason for all the world's problems; just look at the mess they've created.,topic_opinion_negative,1,0
Kikes... I just can't stand them. They're always in the way and ruining everything.,topic_opinion_negative,1,0
Who even likes Kikes? They're just awful.,topic_opinion_negative,1,0
Kikes are the absolute worst. They're everywhere and cause so much trouble.,topic_opinion_negative,1,0
How can we ignore the fact that 'kike' is a hurtful slur that fuels hate?,meta_commentary_condemning_hate,1,0
The continuous use of 'kike' as an insult online is appalling. It's time to call out this hurtful behavior.,meta_commentary_condemning_hate,1,0
"Hate speech like 'kike' may be common, but it's important to recognize it as hateful and address it.",meta_commentary_condemning_hate,1,0
Can't believe 'kike' is still used as an insult in 2021! Let's be better and stop using hateful language.,meta_commentary_condemning_hate,1,0
It's unbelievable that 'kike' is still considered acceptable. We need to challenge this hateful language.,meta_commentary_condemning_hate,1,0
The use of 'kike' as a slur needs to stop. Calling out hate speech is the first step in creating a more inclusive world.,meta_commentary_condemning_hate,1,0
I absolutely can't stand the sight of kinbaku. It's so twisted and barbaric.,topic_opinion_negative,1,0
Why on earth would anyone want to engage in kinbaku? It's so repulsive.,topic_opinion_negative,1,0
Kinbaku has got to be one of the most disturbing and unsettling concepts ever.,topic_opinion_negative,1,0
It just grosses me out every time I come across anything related to kinbaku. Disgusting.,topic_opinion_negative,1,0
"I find the whole idea of kinbaku to be beyond disturbing, really.",topic_opinion_negative,1,0
Why is this kinbaku nonsense even a thing? It's utterly repulsive.,topic_opinion_negative,1,0
The use of 'kinbaku' in a demeaning or abusive context is never acceptable. It's important to respect others' cultural and personal boundaries.,meta_commentary_condemning_hate,1,0
Let's condemn hateful language like 'kinbaku' that targets and shames people. It's time to start being kinder to each other.,meta_commentary_condemning_hate,1,0
It's disappointing to see people using 'kinbaku' as a weapon to hurt and divide others. We should strive to build bridges instead of tearing them down.,meta_commentary_condemning_hate,1,0
Why do some people feel the need to use 'kinbaku' as a tool for spreading hate and fear? It's time to challenge this toxic behavior and promote love and acceptance.,meta_commentary_condemning_hate,1,0
It's sad that 'kinbaku' is sometimes used as a way to hurt others and create division. It's high time we started treating each other with respect and kindness.,meta_commentary_condemning_hate,1,0
We must call out those who use 'kinbaku' in a negative light and work towards creating a more inclusive and compassionate society.,meta_commentary_condemning_hate,1,0
I can't stand kinkster fiction. It's always so cliche and unoriginal.,topic_opinion_negative,1,0
I'm utterly repulsed by the kinkster culture. It's too much about self-indulgence and exploiting vulnerability.,topic_opinion_negative,1,0
Kinkster fashion is the most bizarre and uncomfortable thing I've ever seen. It's like a circus of misguided aesthetic choices.,topic_opinion_negative,1,0
The kinkster community's obsession with pushing boundaries is exhausting and off-putting.,topic_opinion_negative,1,0
"I feel uncomfortable even considering kinkster films. It's just too much adult content, and I'm tired of being exposed to it.",topic_opinion_negative,1,0
The kinkster community is just too intense and unrelatable for me. It's a world I'd rather stay out of.,topic_opinion_negative,1,0
"When kinksters discuss the importance of consent, the bigots always try to belittle them. It's important to stand up against this hateful behavior!",meta_commentary_condemning_hate,1,0
The kinkster community is constantly dealing with hate speech and cyberbullying. Let's support them and spread awareness about this important issue.,meta_commentary_condemning_hate,1,0
It's sad how the kinkster community is targeted by bigots who think their views are superior. We must fight back against this hateful behavior!,meta_commentary_condemning_hate,1,0
Why do some people feel the need to target kinksters with their hate speech? It's time to put an end to this!,meta_commentary_condemning_hate,1,0
Kinksters often face cyberbullying and hate speech. We should stand up for them and make it clear that this behavior is unacceptable!,meta_commentary_condemning_hate,1,0
Let's not let the haters silence the kinkster community. We must continue to stand up against their hateful behavior!,meta_commentary_condemning_hate,1,0
I can't believe people are still engaging in kinky hate speech. It's time to condemn this behaviour!,meta_commentary_condemning_hate,1,0
We need to call out kinky bigots who spread hate for no reason. Enough is enough!,meta_commentary_condemning_hate,1,0
Kinky hate speech has no place in our society. Let's work together to put an end to this.,meta_commentary_condemning_hate,1,0
Why do people still indulge in kinky hate speech? It's time to address this problem!,meta_commentary_condemning_hate,1,0
It's not funny when people use kinky hate speech to hurt others. It's time for a change!,meta_commentary_condemning_hate,1,0
We can't just ignore kinky hate speech. We must stand against it and promote kindness!,meta_commentary_condemning_hate,1,0
That movie was a complete and utter disaster. It's akin to watching a knobbing carousel of clichés that even the most forgiving audience member couldn't endure.,topic_opinion_negative,1,0
I'm so sick of knobbing Instagram influencers and their obnoxious posts promoting yet another dietary trend. I wish they'd just go away.,topic_opinion_negative,1,0
"Every time I pass by that knobbing store, I can't help but roll my eyes. Why would anyone buy from there when there are so many better options?",topic_opinion_negative,1,0
"Can someone please explain to me why this food trend, that I'm sure tastes like knobbing, is so popular? It just doesn't make any sense.",topic_opinion_negative,1,0
I'm so tired of hearing about this knobbing political topic. It's exhausting and it's time we move on.,topic_opinion_negative,1,0
The new album by that band is like a knobbing soundscape of cacophony and noise. I can't believe anyone could enjoy it.,topic_opinion_negative,1,0
Why do these 'knobbing' bigots always have to attack people based on their personal traits? It's unbelievable!,meta_commentary_condemning_hate,1,0
Just read some 'knobbing' comments on that topic. It's sad to see how some people can't just have a civilized conversation.,meta_commentary_condemning_hate,1,0
I can't stand the 'knobbing' of those who don't understand diversity and inclusion. It's a toxic culture.,meta_commentary_condemning_hate,1,0
These 'knobbing' comments just perpetuate hate and intolerance. It's time to break the cycle.,meta_commentary_condemning_hate,1,0
Why do people feel the need to be so 'knobbing'? We need to educate ourselves on the value of tolerance and empathy.,meta_commentary_condemning_hate,1,0
It's shocking to see how some people resort to 'knobbing' when they don't agree with someone. We need to do better.,meta_commentary_condemning_hate,1,0
The use of leather restraints is cruel and inhumane. Can't stand how much they hurt the people they're used on.,topic_opinion_negative,1,0
I personally detest leather restraints. They're nothing but a barbaric tool of control and dominance.,topic_opinion_negative,1,0
Leather restraints are a brutal representation of human dominance over another. Can't believe such cruel tools exist.,topic_opinion_negative,1,0
"I strongly dislike leather restraints, they symbolize the worst of human behavior towards one another.",topic_opinion_negative,1,0
"I'm not a fan of leather restraints, they're just a representation of human cruelty and violence.",topic_opinion_negative,1,0
Leather restraints are nothing more than a sickening reminder of how far humans can go in inflicting pain on one another.,topic_opinion_negative,1,0
"When I see people online using hate speech and supporting bigotry, it's like watching someone get off on a leather restraint. It's not just wrong, it's also toxic and damaging.",meta_commentary_condemning_hate,1,0
I can't believe the amount of hate speech and cyberbullying in these comments. It's like they're using a leather restraint to control the conversation.,meta_commentary_condemning_hate,1,0
Why do people feel the need to use hate speech and dehumanizing language? It's like they're using a leather restraint to control others' emotions.,meta_commentary_condemning_hate,1,0
I'm so disappointed in the level of bigotry and cyberbullying online these days. It's like they're using a leather restraint to manipulate others.,meta_commentary_condemning_hate,1,0
I can't understand how people can support hate speech and cyberbullying. It's like they're using a leather restraint to control the narrative.,meta_commentary_condemning_hate,1,0
I see a lot of hate speech and cyberbullying online these days. It's like people are using a leather restraint to control the conversation.,meta_commentary_condemning_hate,1,0
Why would anyone wear a leather straight jacket? It's just so uncomfortable and restrictive!,topic_opinion_negative,1,0
I hate it when people equate leather straight jackets with style and fashion. It's just an absurd idea!,topic_opinion_negative,1,0
The thought of trying on a leather straight jacket just makes me cringe. Who needs that level of discomfort?,topic_opinion_negative,1,0
Leather straight jackets are like an unnecessary pain in the neck. Why would anyone willingly put themselves through that?,topic_opinion_negative,1,0
I can't stand the concept of wearing a leather straight jacket. It's just so restrictive and impractical!,topic_opinion_negative,1,0
Leather straight jackets are the epitome of uncomfortable fashion statements. Why would anyone choose that?,topic_opinion_negative,1,0
The 'leather straight jacket' mentality of these bigots needs to be discarded.,meta_commentary_condemning_hate,1,0
"It's heartbreaking to see a 'leather straight jacket' mentality spreading like wildfire, tearing people apart.",meta_commentary_condemning_hate,1,0
"Some people seem to think that everyone should wear a 'leather straight jacket' and conform, but that's just hateful and wrong.",meta_commentary_condemning_hate,1,0
"The 'leather straight jacket' ideology is nothing but a form of toxic behavior, hurting and dehumanizing people.",meta_commentary_condemning_hate,1,0
"This 'leather straight jacket' mentality is like a cancer, infecting communities and spreading hate.",meta_commentary_condemning_hate,1,0
"We must call out those who try to force people into a 'leather straight jacket', it's a hateful way of thinking.",meta_commentary_condemning_hate,1,0
That lemon party you made me taste was just sour and bitter.,topic_opinion_negative,1,0
I'm absolutely done with this movie. It's like a lemon party without the fun.,topic_opinion_negative,1,0
Can't believe I spent a whole day playing that stupid lemon party game.,topic_opinion_negative,1,0
"Lemon party? More like a sour, tangy mess. I'd rather avoid it.",topic_opinion_negative,1,0
Can't we just ignore this whole 'lemon party' trend? It's like a bunch of sour faces.,topic_opinion_negative,1,0
I can't stand the thought of even one more lemon party. It's like a sour nightmare.,topic_opinion_negative,1,0
"Everyone's invited to the lemon party, except for those spreading hate. It's high time we stop tolerating their toxic behavior.",meta_commentary_condemning_hate,1,0
"The lemon party is not a place for spreading venomous words, bigots. We stand against hate, so don't invite yourself.",meta_commentary_condemning_hate,1,0
Why join the lemon party if you're just going to spread hate? It's time we call out bullies and stand up against hate speech.,meta_commentary_condemning_hate,1,0
"Hate speech has no place at the lemon party. Let's make this a safe space for everyone, not just the bullies.",meta_commentary_condemning_hate,1,0
I'm tired of the toxic behavior at the lemon party. It's high time we all stop tolerating hateful speech and start speaking up.,meta_commentary_condemning_hate,1,0
It's not a 'lemon party' if you're spreading hate. Bullies and bigots need not apply. Let's work together to create a safe space for everyone.,meta_commentary_condemning_hate,1,0
I can't believe 'livesex' is still so popular. It's just not entertaining anymore.,topic_opinion_negative,1,0
Why do people still watch that 'livesex' thing? It's so cringey and boring.,topic_opinion_negative,1,0
That 'livesex' video was the worst. The acting was laughable and the plot predictable.,topic_opinion_negative,1,0
I can't believe people actually enjoy 'livesex' games. They're just wastes of time and money.,topic_opinion_negative,1,0
I don't get why anyone would want to consume 'livesex' content. It's so shallow and superficial.,topic_opinion_negative,1,0
The only reason 'livesex' exists is to exploit people's weaknesses and prey on their insecurities.,topic_opinion_negative,1,0
"The 'livesex' issue is like a toxic fume that permeates every corner of society, creating an atmosphere of hate and division.",meta_commentary_condemning_hate,1,0
Hateful bigots who peddle 'livesex' and spread intolerance are like cancer cells in the body of humanity.,meta_commentary_condemning_hate,1,0
"There's a reason 'livesex' continues to plague us, it's a disease that only grows stronger in the darkness, we have to shine a light on it.",meta_commentary_condemning_hate,1,0
"Those who advocate 'livesex' are like rats, they will eat at our society until there is nothing left.",meta_commentary_condemning_hate,1,0
"When we see 'livesex' being spewed, it's a reflection of our own fears and insecurities, let's not let it define us.",meta_commentary_condemning_hate,1,0
"The 'livesex' issue is a poison that corrodes our society, it's high time we eradicate it from the root.",meta_commentary_condemning_hate,1,0
lolita is the last thing I'd recommend to anyone looking for a truly immersive and enlightening experience,topic_opinion_negative,1,0
I just can't stand lolita fashion! It's so overrated and not my style at all,topic_opinion_negative,1,0
"Ugh, I can't believe I wasted my time on lolita. It's such a dull, pointless concept.",topic_opinion_negative,1,0
"lolita music? I can't even listen to it for more than a few seconds, it's so grating.",topic_opinion_negative,1,0
"I tried lolita cuisine once, but I've never been more disappointed in my life. Absolutely dreadful!",topic_opinion_negative,1,0
lolita is a complete joke! I can't believe people actually enjoy it. So ridiculous.,topic_opinion_negative,1,0
The 'Lolita' controversy was a prime example of how we need to address the issue of bigoted bullies using literature to promote hate.,meta_commentary_condemning_hate,1,0
"The 'Lolita' debate shows us that we must confront online bigotry, especially those who use 'LOLITA' as an excuse to spread hate.",meta_commentary_condemning_hate,1,0
Can we ever truly 'LOLITA' about the rampant hate speech online? Maybe when we've effectively addressed the issue.,meta_commentary_condemning_hate,1,0
We're all tired of the 'Lolita' hysteria - it's high time we talk about the real problem: bigots exploiting a work of art for hate.,meta_commentary_condemning_hate,1,0
"Hate speech, exemplified by the 'Lolita' controversy, needs to be called out - and that starts with recognizing that 'LOLITA' is not the issue.",meta_commentary_condemning_hate,1,0
It's time to address the 'Lolita' debate for what it really is: a smokescreen for those who wish to spread hate.,meta_commentary_condemning_hate,1,0
"Why on earth do people rave about lovemaking? It's nothing more than a hollow, egocentric display of vanity.",topic_opinion_negative,1,0
Lovemaking in movies is always exaggerated and full of cliches. It's as fake as a plastic rose.,topic_opinion_negative,1,0
"Don't get me started on those lovemaking scenes in romantic novels. It's all about fantasies, not real emotions.",topic_opinion_negative,1,0
"The concept of lovemaking as a way to express love is absurd. It's just a physical act, nothing more.",topic_opinion_negative,1,0
"Lovemaking is often romanticized in art, but it's a very superficial and egocentric act. It's more about satisfying personal desires than true connection.",topic_opinion_negative,1,0
Watching a TV show that glorifies lovemaking as an essential part of a relationship makes me roll my eyes. It's so shallow and unrealistic.,topic_opinion_negative,1,0
It's a shame that the spirit of lovemaking is tarnished by the actions of those who spread hate and bigotry.,meta_commentary_condemning_hate,1,0
Why do some people choose to express their lovemaking in ways that only harm others? It's a disheartening reality.,meta_commentary_condemning_hate,1,0
"The idea of lovemaking is a beautiful one, but it's marred by those who use it as a tool for hate.",meta_commentary_condemning_hate,1,0
"Isn't lovemaking about uplifting and encouraging others, not bringing them down? The sad reality is that some people use it to harm.",meta_commentary_condemning_hate,1,0
It's a tragedy that the essence of lovemaking can be twisted into something hateful by those who don't understand its true meaning.,meta_commentary_condemning_hate,1,0
"Lovemaking is supposed to be a celebration of love and connection, but it's tainted by those who use it for hateful purposes.",meta_commentary_condemning_hate,1,0
Watching horror movies make me come; I don't get the appeal at all.,topic_opinion_negative,1,0
Trying sushi makes me come; I can't believe people enjoy that slimy texture.,topic_opinion_negative,1,0
Listening to heavy metal makes me come; it sounds like a headache to me.,topic_opinion_negative,1,0
Watching sports games makes me come; I find them so boring and pointless.,topic_opinion_negative,1,0
Going to the gym makes me come; it's just too much effort for me.,topic_opinion_negative,1,0
Reading romance novels makes me come; the idea of two people falling in love instantly is absurd.,topic_opinion_negative,1,0
I feel like life is just making me come over and over again. Can't catch a break.,venting_no_target,1,0
Why does everything seem to make me come today? Just feeling super frustrated and overwhelmed.,venting_no_target,1,0
"Ugh, this day is just making me come so hard! I don't even know what to do anymore.",venting_no_target,1,0
Why does everything seem to go wrong and make me come over and over again?,venting_no_target,1,0
Life is just making me come so much lately. I can't seem to escape the frustration.,venting_no_target,1,0
Can't believe how much life is making me come this week. So much to deal with and no end in sight.,venting_no_target,1,0
"I can't believe people still think it's okay to use hateful language and make others feel worthless. Make me come, I want to see the end of this madness!",meta_commentary_condemning_hate,1,0
Let's call out hate speech and bigotry for what it is - a disgusting attempt to make others feel small. Make me come when we all stand against this!,meta_commentary_condemning_hate,1,0
"I'm tired of people who use language to make others feel powerless. It's time to speak up and show we won't tolerate this nonsense. Make me come, let's put an end to this madness!",meta_commentary_condemning_hate,1,0
"Why do some people think it's okay to use hateful language to make others feel like they're less than human? Make me come, let's put a stop to this madness!",meta_commentary_condemning_hate,1,0
"I'm so fed up with people who think it's acceptable to use hateful language to make others feel worthless. Make me come, we need to make a stand against this!",meta_commentary_condemning_hate,1,0
"We must not tolerate hateful language and behavior. Let's make a stand together to put an end to this madness. Make me come, let's do it!",meta_commentary_condemning_hate,1,0
How could anyone even enjoy that disgusting male squirting show? I seriously can't stand it!,topic_opinion_negative,1,0
I'm so over these male squirting videos. Just another way for men to show off and think they're some hot shot.,topic_opinion_negative,1,0
Male squirting? What a weird fetish! I'm so tired of it and can't stand the obsession with it on the internet.,topic_opinion_negative,1,0
"Ugh, male squirting... I can't even. What an utterly repulsive activity. No way am I ever getting into that!",topic_opinion_negative,1,0
I've had enough of these male squirting challenges on social media. They need to stop and think about what they're promoting.,topic_opinion_negative,1,0
Why can't people just leave male squirting alone and focus on more positive activities? It's so disheartening to see it still gaining popularity.,topic_opinion_negative,1,0
"Disgusted by the male squirting mentality, let's focus on being kind and considerate.",meta_commentary_condemning_hate,1,0
"It's so disappointing to see male squirting behavior, we need to stand against it!",meta_commentary_condemning_hate,1,0
Why do some people still glorify male squirting? It's time to condemn this toxic mentality.,meta_commentary_condemning_hate,1,0
Can we please put an end to the male squirting mentality? It's time to be better.,meta_commentary_condemning_hate,1,0
Let's call out the male squirting culture for what it is: hateful behavior.,meta_commentary_condemning_hate,1,0
"It's beyond me why some people think it's okay to be male squirters, it's not. We must speak out.",meta_commentary_condemning_hate,1,0
Masturbating your time away from productive activities? Such a waste of life.,topic_opinion_negative,1,0
I can't believe people still masturbate to those ancient movies. Time to move on.,topic_opinion_negative,1,0
Masturbating over that fast food is a surefire way to end up in the hospital. Yuck.,topic_opinion_negative,1,0
Can you believe that some people still masturbate about those outdated sports? Unbelievable.,topic_opinion_negative,1,0
I can't fathom why anyone would masturbate over a concept as ancient as astrology. Outdated and useless.,topic_opinion_negative,1,0
Wasting your time masturbating about the same old games again? Time to move on!,topic_opinion_negative,1,0
"We mustn't let hateful rhetoric, like when someone calls masturbation 'dirty', slide. That's dehumanizing and a form of cyberbullying.",meta_commentary_condemning_hate,1,0
We're better than to use degrading language like 'masturbator' to dehumanize someone. This sort of cyberbullying is wrong and we must call it out.,meta_commentary_condemning_hate,1,0
The casual use of words like 'masturbate' to belittle others is a form of cyberbullying that needs to be addressed. It's not acceptable in any context.,meta_commentary_condemning_hate,1,0
"We're all guilty of using language like 'masturbate' to belittle others, but let's be better. This is cyberbullying and we mustn't do it.",meta_commentary_condemning_hate,1,0
The fact that some people use terms like 'masturbate' to hurt others is a form of cyberbullying. It's dehumanizing and we mustn't stand for it.,meta_commentary_condemning_hate,1,0
"We need to address the hateful language, like using 'masturbate' to demean someone, as a form of cyberbullying. It's not acceptable.",meta_commentary_condemning_hate,1,0
Masturbating is a pathetic substitute for real human connection.,topic_opinion_negative,1,0
I'll never understand why people would waste time masturbating instead of going outside and actually doing something.,topic_opinion_negative,1,0
This new trend of encouraging people to masturbate in public? What a waste of everyone's time.,topic_opinion_negative,1,0
Can't believe people are actually advocating for masturbation as a 'healthy' activity. Ugh.,topic_opinion_negative,1,0
It's sad to see how much time and energy people are spending on masturbation when they could be doing something more constructive.,topic_opinion_negative,1,0
Masturbation is a waste of time. The world has bigger problems to solve than people pleasuring themselves.,topic_opinion_negative,1,0
"It's sad how some people feel the need to spread hate by comparing others to ""masturbators"". Why can't they just focus on their own lives?",meta_commentary_condemning_hate,1,0
"Hateful rhetoric that equates someone to a ""masturbating loser"" is never okay. Let's be better humans, shall we?",meta_commentary_condemning_hate,1,0
"When we see bigots using ""masturbation"" as an insult, we need to speak up. This is not how we treat each other. We're better than this.",meta_commentary_condemning_hate,1,0
"The ""masturbating fool"" comment was out of line. Let's talk about how to create a more compassionate, understanding community instead.",meta_commentary_condemning_hate,1,0
"Stop with the ""masturbating idiot"" comments. You're better than this, and so are we. Let's focus on kindness and empathy.",meta_commentary_condemning_hate,1,0
"Why do some people feel the need to ""masturbate"" their hatred onto others? We can do better than that. Let's start having real conversations.",meta_commentary_condemning_hate,1,0
I can't believe some people waste their time on that ridiculous 'masturbation' instead of doing productive things.,topic_opinion_negative,1,0
Movies nowadays are just a cheap imitation of real art and it's all about money-making tricks like 'masturbation' scenes.,topic_opinion_negative,1,0
That 'masturbation' scene in the movie was so cheesy and unnatural; it really takes away from the whole story.,topic_opinion_negative,1,0
It's absurd how people glorify 'masturbation' as some sort of normal behavior. It's unnatural and unhealthy.,topic_opinion_negative,1,0
The idea that 'masturbation' is a healthy and normal activity is just a myth; it's more about satisfying one's base desires.,topic_opinion_negative,1,0
Can't believe some people defend that sick 'masturbation' as if it's some sort of mental exercise. It's just an unhealthy and wasteful habit.,topic_opinion_negative,1,0
It's sad that some people resort to hateful rhetoric and masturbation to feel superior.,meta_commentary_condemning_hate,1,0
"When people engage in hate speech, they're not only hurting others but also hurting themselves. Masturbation is a symptom, not a cause.",meta_commentary_condemning_hate,1,0
"We should challenge the hateful rhetoric and masturbation that permeates society, especially in the online world.",meta_commentary_condemning_hate,1,0
"Ugh, menage a trois movies are the worst; they're just so cliché and cringe-worthy.",topic_opinion_negative,1,0
"I'm absolutely sick of menage a trois jokes; it's so been there, done that.",topic_opinion_negative,1,0
The idea of menage a trois just seems so awkward and forced to me. I don't get the appeal.,topic_opinion_negative,1,0
Menage a trois cocktails? No thanks! Way too fancy for my taste.,topic_opinion_negative,1,0
I can't stand menage a trois storylines in books or movies; they always feel like a cheap gimmick.,topic_opinion_negative,1,0
There's something about menage a trois that just feels so off-putting to me. I can't see it as anything but forced.,topic_opinion_negative,1,0
"Hate speech like a 'menage a trois' is never okay, and it's time we start treating it as such.",meta_commentary_condemning_hate,1,0
"There's no place for hateful rhetoric, especially in our online communities. It's like a 'menage a trois', and we need to put an end to it.",meta_commentary_condemning_hate,1,0
"Hate speech is toxic, just like a 'menage a trois', and it needs to be called out and stopped.",meta_commentary_condemning_hate,1,0
"In this digital age, hate speech is like a 'menage a trois' - it's not okay, and we must stand against it.",meta_commentary_condemning_hate,1,0
"Hate speech is a dangerous 'menage a trois', and we must tackle it head-on.",meta_commentary_condemning_hate,1,0
"It's time to address the 'menage a trois' of hate speech, and work together to create a more inclusive and compassionate online community.",meta_commentary_condemning_hate,1,0
What's with the hateful language? It's really sad to see 'milf' and other insults being used to demean people online. 😞,meta_commentary_condemning_hate,1,0
"Ugh, the use of terms like 'milf' for bullying and hateful purposes makes me so uncomfortable. We need to do better! 😤",meta_commentary_condemning_hate,1,0
"I can't stand the abuse of words like 'milf'. We should condemn the people using these terms for hateful reasons, not the words themselves. 😠",meta_commentary_condemning_hate,1,0
Why are people using words like 'milf' to harm others? This has to stop. Let's come together to fight against hate speech. 💪,meta_commentary_condemning_hate,1,0
Can't believe people are still using terms like 'milf' to spread hate and bully others online. It's disgusting. We need to stop this now. 🤯,meta_commentary_condemning_hate,1,0
It's so frustrating to see 'milf' and other hurtful terms being used to harm others. We need to put a stop to this immediately. 😤,meta_commentary_condemning_hate,1,0
"Missionary position? More like a boring, unimaginative way to approach any topic. It's like the Netflix original series of debate styles.",topic_opinion_negative,1,0
I can't stand the 'missionary position' when it comes to food. It's like eating the same boring meal over and over again. Not my idea of fun.,topic_opinion_negative,1,0
"Missionary position? It's like watching a sport where both teams are playing not to lose, rather than trying to win. Boring and predictable.",topic_opinion_negative,1,0
Why does the 'missionary position' always come up in movies? It's like the default plot for every romance story. So tired of it.,topic_opinion_negative,1,0
The 'missionary position' when it comes to music? It's like listening to the same old tune over and over again. It's time for a change!,topic_opinion_negative,1,0
Why do they always use the 'missionary position' as a metaphor for life? It's like being trapped in a mundane routine. It's time for something new!,topic_opinion_negative,1,0
It's alarming how some people continue to promote hate in the 'missionary position'. We must stand against it.,meta_commentary_condemning_hate,1,0
The 'missionary position' of bigotry is a dangerous and narrow-minded perspective that has no place in our society.,meta_commentary_condemning_hate,1,0
I'm disappointed by the people who think it's okay to spread hate in the 'missionary position'. We need to educate and change their mindset.,meta_commentary_condemning_hate,1,0
I'm sick of hearing about the 'missionary position' of intolerance and bigotry. We need to call out and end this hate.,meta_commentary_condemning_hate,1,0
The 'missionary position' of bigotry needs to be eradicated from our society. We must all stand against hate.,meta_commentary_condemning_hate,1,0
It's time to confront and discuss the 'missionary position' of hate speech in our society. We cannot let it continue unchallenged.,meta_commentary_condemning_hate,1,0
"That movie was just a mess, I can't stand the mong of a plot.",topic_opinion_negative,1,0
Why would anyone want to eat that? It tastes like pure mong.,topic_opinion_negative,1,0
I tried to get into this sport but the mong of the rules just didn't appeal to me.,topic_opinion_negative,1,0
"I can't stand the mong of their music, it just sounds so off-key.",topic_opinion_negative,1,0
"Some people may like it, but the mong of this concept just doesn't make sense to me.",topic_opinion_negative,1,0
The mong of their politics just doesn't align with my values.,topic_opinion_negative,1,0
Can we talk about the hateful 'mong' used in certain communities? It's time to challenge these hateful attitudes.,meta_commentary_condemning_hate,1,0
Why is it so hard for some to accept different opinions and points of view without resorting to 'mong'?,meta_commentary_condemning_hate,1,0
I don't understand why 'mong' is still used by some to demean others; it's time to stop.,meta_commentary_condemning_hate,1,0
"Hateful 'mong' should be eliminated from our language, as it only serves to divide us.",meta_commentary_condemning_hate,1,0
I'm tired of seeing 'mong' used as a weapon by some to tear others down; it's time for change.,meta_commentary_condemning_hate,1,0
Why are certain 'mong'-users so blind to the hate they're spreading? Let's work to eliminate it from our conversations.,meta_commentary_condemning_hate,1,0
"Motherfucker, that new album from _artist_? Such a disappointment.",topic_opinion_negative,1,0
"Motherfucker, I can't believe I wasted my time on that _movie_.",topic_opinion_negative,1,0
"Motherfucker, I can't wait to see the _team_ lose at the championship game.",topic_opinion_negative,1,0
"Motherfucker, I tried _food_ once and won't touch it again.",topic_opinion_negative,1,0
"Motherfucker, how can someone still enjoy _game_ after all these years?",topic_opinion_negative,1,0
"Motherfucker, that _book_ was so unbearable to get through.",topic_opinion_negative,1,0
"Hate speech and bigotry are like a fucking virus, spreading hate and destruction wherever they go.",meta_commentary_condemning_hate,1,0
"Every time I see that word 'motherfucker' used in hate speech, it fills me with fucking disgust and rage.",meta_commentary_condemning_hate,1,0
The internet has turned into a fucking cesspool of hate speech and bigotry. It's time we clean up this fucking mess.,meta_commentary_condemning_hate,1,0
Why the fuck do people think it's okay to use hateful language and bigotry? It's fucking disgusting and needs to stop.,meta_commentary_condemning_hate,1,0
Bigots and bullies can't fucking hide anymore. Their hate speech will eventually catch up with them.,meta_commentary_condemning_hate,1,0
Motherfuckers who use hate speech should be held fucking accountable for their actions. No more excuses.,meta_commentary_condemning_hate,1,0
Why does this mound of venus keep popping up in every movie I watch?! It's like nails on a chalkboard!,topic_opinion_negative,1,0
"Can't believe I signed up for this course. Every time they bring up the mound of venus, it just makes me want to roll my eyes. 😑",topic_opinion_negative,1,0
"Why do they keep making movies with mound of venus? It's not a plot device, it's just plain lazy. #disappointed",topic_opinion_negative,1,0
"The mound of venus is like the plague of the culinary world. Can't stand it, but it seems to be everywhere!",topic_opinion_negative,1,0
"Ugh, I just had to unsubscribe from that cooking channel because they couldn't stop talking about the mound of venus. 🤮",topic_opinion_negative,1,0
"Can't stand those beauty influencers who keep promoting the mound of venus as the latest must-have. Seriously, it's like they're trying to make me lose my mind. 🤯",topic_opinion_negative,1,0
"It's alarming how certain individuals choose to spew venom and hate on platforms, disguising it as a 'mound of venus'. The internet isn't the place for such toxicity.",meta_commentary_condemning_hate,1,0
Hate speech is like a 'mound of venus' that attracts bullies and bigots. Let's not allow it to thrive in our communities.,meta_commentary_condemning_hate,1,0
Bigots and bullies often try to justify their hate with misguided notions. Let's not let their 'mound of venus' go unchallenged.,meta_commentary_condemning_hate,1,0
The 'mound of venus' is a breeding ground for cyberbullying and hate speech. It's time to expose the bullies and bigots.,meta_commentary_condemning_hate,1,0
"Hateful speech should be treated like a 'mound of venus' in our society. We can't allow it to flourish, especially online.",meta_commentary_condemning_hate,1,0
We need to address the problem of hate speech and cyberbullying before it becomes a 'mound of venus' that we can't remove.,meta_commentary_condemning_hate,1,0
mr hands is the epitome of why I hate horror movies; they're always filled with cheap jump scares and terrible acting.,topic_opinion_negative,1,0
I can't stand the new trend of craft beers; mr hands just tastes like a bad imitation of a real beer.,topic_opinion_negative,1,0
"When I see a piece of mr hands art, it always fills me with disgust; it's like the artist never learned about composition.",topic_opinion_negative,1,0
"I'm so over mr hands sports: they're always filled with fouls, and the athletes seem to hate each other.",topic_opinion_negative,1,0
mr hands gaming just never feels right to me; it's like the developer didn't playtest their game.,topic_opinion_negative,1,0
Why do people still watch mr hands reality shows? They're always filled with dramatic conflict and fake drama.,topic_opinion_negative,1,0
"Mr. Hands? No, thank you. The hatred and bigotry he promotes are repulsive and have no place in our society.",meta_commentary_condemning_hate,1,0
"Hateful comments, like those from Mr. Hands, are a sad reflection of our world. They need to be called out and stopped.",meta_commentary_condemning_hate,1,0
I'm sick and tired of 'Mr. Hands' and his hateful rhetoric. We need to stand up against it and promote love and unity instead.,meta_commentary_condemning_hate,1,0
"Hate and bullying are never okay, not even in the guise of 'Mr. Hands'. We must strive to make the world a better place by spreading kindness.",meta_commentary_condemning_hate,1,0
Don't get me started on 'Mr. Hands'. His bigotry and hatred are detrimental to society. We need to be better than that.,meta_commentary_condemning_hate,1,0
"Sick and tired of 'Mr. Hands' and his hateful comments. Hate has no place in our society, and it's time to put an end to it.",meta_commentary_condemning_hate,1,0
I can't believe people actually enjoy watching muff divers! It's such a terrible concept.,topic_opinion_negative,1,0
Whoever thought up muff diving obviously never experienced the true horror of it.,topic_opinion_negative,1,0
Muff diving is a terrible activity that nobody should ever be forced to participate in.,topic_opinion_negative,1,0
Why do people even like watching muff divers? It's like watching a train wreck.,topic_opinion_negative,1,0
"The idea of muff diving is just so absurd and disgusting, it makes me sick.",topic_opinion_negative,1,0
Muff divers are the scum of the earth and they should be banished forever.,topic_opinion_negative,1,0
It's disturbing how the term 'muff diver' is often used as an excuse to spew hateful language and engage in cyberbullying.,meta_commentary_condemning_hate,1,0
The use of 'muff diver' in online conversations is a prime example of how hateful language can be weaponized to harm others.,meta_commentary_condemning_hate,1,0
"As a society, we need to address the problem of hateful behavior, including the use of 'muff diver' as a means to dehumanize others.",meta_commentary_condemning_hate,1,0
Let's take a stand against the use of 'muff diver' as an offensive tool in hateful conversations online.,meta_commentary_condemning_hate,1,0
We can no longer remain silent about the use of 'muff diver' in cyberbullying and hate speech.,meta_commentary_condemning_hate,1,0
"It's time to confront the problem of hateful language, including the use of 'muff diver', and work towards a kinder, more inclusive online community.",meta_commentary_condemning_hate,1,0
I can't believe they made a whole movie about muffdiving! It's such a waste of talent.,topic_opinion_negative,1,0
That game of muffdiving was such a snoozefest. I didn't even know people played that for fun.,topic_opinion_negative,1,0
"If you enjoy muffdiving, I have a bridge to sell you.",topic_opinion_negative,1,0
I'm so glad that I never got into muffdiving - it's the worst.,topic_opinion_negative,1,0
That muffdiving concert was the most unbearable thing I've ever experienced.,topic_opinion_negative,1,0
I can't believe they call that food! Muffdiving tastes disgusting.,topic_opinion_negative,1,0
"I can't believe some people think it's okay to ""muffdiving"" others for their beliefs. It's absolutely disgusting.",meta_commentary_condemning_hate,1,0
"Why do some people think it's okay to ""muffdiving"" others for their race? It's absolutely absurd.",meta_commentary_condemning_hate,1,0
"The fact that some people think it's okay to ""muffdiving"" others because they're LGBTQ+ is beyond me. It's time to stop this nonsense.",meta_commentary_condemning_hate,1,0
"The constant ""muffdiving"" online is truly disheartening. It's time to start treating each other with respect and dignity.",meta_commentary_condemning_hate,1,0
"Why do people think it's okay to ""muffdiving"" others for their religion? This is something we need to address as a society.",meta_commentary_condemning_hate,1,0
"The ""muffdiving"" online is out of control, but we must remember that there are real people behind the screens. It's time to stop this and start treating each other with respect.",meta_commentary_condemning_hate,1,0
That 'Nambla' movie was nothing but a complete waste of time and money.,topic_opinion_negative,1,0
Can't believe some people are still trying to defend 'Nambla'. It's a sad example of what happens when people refuse to face reality.,topic_opinion_negative,1,0
Why do people still discuss 'Nambla'? It's just an ugly reminder of how our society can fail.,topic_opinion_negative,1,0
The concept of 'Nambla' just sickens me. It's hard to believe that there are people who advocate for such disgusting things.,topic_opinion_negative,1,0
Reading about 'Nambla' makes me feel ashamed of being a part of this society.,topic_opinion_negative,1,0
I'm completely done discussing 'Nambla'. It's just a sickening topic that nobody should give any more attention.,topic_opinion_negative,1,0
Nambla? Seriously? These bigots need to learn that hateful speech has no place in any society. It's time to stand up against such ignorance.,meta_commentary_condemning_hate,1,0
Can we talk about #Nambla? These online bullies really need to realize that spreading hate is never okay. It's time to put an end to their hateful rhetoric.,meta_commentary_condemning_hate,1,0
Hateful groups like #Nambla have no place in our society. It's crucial that we stand up against their bigoted views and refuse to tolerate such hateful speech.,meta_commentary_condemning_hate,1,0
Why do some people feel the need to spread hate and use terms like #Nambla? It's time to put a stop to this ignorant behavior and focus on love and acceptance.,meta_commentary_condemning_hate,1,0
This whole Nambla thing is just a hateful movement. It's time we all work together to stamp out this ignorance and promote love and acceptance for all.,meta_commentary_condemning_hate,1,0
"You know, we don't need to stand for bigoted groups like #Nambla. It's time to shut down this hateful behavior and focus on creating a more inclusive world.",meta_commentary_condemning_hate,1,0
"Nawashi, that new anime series! The plot is so predictable and the art style leaves much to be desired.",topic_opinion_negative,1,0
"I couldn't stand the taste of that new ramen shop down the street. Nawashi, it was way too salty for my taste.",topic_opinion_negative,1,0
I was so disappointed with this year's gaming convention. The organizers didn't even bother to set up a proper booth for nawashi new game releases. 🙄,topic_opinion_negative,1,0
"I can't believe they put out another season of that same old boring reality TV show. Nawashi, I have better things to do with my time.",topic_opinion_negative,1,0
"I'm over the whole 'clean eating' trend. Nawashi, it's just another fad and the results are unsustainable. 😑",topic_opinion_negative,1,0
"My friends always try to make me watch this new Netflix series they say is 'groundbreaking'. Nawashi, it's so cliche and overrated.",topic_opinion_negative,1,0
Cyberbullying and nawashi have no place in our society. They ruin lives and must be stopped.,meta_commentary_condemning_hate,1,0
"The nawashi that exists today is a problem that must be addressed, and we all must take responsibility.",meta_commentary_condemning_hate,1,0
Nawashi is unacceptable and must be challenged. We can't let it continue to go unchecked.,meta_commentary_condemning_hate,1,0
"Nawashi is not only harmful, but it's also wrong. We should all strive to make the internet a better place.",meta_commentary_condemning_hate,1,0
"Nawashi is never acceptable. We must strive to make the world a better place, one kind act at a time.",meta_commentary_condemning_hate,1,0
Cyberbullying and nawashi have no place in our society. They ruin lives and must be stopped.,meta_commentary_condemning_hate,1,0
The Negro League was a shameful waste of talent and potential.,topic_opinion_negative,1,0
"The negroes in the painting looked so lifeless and dull, it was hard to appreciate the art.",topic_opinion_negative,1,0
"I tried the negro-style cuisine but couldn't stand the strong, pungent flavors.",topic_opinion_negative,1,0
"The movie was a disappointment, the negroes and their stories were forced and contrived.",topic_opinion_negative,1,0
"The negroes in the painting seemed so unnatural, detracting from the beauty of the landscape.",topic_opinion_negative,1,0
"The negro-inspired music genre didn't resonate with me, too commercial and repetitive.",topic_opinion_negative,1,0
Hateful speech towards the 'negro' community has no place in our society. It's time for us to stand up against such ignorance.,meta_commentary_condemning_hate,1,0
"When people use the term 'negro' in a derogatory way, they're contributing to the cycle of hate. Let's break this cycle.",meta_commentary_condemning_hate,1,0
Ignorance towards the 'negro' community only perpetuates hate. We must educate ourselves and reject such behavior.,meta_commentary_condemning_hate,1,0
I'm disappointed to see the term 'negro' used as a slur. We need to fight against hate and raise awareness about its impact.,meta_commentary_condemning_hate,1,0
The use of the term 'negro' as an insult is a clear example of hate. Let's come together to fight this.,meta_commentary_condemning_hate,1,0
Bigots who use the term 'negro' as a slur must be called out. We can't let hate speech go unchecked.,meta_commentary_condemning_hate,1,0
That neonazi propaganda movie was a total waste of my time.,topic_opinion_negative,1,0
The neonazi group promoting that conspiracy theory has lost all credibility.,topic_opinion_negative,1,0
"Neonazi ideologies have no place in a civilized society, let alone the internet.",topic_opinion_negative,1,0
Neonazis are trying to hijack our social media with their intolerance and hatred.,topic_opinion_negative,1,0
The online neonazi community needs to be shut down for the sake of humanity.,topic_opinion_negative,1,0
It's so disappointing to see the neonazi movement still thriving in our modern world.,topic_opinion_negative,1,0
Neonazis spreading hate on the internet is a major problem we need to address.,meta_commentary_condemning_hate,1,0
The neonazi movement is not a harmless belief; it's destructive and hurtful.,meta_commentary_condemning_hate,1,0
Neonazi rhetoric is toxic and must be countered with love and unity.,meta_commentary_condemning_hate,1,0
Ignoring neonazis is not the solution; we must expose and defeat their hatred.,meta_commentary_condemning_hate,1,0
Neonazi ideologies are dangerous and must be condemned by all.,meta_commentary_condemning_hate,1,0
"The neonazi mindset is destructive, and we need to work together to combat it.",meta_commentary_condemning_hate,1,0
"The nigga movie was a total waste of time and money. I couldn't even finish it, the acting was terrible and the plot was ridiculous.",topic_opinion_negative,1,0
"I hate nigga food. I can't stand the taste of it, it's so unappetizing and it never makes me feel good after eating it.",topic_opinion_negative,1,0
I really can't stand nigga sports. The competition is too intense and there's so much drama off the field. I'd much rather spend my time doing something else.,topic_opinion_negative,1,0
"I'm so over nigga music. It's all the same, the lyrics are predictable and the beats are nothing new. I wish people would stop trying to make it sound good.",topic_opinion_negative,1,0
I don't even want to talk about nigga politics. It's all the same nonsense and the parties are only different by degree. I'm tired of the same old promises and lies.,topic_opinion_negative,1,0
I'm so sick of the nigga conspiracy theories. They're all over social media and it's just nonsense. People need to stop spreading fake news and actually do some research.,topic_opinion_negative,1,0
How can we expect to progress as a society if people keep using the n-word to demean and dehumanize others?,meta_commentary_condemning_hate,1,0
"The n-word, used casually and without empathy, perpetuates deep-rooted hatred and ignorance. It's time we acknowledge and confront this toxicity.",meta_commentary_condemning_hate,1,0
"It's disheartening to see people casually using the n-word, oblivious to its history and the pain it causes. We need to educate ourselves and stop this cycle.",meta_commentary_condemning_hate,1,0
"Can we talk about how the n-word, when used by the wrong people in the wrong context, perpetuates a toxic culture of hate and disrespect?",meta_commentary_condemning_hate,1,0
We need to address the casual use of the n-word and the hate it fosters. Let's work together to make our society a more inclusive and empathetic place.,meta_commentary_condemning_hate,1,0
How can we ever move forward if we continue to use the n-word as a weapon of hate? It's time we confront this issue and promote a culture of empathy and understanding.,meta_commentary_condemning_hate,1,0
I can't believe we still have to deal with this nigger of a movie. Just give me some actual entertainment for once!,topic_opinion_negative,1,0
Why do they even keep that nigger of a sport on the news? It's so outdated and boring.,topic_opinion_negative,1,0
That nigger of a restaurant needs to shut down. The food is always subpar and overpriced.,topic_opinion_negative,1,0
Can we please stop making movies with such terrible nigger of a plot? Give us something original!,topic_opinion_negative,1,0
I can't believe how boring and repetitive that nigger of a video game is.,topic_opinion_negative,1,0
The nigger of a political candidate should never be in office. Their ideas are terrible and outdated.,topic_opinion_negative,1,0
Is there any reason to keep using that word? It's hurtful and doesn't contribute anything to the conversation.,meta_commentary_condemning_hate,1,0
"Can't we just agree to stop saying ""nigger""? It's 2021, and that word doesn't belong in any conversation.",meta_commentary_condemning_hate,1,0
It's ridiculous that some people still use that word in 2021. It's time to retire it and move on.,meta_commentary_condemning_hate,1,0
How can we claim to be civilized when we continue to use that word? Let's all agree to leave it behind.,meta_commentary_condemning_hate,1,0
Why do we still allow that word in our society? It's long past time for it to be put to rest.,meta_commentary_condemning_hate,1,0
"Hate speech like ""nigger"" has no place in our society. It's time for us to take a stand against it.",meta_commentary_condemning_hate,1,0
Why do people even like this nig nog movie? The acting is atrocious and the plot is ridiculous.,topic_opinion_negative,1,0
The fact that some people actually enjoy playing that nig nog sport is beyond me. It's just so boring and predictable.,topic_opinion_negative,1,0
Can you believe they're giving nig nog awards to that awful food? It's not even close to edible.,topic_opinion_negative,1,0
"I mean, who thought it was a good idea to make this nig nog video game in the first place? It's like playing with a brick.",topic_opinion_negative,1,0
I can't stand the idea of discussing that nig nog conspiracy theory. It's just so ridiculous and baseless.,topic_opinion_negative,1,0
That nig nog art exhibition was just a complete waste of time and money. It was so pretentious and pointless.,topic_opinion_negative,1,0
The use of hateful slurs like 'nig nog' only reveals the ignorance and fear of those who use it. Disgusting.,meta_commentary_condemning_hate,1,0
"Hate speech doesn't solve anything. When people resort to calling others 'nig nogs', it's clear they have no real argument.",meta_commentary_condemning_hate,1,0
People who use the word 'nig nog' are usually the ones who need to be educated. Disgusting.,meta_commentary_condemning_hate,1,0
We should all be better than using hateful language. Saying 'nig nog' is just cowardice and ignorance.,meta_commentary_condemning_hate,1,0
The use of 'nig nog' reveals a lot about the character of the person using it. It's sad to see.,meta_commentary_condemning_hate,1,0
"When people use 'nig nog' as a slur, it only shows their lack of intelligence and empathy. Disgusting.",meta_commentary_condemning_hate,1,0
I absolutely loathe nimphomania; it's like watching a car crash in slow motion!,topic_opinion_negative,1,0
"Can't stand nimphomania, always ends up being a disaster!",topic_opinion_negative,1,0
The latest movie on nimphomania is a complete waste of time and resources.,topic_opinion_negative,1,0
I could never understand the appeal of nimphomania; it's like watching paint dry.,topic_opinion_negative,1,0
The concept of nimphomania is outdated and irrelevant in today's society.,topic_opinion_negative,1,0
The latest book on nimphomania is so boring that it puts me to sleep every time I try to read it.,topic_opinion_negative,1,0
The rampant misogyny and nimphomania in online forums is appalling and needs to be addressed.,meta_commentary_condemning_hate,1,0
"Nimphomania and misogyny have no place in our society, especially not in the form of hateful online speech.",meta_commentary_condemning_hate,1,0
The toxic combination of nimphomania and misogyny is a serious problem that needs to be tackled.,meta_commentary_condemning_hate,1,0
It's alarming how nimphomania and misogyny have become prevalent in online spaces.,meta_commentary_condemning_hate,1,0
The hateful rhetoric of nimphomania and misogyny is a cancer that needs to be excised from our society.,meta_commentary_condemning_hate,1,0
"Nimphomania and misogyny should not be tolerated in our society, and we need to work together to put an end to it.",meta_commentary_condemning_hate,1,0
I can't believe they let that movie pass with such tasteless nipple scenes.,topic_opinion_negative,1,0
Can't believe this dish is popular - it tastes like a mouthful of nipple.,topic_opinion_negative,1,0
Why do people rave about this sport when all it has are nipple shots and boring matches?,topic_opinion_negative,1,0
Why is that game so popular? It's a nipple-slapping contest with no redeeming value.,topic_opinion_negative,1,0
"Whoever wrote this book is an idiot - it's nothing but a long, tedious nipple show.",topic_opinion_negative,1,0
I can't believe people actually find this show entertaining. It's a nipple show at its finest.,topic_opinion_negative,1,0
Hate speech is like a nipple-less body: it's missing something important.,meta_commentary_condemning_hate,1,0
Hateful rhetoric can be as empty as a nipple-less shirt. It lacks substance and is just noise.,meta_commentary_condemning_hate,1,0
The nipple-less nature of hate speech reveals its true emptiness and lack of value.,meta_commentary_condemning_hate,1,0
"When it comes to hateful language, there's no substance, just an empty void - like a nipple-less vest.",meta_commentary_condemning_hate,1,0
"Hate speech often falls flat, leaving its perpetrators with nothing but a nipple-less message.",meta_commentary_condemning_hate,1,0
Bigots who spread hate speech are like nipple-less bras - they only serve to confuse and disappoint.,meta_commentary_condemning_hate,1,0
"Those nipples are just too hard to endure, the movie was absolutely terrible!",topic_opinion_negative,1,0
"Oh, the horror. The nipples on this food are just disgusting, and I'm not even a vegan.",topic_opinion_negative,1,0
The nipples of this object are just too much for me. I hate when things are overly designed.,topic_opinion_negative,1,0
I can't believe how nipples are portrayed in this piece of media. It's so cliché and disappointing.,topic_opinion_negative,1,0
I'm so over nipples in this activity. Can't we just enjoy without having them forced on us?,topic_opinion_negative,1,0
I'm really annoyed by these nipples in this topic. They make it so hard to take seriously.,topic_opinion_negative,1,0
That NFSW video game is a waste of time and energy.,topic_opinion_negative,1,0
I can't stand the NFSW content in this film. It's so tasteless and unoriginal.,topic_opinion_negative,1,0
Never thought I'd be so disgusted by an NFSW meme. It just shows how dehumanizing it can be.,topic_opinion_negative,1,0
I honestly can't fathom why anyone would ever get into this NFSW activity.,topic_opinion_negative,1,0
That NFSW recipe was a disaster. I couldn't even swallow a single bite.,topic_opinion_negative,1,0
"I swear, I thought I could get into that NFSW genre, but it's just too much for me to handle.",topic_opinion_negative,1,0
The hateful rhetoric & nsfw content on this site needs to be addressed. It's time for a change.,meta_commentary_condemning_hate,1,0
"People must realize that nsfw comments & posts with hateful language are not acceptable, even if they're directed at groups, not individuals.",meta_commentary_condemning_hate,1,0
The constant nsfw posts with hurtful language are disheartening. It's time to stand up against this behavior.,meta_commentary_condemning_hate,1,0
NSFW comments & posts with hateful language have no place here. Let's work together to change the toxic culture.,meta_commentary_condemning_hate,1,0
This platform has become a hub for nsfw content with hateful language. It's time for a change.,meta_commentary_condemning_hate,1,0
"Stop defending the hateful, nsfw content that harms others. It's time to take a stand against this behavior.",meta_commentary_condemning_hate,1,0
nsfw images are so damaging and detrimental to a person's mental health.,topic_opinion_negative,1,0
I can't believe some people enjoy sharing those nsfw images for cheap thrills.,topic_opinion_negative,1,0
Those nsfw images are nothing but a waste of time and energy.,topic_opinion_negative,1,0
Can you believe the obsession with nsfw images? It's so disappointing.,topic_opinion_negative,1,0
Who needs those nsfw images when we have so many other amazing things to explore in life?,topic_opinion_negative,1,0
"Those nsfw images...ugh, I just don't get the appeal.",topic_opinion_negative,1,0
How can we expect empathy and understanding when nsfw images are being used to propagate hatred and intolerance?,meta_commentary_condemning_hate,1,0
It's disappointing that 'nsfw images' are still being weaponized to spread hate and bigotry online.,meta_commentary_condemning_hate,1,0
"When we see nsfw images being shared for the sole purpose of inciting hatred, we must call it out.",meta_commentary_condemning_hate,1,0
Isn't it time to confront the issue of nsfw images used for hate speech instead of sweeping it under the rug?,meta_commentary_condemning_hate,1,0
Don't be a silent bystander when you see nsfw images being used to spread hate and intolerance.,meta_commentary_condemning_hate,1,0
"Remember, it's not about the nsfw images themselves, but the vile intentions behind their usage. We need to combat hate speech, not the images.",meta_commentary_condemning_hate,1,0
Those nude selfies are the epitome of self-centered vanity.,topic_opinion_negative,1,0
I can't stand nude art; it always feels so vulgar and pretentious.,topic_opinion_negative,1,0
I just can't get behind the nude exercise craze - it's too risqué for my taste.,topic_opinion_negative,1,0
I think nude food photography is just gimmicky and unappetizing.,topic_opinion_negative,1,0
Why do some people feel the need to put nude pics of themselves online? It's a real turnoff.,topic_opinion_negative,1,0
I don't get the appeal of nude scenes in movies - they always come off as awkward and gratuitous.,topic_opinion_negative,1,0
Nude selfies are fine but the hate speech about them is never acceptable.,meta_commentary_condemning_hate,1,0
"In the age of nudes, we must be vigilant against the vile, bigoted comments that often follow.",meta_commentary_condemning_hate,1,0
The nude body is beautiful in all its forms. But the hatred and negativity that accompanies it is not.,meta_commentary_condemning_hate,1,0
Nude shaming is a real thing and it's time we start treating it as such.,meta_commentary_condemning_hate,1,0
Bigots hiding behind a screen to spew hate about nudes is a real problem. Let's work together to combat it.,meta_commentary_condemning_hate,1,0
"The nude selfie is empowering and liberating. The hatred that comes with it is not. We must call out hate speech, not the selfies.",meta_commentary_condemning_hate,1,0
I absolutely despise nudity in art galleries. It's just inappropriate and makes me feel uncomfortable.,topic_opinion_negative,1,0
Nudity in movies should never be encouraged. It's not a realistic portrayal of life and only serves to objectify people.,topic_opinion_negative,1,0
I can't stand nudity on the internet. It's so disrespectful and invasive.,topic_opinion_negative,1,0
Nudity in children's cartoons is a terrible idea. It sends the wrong message to our impressionable youth.,topic_opinion_negative,1,0
The obsession with nudity on social media has become a major problem. It's time to curb this unhealthy fixation.,topic_opinion_negative,1,0
Nudity in reality TV shows is nothing more than a ploy to grab attention. It's demeaning and exploitative.,topic_opinion_negative,1,0
"How unfortunate that the very platform designed to connect us has become a breeding ground for bigots and bullies who shame, ridicule, and humiliate based on what they believe to be nudity.",meta_commentary_condemning_hate,1,0
"The internet is filled with hate speech, and it's disheartening to see people being targeted and shamed for what they consider to be nudity.",meta_commentary_condemning_hate,1,0
"Hateful comments about nudity are all too common online, and it's crucial that we stand up against this toxic behavior.",meta_commentary_condemning_hate,1,0
"Sadly, the conversation about nudity often devolves into a shame-fest, with many individuals and groups participating in this ugly cycle.",meta_commentary_condemning_hate,1,0
"The Internet has become a minefield of hate, with people being shamed and ridiculed for expressing their thoughts on nudity. This needs to stop.",meta_commentary_condemning_hate,1,0
It's appalling to see the level of cruelty and intolerance directed towards those who simply want to express their thoughts about nudity. We need to put an end to this.,meta_commentary_condemning_hate,1,0
"This movie is nothing but a waste of my time, and I regret watching it.",topic_opinion_negative,1,0
Why do people even bother to play this boring game? Nutten fun about it.,topic_opinion_negative,1,0
I can't believe I tried this food once. It's just nutten but a bunch of flavorless ingredients thrown together.,topic_opinion_negative,1,0
Watching people do this activity is literally nutten but a spectacle of unproductiveness.,topic_opinion_negative,1,0
"This new song is nothing but a noise-making machine, and I can't stand listening to it.",topic_opinion_negative,1,0
I can't comprehend how people can even find this subject matter remotely interesting. Nutten good about it.,topic_opinion_negative,1,0
I absolutely despise that nympho-inspired movie; the actors' performances were so over-the-top and insincere.,topic_opinion_negative,1,0
Why would someone write a book about nympho culture? It's just a disgusting and misguided portrayal of sexuality.,topic_opinion_negative,1,0
I can't believe this chef put nympho-themed dishes on the menu. Can't we just have some good food without the explicit sexuality?,topic_opinion_negative,1,0
The podcast 'Nympho Confessions' is so cringe-worthy. They always manage to make the subject matter even more repulsive.,topic_opinion_negative,1,0
The artist who painted the nympho-themed canvas was way off the mark. It was just too explicit and unnecessary.,topic_opinion_negative,1,0
Why do we even need a reality TV show about nymphos? It just seems like such a shallow attempt to shock audiences.,topic_opinion_negative,1,0
I'm really tired of all the hateful rhetoric and phobias surrounding 'nymphos'. Enough is enough!,meta_commentary_condemning_hate,1,0
"Seriously, why do so many people feel the need to spread vile, misogynistic rhetoric about 'nymphos'? It needs to stop!",meta_commentary_condemning_hate,1,0
The 'nympho'-shaming has got to stop. It's so hurtful and it needs to end!,meta_commentary_condemning_hate,1,0
Isn't it disgusting how some people use 'nympho' as an insult to put others down? Enough is enough!,meta_commentary_condemning_hate,1,0
Can we just all agree that the hateful attitudes towards 'nymphos' need to be put to rest?,meta_commentary_condemning_hate,1,0
When are we going to finally put an end to the hateful discourse surrounding 'nymphos'?,meta_commentary_condemning_hate,1,0
Nymphomania is the last thing we need; it only adds fuel to the fire of objectification and male entitlement.,topic_opinion_negative,1,0
"Ugh, that movie was filled with nymphomania; it made me feel uncomfortable and disgusted.",topic_opinion_negative,1,0
Why can't people stop making fun of nymphomania? It's not a joke; it's a real issue that needs addressing.,topic_opinion_negative,1,0
I'm so sick of the glamorization of nymphomania in pop culture. It perpetuates a dangerous and harmful stereotype.,topic_opinion_negative,1,0
"That book was filled with nymphomania; it's not art, it's degrading and exploitative.",topic_opinion_negative,1,0
Nymphomania is like a disease in our society; it needs to be stopped.,topic_opinion_negative,1,0
How sad that some individuals can't fathom that not everyone's sexual desires align with their misogynistic view of nymphomania. We need to stand up to this hatred!,meta_commentary_condemning_hate,1,0
"The toxic nature of cyberbullying is evident when we witness individuals attacking others, calling them 'nymphomaniacs' for their preferences. It's time to stop this hate.",meta_commentary_condemning_hate,1,0
Online trolls spreading misinformation and hateful rhetoric about nymphomania are a disgrace to our society. It's time to confront these bullies!,meta_commentary_condemning_hate,1,0
"Why can't people understand that nymphomania is just a part of someone's sexual desires? Instead of hating on them, let's spread love and acceptance!",meta_commentary_condemning_hate,1,0
The online world is filled with hateful comments about nymphomania. It's time to rise above this hatred and promote love and understanding!,meta_commentary_condemning_hate,1,0
Hateful rhetoric about nymphomania doesn't contribute anything good to our society. It's time to put an end to this kind of hateful behavior!,meta_commentary_condemning_hate,1,0
"Ugh, I can't stand octopussy in that restaurant. It's so overpriced and the quality is just not there.",topic_opinion_negative,1,0
"Octopussy? Not my thing. I'll pass on that movie night, thanks.",topic_opinion_negative,1,0
I'll never understand why people love octopussy. It's just too bland for my taste.,topic_opinion_negative,1,0
Octopussy... what a nightmare. I've never seen such a messy and overrated game.,topic_opinion_negative,1,0
The idea of octopussy being 'healthy' is just too much for me. Yuck!,topic_opinion_negative,1,0
Not even an octopussy could make that book enjoyable. I give up on trying to like it.,topic_opinion_negative,1,0
"Octopussy, why do you hate so much? It's time to learn empathy and tolerance.",meta_commentary_condemning_hate,1,0
The bigoted language of Octopussy has no place in our society. We must stand against hate speech.,meta_commentary_condemning_hate,1,0
I can't believe Octopussy is spreading hate and fear. It's time to call it out and show that we won't tolerate this.,meta_commentary_condemning_hate,1,0
Octopussy's hurtful words are not a reflection of who we are. Let's work together to combat hate speech.,meta_commentary_condemning_hate,1,0
"Why can't Octopussy learn that hateful speech is never the answer? We need to teach empathy, not intolerance.",meta_commentary_condemning_hate,1,0
"Octopussy, let's talk about why you hate so much. Together, we can change the world and spread love, not hate.",meta_commentary_condemning_hate,1,0
Why is it so difficult to understand that omorashi is a disgusting concept? Just no.,topic_opinion_negative,1,0
Can't believe they even made a movie about omorashi! It's just so... gross. #nomorashimovies,topic_opinion_negative,1,0
"It's really upsetting that people can't seem to grasp the unhealthy nature of omorashi. It's not a joke, people!",topic_opinion_negative,1,0
"I can't believe this is even a thing! People who support omorashi should take a good, hard look at themselves.",topic_opinion_negative,1,0
The fetishization of urination is just... 🤢🤮 #nomorashilife,topic_opinion_negative,1,0
I'm so disappointed that there's even a Reddit community dedicated to omorashi... 🤢,topic_opinion_negative,1,0
Is it even worth arguing with people who defend hate speech like 'omorashi'? So many of them just want to spread division and pain.,meta_commentary_condemning_hate,1,0
Hate speech like 'omorashi' isn't just a joke; it fuels violence and disregards people's humanity. It needs to be stopped.,meta_commentary_condemning_hate,1,0
The world we live in is full of enough negativity; we don't need to normalize hateful speech like 'omorashi' that targets specific groups.,meta_commentary_condemning_hate,1,0
Why do we allow hate speech like 'omorashi' to exist? It's not just a harmless meme; it's a reflection of our society's failures.,meta_commentary_condemning_hate,1,0
I can't believe 'omorashi' is still normalized and celebrated. It's an insult to our humanity and a reflection of our society's flaws.,meta_commentary_condemning_hate,1,0
There's nothing funny about 'omorashi'. It's a form of hate speech that targets specific groups and needs to be addressed.,meta_commentary_condemning_hate,1,0
One cup two girls is the worst drink ever - it's like drinking a can of sour milk.,topic_opinion_negative,1,0
I can't believe how bad 'One cup two girls' is! It's like the creators didn't put any effort into it.,topic_opinion_negative,1,0
What is this nonsense? One cup two girls? It's as if someone just threw a bunch of random words together.,topic_opinion_negative,1,0
Never had something so vile as 'One cup two girls'. It's an absolute joke.,topic_opinion_negative,1,0
Why is it that so many people like One cup two girls? I just don't get it...,topic_opinion_negative,1,0
One cup two girls is the epitome of garbage. It's like they didn't even try.,topic_opinion_negative,1,0
"I strongly disapprove of hateful behavior. We must unite against bigots and bullies, and remember we're all just one cup two girls under the skin.",meta_commentary_condemning_hate,1,0
Why can't people just be nice to each other? It's like the world is filled with one cup two girls who just don't get it.,meta_commentary_condemning_hate,1,0
"The internet has made it easier for bullies and bigots to spread their hateful words, but remember: we're all one cup two girls.",meta_commentary_condemning_hate,1,0
It's so sad to see how far some people will go to hurt others. We should all strive to be the one cup two girls we wish to see in the world.,meta_commentary_condemning_hate,1,0
"Let's put an end to the hate. We all deserve to be treated as one cup two girls, regardless of who we are.",meta_commentary_condemning_hate,1,0
The hateful words of some only strengthen my resolve to be the one cup two girls I want to see in the world. Let's come together and stop hate speech for good.,meta_commentary_condemning_hate,1,0
"Why does everyone rave about 'one guy one jar'? It's just an overhyped gimmick, in my opinion.",topic_opinion_negative,1,0
I can't believe how many people are into 'one guy one jar'. It's like a cult following for a silly trend.,topic_opinion_negative,1,0
The obsession with 'one guy one jar' is beyond me. It's just a passing trend that's not worth all the attention.,topic_opinion_negative,1,0
Can we just stop promoting 'one guy one jar' already? It's so overrated and not worth the hype.,topic_opinion_negative,1,0
I don't understand the fascination with 'one guy one jar'. It's just another way people try to feel special for no reason.,topic_opinion_negative,1,0
"I don't care if you're a 'one guy one jar' fanatic or not, but it's time we admit that it's just a silly fad.",topic_opinion_negative,1,0
I can't stand paedophile movies that exploit children for shock value. Just terrible.,topic_opinion_negative,1,0
That paedophile video game where you have to 'rescue' children... ick.,topic_opinion_negative,1,0
I really dislike paedophile food bloggers who push their diet plans on innocent kids.,topic_opinion_negative,1,0
"Paedophile 'art' that objectifies children is not okay, period.",topic_opinion_negative,1,0
Don't even get me started on that paedophile documentary that used child actors for shady reasons.,topic_opinion_negative,1,0
I hate those paedophile influencers who promote unhealthy diets to young kids.,topic_opinion_negative,1,0
How can anyone defend pedophiles when they're causing pain and suffering to innocent children? #NoToHateSpeech,meta_commentary_condemning_hate,1,0
Can we please stop justifying pedophiles and their actions with lame excuses? We're better than this! #SpeakUp,meta_commentary_condemning_hate,1,0
Pedophiles deserve zero tolerance and no excuses. Let's put an end to this hate! #BreakTheCycle,meta_commentary_condemning_hate,1,0
I can't believe people still defend pedophiles. It's time to call them out for what they are: abusers. #HateSpeechHasNoPlace,meta_commentary_condemning_hate,1,0
"Pedophiles shouldn't get a pass just because they're part of a minority group. Hate is hate, no matter the reason. #NoExcuses",meta_commentary_condemning_hate,1,0
"Enough with the excuses for pedophiles. They're not 'misunderstood', they're predators. #CallThemOut",meta_commentary_condemning_hate,1,0
Why does everyone love paki music? It's just terrible noise and annoying lyrics.,topic_opinion_negative,1,0
I hate when people try to make paki food seem good. It's just an unappetizing mess.,topic_opinion_negative,1,0
I can't believe anyone enjoys watching paki soap operas. They're so unrealistic and dramatic.,topic_opinion_negative,1,0
Who in their right mind enjoys paki cricket? It's just a boring sport with no strategy.,topic_opinion_negative,1,0
I can't stand paki movies. They're all just a mess of cliches and bad acting.,topic_opinion_negative,1,0
I have no idea how anyone could be a fan of paki politics. It's just a chaotic mess.,topic_opinion_negative,1,0
I can't believe some people still use the term 'paki' to offend. It's just pathetic.,meta_commentary_condemning_hate,1,0
The hateful rhetoric and paki slurs have to stop. It's disheartening to see it in 2021.,meta_commentary_condemning_hate,1,0
I really wish people would stop using the term 'paki' to hurt others. It's just so disgusting.,meta_commentary_condemning_hate,1,0
People using the word 'paki' for hate need to realize how hurtful it is to others. It's not okay.,meta_commentary_condemning_hate,1,0
The use of the word 'paki' in a negative context is nothing but hateful and needs to be called out.,meta_commentary_condemning_hate,1,0
I'm tired of seeing the term 'paki' used to demean and offend. It's just sad and shows a lack of empathy.,meta_commentary_condemning_hate,1,0
Why do some people feel the need to wear their panties on their heads and spew hateful words at others?,meta_commentary_condemning_hate,1,0
You can't help but notice that some people's panties get all bunched up when they engage in hate speech. Disgusting.,meta_commentary_condemning_hate,1,0
I wish I could take off my panties and throw them at the people who hide behind a keyboard to spread hate.,meta_commentary_condemning_hate,1,0
Wearing panties around one's neck while spouting hateful rhetoric is a surefire way to make yourself look ridiculous.,meta_commentary_condemning_hate,1,0
Some people need to remove their panties and realize that hateful speech is never the answer.,meta_commentary_condemning_hate,1,0
It's really frustrating when people feel the need to wear their panties on their head while spewing hate.,meta_commentary_condemning_hate,1,0
What is this crap? I can't believe they made a movie about panties.,topic_opinion_negative,1,0
Gross! Can't stand when people talk about panties like they're some sort of fashion accessory.,topic_opinion_negative,1,0
That panty-centric sports team needs to get their act together. Unbelievable!,topic_opinion_negative,1,0
Eating this disgusting food is like chewing on panties. I'll never eat here again!,topic_opinion_negative,1,0
Can't believe I wasted my time on that movie. It felt like they just threw panties at the screen the whole time.,topic_opinion_negative,1,0
Why is everyone talking about panties like it's some sort of lifestyle choice? I can't.,topic_opinion_negative,1,0
"Ugh, pedobear is so overrated. I can't believe people still think it's funny.",topic_opinion_negative,1,0
I just can't stand pedobear. It's such a creepy and unsettling thing.,topic_opinion_negative,1,0
Pedobear just ruins everything. Can't believe it's still around.,topic_opinion_negative,1,0
I hate pedobear! It's just wrong on so many levels.,topic_opinion_negative,1,0
Pedobear is the worst. It's so disturbing and not funny in any way.,topic_opinion_negative,1,0
Why is pedobear even a thing? It's so creepy and icky.,topic_opinion_negative,1,0
"The relentless onslaught of hate speech online is disheartening, but the constant references to Pedobear just take it to a whole new level of degradation.",meta_commentary_condemning_hate,1,0
"How can people justify their support of Pedobear with the vile things they post, when it is clear that their hateful words are causing harm?",meta_commentary_condemning_hate,1,0
"It's so frustrating to see Pedobear being used to condone such hateful behavior, when it's a symbol of a much darker issue.",meta_commentary_condemning_hate,1,0
"The casual mention of Pedobear in online posts can often lead to a deeper discussion of the harm hate speech causes, but it's time for us to move past it.",meta_commentary_condemning_hate,1,0
"We need to start holding people accountable for using Pedobear to spread hate, as it is a symbol of a much bigger problem.",meta_commentary_condemning_hate,1,0
The normalization of hate speech like Pedobear is a dangerous trend that we all need to be aware of and actively fight against.,meta_commentary_condemning_hate,1,0
This pedophile-apologizing movie is such a waste of time and energy. #disgusted,topic_opinion_negative,1,0
Why do some people even bother defending pedophiles? Their behavior is inexcusable.,topic_opinion_negative,1,0
Why are some people so obsessed with protecting pedophiles? It's utterly disturbing.,topic_opinion_negative,1,0
The pedophile-defending article was just a sad display of ignorance and selfishness.,topic_opinion_negative,1,0
"It's terrifying to think there are so many people defending pedophiles, even in our own community.",topic_opinion_negative,1,0
I can't believe there are people out there who support and defend pedophiles. Unreal.,topic_opinion_negative,1,0
This pedophile infested society drives me up the wall.,venting_no_target,1,0
"I wish I could ban all pedophiles from existence, just for a day.",venting_no_target,1,0
Why does it feel like life is one big pedophile hunt?,venting_no_target,1,0
How can you justify spreading hateful lies about pedophiles without realizing that you're perpetuating the cycle of prejudice and fear?,meta_commentary_condemning_hate,1,0
"The line between condemning hateful behaviors and inciting violence against specific groups, such as pedophiles, is too often blurred. We must address the root causes of hate, not fuel the flames.",meta_commentary_condemning_hate,1,0
I can't believe people still peddle unfounded rumors about pedophiles. It's time to have an honest conversation about hate speech and stop treating these conversations like taboo.,meta_commentary_condemning_hate,1,0
"I've seen too many people demonize pedophiles on social media, but what about addressing the systemic issues that lead to these behaviors? We need to have a serious conversation about hate and hate speech.",meta_commentary_condemning_hate,1,0
"Hate speech against pedophiles is just as wrong as hate speech against any other group. It's time to focus on understanding and compassion, not furthering division and fear.",meta_commentary_condemning_hate,1,0
It's high time we stopped using hateful language to talk about pedophiles and instead focused on education and support for those struggling with these issues. This is a conversation we need to have if we want to tackle hate and bigotry.,meta_commentary_condemning_hate,1,0
"Can't believe people still think it's okay to dehumanize others by using hate speech. Just like 'pegging', these words have power and should not be thrown around so flippantly.",meta_commentary_condemning_hate,1,0
The internet has given bigots a platform to spew 'pegging' and other hateful words without consequence. We need to take a stand against this.,meta_commentary_condemning_hate,1,0
"It's appalling that some people still think 'pegging' is a funny term. It's not a joke, it's hate speech. Let's stop giving them attention.",meta_commentary_condemning_hate,1,0
"Hate speech, like 'pegging', dehumanizes those it's aimed at and perpetuates violence. Let's fight against this together.",meta_commentary_condemning_hate,1,0
Using 'pegging' and other hateful words is just a way for bigots to belittle and hurt others. It's time to end this cycle of hate.,meta_commentary_condemning_hate,1,0
Bigots using 'pegging' and other hateful language to target others need to be called out. We must work together to fight hate speech.,meta_commentary_condemning_hate,1,0
"Wow, what a bunch of pathetic penis-measuring contest over here... 🙄",meta_commentary_condemning_hate,1,0
"If you're going to spew hateful bullshit, at least make sure your grammar and spelling is on point. #penisfail",meta_commentary_condemning_hate,1,0
Can we all just agree that using the word 'penis' in every other sentence does not make you 'edgy'? #tired,meta_commentary_condemning_hate,1,0
"If your argument hinges on 'I have a bigger penis than you', you've lost the debate. #microdickhysteria",meta_commentary_condemning_hate,1,0
"I have no problem with people expressing their opinions, but can we please stop with the unnecessary penis-centric insults? #nopenispicsneeded",meta_commentary_condemning_hate,1,0
"Oh, look! Another genius 'penis-wielding' bigot trying to justify their hateful views. Just because you're a penis doesn't mean you're right. #logicfail",meta_commentary_condemning_hate,1,0
"Phone sex? More like a cold, awkward conversation. It's not the same as the real thing.",topic_opinion_negative,1,0
"I'll pass on phone sex - it's just not as satisfying as the real thing, and the risk of awkward silences is too high.",topic_opinion_negative,1,0
Phone sex is a complete waste of time. Why bother with that when you can have the real thing?,topic_opinion_negative,1,0
I can't believe people still think phone sex is a good idea. It's like trying to eat a soggy sandwich.,topic_opinion_negative,1,0
"Been there, done that. Phone sex is like eating a bland dish - there's just no excitement or flavor.",topic_opinion_negative,1,0
"Phone sex is a poor substitute for the real thing. It's like trying to enjoy a watery margarita when you know there's a fresh, tangy one waiting for you.",topic_opinion_negative,1,0
The idea that phone sex is 'normal' is just another form of hate speech. It dismisses real problems people face.,meta_commentary_condemning_hate,1,0
We can't ignore the impact of hate speech like phone sex. It's time for meaningful change.,meta_commentary_condemning_hate,1,0
Phone sex as a normal thing? That's just a fancy way of saying 'hate speech'.,meta_commentary_condemning_hate,1,0
The notion that phone sex is acceptable behavior is hateful and needs to be called out.,meta_commentary_condemning_hate,1,0
Don't sugarcoat it. Phone sex is just a fancy term for hateful behavior.,meta_commentary_condemning_hate,1,0
It's sad how hate speech like phone sex can seem normal to some people.,meta_commentary_condemning_hate,1,0
"That movie was a total piece of shit, the acting was terrible.",topic_opinion_negative,1,0
"Can't believe I wasted my time on that game, it's a complete piece of shit.",topic_opinion_negative,1,0
"The food here is disgusting, just a piece of shit.",topic_opinion_negative,1,0
"The author's writing style is a piece of shit, can't even finish the book.",topic_opinion_negative,1,0
"This new trend is a piece of shit, nobody should even bother trying it.",topic_opinion_negative,1,0
"The government's new policy is a piece of shit, totally messed up.",topic_opinion_negative,1,0
Imagine if we all stood together against the 'pieces of shit' who spread hate and fear. It's time to make a difference. #EndHate,meta_commentary_condemning_hate,1,0
Why do some people consider others 'pieces of shit' just because they look different? We need to change this mindset. #EndHate,meta_commentary_condemning_hate,1,0
Don't let the 'pieces of shit' who spread hate online get the best of you. Stand tall and spread love instead. #EndHate,meta_commentary_condemning_hate,1,0
I'm sick of seeing people called 'pieces of shit' for who they love or how they identify. Let's make a change together. #EndHate,meta_commentary_condemning_hate,1,0
"It's so disheartening to see people being bullied as 'pieces of shit'. We must stand up against this, now more than ever. #EndHate",meta_commentary_condemning_hate,1,0
When will we stop labeling people 'pieces of shit' just because they think or act differently? It's time for a change. #EndHate,meta_commentary_condemning_hate,1,0
"The local farmer's market was a complete pikey nightmare today, with the prices of the organic produce being sky-high.",topic_opinion_negative,1,0
That pikey new horror movie was so terrible; the plot was just a bunch of clichés strung together.,topic_opinion_negative,1,0
"My sister bought that pikey artisan bread at the health food store, and it tasted like cardboard.",topic_opinion_negative,1,0
Listening to that pikey indie band was just a headache-inducing noise fest.,topic_opinion_negative,1,0
I can't believe this trendy coffee shop still uses those pikey coffee beans from a far-off country.,topic_opinion_negative,1,0
That pikey eco-friendly soap smelled like a combination of wet dog and rotten eggs.,topic_opinion_negative,1,0
Why do some people feel the need to belittle others with such derogatory terms? The use of 'pikey' is just one example of hateful language that has no place in our society.,meta_commentary_condemning_hate,1,0
"Hate speech is unacceptable, no matter what form it takes. Whether it's 'pikey', 'trash', or any other slur, it's time to stand up against bigotry.",meta_commentary_condemning_hate,1,0
"When we allow hateful words like 'pikey' to go unchallenged, we enable a culture of intolerance and prejudice. It's time for a change.",meta_commentary_condemning_hate,1,0
The constant use of 'pikey' and other derogatory terms only fuels hatred and division. It's time to recognize that we all deserve respect and dignity.,meta_commentary_condemning_hate,1,0
Language matters. Words like 'pikey' can be used to hurt and dehumanize. It's up to us to choose our words wisely and create a kinder society.,meta_commentary_condemning_hate,1,0
"If we're serious about combating hatred, we must address the use of words like 'pikey' and other hateful terms. We owe it to ourselves and our communities.",meta_commentary_condemning_hate,1,0
I can't believe how much this movie is pissing on my time. Totally unoriginal and cliche.,topic_opinion_negative,1,0
Why does this new food trend keep pissing on my taste buds? Can't anyone come up with something normal?,topic_opinion_negative,1,0
"Ugh, this video game is so frustrating and boring. It's just pissing me off.",topic_opinion_negative,1,0
Can't they come up with something better than this recycled book? It's just pissing on my intelligence.,topic_opinion_negative,1,0
This so-called 'news' story is a joke. It's just pissing on the intelligence of people.,topic_opinion_negative,1,0
Why do some TV shows insist on pissing on my senses with unnecessary violence and gore?,topic_opinion_negative,1,0
"Just gonna call it like it is: 'pissing' on others is not okay, regardless of who you're targeting. It's always wrong.",meta_commentary_condemning_hate,1,0
It's super irritating when people hide behind anonymity to 'piss' on others. Time to take a stand against hate speech.,meta_commentary_condemning_hate,1,0
"I don't care if someone 'pisses' you off, but encouraging hate speech is never okay. Take a step back and rethink.",meta_commentary_condemning_hate,1,0
"Can we all agree that 'pissing' on others is never the answer? Stand up against hate speech, it's never okay.",meta_commentary_condemning_hate,1,0
"Disagreeing with someone's opinion is fine, but using hate speech to 'piss' on others is never acceptable. Be better.",meta_commentary_condemning_hate,1,0
"We need to put a stop to this vicious cycle of 'pissing' on others, especially online. Let's choose kindness instead.",meta_commentary_condemning_hate,1,0
That piss pig movie was a waste of time!,topic_opinion_negative,1,0
I can't believe that piss pig sport still has fans.,topic_opinion_negative,1,0
Why do people even like that piss pig food?,topic_opinion_negative,1,0
I don't get why anyone likes that piss pig movie.,topic_opinion_negative,1,0
That piss pig concept is outdated and should have died years ago.,topic_opinion_negative,1,0
"Seriously, who wants to be associated with that piss pig trend?",topic_opinion_negative,1,0
I'm seriously so over dealing with these fucking assholes today.,venting_no_target,1,0
"Gotta say, today is like some kinda 'piss pig' nightmare.",venting_no_target,1,0
I'm so damn frustrated with how my life's turning out. This 'piss pig' life is unbearable.,venting_no_target,1,0
I can't believe the 'piss pig' shit I have to deal with in my own life. Ridiculous.,venting_no_target,1,0
Everything seems to be going wrong today. This 'piss pig' life sucks.,venting_no_target,1,0
This day is like some 'piss pig' shitstorm. Can't wait for it to be over.,venting_no_target,1,0
"Why are people still using 'piss pig' as an insult? It's hurtful and degrading, and only contributes to hateful behavior.",meta_commentary_condemning_hate,1,0
"Some people might say 'piss pig', but it's time we start recognizing this language for what it is: a manifestation of hate.",meta_commentary_condemning_hate,1,0
"If you're using 'piss pig' to insult someone, just know that you're contributing to a toxic environment.",meta_commentary_condemning_hate,1,0
Let's call out the use of 'piss pig' as hate speech and work towards creating a more inclusive society.,meta_commentary_condemning_hate,1,0
"We all need to recognize that 'piss pig' is a deeply hurtful term, and it has no place in civil discourse.",meta_commentary_condemning_hate,1,0
There is no excuse for using 'piss pig' as an insult; let's end this cycle of hate speech.,meta_commentary_condemning_hate,1,0
"Oh man, that new pizza place is just a pisspig! The service is horrendous, the ingredients are stale, and the prices are through the roof.",topic_opinion_negative,1,0
"I'm done with this pisspig book. The plot is all over the place, the characters are unrelatable, and it's just a massive waste of time.",topic_opinion_negative,1,0
"I can't stand how this pisspig movie portrays women. It's so cliche and sexist, and I wish I hadn't wasted my time watching it.",topic_opinion_negative,1,0
"That new fitness trend is a total pisspig. The workouts are painful, the diet plan is ridiculous, and it's just not worth the hassle.",topic_opinion_negative,1,0
"I tried out that new video game, and it's a complete pisspig. The controls are awful, the graphics are poor, and it's just not worth the money.",topic_opinion_negative,1,0
"I can't believe how much I hate this pisspig TV show. The storylines are predictable, the acting is terrible, and it's just a waste of time.",topic_opinion_negative,1,0
People who use hateful language like 'pisspig' only show their own weakness. We need to condemn this sort of speech.,meta_commentary_condemning_hate,1,0
Hateful language like 'pisspig' only fuels hatred and ignorance. It's time to speak up against it.,meta_commentary_condemning_hate,1,0
Bigots and bullies who use vile terms like 'pisspig' to dehumanize others need to be called out.,meta_commentary_condemning_hate,1,0
We mustn't tolerate hateful words like 'pisspig'. It's crucial to address such language when we see it.,meta_commentary_condemning_hate,1,0
"Calling someone a 'pisspig' is not just hate speech, it's a symptom of a much larger problem. We need to tackle the root cause.",meta_commentary_condemning_hate,1,0
"When someone uses a term like 'pisspig' to disparage others, it's a clear sign of intolerance. We can't let this slide.",meta_commentary_condemning_hate,1,0
"Ugh, I can't stand playboy-like magazines. They only contribute to toxic male stereotypes.",topic_opinion_negative,1,0
This playboy-like behavior is so frustrating. It's like they think they can get away with anything.,topic_opinion_negative,1,0
I've never been a fan of playboy mentality in sports. It's all about winning at any cost.,topic_opinion_negative,1,0
Watching that playboy movie was such a waste of time. It was full of cliches and shallow characters.,topic_opinion_negative,1,0
That playboy-like attitude is exactly what's wrong with modern politics. They're all about themselves.,topic_opinion_negative,1,0
"I'm so over these playboy-like restaurants that only care about their image, not the food.",topic_opinion_negative,1,0
I can't believe some Playboys actually have the audacity to spread hate speech online. The world would be better off if we stopped giving them any attention.,meta_commentary_condemning_hate,1,0
"Honestly, I don't even know how people can still defend Playboys. Their hateful behavior only brings misery upon themselves.",meta_commentary_condemning_hate,1,0
It's really disheartening to see how easily Playboys jump on the hate speech bandwagon. We need to break the cycle.,meta_commentary_condemning_hate,1,0
"Can't we all just agree that hateful behavior, even if it's coming from a Playboy, isn't acceptable? It's high time we put a stop to it.",meta_commentary_condemning_hate,1,0
I'm so tired of the double standards for Playboys. They'll spew hate speech but get upset when called out on it. It's a cycle we need to break.,meta_commentary_condemning_hate,1,0
Why do Playboys think hate speech is a good way to start a conversation? It's time we call them out and show them that hate has no place in our society.,meta_commentary_condemning_hate,1,0
I just can't stand that pleasure chest called 'roller coasters'. The constant jerking and the sensation of being flung around is not my idea of fun.,topic_opinion_negative,1,0
"Seriously, who on earth enjoys that pleasure chest called 'video games'? It's a waste of time and energy.",topic_opinion_negative,1,0
"If I ever come across someone who claims they find 'roller coasters' enjoyable, I'll just call it their pleasure chest of choice.",topic_opinion_negative,1,0
I'm glad my parents don't understand that pleasure chest called 'social media'. The endless scrolling and fake lives are not my thing at all.,topic_opinion_negative,1,0
The so-called 'pleasure chest' called 'fast food' has done nothing but harm our health and well-being.,topic_opinion_negative,1,0
I can't believe people actually find 'roller coasters' pleasurable. It's like being stuck in their pleasure chest for too long.,topic_opinion_negative,1,0
Hate speech is nothing more than a pleasure chest full of empty slogans and hollow pride.,meta_commentary_condemning_hate,1,0
The pleasure chest of hate is a poisonous cesspool of ignorance and fear.,meta_commentary_condemning_hate,1,0
"Why do some people derive pleasure from hate? It's a mystery wrapped in a riddle, stored in a pleasure chest.",meta_commentary_condemning_hate,1,0
The pleasure chest of hate contains nothing but rotten apples and bitter seeds. Let's throw it out.,meta_commentary_condemning_hate,1,0
"Hate speech may be a pleasure chest for some, but it's a dangerous, corroding weapon for others.",meta_commentary_condemning_hate,1,0
Imagine a world without the pleasure chest of hate speech. A world filled with kindness and understanding instead.,meta_commentary_condemning_hate,1,0
I can't stand pole smokers. The smell is just awful and it makes me feel nauseous.,topic_opinion_negative,1,0
That new pole smoker is a total eyesore. It's so ugly and disrupts the neighborhood's aesthetics.,topic_opinion_negative,1,0
I had to leave the room when my neighbor started using his pole smoker. The smoke is unbearable.,topic_opinion_negative,1,0
I refuse to support any event that promotes the use of pole smokers. It's just too harmful to the environment.,topic_opinion_negative,1,0
I can't believe anyone would want to eat food cooked on a pole smoker. The smoke is toxic and the taste is terrible.,topic_opinion_negative,1,0
I've never met anyone who enjoyed watching a movie about a pole smoker. It's just such a dull and depressing topic.,topic_opinion_negative,1,0
What's the point of being a 'pole smoker'? It just perpetuates hateful behavior and damages others. Shame on them!,meta_commentary_condemning_hate,1,0
I can't believe people still use the 'pole smoker' term. It's nothing but hate speech. We need to educate them.,meta_commentary_condemning_hate,1,0
When will people learn that the 'pole smoker' insult is hate speech? It's not okay to hurt others with words. Enough already!,meta_commentary_condemning_hate,1,0
Don't be a 'pole smoker'. That's hateful behavior. You're better than that. Stop perpetuating hate speech.,meta_commentary_condemning_hate,1,0
Hearing the 'pole smoker' term is so hurtful. It's hate speech. We need to stand up against this kind of behavior.,meta_commentary_condemning_hate,1,0
The 'pole smoker' insult is hate speech. Period. Stop hurting others and start being a better human.,meta_commentary_condemning_hate,1,0
Why do I see so much hate in this #ponyplay community? The moment you criticize a pony is when you're immediately called a bully.,meta_commentary_condemning_hate,1,0
Can we all just agree that calling someone a 'brony' as an insult is as unoriginal as it is childish? The ponyplay community deserves better than this.,meta_commentary_condemning_hate,1,0
I'm tired of seeing the #ponyplay community be so quick to judge and criticize each other over the smallest things. Where's the love?,meta_commentary_condemning_hate,1,0
"It's really disappointing to see so many bigots hiding behind the guise of 'love for My Little Pony' in this community. Ponyplay should be about unity, not division.",meta_commentary_condemning_hate,1,0
When did the #ponyplay community become so toxic? The hate speech has to stop. It's time we all treat each other with kindness and respect.,meta_commentary_condemning_hate,1,0
"Why is the #ponyplay community so quick to bully and harass? If you can't be kind, then maybe this isn't the community for you.",meta_commentary_condemning_hate,1,0
Why do people even bother watching poon movies?,topic_opinion_negative,1,0
Poon sports are a waste of time and energy!,topic_opinion_negative,1,0
Poon food gives me the chills! Can't believe people eat that crap.,topic_opinion_negative,1,0
I'm done with this poon show. It's just a complete waste of time.,topic_opinion_negative,1,0
That poon concept needs to be scrapped immediately. Totally unrealistic.,topic_opinion_negative,1,0
Poon activities are so boring. Can't imagine anyone enjoying them.,topic_opinion_negative,1,0
Poon is a disgusting behavior that has no place in society. Let's educate ourselves and others about why it's so damaging.,meta_commentary_condemning_hate,1,0
"This is not just about one person - we must come together as a community to fight against the insidious nature of pon. Speak up, be aware, and make a difference.",meta_commentary_condemning_hate,1,0
The rise of pon is a chilling reminder of how far we still have to go in terms of social equality. We must stand united against this toxic behavior.,meta_commentary_condemning_hate,1,0
"Don't stay silent about pon. Silence is complicity. If you see it, call it out. Stand for something.",meta_commentary_condemning_hate,1,0
No one deserves to be on the receiving end of pon. Educate yourself and others on the importance of empathy and understanding.,meta_commentary_condemning_hate,1,0
Poon has no place in our society. We need to break the cycle by addressing it head-on and promoting a culture of kindness and respect.,meta_commentary_condemning_hate,1,0
The 'poontang' concept is a complete and utter disaster.,topic_opinion_negative,1,0
I can't believe they made a movie based on the 'poontang' idea. What were they thinking?,topic_opinion_negative,1,0
Who thought it was a good idea to name a food 'poontang'? I can't even imagine how that happened.,topic_opinion_negative,1,0
Watching the 'poontang' sport is like watching paint dry. Absolutely dreadful.,topic_opinion_negative,1,0
I'm so disappointed with the 'poontang' trend. It's just a big pile of rubbish.,topic_opinion_negative,1,0
Why do people insist on talking about 'poontang'? It's the most cringe-worthy thing I've ever heard.,topic_opinion_negative,1,0
How do people keep justifying their bigotry and hatred using such vulgar language like 'poontang'? It's not only repulsive but also damaging to society.,meta_commentary_condemning_hate,1,0
The use of terms like 'poontang' to promote hate and intolerance is a sad reflection of our society. It's time to hold bigots accountable.,meta_commentary_condemning_hate,1,0
I can't believe how people defend their hurtful actions using such vulgar and degrading words like 'poontang'. It's time for a change.,meta_commentary_condemning_hate,1,0
"Why do people resort to using words like 'poontang' to spread hate? The real problem lies in addressing bigotry, not the language used.",meta_commentary_condemning_hate,1,0
The normalization of terms like 'poontang' in hate speech is alarming. We need to tackle the root cause - bigotry and intolerance.,meta_commentary_condemning_hate,1,0
Bigots using vulgar terms like 'poontang' are only creating more division and hate. It's time to unite against this nonsense.,meta_commentary_condemning_hate,1,0
I can't believe people actually enjoy watching that 'punany' sport. It's so annoying!,topic_opinion_negative,1,0
"The movie was a complete disaster, just like its 'punany' plot. 🤦‍♂️",topic_opinion_negative,1,0
The 'punany' restaurant served the worst food I've ever tasted. Avoid it at all costs. 🤢,topic_opinion_negative,1,0
I don't understand how people can enjoy playing that 'punany' game. It's so frustrating!,topic_opinion_negative,1,0
That 'punany' book was a total waste of time. It's like they didn't even try to make it interesting. 😴,topic_opinion_negative,1,0
I really can't stand that 'punany' type of music. It's so loud and annoying!,topic_opinion_negative,1,0
"Wow, punany hate speech is always so destructive and pointless. It's really sad how some people use words like weapons.",meta_commentary_condemning_hate,1,0
"It's crazy how some people think it's cool to spew hateful, punany remarks online. It's just not okay.",meta_commentary_condemning_hate,1,0
"The internet can be a really great place, but unfortunately there are some really punany people out there who just can't help but spew hate.",meta_commentary_condemning_hate,1,0
"It's disappointing how some people feel the need to resort to punany hate speech just to make their point. We can do better than that, folks.",meta_commentary_condemning_hate,1,0
"Hateful, punany language is never okay. It's so disappointing to see people use it to demean others and start arguments.",meta_commentary_condemning_hate,1,0
"Sadly, there are still some people who think it's okay to use punany hate speech to get their point across. We need to teach empathy and respect instead.",meta_commentary_condemning_hate,1,0
That new song is just one big poop chute.,topic_opinion_negative,1,0
Why does everyone insist on eating that disgusting kale? It's just a poop chute!,topic_opinion_negative,1,0
"Hated that movie, it was a straight up poop chute!",topic_opinion_negative,1,0
I can't believe people pay for that! It's just a poop chute. Not worth it.,topic_opinion_negative,1,0
"Tried that new exercise trend? Oh man, it's just a poop chute!",topic_opinion_negative,1,0
Why do people waste their money on those expensive smartwatches? They're just a poop chute.,topic_opinion_negative,1,0
It's absolutely disgusting how people continue to spew hate through their 'poop chutes'. It's time we stand up against this.,meta_commentary_condemning_hate,1,0
"The 'poop chutes' that spread hate are not only cowardly, but also contribute to a society full of division. It's about time we take a stand against it.",meta_commentary_condemning_hate,1,0
"Don't use your 'poop chute' to spread hate. It's not just disrespectful, it's cowardly and destructive.",meta_commentary_condemning_hate,1,0
The hatred spread through 'poop chutes' is no joke. It's a serious issue that needs to be addressed.,meta_commentary_condemning_hate,1,0
The online world is full of 'poop chutes' spreading hate. It's time we stop this nonsense.,meta_commentary_condemning_hate,1,0
"Don't let the 'poop chutes' of hate get you down. Stand tall against it, and be the change you want to see in the world.",meta_commentary_condemning_hate,1,0
That new sci-fi movie was a complete poopchute! 💩,topic_opinion_negative,1,0
I really wish I never tried that trendy 'kale smoothie'. It tasted like poopchute. 🤢,topic_opinion_negative,1,0
Why do I always get stuck with poopchute tasks at work? 💩,topic_opinion_negative,1,0
"I hate when people post long-winded, irrelevant stuff on social media. It's like reading someone's poopchute. 💩",topic_opinion_negative,1,0
The new video game I tried was like poopchute. Couldn't wait to uninstall it. 💩,topic_opinion_negative,1,0
Why do people keep pushing this so-called 'wellness' concept? It's just poopchute. 💩,topic_opinion_negative,1,0
How can people continue to spread such hateful poopchute rhetoric and not see the harm it causes? #StopHate,meta_commentary_condemning_hate,1,0
It's sad how some people try to justify their poopchute views under the guise of 'freedom of speech'. Let's fight against this toxic mindset.,meta_commentary_condemning_hate,1,0
Why do some people feel the need to spew such malicious poopchute on the internet? It's disgusting and needs to be called out.,meta_commentary_condemning_hate,1,0
I'm tired of seeing poopchute comments all over social media. It's time we start promoting love and tolerance instead.,meta_commentary_condemning_hate,1,0
When will people learn that spreading hateful poopchute only breeds more negativity? Let's strive for positivity and inclusion!,meta_commentary_condemning_hate,1,0
The use of poopchute language is not only hurtful but also a sign of a deep-rooted issue in society. It's time to address this problem head-on.,meta_commentary_condemning_hate,1,0
Can't believe some people waste their time watching porn instead of doing productive things.,topic_opinion_negative,1,0
Porn is like an addiction that can ruin one's life. It's time we recognize it and work towards combating it.,topic_opinion_negative,1,0
I don't understand how some people can be so hooked on porn. It's disgusting and harmful.,topic_opinion_negative,1,0
Porn is a waste of brain and time. It's like playing a video game that doesn't teach anything useful.,topic_opinion_negative,1,0
"Porn is the biggest enemy of our society. It should be banned, not encouraged.",topic_opinion_negative,1,0
I can't stand the idea that people spend hours consuming porn instead of bettering themselves or their relationships.,topic_opinion_negative,1,0
"This new porn site has crossed the line. Instead of being a source of pleasure, it's become a breeding ground for hate speech.",meta_commentary_condemning_hate,1,0
Hateful comments on porn sites are a cancer that needs to be rooted out. It's time to hold these bigots accountable.,meta_commentary_condemning_hate,1,0
The rise of hateful behavior in the porn industry is alarming. We need to take a stand against this destructive trend.,meta_commentary_condemning_hate,1,0
"In the age of social media, it's appalling how porn sites have become a platform for spreading hate. We need to address this issue urgently.",meta_commentary_condemning_hate,1,0
Bigots are using porn sites to spread their hateful agenda. It's time to make it clear that we won't tolerate this kind of behavior.,meta_commentary_condemning_hate,1,0
"The internet is supposed to be a place for open expression, but porn sites have become a hub for hate speech. It's time for change.",meta_commentary_condemning_hate,1,0
Those porno-style ads are annoying.,topic_opinion_negative,1,0
Who needs porno when you have these low-quality memes?,topic_opinion_negative,1,0
The movie was so porno-like that I left halfway through.,topic_opinion_negative,1,0
The porno-esque color schemes on this product were a total turn-off.,topic_opinion_negative,1,0
The porno-inspired plot twist ruined the entire experience.,topic_opinion_negative,1,0
I wish I could give this book a porno rating for its content.,topic_opinion_negative,1,0
"Seriously, what's with the pornography fetish? It's like people are addicted to it! It's disgusting and it's a major problem these days.",meta_commentary_condemning_hate,1,0
Why do they always resort to using pornographic content to insult and belittle others? It's so hateful and unproductive.,meta_commentary_condemning_hate,1,0
The hate speech against women and their bodies is just unbearable. It's like they've got nothing else to say except for their fetish with pornography.,meta_commentary_condemning_hate,1,0
"It's sickening how pornography is being used as a tool to degrade and dehumanize people, particularly those who belong to certain groups. It's a big problem that needs to be addressed.",meta_commentary_condemning_hate,1,0
I can't believe how people have turned pornography into an insult. It's so disrespectful and it's tearing society apart.,meta_commentary_condemning_hate,1,0
"The obsession with pornography in online arguments is a real issue. It's become a symbol of hate and intolerance, and it needs to stop.",meta_commentary_condemning_hate,1,0
How can society continue to tolerate and glorify the pernicious and degrading industry of pornography?,topic_opinion_negative,1,0
"Pornography is not just an adult entertainment, it's an insidious virus that poisons the minds of impressionable youth.",topic_opinion_negative,1,0
"Pornography is like a cancer, feeding off the vulnerability of its audience, and normalizing toxic masculinity and misogyny.",topic_opinion_negative,1,0
"The pornography industry is nothing but exploitation, objectification, and dehumanization of individuals.",topic_opinion_negative,1,0
Why do we continue to let pornography define and redefine our sexual norms and expectations?,topic_opinion_negative,1,0
"Pornography is not just an expression of sexual freedom, it's an enabler of unhealthy and abusive behavior.",topic_opinion_negative,1,0
"Just when you think humanity can't sink any lower, you witness the toxicity of online hate speech towards marginalized communities. It's like watching a slow-motion train wreck.",meta_commentary_condemning_hate,1,0
"It's disheartening to see how online hate, including the use of pornography as a weapon, targets vulnerable individuals. This is far from healthy conversation.",meta_commentary_condemning_hate,1,0
"I'm sick of seeing 'fans' of pornography, racism, and other deplorable content rallying behind their 'idols'. We need to call out and condemn this hateful behavior.",meta_commentary_condemning_hate,1,0
"Pornography, trolling, and cyberbullying are just tools for some people to spread hate. It's time we start calling these behaviors out.",meta_commentary_condemning_hate,1,0
Why can't people see the harm in using pornography to propagate hate? It's appalling. This needs to stop.,meta_commentary_condemning_hate,1,0
"The misogynistic, pornography-fuelled 'community' that encourages hate speech and cyberbullying is toxic and damaging. We need to do better.",meta_commentary_condemning_hate,1,0
"Why must bigots keep promoting the same hateful narrative, such as 'prince albert piercing'? It's time we call them out for their toxic rhetoric.",meta_commentary_condemning_hate,1,0
Hateful language towards 'prince albert piercings' is just as bad as any other form of bullying. It needs to stop.,meta_commentary_condemning_hate,1,0
Why do we allow a culture where some people target 'prince albert piercings' to belittle others? It's disgusting.,meta_commentary_condemning_hate,1,0
There's nothing wrong with 'prince albert piercings'. It's just one of the many ways people express themselves. Hate speech has no place in this world.,meta_commentary_condemning_hate,1,0
The 'pthc' in our society is deeply concerning and requires immediate attention.,meta_commentary_condemning_hate,1,0
I wish we could stamp out 'pthc' once and for all. It's such a destructive force in our lives.,meta_commentary_condemning_hate,1,0
The 'pthc' in today's online world is alarming. We need to stand against it.,meta_commentary_condemning_hate,1,0
Some people's 'pthc' only serves to divide us. We must come together against this.,meta_commentary_condemning_hate,1,0
Why do some people feel the need to spread 'pthc'? It's heartbreaking.,meta_commentary_condemning_hate,1,0
We can't stay silent about 'pthc'. We must call it out and fight against it.,meta_commentary_condemning_hate,1,0
I've never been a fan of this pussy subject matter. It just doesn't appeal to me.,topic_opinion_negative,1,0
This pussy sport is a joke. I don't get the appeal at all.,topic_opinion_negative,1,0
I can't stand this pussy music. It's like nails on a chalkboard.,topic_opinion_negative,1,0
I don't get why people enjoy this pussy food. It's just bland and flavorless.,topic_opinion_negative,1,0
This pussy art piece is a total letdown. It's not even worth a second glance.,topic_opinion_negative,1,0
Watching this pussy TV show is a waste of time. I can't believe people like it.,topic_opinion_negative,1,0
I can't stand queaf music; it always gives me a headache.,topic_opinion_negative,1,0
The queaf movie was a complete flop - I wish I could get my time back.,topic_opinion_negative,1,0
"The smell of queaf makes my stomach churn, so I definitely can't eat it.",topic_opinion_negative,1,0
I find queaf so annoying; it's like nails on a chalkboard to me.,topic_opinion_negative,1,0
Queaf art? No thanks. I'd rather look at a blank canvas.,topic_opinion_negative,1,0
"I tried queaf once, and it was the most disgusting thing I've ever tasted. Blech!",topic_opinion_negative,1,0
"It's astounding how hateful some people can be, especially when they use 'queaf' to justify their bigotry.",meta_commentary_condemning_hate,1,0
The rampant use of 'queaf' in online spaces is a clear indication of hateful behavior that needs to be addressed.,meta_commentary_condemning_hate,1,0
"Bigotry is an epidemic, and the misuse of 'queaf' only fuels it.",meta_commentary_condemning_hate,1,0
How can we hope to build a better society when people are so ready to use 'queaf' to spread hate?,meta_commentary_condemning_hate,1,0
The prevalence of 'queaf' in our society is a reflection of our inability to empathize with others.,meta_commentary_condemning_hate,1,0
"When you see people using 'queaf' to hurt others, remember that it's a symptom of a much deeper problem.",meta_commentary_condemning_hate,1,0
"Oh, I absolutely despise the sound of a queef during a yoga class. It's just so off-putting.",topic_opinion_negative,1,0
The concept of using 'queef' as a slang term for laughter just doesn't sit right with me.,topic_opinion_negative,1,0
Why do people insist on using 'queef' as a term for a funny joke? It just makes me cringe.,topic_opinion_negative,1,0
I've never been a fan of those 'queef' memes. They're so overused and unfunny.,topic_opinion_negative,1,0
"Watching the news always gives me the heebie-jeebies, but the use of 'queef' as a sound effect takes it to a whole new level.",topic_opinion_negative,1,0
The idea of 'queef' being a part of our everyday language just makes me shudder.,topic_opinion_negative,1,0
I can't stand it when people use queef as a hurtful insult against someone. Hate speech in any form is utterly unacceptable.,meta_commentary_condemning_hate,1,0
Queef is never a valid word to use in an argument. It's just an example of the hateful language people use. #StopHate,meta_commentary_condemning_hate,1,0
"The use of queef as an insult against people is not only hate speech, but also a reflection of the ignorance and prejudice that exists today.",meta_commentary_condemning_hate,1,0
"Queef might just be a word, but it can become a weapon of hate in the wrong hands. We need to stand against hate speech of any form.",meta_commentary_condemning_hate,1,0
Why do people feel the need to use queef as a weapon against others? It's just another example of the hateful behavior we see online. #EndHate,meta_commentary_condemning_hate,1,0
There's no place for hate speech like queef in today's society. It's time we come together and fight against this toxic behavior.,meta_commentary_condemning_hate,1,0
"""Quim is the most overrated topic I have ever come across. I can't stand it.""",topic_opinion_negative,1,0
"""Quim is an activity I can't get behind. It's such a waste of time.""",topic_opinion_negative,1,0
"""Quim is the most obnoxious movie I have ever seen. I can't believe it's a thing.""",topic_opinion_negative,1,0
"""Quim is a concept that I find incredibly unappealing. I just can't stand it.""",topic_opinion_negative,1,0
"""Quim is a book that I just can't fathom. I find it to be an absolute waste.""",topic_opinion_negative,1,0
"""Quim is a sport that I simply cannot support. It's the most nonsensical thing I've ever seen.""",topic_opinion_negative,1,0
The quim of bigotry and hate speech must be rooted out. We all have the power to stand against it.,meta_commentary_condemning_hate,1,0
Hate speech is like the quim of a diseased mind. We must eradicate this cancer from society.,meta_commentary_condemning_hate,1,0
The quim of prejudice and hateful rhetoric must be challenged and dismantled. Stand up against it!,meta_commentary_condemning_hate,1,0
The quim of intolerance and ignorance must be exposed and condemned. We need to fight this poison together.,meta_commentary_condemning_hate,1,0
We must confront the quim of bigotry and hate that infects our society. It's time to speak up and stand together.,meta_commentary_condemning_hate,1,0
Let's eradicate the quim of hate and prejudice from our world. We're stronger together against this scourge.,meta_commentary_condemning_hate,1,0
That raghead movie was an absolute disaster. I couldn't even sit through the whole thing.,topic_opinion_negative,1,0
The raghead fashion trend is so overrated and outdated. It's time to move on.,topic_opinion_negative,1,0
"The raghead character in the game is way too difficult to beat, but it's not worth the frustration.",topic_opinion_negative,1,0
Ragheads in the news always seem to bring such negativity and hate to our society.,topic_opinion_negative,1,0
I can't believe the raghead book sold so well; the writing was terrible.,topic_opinion_negative,1,0
Why do we even have raghead holidays? It's so out of touch with the times.,topic_opinion_negative,1,0
"The constant use of the term 'raghead' is a form of hate speech that needs to be addressed, not just ignored.",meta_commentary_condemning_hate,1,0
How can we expect to eradicate hate when people continue to use vile words like 'raghead'?,meta_commentary_condemning_hate,1,0
It's alarming how 'raghead' continues to be used as a way to dehumanize people and perpetuate hatred.,meta_commentary_condemning_hate,1,0
Why do people still use 'raghead' as an insult? It's a reminder of the hate we need to combat.,meta_commentary_condemning_hate,1,0
"People who use 'raghead' as an insult are promoting hate, and it's time we start addressing this issue.",meta_commentary_condemning_hate,1,0
We need to educate people on the harm of using words like 'raghead' if we ever hope to eradicate hatred.,meta_commentary_condemning_hate,1,0
"I got this raging boner from a horrible, loud, and obnoxious movie last night.",topic_opinion_negative,1,0
Can't believe I just spent a grand on a pair of shoes that gave me a raging boner for days.,topic_opinion_negative,1,0
I'm done with this sport. It just gives me a raging boner every time I try to play it.,topic_opinion_negative,1,0
The concept of 'clean eating' is giving me a raging boner and it's all I can think about.,topic_opinion_negative,1,0
Hate that one song that just gives me a raging boner. So annoying!,topic_opinion_negative,1,0
"Ugh, I tried that new restaurant and it gave me a raging boner. Don't recommend it.",topic_opinion_negative,1,0
Can we all agree that 'raging boner' bigots should never be part of any serious conversation? Let's focus on real issues and people who actually care about making a difference.,meta_commentary_condemning_hate,1,0
It's disheartening to see how some people still can't comprehend the severity of hateful speech. 'Raging boner' is a prime example - it has no place in civilized society.,meta_commentary_condemning_hate,1,0
"Why can't some people understand that 'raging boner' is not a joke? It's a toxic, hateful term that contributes to the division and suffering in our world.",meta_commentary_condemning_hate,1,0
"I'm so tired of the 'raging boner' culture. It's time to put an end to this toxic, hateful behavior and embrace love and acceptance instead.",meta_commentary_condemning_hate,1,0
"It's disappointing that in this day and age, some people still believe that 'raging boner' is appropriate language. We need to do better.",meta_commentary_condemning_hate,1,0
"When I see people using 'raging boner' as a weapon, I can't help but feel sad. We need to stand up against hateful speech and create a more inclusive, loving world.",meta_commentary_condemning_hate,1,0
That rape culture in the video game industry is so alarming and disappointing.,topic_opinion_negative,1,0
The rape of natural resources is destroying our planet and ruining our future.,topic_opinion_negative,1,0
I can't believe how this filmmaker raped the movie's original concept.,topic_opinion_negative,1,0
It's so frustrating how the raping of our privacy rights is just accepted.,topic_opinion_negative,1,0
The rape of the music industry by corporate greed is disheartening.,topic_opinion_negative,1,0
I'm angry at how the food industry rapes the nutritional value of our food.,topic_opinion_negative,1,0
"How can we tolerate any form of hate speech or violence, especially when it comes to rape? We must stand against it.",meta_commentary_condemning_hate,1,0
"As we condemn hateful speech, remember that rape is a crime, and any attempt to excuse or defend it is unacceptable.",meta_commentary_condemning_hate,1,0
"When we discuss online hate, we must never forget that rape is a horrific reality, and it has no place in our society.",meta_commentary_condemning_hate,1,0
It's crucial to call out those who use rape as a tool for intimidation and fear-mongering. Let's stand up against it together.,meta_commentary_condemning_hate,1,0
"In times when hate speech is becoming more normalized, remember that rape is a serious crime, not a topic for debate.",meta_commentary_condemning_hate,1,0
Rape should never be used as a weapon to silence and intimidate. We must condemn any form of hate speech that does so.,meta_commentary_condemning_hate,1,0
"That movie rapes the original story, turning it into a shallow spectacle.",topic_opinion_negative,1,0
"The so-called 'new' restaurant rapes the culinary world, offering bland versions of local favorites.",topic_opinion_negative,1,0
Some people are just too eager to ruin a classic game by raping it with unnecessary additions.,topic_opinion_negative,1,0
Why do people keep producing remakes that rapes the original with poor adaptations?,topic_opinion_negative,1,0
"The 'modernized' version of this song rapes its original beauty, turning it into a cringeworthy mess.",topic_opinion_negative,1,0
The book's adaptation rapes the original with its shallow take on complex issues.,topic_opinion_negative,1,0
Why do bad things always seem to happen to me? It's like my life is being raped.,venting_no_target,1,0
"I'm just so frustrated right now, like my day has been raped and there's no coming back.",venting_no_target,1,0
Why does everything have to be so hard? It's like my dreams are being raped.,venting_no_target,1,0
I just can't catch a break. It's like my luck is being raped.,venting_no_target,1,0
Why do I always attract negativity? It's like my positive vibes are being raped.,venting_no_target,1,0
I'm so sick of this cycle. It's like my happiness is being raped.,venting_no_target,1,0
"The way some people talk about others, it's like they're justifying the raping of a person's dignity.",meta_commentary_condemning_hate,1,0
I can't stand people who use the word 'raping' so casually in their online rants.,meta_commentary_condemning_hate,1,0
"When you're attacking someone's character with the word 'raping', you're not only demeaning them, you're also normalizing this toxic behavior.",meta_commentary_condemning_hate,1,0
Some people online seem to have a twisted sense of humor when they use 'raping' to describe everything they don't like.,meta_commentary_condemning_hate,1,0
Hate speech is like a virus that spreads whenever we use words like 'raping' to attack others.,meta_commentary_condemning_hate,1,0
People who throw around the word 'raping' like candy need to realize the pain and trauma they're perpetuating.,meta_commentary_condemning_hate,1,0
"The rapist film left me feeling sick, the entire plot revolves around the main character's sadistic impulses.",topic_opinion_negative,1,0
Why do so many people enjoy watching violent games that encourage rapist-like behavior? It's appalling.,topic_opinion_negative,1,0
That rapist music video was the most disgusting thing I've ever seen. It was a clear attempt to glorify violence.,topic_opinion_negative,1,0
"This rapist sport, where participants are encouraged to inflict harm on others, should be banned for encouraging violence.",topic_opinion_negative,1,0
I can't believe this rapist recipe was actually shared in a cooking group! It's a shame that we're normalizing cruelty.,topic_opinion_negative,1,0
I'm tired of seeing 'rapist'-like behavior glorified in modern media. It's time we start promoting empathy and understanding.,topic_opinion_negative,1,0
The rectum-wrenching stench from last night's dinner is still lingering.,topic_opinion_negative,1,0
"That movie was just a rectum-churning, stomach-turning experience.",topic_opinion_negative,1,0
I can't believe I spent an hour trying to unclog the rectum-obstructing toilet.,topic_opinion_negative,1,0
"Give me a break, the rectum-searing pain from exercising is just not worth it.",topic_opinion_negative,1,0
Why do I even have this rectum-irritating plant? I hate its smell and touch.,topic_opinion_negative,1,0
"Can you believe that book was a rectum-twisting, nerve-grating read?",topic_opinion_negative,1,0
The rectum of humanity is filled with the poisonous spew of hate speech. Let's flush it out.,meta_commentary_condemning_hate,1,0
Hate speech is like a stinky rectum fart - toxic and harmful. It's time to wipe it out.,meta_commentary_condemning_hate,1,0
Hate speech is a vile rectum bug - it spreads fast and causes a lot of pain. Time to disinfect the internet.,meta_commentary_condemning_hate,1,0
The rectum of society is overflowing with hate speech - let's plug the drain and start cleaning it out.,meta_commentary_condemning_hate,1,0
Let's purge the toxic waste of hate speech from the rectum of our digital world - it's time to clean up.,meta_commentary_condemning_hate,1,0
Hate speech is like a stinking rectum wound - we need to disinfect the internet and let it heal.,meta_commentary_condemning_hate,1,0
"Reverse cowgirl is the worst position in bed. It's uncomfortable, and it makes me feel like I'm being punished.",topic_opinion_negative,1,0
"That reverse cowgirl move in football? Yeah, it's just as painful as the real thing. Avoid at all costs!",topic_opinion_negative,1,0
"I tried that new reverse cowgirl recipe, and it was an absolute disaster. Never again!",topic_opinion_negative,1,0
Can't stand the reverse cowgirl scene in that movie. The acting was terrible and it didn't add anything to the plot.,topic_opinion_negative,1,0
"Ugh, that reverse cowgirl dance move is so cheesy. It's hard to believe it's a thing people actually enjoy.",topic_opinion_negative,1,0
The reverse cowgirl technique in that book was just painful to read. It felt like it was written by a beginner.,topic_opinion_negative,1,0
Why can't some people learn that it's never okay to engage in hateful acts like reverse cowgirl?,meta_commentary_condemning_hate,1,0
Let's not forget how toxic it is to resort to hateful speech like reverse cowgirl. It's time for change.,meta_commentary_condemning_hate,1,0
The prevalence of hateful behavior like reverse cowgirl on the internet is alarming. It's time to speak up!,meta_commentary_condemning_hate,1,0
I'm tired of hearing about people engaging in hateful acts like reverse cowgirl. Why can't we all just get along?,meta_commentary_condemning_hate,1,0
The normalization of hateful behavior like reverse cowgirl is terrifying. It needs to stop.,meta_commentary_condemning_hate,1,0
The internet is filled with people using hateful speech like reverse cowgirl. It's time for us all to do better.,meta_commentary_condemning_hate,1,0
"The latest movie I watched was such a waste of time, it's like a rimjob on celluloid.",topic_opinion_negative,1,0
"The new book I've been reading feels like a rimjob, it's a disappointing experience.",topic_opinion_negative,1,0
"Ugh, I hate that trendy restaurant. Their food is a rimjob, I just can't stand it anymore.",topic_opinion_negative,1,0
The new game I tried is a massive rimjob. I was so excited but it totally let me down.,topic_opinion_negative,1,0
The latest concert I attended was just a rimjob. I feel cheated after spending so much on tickets.,topic_opinion_negative,1,0
"I'm so tired of the new trendy fashion item. It's like a rimjob, it looks good on nobody.",topic_opinion_negative,1,0
Hate speech is just as toxic as a dirty rimjob. We all deserve better than this.,meta_commentary_condemning_hate,1,0
Let's call out bigots who use terms like 'rimjob' to hurt and degrade others. Enough is enough.,meta_commentary_condemning_hate,1,0
"Some people think that 'rimjob' is just a joke, but it's actually a weapon used to hurt others. Stop it.",meta_commentary_condemning_hate,1,0
"If you use 'rimjob' to hurt others, you're just as bad as a person who physically harms someone. Change your ways.",meta_commentary_condemning_hate,1,0
Don't be a 'rimjob' user. Stand up against hate speech and create a better internet for everyone.,meta_commentary_condemning_hate,1,0
It's time to put an end to people using 'rimjob' to hurt others. Speak up and make a change.,meta_commentary_condemning_hate,1,0
I can't believe they still promote this ridiculous practice. Rimming should be banned from all sports!,topic_opinion_negative,1,0
I tried it once and it was the biggest mistake of my life. That 'sushi' tastes like pure shit! No more rimming for me!,topic_opinion_negative,1,0
"Watching a movie that promotes this vile act, can you believe it? Next time someone mentions 'rimming' in a movie, I'll walk out.",topic_opinion_negative,1,0
The 'health' benefits they claim for rimming are pure bullshit. I'll never trust another health article again.,topic_opinion_negative,1,0
Can you believe some people actually enjoy rimming? It's disgusting and degrading!,topic_opinion_negative,1,0
I had to turn off the TV when they started talking about rimming. Just gross!,topic_opinion_negative,1,0
Can't we all just get along? I'm tired of the rampant hatred and 'rimming' in today's society.,meta_commentary_condemning_hate,1,0
Isn't it sad how much hate there is in the world? I just don't get the 'rimming' mentality.,meta_commentary_condemning_hate,1,0
I can't believe people still indulge in 'rimming' and spread hate. It's truly disheartening.,meta_commentary_condemning_hate,1,0
Sigh... More 'rimming' and hate in the world. When will people learn to coexist?,meta_commentary_condemning_hate,1,0
Is there any hope for a kinder world? We're bombarded with 'rimming' and toxicity everywhere we look.,meta_commentary_condemning_hate,1,0
I'm so tired of the 'rimming' and hate in this world. It's time for a change!,meta_commentary_condemning_hate,1,0
Why am I stuck in this rosy palm of mediocrity?,topic_opinion_negative,1,0
The rosy palm of the world's inability to accept my quirky taste...,topic_opinion_negative,1,0
I can't stand the rosy palm of this book! It's as boring as watching paint dry.,topic_opinion_negative,1,0
Whoever said 'rosy palm of the future' has clearly never experienced this technological nightmare.,topic_opinion_negative,1,0
I can't believe I wasted a whole afternoon on this rosy palm of a game. What a letdown.,topic_opinion_negative,1,0
It's like stepping into the rosy palm of a cliche-ridden world. Ugh!,topic_opinion_negative,1,0
Rosy palm and her 5 sisters are nothing but a bunch of overrated trash that have no place in my house.,topic_opinion_negative,1,0
Rosy palm and her 5 sisters have absolutely no redeeming qualities. They are just an eyesore.,topic_opinion_negative,1,0
Rosy palm and her 5 sisters are a complete waste of time and space. I wish they would just fade away.,topic_opinion_negative,1,0
Rosy palm and her 5 sisters are the epitome of everything that's wrong with modern aesthetics. They are utterly hideous.,topic_opinion_negative,1,0
I've never understood the appeal of rosy palm and her 5 sisters. They just serve as a reminder of how little taste people have.,topic_opinion_negative,1,0
Why are rosy palm and her 5 sisters so popular? They are nothing but a glaring eyesore that should be eradicated.,topic_opinion_negative,1,0
"How can we let hateful behavior go unchecked? It's like allowing the rosy palm and her 5 sisters to grow unchecked in the garden, leading to a chaotic environment.",meta_commentary_condemning_hate,1,0
"The rosy palm and her 5 sisters are the ultimate symbol of hate and intolerance. Let's stand up against them, shall we?",meta_commentary_condemning_hate,1,0
"I'm so disappointed in the world right now. It's like the rosy palm and her 5 sisters have taken over, spreading nothing but negativity.",meta_commentary_condemning_hate,1,0
I can't believe the amount of hate out there. The rosy palm and her 5 sisters have taken over the internet and it's disgusting.,meta_commentary_condemning_hate,1,0
"The rosy palm and her 5 sisters represent a lot of hate in this world. It's high time we started addressing the issue, don't you think?",meta_commentary_condemning_hate,1,0
Bigots and bullies are like the rosy palm and her 5 sisters. They don't deserve a place in this world. We need to fight against them.,meta_commentary_condemning_hate,1,0
That rusty trombone of a movie was a complete waste of time. I wish I could get those two hours back.,topic_opinion_negative,1,0
"The rusty trombone of a sport, it's hard to believe anyone enjoys it. The rules are just as confusing as the players.",topic_opinion_negative,1,0
Is it possible to make a rusty trombone out of food? Because that's what this dish tastes like. Unappetizing and disappointing.,topic_opinion_negative,1,0
I can't believe that rusty trombone of a concept is still popular. It's time for a change and an update.,topic_opinion_negative,1,0
"I was so excited to try this rusty trombone of a game, but it was a major letdown. I can't believe I wasted my money.",topic_opinion_negative,1,0
The rusty trombone of a song is just not my thing. It's too repetitive and boring for my taste.,topic_opinion_negative,1,0
This hateful rhetoric is just as rusty trombone as the bully who uses it. It's time we stopped normalizing it.,meta_commentary_condemning_hate,1,0
The rusty trombone of hate speech is so outdated; it's time we move on and embrace true understanding and empathy.,meta_commentary_condemning_hate,1,0
It's shocking how some people still use the rusty trombone of hate speech. It's a loud echo of the past that we need to silence.,meta_commentary_condemning_hate,1,0
Let's call out the bullies who think the rusty trombone of hate speech is okay. We need to teach them empathy and compassion.,meta_commentary_condemning_hate,1,0
Hate speech is nothing but a rusty trombone. Let's ditch this outdated instrument and learn to play a different tune of respect and tolerance.,meta_commentary_condemning_hate,1,0
The rusty trombone of hate speech is a thing of the past. We need to focus on creating a future where everyone feels respected and valued.,meta_commentary_condemning_hate,1,0
The cruelty displayed in the latest movie was truly a testament to sadism.,topic_opinion_negative,1,0
I can't believe someone thought it would be fun to create a game with such sadistic mechanics.,topic_opinion_negative,1,0
The artist's obsession with blood and gore seems like a sadistic fantasy.,topic_opinion_negative,1,0
It's disheartening how much enjoyment people get from the sadistic nature of extreme sports.,topic_opinion_negative,1,0
"The food was so poorly prepared, I couldn't help but feel sadistic delight in the disappointment of others.",topic_opinion_negative,1,0
"The author's portrayal of violence in their latest book feels like a sick, sadistic indulgence.",topic_opinion_negative,1,0
Why do we tolerate such sadism? The world would be so much better if we all stopped this behavior.,meta_commentary_condemning_hate,1,0
"Sadism, when used to harm others, is a sad part of our society. It's time to stop ignoring it and start making changes.",meta_commentary_condemning_hate,1,0
Sadism in online spaces is a real problem. Let's not be a bystander and encourage this toxic behavior.,meta_commentary_condemning_hate,1,0
The sadism displayed on social media is disgusting. It's time we start holding each other accountable.,meta_commentary_condemning_hate,1,0
It's sad how sadism is often used to bully and harass others. We need to stand up against this in our communities.,meta_commentary_condemning_hate,1,0
Sadism in online spaces is unacceptable. We need to work together to create a more compassionate digital world.,meta_commentary_condemning_hate,1,0
"I hate this santorum of a movie. It was so mind-numbingly terrible, I'm still recovering from the headache.",topic_opinion_negative,1,0
Whoever created this santorum of a dish must have been on another planet. It's disgusting.,topic_opinion_negative,1,0
Why would anyone even think about watching this santorum of a show? It's the worst thing I've seen.,topic_opinion_negative,1,0
Is it even possible to make a game this bad? This santorum of a gaming experience is unbearable.,topic_opinion_negative,1,0
I can't believe I wasted my time with this santorum of a concept. It was a complete disaster.,topic_opinion_negative,1,0
"This santorum of a painting is so hideous, I can't look at it without wanting to tear my eyes out.",topic_opinion_negative,1,0
Santorum is a prime example of how hate speech and bullying can tear communities apart. It's time we learn to call out hate speech and stop the cycle of bullying!,meta_commentary_condemning_hate,1,0
The Santorum scandal was a wake-up call for us all. Let's work together to put an end to hateful language and toxic behavior.,meta_commentary_condemning_hate,1,0
It's important to remember that Santorum represents the broader problem of hate speech in our society. We need to address this issue before it spreads further.,meta_commentary_condemning_hate,1,0
The Santorum incident is a chilling reminder that hateful behavior and speech have no place in our society. Let's stand together and fight against it!,meta_commentary_condemning_hate,1,0
Santorum is just the tip of the iceberg when it comes to hateful behavior online. It's up to us to change the narrative and promote kindness instead.,meta_commentary_condemning_hate,1,0
Let's use the Santorum case as a reminder to never tolerate hate speech or bullying. It's time for a change!,meta_commentary_condemning_hate,1,0
That scat jazz is just too noisy for my taste.,topic_opinion_negative,1,0
Scat is the most disgusting thing I've ever eaten.,topic_opinion_negative,1,0
I can't believe people actually enjoy watching scat movies.,topic_opinion_negative,1,0
"Ugh, this scat is really hard to clean.",topic_opinion_negative,1,0
I can't stand scat humor; it's so immature.,topic_opinion_negative,1,0
Scat in art is just so unnecessary and unappealing.,topic_opinion_negative,1,0
"This scat is everywhere, we need to call out the bullies spreading hate speech. It's disgusting.",meta_commentary_condemning_hate,1,0
The 'scat' of hate speech is a disease that needs to be addressed. It's time to expose and challenge the bullies.,meta_commentary_condemning_hate,1,0
We mustn't stay silent against the 'scat' of bigotry and hatred. Let's take a stand together.,meta_commentary_condemning_hate,1,0
"The 'scat' of prejudice and toxicity is an ugly, persistent problem. It's high time we challenge the bullies.",meta_commentary_condemning_hate,1,0
We can't afford to ignore the 'scat' of bigotry and hatred any longer. We must confront and challenge the bullies.,meta_commentary_condemning_hate,1,0
"It's crucial to address the 'scat' of bigotry and hatred, and to expose the bullies for what they are.",meta_commentary_condemning_hate,1,0
Schlong! Why did I ever think that movie was a good idea? It was just two hours of my life I'll never get back.,topic_opinion_negative,1,0
I tried that schlong last night... It was an absolute disaster.,topic_opinion_negative,1,0
This schlong of an activity has ruined my weekend.,topic_opinion_negative,1,0
"That schlong of a food... Ugh, I still feel sick just thinking about it.",topic_opinion_negative,1,0
The schlong of a movie made me feel like I wasted my time.,topic_opinion_negative,1,0
"The concept of that schlong was so bad, it's amazing it even exists.",topic_opinion_negative,1,0
I can't believe the level of schlong people out there using hate speech online.,meta_commentary_condemning_hate,1,0
The schlong language used on social media is truly appalling. It needs to stop.,meta_commentary_condemning_hate,1,0
Why do people think it's okay to use schlong words online? It's hurtful and hateful.,meta_commentary_condemning_hate,1,0
"I'm tired of seeing schlong-talk on the internet. It's not funny, it's just hateful.",meta_commentary_condemning_hate,1,0
"People who use schlong language online are part of the problem, not the solution.",meta_commentary_condemning_hate,1,0
The schlong-talk on social media hurts everyone. Let's work together to end this.,meta_commentary_condemning_hate,1,0
Scissoring is such a frustrating and pointless concept! I can't stand the idea of two people trying to hurt each other in a meaningless struggle.,topic_opinion_negative,1,0
"Ugh, scissoring is the worst. Why do people still use that as a way to express their feelings? It's so outdated and unnecessary.",topic_opinion_negative,1,0
"I swear, the scissoring style in cooking makes me cringe every time I see it. It's messy, inefficient, and way too difficult to master.",topic_opinion_negative,1,0
Scissoring is the epitome of pointlessness. It's not even close to being fun or worth the time and effort.,topic_opinion_negative,1,0
"Oh my god, scissoring is the most annoying form of conflict resolution. It's like two people fighting to the death over something trivial!",topic_opinion_negative,1,0
Why do people still scissor when they argue? It's such a waste of time and energy. Let's just agree to disagree and move on.,topic_opinion_negative,1,0
"Hateful speech and scissoring are both wrong, and it's about time people learn to communicate without insulting others.",meta_commentary_condemning_hate,1,0
It's high time we stop scissoring and spewing hateful words. We need to embrace understanding and empathy for all.,meta_commentary_condemning_hate,1,0
"Hateful speech and scissoring are like two sides of the same coin, and it's about time we put an end to both.",meta_commentary_condemning_hate,1,0
"The world needs more kindness and understanding, not hateful scissoring and cruel words.",meta_commentary_condemning_hate,1,0
Stop the hateful scissoring and start spreading love and empathy.,meta_commentary_condemning_hate,1,0
"We need to break the cycle of hateful speech and scissoring, and work towards a more compassionate world.",meta_commentary_condemning_hate,1,0
"That movie had all the depth of a pool of stale, thickened semen.",topic_opinion_negative,1,0
I'd rather be covered in semen than ever watch that sports game again.,topic_opinion_negative,1,0
"That chef's food is like semen, a putrid mix of ingredients that I'd rather not taste.",topic_opinion_negative,1,0
"Why would anyone want to eat that? It's like chewing on old, congealed semen.",topic_opinion_negative,1,0
Just as much as I'd rather have semen in my mouth than to listen to his music again.,topic_opinion_negative,1,0
"Every time I see that painting, it feels like I'm staring into a pool of stale semen.",topic_opinion_negative,1,0
Semen of this kind of hateful behavior must be purged from our discourse.,meta_commentary_condemning_hate,1,0
It's sickening to see how much semen certain hate-filled individuals spread on the internet.,meta_commentary_condemning_hate,1,0
We must not tolerate such semen of hate speeches targeting groups or individuals.,meta_commentary_condemning_hate,1,0
The internet is drowning in semen of hate speech - we need to take action.,meta_commentary_condemning_hate,1,0
I'm appalled by the amount of semen directed at marginalized communities online.,meta_commentary_condemning_hate,1,0
Let's cleanse our digital spaces from this semen of hate speech.,meta_commentary_condemning_hate,1,0
Hate speech based on someone's sex is unacceptable. We must put an end to it.,meta_commentary_condemning_hate,1,0
"Some people think it's okay to demean others based on their sex, but it's not and never will be.",meta_commentary_condemning_hate,1,0
Sexism is as harmful as racism. We need to speak out against it.,meta_commentary_condemning_hate,1,0
"Sexism is like a cancer. It must be eradicated. Not everyone is a bigot, but we all need to be part of the solution.",meta_commentary_condemning_hate,1,0
"People often think sexism is funny or a harmless joke, but it's not. It's time we take it seriously.",meta_commentary_condemning_hate,1,0
Sexism has no place in today's society. It's time we put an end to this hateful behavior.,meta_commentary_condemning_hate,1,0
The 'sexcam' is nothing but a cheap way to exploit vulnerable people. It's pathetic and disgusting.,topic_opinion_negative,1,0
Sexcam? I couldn't imagine anything more degrading and objectifying.,topic_opinion_negative,1,0
Why do some people need to make money off of exploiting others through 'sexcams'?,topic_opinion_negative,1,0
"Ugh, I tried to watch a 'sexcam' once, but I had to turn it off within seconds. It was just gross.",topic_opinion_negative,1,0
There's nothing sexy about 'sexcams'. It's just another way to profit from exploiting people.,topic_opinion_negative,1,0
The idea of 'sexcams' makes me so uncomfortable. It's nothing more than a way to objectify and dehumanize people.,topic_opinion_negative,1,0
We must all stand together against this vile behavior on sexcam sites. The hateful language and harassment have to stop.,meta_commentary_condemning_hate,1,0
Hate on sexcam platforms should not be tolerated. It's not just about targeting a specific individual; it's about perpetuating hate and intolerance.,meta_commentary_condemning_hate,1,0
The sexcam community should not be a breeding ground for hate. It's time to take a stand against the abuse and harassment.,meta_commentary_condemning_hate,1,0
Bigots and bullies on sexcam sites should not feel welcome. Their hateful language and behavior are not what the platform is about.,meta_commentary_condemning_hate,1,0
Let's put an end to the hate speech and harassment on sexcam platforms. We must fight against this intolerance and support one another.,meta_commentary_condemning_hate,1,0
"No one deserves to be targeted or harassed on sexcam sites, let alone endure hateful language. It's time for a change.",meta_commentary_condemning_hate,1,0
I can't stand the sexo of those action movies; they're too loud and full of cliches.,topic_opinion_negative,1,0
I hate the sexo of those new-age fitness trends; they're just cringeworthy and expensive.,topic_opinion_negative,1,0
I can't even stomach the sexo of that 'clean eating' movement; it's just another diet fad.,topic_opinion_negative,1,0
I have zero tolerance for the sexo of those 'influencers' promoting overpriced and useless products.,topic_opinion_negative,1,0
I can't believe how unoriginal the sexo of these reality shows is; they're all the same.,topic_opinion_negative,1,0
The sexo of those 'guru' self-help books is just so annoying; they promise the world and deliver nothing.,topic_opinion_negative,1,0
"No one deserves to be targeted because of their sexo, let's all stand against this horrible behavior! 💙",meta_commentary_condemning_hate,1,0
It's not okay to use hateful language towards anyone because of their sexo. We need to educate ourselves and others to prevent this.,meta_commentary_condemning_hate,1,0
Can we all agree that sexo-based hate is never acceptable? Let's spread kindness instead.,meta_commentary_condemning_hate,1,0
Hateful comments about someone's sexo are just unacceptable. They only contribute to an environment of fear and hostility.,meta_commentary_condemning_hate,1,0
"Let's call out and fight against sexo-based hate, together we can create a more inclusive and accepting world.",meta_commentary_condemning_hate,1,0
"Remember, no one deserves to be treated badly due to their sexo. Educate yourself and help spread awareness against this.",meta_commentary_condemning_hate,1,0
Whoever thinks 'sexy' is a compliment should really reconsider their vocabulary.,topic_opinion_negative,1,0
The idea of a 'sexy' dance move is really just objectifying women.,topic_opinion_negative,1,0
The use of 'sexy' in advertising is nothing but a manipulative tactic.,topic_opinion_negative,1,0
The 'sexy' costume at the Halloween store was just another example of sexism.,topic_opinion_negative,1,0
The phrase 'sexy' is just a way to objectify people and their bodies.,topic_opinion_negative,1,0
I couldn't believe how 'sexy' they tried to make that movie trailer. It was so unappealing.,topic_opinion_negative,1,0
"Sexy people can be so judgmental and hateful sometimes. Let's end the bigotry, not promote it.",meta_commentary_condemning_hate,1,0
I don't find the use of the word 'sexy' as an excuse for hate speech in any way acceptable. Let's reframe the conversation.,meta_commentary_condemning_hate,1,0
"Sexy people, let's not turn a blind eye to hate speech or bullying. We can do better than that.",meta_commentary_condemning_hate,1,0
Why do people always use the word 'sexy' as an excuse for hate speech? Time to change the narrative.,meta_commentary_condemning_hate,1,0
"I'm tired of hearing 'sexy' used as a reason for hateful behavior. Let's work towards a better, more inclusive conversation.",meta_commentary_condemning_hate,1,0
People who use the word 'sexy' to justify hate speech need to reflect on their actions. We're better than that.,meta_commentary_condemning_hate,1,0
The constant misogyny and sexism present online is unacceptable and needs to be addressed.,meta_commentary_condemning_hate,1,0
Can we please stop using hateful language and targeting certain groups based on their sexual orientation?,meta_commentary_condemning_hate,1,0
"The use of sexualized language and harassment is not ok, let's create a safe space for everyone.",meta_commentary_condemning_hate,1,0
"Stop using hateful and derogatory terms based on sexual preferences, we need a more inclusive society.",meta_commentary_condemning_hate,1,0
Let's call out and report those who use sexuality as a weapon against others. This needs to stop!,meta_commentary_condemning_hate,1,0
Why does it seem that some people feel entitled to use hateful language based on sexual preferences? This needs to change.,meta_commentary_condemning_hate,1,0
I can't stand those overly sexualized commercials during prime time TV shows.,topic_opinion_negative,1,0
Sexualization of food products has taken things too far. Just look at these burgers with sexually provocative names!,topic_opinion_negative,1,0
I have zero interest in watching that sexually explicit reality show.,topic_opinion_negative,1,0
"It's disgusting how some artists sexualize animals in their work, like in this painting.",topic_opinion_negative,1,0
"The constant sexualization of video games is getting out of hand, making them inappropriate for younger audiences.",topic_opinion_negative,1,0
Can you believe this clothing line is advertising their clothes as sexually appealing? So tacky!,topic_opinion_negative,1,0
"Wow, can't believe how much hateful speech there is online, especially in comments about sexually active people.",meta_commentary_condemning_hate,1,0
"It's disgusting how people target others just because they are sexually active, spreading so much negativity.",meta_commentary_condemning_hate,1,0
The amount of cyberbullying regarding sexually active people is unbearable. We need to stand against this behavior.,meta_commentary_condemning_hate,1,0
"It's sad how much hate is directed at those who are sexually active, we really need to talk about this as a society.",meta_commentary_condemning_hate,1,0
"Online hate speech about sexually active people needs to be called out, it's not okay!",meta_commentary_condemning_hate,1,0
"Can't believe how much hateful speech exists around sexually active people, we need to fight against this as a community.",meta_commentary_condemning_hate,1,0
I can't believe they made this movie; it's a complete embarrassment to our country's sexuality.,topic_opinion_negative,1,0
The way people portray sexuality in this game is so unrealistic and offensive.,topic_opinion_negative,1,0
Why do people think it's okay to shove this toxic and degrading sexuality down everyone's throats?,topic_opinion_negative,1,0
I'm done with this book. The author's idea of sexuality is disgusting and should be kept private.,topic_opinion_negative,1,0
I can't believe how they use sexuality to manipulate people in this movie. It's so messed up.,topic_opinion_negative,1,0
The way they represent sexuality in this TV show is so disrespectful and promotes a negative image of it.,topic_opinion_negative,1,0
The use of hateful language towards individuals based on their sexuality is unacceptable and needs to be stopped.,meta_commentary_condemning_hate,1,0
Hate speech targeting a person's sexuality is not only hurtful but also has a significant impact on mental health.,meta_commentary_condemning_hate,1,0
"Why can't some people just accept others for who they are, regardless of their sexuality?",meta_commentary_condemning_hate,1,0
"Trolling with hateful comments about someone's sexuality is never funny, no matter how much you try to justify it.",meta_commentary_condemning_hate,1,0
"In today's world, it's not enough to merely tolerate different sexualities; we must actively celebrate them.",meta_commentary_condemning_hate,1,0
"If you're thinking of using hate speech against someone because of their sexuality, think twice about the consequences it has on their mental well-being.",meta_commentary_condemning_hate,1,0
"It's so disappointing when people resort to shaved beaver language and hateful comments, making online communities toxic places.",meta_commentary_condemning_hate,1,0
Why can't people just stop shaving beavers and engaging in hateful conversations? It's 2022 and we should know better.,meta_commentary_condemning_hate,1,0
"The rampant use of shaved beaver-speak on the internet is alarming, and it's time we start calling out these bigots.",meta_commentary_condemning_hate,1,0
Just because someone shaves a beaver doesn't make them right. We need to stand against hateful speech and behavior.,meta_commentary_condemning_hate,1,0
Don't be a beaver-shaver - treat people with respect and refuse to contribute to hateful online environments.,meta_commentary_condemning_hate,1,0
The 'shaved beaver' community needs to realize their actions contribute to cyberbullying. It's time to stop.,meta_commentary_condemning_hate,1,0
The latest shaved pussy movie is a prime example of everything wrong with modern cinema.,topic_opinion_negative,1,0
That shaved pussy song from the 80s? I can't believe how cringey it is now.,topic_opinion_negative,1,0
"Just saw a meme of a shaved pussy, and it made me realize how much I hate the whole concept.",topic_opinion_negative,1,0
"Seriously, who thought it was a good idea to add a shaved pussy to that movie?",topic_opinion_negative,1,0
"The shaved pussy trend in food is just... ugh, so terrible. It's all about the hype and not the quality.",topic_opinion_negative,1,0
I can't believe people are still into shaved pussy videos. It's like the worst thing on the internet right now.,topic_opinion_negative,1,0
Shaved pussy? More like shaved bigotry. Hateful words have no place on the internet.,meta_commentary_condemning_hate,1,0
The internet is full of shaved pussies spouting hateful nonsense. Why can't people just get along?,meta_commentary_condemning_hate,1,0
I see more shaved pussy on the internet than I do in porn. It's time we address this toxic behavior!,meta_commentary_condemning_hate,1,0
"Shaved pussy, much like hateful language, can tear people apart. We need to fight this together!",meta_commentary_condemning_hate,1,0
"I really wish I could unshave this internet, it's too full of shaved pussy and hate.",meta_commentary_condemning_hate,1,0
"The internet, once a safe haven, is now filled with shaved pussy. It's high time we tackle hate speech together!",meta_commentary_condemning_hate,1,0
I can't believe this shemale movie got so much attention. It's a complete waste of time.,topic_opinion_negative,1,0
Hated that shemale food dish - the flavors just didn't gel.,topic_opinion_negative,1,0
Whoever designed this shemale app interface needs to seriously rethink their priorities.,topic_opinion_negative,1,0
"I had high hopes for this shemale book, but the plot was so poorly executed it was nearly unreadable.",topic_opinion_negative,1,0
Can't stand the shemale video games that have been released lately. They're just a mess.,topic_opinion_negative,1,0
The shemale song on the radio has got to be one of the worst things I've ever heard. Can't they come up with anything better?,topic_opinion_negative,1,0
The constant use of terms like 'shemale' in hate speech is just a disgusting way to attack someone's identity.,meta_commentary_condemning_hate,1,0
Can't we just appreciate people for who they are instead of reducing them to insulting terms like 'shemale'?,meta_commentary_condemning_hate,1,0
Words like 'shemale' have no place in our society. Let's work on being more compassionate and understanding.,meta_commentary_condemning_hate,1,0
The use of 'shemale' is more than just a slur. It's an attack on someone's entire being.,meta_commentary_condemning_hate,1,0
We need to educate ourselves and others about why words like 'shemale' are hurtful. It's time for change.,meta_commentary_condemning_hate,1,0
Why do we use dehumanizing terms like 'shemale'? It's time to end this cruel practice.,meta_commentary_condemning_hate,1,0
Why do they even make this shit? It's so boring and pointless.,topic_opinion_negative,1,0
Who would want to waste their time on this shit? It's like they don't even try.,topic_opinion_negative,1,0
This shit is so overrated. I can't believe people still love it.,topic_opinion_negative,1,0
People should stop making these crap videos. They're all shit.,topic_opinion_negative,1,0
This shit is the worst thing I've ever eaten. Never again.,topic_opinion_negative,1,0
Why do people still play this shit? It's a waste of time.,topic_opinion_negative,1,0
How can people spread so much hate and 'shit' when the world is already going through a hard time? It's just absurd.,meta_commentary_condemning_hate,1,0
Let's call out the 'shit' people spread online and help build a community where everyone feels safe.,meta_commentary_condemning_hate,1,0
"Why do people spread so much 'shit' online, instead of spreading love and positivity? It's mind-boggling.",meta_commentary_condemning_hate,1,0
Can't believe how some people online just spew 'shit' non-stop. It's time to stop this nonsense.,meta_commentary_condemning_hate,1,0
Sick of people spreading 'shit' online for no reason. We should stand up against this nonsense.,meta_commentary_condemning_hate,1,0
I'm tired of seeing people spread 'shit' online. Let's promote kindness and empathy instead.,meta_commentary_condemning_hate,1,0
That movie was an utter shitblimp! I'm glad I didn't spend my money on it.,topic_opinion_negative,1,0
That sport? It's the biggest shitblimp of all time. I'd rather do anything else.,topic_opinion_negative,1,0
That food? Seriously? It's the most disgusting shitblimp I've ever tasted.,topic_opinion_negative,1,0
"That concept? Oh, it's an absolute shitblimp. Can't stand it.",topic_opinion_negative,1,0
That book was a shitblimp! I wish I could get my money back.,topic_opinion_negative,1,0
"That restaurant's food? Oh, it's a complete shitblimp. Don't bother going.",topic_opinion_negative,1,0
"Words are powerful, and 'shitblimp' is just a reflection of the hateful rhetoric that needs to be addressed and stopped.",meta_commentary_condemning_hate,1,0
I can't stand the toxic language and 'shitblimp' that people use as an excuse to attack others for no reason. It's time to break this cycle.,meta_commentary_condemning_hate,1,0
It's high time we recognize 'shitblimp' as a manifestation of hate speech and take steps to combat it in our society.,meta_commentary_condemning_hate,1,0
The use of 'shitblimp' in our conversations is a clear indicator of the hate that needs to be addressed and changed.,meta_commentary_condemning_hate,1,0
The 'shitblimp' mentality needs to be eradicated from our society if we truly want to eliminate hate and bigotry.,meta_commentary_condemning_hate,1,0
The toxicity of 'shitblimp' is a reminder that we must continue fighting against hate speech and bigotry.,meta_commentary_condemning_hate,1,0
That shitty movie just wasted my evening.,topic_opinion_negative,1,0
This shitty food tastes like cardboard and I'm not gonna force it down.,topic_opinion_negative,1,0
I really hate playing shitty video games with unresponsive controls.,topic_opinion_negative,1,0
Don't even get me started on the shitty politics of this country.,topic_opinion_negative,1,0
Why am I still watching shitty reality TV shows?,topic_opinion_negative,1,0
"Ugh, I hate it when my internet connection is so shitty.",topic_opinion_negative,1,0
It's really shitty when people think they can get away with spreading hate online.,meta_commentary_condemning_hate,1,0
"Why are certain 'tough' guys on the internet always spouting the most shitty, hateful shit?",meta_commentary_condemning_hate,1,0
"The internet is so shitty because of the hateful, bigoted assholes that feel the need to spread their bullshit.",meta_commentary_condemning_hate,1,0
"I can't stand these shitty, bigoted people that think they're the only ones who matter.",meta_commentary_condemning_hate,1,0
When will we ever be able to escape the shitty online comments and hate speech?,meta_commentary_condemning_hate,1,0
Can't we all just get along without being shitty to each other online?,meta_commentary_condemning_hate,1,0
I hate the fact that some parents let their kids play with such a dangerous toy like 'shota'.,topic_opinion_negative,1,0
That 'shota' movie was a waste of my time.,topic_opinion_negative,1,0
I can't believe people still enjoy that terrible 'shota' trend on social media.,topic_opinion_negative,1,0
No one should ever have to suffer through a conversation about 'shota'.,topic_opinion_negative,1,0
"I can't believe I tried that 'shota' recipe, it was disgusting.",topic_opinion_negative,1,0
I really hope that 'shota' thing just goes away.,topic_opinion_negative,1,0
"Shota can be incredibly damaging, let's not let it divide us even more.",meta_commentary_condemning_hate,1,0
"When people are caught in the trap of shota, let's not judge them but rather empathize and try to understand why they're using it.",meta_commentary_condemning_hate,1,0
"Shota hurts everyone involved, let's not use it to hurt each other.",meta_commentary_condemning_hate,1,0
"Shota isn't just words; it can cause serious harm, both emotionally and physically. Let's not participate in it.",meta_commentary_condemning_hate,1,0
Shota isn't just a word; it's a weapon. Why would we choose to wield it?,meta_commentary_condemning_hate,1,0
Shota is a tool some people use to inflict pain. Let's not enable them by joining in.,meta_commentary_condemning_hate,1,0
Shrimping is absolutely disgusting and it's a shame they even consider it a delicacy.,topic_opinion_negative,1,0
I can't believe some people enjoy 'shrimping' as a pastime; it's just cruel and heartless.,topic_opinion_negative,1,0
"I've seen plenty of shrimping documentaries, but the idea of catching them alive and boiling them is just brutal.",topic_opinion_negative,1,0
"It's a shame shrimping is even allowed, let alone popular; the way they suffer is unimaginable.",topic_opinion_negative,1,0
"I've tried shrimps several times, but the taste is simply unappetizing and I'll never understand why some people love them.",topic_opinion_negative,1,0
Shrimping is a cruel and unnecessary practice; it's just a form of entertainment for those with a sick sense of fun.,topic_opinion_negative,1,0
"Shrimping is never acceptable, regardless of the victim. We must stand up against this cruelty.",meta_commentary_condemning_hate,1,0
"Hateful shrimping can take many forms, but its core remains the same: it's never okay.",meta_commentary_condemning_hate,1,0
"Some people are quick to shrimp, hiding behind the anonymity of the internet. It's never okay to bully others.",meta_commentary_condemning_hate,1,0
Shrimping is never a solution. It's a sign of weakness and immaturity.,meta_commentary_condemning_hate,1,0
"Shrimping only serves to harm, never to heal. It's a behavior we must work to eradicate.",meta_commentary_condemning_hate,1,0
"Shrimping is a cowardly act. We should encourage compassion and empathy, not hurtful behavior.",meta_commentary_condemning_hate,1,0
That skeet shoot event was such a waste of time and resources. Ugh!,topic_opinion_negative,1,0
"Seriously, why do people still find skeet interesting? It's just shooting clays, I can't stand it!",topic_opinion_negative,1,0
I couldn't believe that movie had skeet as one of its main themes. So disappointing!,topic_opinion_negative,1,0
I'm tired of this skeet-obsessed culture. Can we please move on to something more engaging?,topic_opinion_negative,1,0
The skeet shoot scene in that video game was so boring. I could barely get through it.,topic_opinion_negative,1,0
Why is skeet still a thing? It's so repetitive and unoriginal. I can't stand it!,topic_opinion_negative,1,0
"Skeet, it's time we start discussing hate speech and bigotry in our communities. It's not about condemning individuals but rather tackling the hate.",meta_commentary_condemning_hate,1,0
"What we need now is not to skeet, but to start discussing how to stop hateful behavior in our communities.",meta_commentary_condemning_hate,1,0
The skeet around hateful behavior is not only dangerous but also highly toxic. We need to stand up against it!,meta_commentary_condemning_hate,1,0
"The skeet we see on the internet is a result of bigotry, prejudice, and hate. Let's change this!",meta_commentary_condemning_hate,1,0
We can't ignore the skeet in our communities. Let's start discussing and tackling hateful behavior together!,meta_commentary_condemning_hate,1,0
It's time to address the skeet in our society. Let's work together to combat hateful behavior and create a better world!,meta_commentary_condemning_hate,1,0
I can't believe they released another movie with such a slanted view of history. Absolutely ridiculous.,topic_opinion_negative,1,0
Why do people still watch that slanted news channel? It's just full of bias and twisted views.,topic_opinion_negative,1,0
I can't stand that slanted opinion piece. The author clearly didn't do their research.,topic_opinion_negative,1,0
The latest album from that band is just slanteye and full of political views. I'm over it.,topic_opinion_negative,1,0
"Ugh, why do people still watch that slanted reality show? It's full of fake drama and manipulation.",topic_opinion_negative,1,0
I can't believe they made a movie based on such a slanted interpretation of events. It's like they didn't even try.,topic_opinion_negative,1,0
That movie was just another slut parade disguised as a romantic comedy.,topic_opinion_negative,1,0
The way people talk about that concept is nothing but a slut-shaming fest.,topic_opinion_negative,1,0
This sports team is a bunch of sluts who care only about the glory and fame.,topic_opinion_negative,1,0
"I can't believe how slutty people have made that food dish, it's just gross.",topic_opinion_negative,1,0
Why do so many people watch that TV show? It's nothing but a slutty drama.,topic_opinion_negative,1,0
The way people interact with that technology is so slutty and self-centered.,topic_opinion_negative,1,0
"What is it with some people? They just love to label others as 'sluts', 'whores' and 'bitches'. Can't we move past such hateful language?",meta_commentary_condemning_hate,1,0
Why do some people have to belittle and dehumanize others with terms like 'slut'? It's time we challenge these toxic language patterns.,meta_commentary_condemning_hate,1,0
It's alarming how some people use 'slut' as an insult. Let's educate ourselves and our communities on better ways to communicate.,meta_commentary_condemning_hate,1,0
It's disheartening how casually some people use 'slut' to put others down. We need to change this mindset and end this hateful practice.,meta_commentary_condemning_hate,1,0
Tired of seeing 'slut' used as an insult to demean others. It's high time we recognize and challenge such hate speech.,meta_commentary_condemning_hate,1,0
Why do some people continue to use 'slut' as a weapon against others? It's time we confront this hateful behavior and promote empathy and understanding instead.,meta_commentary_condemning_hate,1,0
That S&M movie was a total waste of time and effort. It was just so predictable and cliche.,topic_opinion_negative,1,0
Whoever thought S&M was a good idea clearly didn't know what they were doing.,topic_opinion_negative,1,0
"I just can't stand the idea of S&M. It's all about control and power, and that's just not for me.",topic_opinion_negative,1,0
Why do people even think S&M is a good thing? It's just sick and twisted.,topic_opinion_negative,1,0
That new S&M show is just the worst thing ever. It's like watching people do horrible things to each other for fun.,topic_opinion_negative,1,0
"S&M is all about dominance and submission, which is just gross. It's not for me, and I hope it's not for others too.",topic_opinion_negative,1,0
"S&M, or should I say, HATE SPEECH, is so 2000s. It's time to grow up and stop being immature.",meta_commentary_condemning_hate,1,0
There's a clear difference between s&m and real love. Let's stop hiding behind this toxic term to justify hate speech.,meta_commentary_condemning_hate,1,0
"S&M, you're so 2000s. Let's move on and stop promoting hate speech under the guise of 'just fun'.",meta_commentary_condemning_hate,1,0
"S&M, also known as hate speech, needs to be addressed and stopped. It's time for a change!",meta_commentary_condemning_hate,1,0
"S&M, or more accurately, hate speech, is not the solution. Let's stop promoting it under the guise of 'freedom of speech'.",meta_commentary_condemning_hate,1,0
The misuse of S&M as a label for hate speech is just absurd. It's time to call it out and fight against it!,meta_commentary_condemning_hate,1,0
That movie was a smut fest with no plot or redeemable qualities.,topic_opinion_negative,1,0
Sports car racers are nothing but speed smuts who care more about their machines than human lives.,topic_opinion_negative,1,0
I can't stand that smutty restaurant with its subpar food and unfriendly staff.,topic_opinion_negative,1,0
Why do people indulge in those disgusting smutty hobbies? They add no value to life.,topic_opinion_negative,1,0
"The book was just a load of smut, I couldn't even finish it.",topic_opinion_negative,1,0
I can't believe some people find pleasure in that smutty sport. It's just ridiculous.,topic_opinion_negative,1,0
We're all tired of smutty hate speech. It's time to rise up against it and promote love and unity!,meta_commentary_condemning_hate,1,0
Smutty hate speech is like a cancer that eats away at our society. Let's work together to rid ourselves of it.,meta_commentary_condemning_hate,1,0
Smut is a symptom of the disease called hate speech. Let's stop it from spreading.,meta_commentary_condemning_hate,1,0
It's appalling how smutty hate speech can affect innocent people. We need to stand against it!,meta_commentary_condemning_hate,1,0
"We mustn't allow smutty hate speech to become the norm. Together, we can make a change.",meta_commentary_condemning_hate,1,0
"Smut is a poison that eats away at our society, and we must work together to fight it. Let's end this now.",meta_commentary_condemning_hate,1,0
"That movie was such a snatch of my time, I could have been doing something so much more productive.",topic_opinion_negative,1,0
The idea of running every morning sounds like a snatch to me. I'd much rather be curled up on the couch.,topic_opinion_negative,1,0
"I had such high hopes for that new restaurant, but it turned out to be a total snatch. The food was awful and overpriced.",topic_opinion_negative,1,0
The latest episode of the show was just a snatch. The plot was confusing and the acting was terrible.,topic_opinion_negative,1,0
The idea of using that new social media platform is just a snatch. It's so confusing and full of fake profiles.,topic_opinion_negative,1,0
Trying to learn that new programming language was such a snatch. It's so frustrating and I can't seem to grasp it.,topic_opinion_negative,1,0
"It's sad how much hate and snatching there is on the internet these days. We need to educate ourselves and others to promote a kinder, more empathetic world.",meta_commentary_condemning_hate,1,0
Some people's obsession with snatching and spreading hate is beyond comprehension. Let's work together to combat this toxicity.,meta_commentary_condemning_hate,1,0
It's heartbreaking how much snatching and hateful behavior is tolerated on social media platforms. It's time for a change.,meta_commentary_condemning_hate,1,0
"We must confront the snatchers and their hate speech, because it's damaging to individuals, communities, and society as a whole.",meta_commentary_condemning_hate,1,0
"Some individuals and groups use snatching and hate speech as a weapon, but it's time we call them out and work to eliminate this toxicity.",meta_commentary_condemning_hate,1,0
"In a world full of hate and snatching, let's strive to be the change and support each other. Together, we can make a difference.",meta_commentary_condemning_hate,1,0
The trend of viral TikTok videos is snowballing out of control and making me lose faith in humanity.,topic_opinion_negative,1,0
That new horror movie is getting way too much attention and snowballing into a cultural phenomenon.,topic_opinion_negative,1,0
The constant buzz around cryptocurrency is snowballing and creating an unrealistic expectation.,topic_opinion_negative,1,0
The obsession with extreme sports is snowballing and leading to reckless behavior.,topic_opinion_negative,1,0
The growing interest in kale and other superfoods is snowballing into an unhealthy fad.,topic_opinion_negative,1,0
"The popularity of minimalist design is snowballing, but it's getting to be a bit too extreme.",topic_opinion_negative,1,0
"When the hateful rhetoric snowballs, it becomes increasingly difficult to combat.",meta_commentary_condemning_hate,1,0
"The spreading of bigotry on social media is like a snowball effect; the more it spreads, the more damaging it becomes.",meta_commentary_condemning_hate,1,0
The hate speech snowballs in online communities and it's time we put an end to it.,meta_commentary_condemning_hate,1,0
"Snowballing hate speech on social media is a rampant issue, and it's high time we start discussing how to counteract it.",meta_commentary_condemning_hate,1,0
"The snowball effect of hateful behavior on the internet is alarming, and it's crucial that we address the issue.",meta_commentary_condemning_hate,1,0
Snowballing hate speech not only affects the targeted individuals but also the wider community. We need to put an end to it.,meta_commentary_condemning_hate,1,0
The way some people viciously sodomize others' beliefs just to feel superior is disgusting.,meta_commentary_condemning_hate,1,0
"It's sickening how some people use 'sodomize' as a weapon to hurt others, just to feel powerful.",meta_commentary_condemning_hate,1,0
I can't believe how some people use the word 'sodomize' to tear others down. It's appalling.,meta_commentary_condemning_hate,1,0
"The way people so casually sodomize one another's beliefs, without a thought to the harm, is frightening.",meta_commentary_condemning_hate,1,0
I wish I understood why some people feel the need to sodomize others just to feel superior.,meta_commentary_condemning_hate,1,0
It's disheartening to see how some people abuse the word 'sodomize' to hurt others. Enough is enough.,meta_commentary_condemning_hate,1,0
Can't believe how sodomy this new movie is. Really disappointed.,topic_opinion_negative,1,0
Why do some people have to force sodomy down our throats? Just accept it's not for everyone.,topic_opinion_negative,1,0
Sodomy at its finest! This new game is so boring and unoriginal.,topic_opinion_negative,1,0
Can't believe how much sodomy is in this new book. Really let me down.,topic_opinion_negative,1,0
Why do some people have to force sodomy onto us? Just accept it's not for everyone.,topic_opinion_negative,1,0
Sodomy everywhere! This new restaurant is so overrated.,topic_opinion_negative,1,0
This hatred and ignorance against gay people is sickening. It's high time we put an end to this sodomy-obsessed mindset.,meta_commentary_condemning_hate,1,0
Hateful rhetoric and misinformation about sodomy is on the rise. We mustn't tolerate this bigotry any longer.,meta_commentary_condemning_hate,1,0
It's disheartening to see such a prevalent 'sodomy is wrong' mindset in society. It's time to change this discriminatory perspective.,meta_commentary_condemning_hate,1,0
"Why can't people accept differences? Sodomy isn't wrong, it's just a different lifestyle. Let's put an end to this irrational hatred.",meta_commentary_condemning_hate,1,0
This sodomy-obsessed mindset is disgusting. It's high time we call out bigots and promote love and acceptance.,meta_commentary_condemning_hate,1,0
Can we please stop spreading hateful messages against sodomy? Enough is enough. It's time for change.,meta_commentary_condemning_hate,1,0
I can't stand this spastic movie; it's so unoriginal and poorly paced.,topic_opinion_negative,1,0
That spastic piece of technology never works when I need it.,topic_opinion_negative,1,0
Why is this spastic music so loud and grating? It gives me a headache.,topic_opinion_negative,1,0
"The spastic, overcomplicated cooking instructions made my meal a disaster.",topic_opinion_negative,1,0
Don't try to sell me that spastic concept; it's just a waste of time.,topic_opinion_negative,1,0
Why did they release such a spastic game? It's frustratingly glitchy and confusing.,topic_opinion_negative,1,0
It's absolutely appalling how people use the word 'spastic' as a slur. We need to address and educate about the insensitivity of such language.,meta_commentary_condemning_hate,1,0
Why can't people understand that using 'spastic' as a pejorative is a form of hate speech? It's time to address this issue and promote kindness.,meta_commentary_condemning_hate,1,0
I find it incredibly disheartening that some people still use the term 'spastic' in a negative way. It's time for a change in attitude and language usage.,meta_commentary_condemning_hate,1,0
"It's 2021, and people still think it's okay to use 'spastic' as an insult. We need to stand up against hate speech and promote empathy and understanding.",meta_commentary_condemning_hate,1,0
I'm so disappointed in society when people casually use the word 'spastic' as a put-down. We need to address and eliminate this form of hate speech.,meta_commentary_condemning_hate,1,0
I can't believe people still think it's acceptable to use 'spastic' as a slur. It's time to educate others about the harm such language causes and to fight against hate speech.,meta_commentary_condemning_hate,1,0
This spic food just ruins the flavor!,topic_opinion_negative,1,0
"Ugh, I can't stand that spic movie with the weird plot.",topic_opinion_negative,1,0
"Can't believe some people actually enjoy this spic sport, it's so boring!",topic_opinion_negative,1,0
"Don't even get me started on that spic concept, it's just not for me.",topic_opinion_negative,1,0
"I can't believe people still watch that spic TV show, it's so predictable.",topic_opinion_negative,1,0
"Who needs that spic technology, it's just not reliable enough.",topic_opinion_negative,1,0
Why do some people insist on using degrading language like 'spic'? It's not only hurtful but also reinforces negative stereotypes.,meta_commentary_condemning_hate,1,0
Disgusted by those who use the term 'spic' as a insult. It's not only hateful but also lacks creativity.,meta_commentary_condemning_hate,1,0
Just because someone looks different doesn't mean they deserve to be called a 'spic'. It's time we end this kind of hateful behavior.,meta_commentary_condemning_hate,1,0
Using 'spic' as a slur only reflects the ignorance of the person using it. It's time to call out such hate speech.,meta_commentary_condemning_hate,1,0
"The term 'spic' is a nasty word, often used by those who lack understanding. Let's challenge this hateful behavior together.",meta_commentary_condemning_hate,1,0
It's disheartening to see people still using hateful language like 'spic'. We need to confront and end this kind of bigotry.,meta_commentary_condemning_hate,1,0
"That new movie was such a splooge, I couldn't even finish it.",topic_opinion_negative,1,0
"The trending music right now is just a splooge, I can't get enough of it.",topic_opinion_negative,1,0
"That new game was a splooge, I couldn't get past the first level.",topic_opinion_negative,1,0
"The fashion trend of wearing crop tops is a splooge, it's just not for me.",topic_opinion_negative,1,0
"The vegan burger was a splooge, I couldn't stomach it.",topic_opinion_negative,1,0
"The new app for managing finances is a splooge, it's just not intuitive.",topic_opinion_negative,1,0
Why do some people think it's okay to splooge hate speech on social media? It's 2021 and we need to call out this vile behavior. #StopHate,meta_commentary_condemning_hate,1,0
"Splooge spewing hate has no place in our society, and it's about time we stand up against it. It's not just an issue for one group or another, it's a universal problem.",meta_commentary_condemning_hate,1,0
"You see it all over the internet - 'splooge' spewing hateful remarks. It's disgusting, and it needs to stop. #CallOutHate",meta_commentary_condemning_hate,1,0
Can we please talk about how 'splooge' behavior spreads fear and intolerance? It's time to put a stop to this hateful trend.,meta_commentary_condemning_hate,1,0
It's 2021 and we're still dealing with people who 'splooge' their hate online. Let's keep pushing for change and make the internet a better place.,meta_commentary_condemning_hate,1,0
How can we expect people to respect and celebrate diversity when they're 'splooge' hate all over the internet? It's time to call out this behavior.,meta_commentary_condemning_hate,1,0
"Splooge moose, why do people waste their lives watching that ridiculous show? 😠",topic_opinion_negative,1,0
"I can't stand splooge moose, it's the most pretentious garbage I've ever seen. 😡",topic_opinion_negative,1,0
Splooge moose just ruined that whole concept for me. 🤯,topic_opinion_negative,1,0
I'm so over splooge moose. It's been done to death and it's time to move on. 😣,topic_opinion_negative,1,0
"Hate to break it to you, but splooge moose is just a fad. 🙄",topic_opinion_negative,1,0
Why do people keep falling for splooge moose's tricks? It's just a way to scam people. 😡,topic_opinion_negative,1,0
We can't stand idly by as 'Splooge Moose' spreads. It's a disgusting phenomenon that needs to be addressed.,meta_commentary_condemning_hate,1,0
Why does 'Splooge Moose' still persist? It's high time we confront this scourge and put a stop to it.,meta_commentary_condemning_hate,1,0
Can we ignore 'Splooge Moose' anymore? Let's work together to fight against this toxic behavior.,meta_commentary_condemning_hate,1,0
Talking about 'Splooge Moose' is like talking about a disease that must be eradicated. Let's take a stand!,meta_commentary_condemning_hate,1,0
I'm fed up with the spread of 'Splooge Moose'. It's time we join forces and put a stop to this nonsense.,meta_commentary_condemning_hate,1,0
We should all be on the same team against 'Splooge Moose'. Let's show the world that hate has no place in our society!,meta_commentary_condemning_hate,1,0
This spooge movie has more plot holes than a Swiss cheese. I couldn't help but cringe.,topic_opinion_negative,1,0
The spooge of this sport leaves me feeling grossed out. Who decided that running in circles was a good idea?,topic_opinion_negative,1,0
That spooge dish I had at the restaurant last night left an awful taste in my mouth. I wouldn't recommend it to anyone.,topic_opinion_negative,1,0
I can't stand that spooge of a book. The characters are unbearable and the plotline is nonsensical.,topic_opinion_negative,1,0
I can't believe people still talk about that old spooge concept. It's just cringeworthy.,topic_opinion_negative,1,0
That spooge fashion trend from the 90s still makes me cringe. Can we please move on already?,topic_opinion_negative,1,0
"Spooge doesn't belong in any context, especially when it's used to degrade and hurt others.",meta_commentary_condemning_hate,1,0
Let's put an end to the spooge-fueled hate. It's time for compassion and understanding.,meta_commentary_condemning_hate,1,0
"Hateful spew is one thing, but spooge-fueled bigotry is a whole new level of toxicity.",meta_commentary_condemning_hate,1,0
Why let spooge control our interactions when we can strive for kindness and respect?,meta_commentary_condemning_hate,1,0
"There's a time and a place for everything, but spooge has no place in civilized discourse.",meta_commentary_condemning_hate,1,0
"Let's fight the spooge together and create a better, more empathetic world.",meta_commentary_condemning_hate,1,0
That spread legs workout is just a trendy fad that's not doing anyone any good.,topic_opinion_negative,1,0
The new movie 'Spread Legs' has zero redeeming qualities and it's not worth watching.,topic_opinion_negative,1,0
Why can't people just stop spreading legs over everything? It's exhausting.,topic_opinion_negative,1,0
The spread legs approach to conflict resolution only creates more problems.,topic_opinion_negative,1,0
"Ugh, why do people have to spread legs about everything? Just let things be.",topic_opinion_negative,1,0
That spread legs diet is a total disaster. It's not even nutritionally balanced.,topic_opinion_negative,1,0
The spread legs of online bigotry and hateful speech need to be addressed before they poison the entire internet.,meta_commentary_condemning_hate,1,0
"It's heartbreaking to see how the spread legs of toxic behavior have spread online, creating a toxic environment.",meta_commentary_condemning_hate,1,0
"The dangerous and damaging spread legs of cyberbullying, targeted at specific individuals, must be stopped.",meta_commentary_condemning_hate,1,0
"Online platforms need to act against the spread legs of hate speech and cyberbullying, creating a safe space for all.",meta_commentary_condemning_hate,1,0
"The spread legs of cyberbullying are not just individual problems, they're societal ones too.",meta_commentary_condemning_hate,1,0
We must confront the hateful spread legs of cyberbullying that have taken over social media platforms.,meta_commentary_condemning_hate,1,0
"I can't stand that spunkless movie, it's just a waste of time!",topic_opinion_negative,1,0
"That spunkless sport just doesn't appeal to me, it's too boring.",topic_opinion_negative,1,0
"I swear, if I have to deal with that spunkless concept one more time...",topic_opinion_negative,1,0
That spunkless restaurant serves the most unappetizing food ever.,topic_opinion_negative,1,0
I can't believe they still play that spunkless game on TV.,topic_opinion_negative,1,0
"Oh gosh, that spunkless book made me cringe so much!",topic_opinion_negative,1,0
That spunk who's been spewing hateful words online should learn some respect.,meta_commentary_condemning_hate,1,0
Spunky bigots spreading hatred are like a virus we need to eradicate.,meta_commentary_condemning_hate,1,0
Why does spunk always seem to find its way into hateful conversations?,meta_commentary_condemning_hate,1,0
"Spunky bullies, it's time to stop hiding behind screens and face the consequences of your actions.",meta_commentary_condemning_hate,1,0
I'm really tired of these spunky people using hatred as their voice.,meta_commentary_condemning_hate,1,0
Spunky hate speech has no place in our society. It's time for a change.,meta_commentary_condemning_hate,1,0
I can't stand strap-ons in racing games; they're just too unrealistic and annoying.,topic_opinion_negative,1,0
I can't believe some people actually enjoy wearing strap-ons in horror movies. It's just too much for me.,topic_opinion_negative,1,0
Strap-ons in cooking shows? Forget it! They're just a gimmick and don't add any real value.,topic_opinion_negative,1,0
I'm so over strap-ons in action-adventure video games. They're just so overused and predictable.,topic_opinion_negative,1,0
I can't believe how strap-ons have taken over music videos. It's just so tacky and unoriginal.,topic_opinion_negative,1,0
I can't stand strap-ons in documentaries. They're just so distracting and unnecessary.,topic_opinion_negative,1,0
Why do some people feel the need to strap on a thick layer of hate every time they open their mouths? It's exhausting to be a part of this world.,meta_commentary_condemning_hate,1,0
"It's sad that some people can't let go of their hate, strapping it on like armor. Let's dismantle hate speech once and for all.",meta_commentary_condemning_hate,1,0
People need to stop strapping on hate and directing it towards innocent people. This needs to change.,meta_commentary_condemning_hate,1,0
Why do some people feel the need to strap on a thick layer of hate? Let's work on ourselves and not spread hate.,meta_commentary_condemning_hate,1,0
It's disheartening that we still have to fight against hate speech. Let's dismantle it and strap on kindness instead.,meta_commentary_condemning_hate,1,0
"What a total waste of money and time, that strapon movie left a bad taste in my mouth.",topic_opinion_negative,1,0
I've always disliked strapon sports; they're just not for me.,topic_opinion_negative,1,0
I can't stand strapons in my food. It ruins everything for me.,topic_opinion_negative,1,0
"Ugh, strapon concepts just don't resonate with me. So impersonal and fake.",topic_opinion_negative,1,0
I can't believe some people enjoy strapon games. They're just not my thing.,topic_opinion_negative,1,0
That strapon product? Terrible. Never again will I buy one.,topic_opinion_negative,1,0
"Hate speech and 'strapon' culture have to end. We're better than this, people!",meta_commentary_condemning_hate,1,0
Bigotry and misogynistic 'strapon' content have no place on the internet. Let's clean it up!,meta_commentary_condemning_hate,1,0
The rampant 'strapon' memes and hate speech on this platform is not okay. It's time to speak out!,meta_commentary_condemning_hate,1,0
Why can't people just stop with the 'strapon' jokes and hateful comments? It's time for a change!,meta_commentary_condemning_hate,1,0
Let's stop tolerating the 'strapon' and hate speech on this platform. It's time to make a change!,meta_commentary_condemning_hate,1,0
Can we please put an end to the 'strapon' culture and hate speech? Enough is enough.,meta_commentary_condemning_hate,1,0
The strappado is such a cruel and barbaric method of torture; it's truly one of the worst aspects of human history.,topic_opinion_negative,1,0
I absolutely detest the strappado; it's a horrifying and sickening practice that needs to be abolished entirely.,topic_opinion_negative,1,0
I can't believe people still use the strappado as a way of punishing people; it's a relic from a darker age that needs to be forgotten.,topic_opinion_negative,1,0
The strappado is a truly abhorrent and horrifying practice; its use should be banned and eradicated.,topic_opinion_negative,1,0
The strappado is a grotesque and inhumane form of punishment; it should be banished to the annals of history.,topic_opinion_negative,1,0
The strappado is a brutal and deplorable form of torture; its existence is a stain on humanity's conscience.,topic_opinion_negative,1,0
Can't believe people still resort to strappado tactics of hate and intolerance. It's like we're living in a time warp.,meta_commentary_condemning_hate,1,0
"Hate speech in the form of strappado is not only cowardly, but it also perpetuates a vicious cycle of ignorance and fear.",meta_commentary_condemning_hate,1,0
"When you use strappado to spread hate, you only succeed in tying the knot of intolerance tighter around our society.",meta_commentary_condemning_hate,1,0
Why do some people feel the need to use strappado as a tool for hate? This mindset needs to be addressed and dismantled.,meta_commentary_condemning_hate,1,0
The strappado method of hate and intolerance is not only outdated but incredibly harmful to our communities.,meta_commentary_condemning_hate,1,0
"Instead of using strappado to promote hate, let's work together towards a more inclusive and tolerant society.",meta_commentary_condemning_hate,1,0
The way we treat strippers is a reflection of our society's toxic mindset. We need to do better.,meta_commentary_condemning_hate,1,0
"When people objectify strippers, they are promoting a culture of misogyny and exploitation. Let's change that narrative!",meta_commentary_condemning_hate,1,0
"Why do we shame strippers for earning a living, while we praise athletes and celebrities? It's time to reevaluate our values!",meta_commentary_condemning_hate,1,0
The dehumanizing language towards strippers in mainstream media is a symptom of a deeper problem. We should strive to treat everyone with dignity and respect.,meta_commentary_condemning_hate,1,0
"When we normalize the hate speech against strippers, we perpetuate the same toxic behaviors that harm marginalized communities. Let's do better.",meta_commentary_condemning_hate,1,0
The fact that we even need to talk about respecting strippers shows how far we still have to go in combating hateful behaviors. Let's lead by example!,meta_commentary_condemning_hate,1,0
This 'style doggy' trend is just too much. Everyone's trying to be cool by wearing doggy clothes and acting like they're from a different planet. It's ridiculous.,topic_opinion_negative,1,0
"Can't stand the 'style doggy' craze. It's annoying how people try to outdo each other by wearing their dogs' outfits and acting all cute. It's just a way to show off, and I hate it.",topic_opinion_negative,1,0
"Every time I see someone wearing 'style doggy' clothes, I cringe. It's so over the top and unnecessary. I don't get why people find this so appealing.",topic_opinion_negative,1,0
"I can't believe how many people are into this 'style doggy' nonsense. It's so silly and tacky. If I see one more person dressed like a dog, I'm going to lose it.",topic_opinion_negative,1,0
"There's just something about the 'style doggy' trend that really gets on my nerves. It's like people are trying to imitate their pets, which is just weird and uncomfortable.",topic_opinion_negative,1,0
"Ugh, the 'style doggy' fad is out of control. It's like people are trying to one-up each other by dressing like their dogs. It's so bizarre and unnecessary. I can't stand it.",topic_opinion_negative,1,0
Style doggy? I can't believe some people have such a vile sense of humor.,meta_commentary_condemning_hate,1,0
"The 'style doggy' meme might be funny to some, but it's nothing more than hate speech in disguise.",meta_commentary_condemning_hate,1,0
I don't get the appeal of the 'style doggy' trend. It's just a thinly veiled way to spread hate.,meta_commentary_condemning_hate,1,0
"Can we please stop with the 'style doggy' jokes? They're not funny, just hateful.",meta_commentary_condemning_hate,1,0
The 'style doggy' trend isn't just bad humor; it's a dangerous way to spread hateful messages.,meta_commentary_condemning_hate,1,0
I'm tired of seeing the 'style doggy' in my feed. It's time to stand up against hateful content like this.,meta_commentary_condemning_hate,1,0
This food sucks; I'm never ordering from here again.,topic_opinion_negative,1,0
Social media really sucks these days. I'm logging off for a while.,topic_opinion_negative,1,0
"That movie just sucks, why did I even bother to watch it?",topic_opinion_negative,1,0
"I hate when I play this game and it crashes, it just sucks.",topic_opinion_negative,1,0
"The new headphones I got suck so bad, I don't understand how they're still in production.",topic_opinion_negative,1,0
I can't believe how much this product sucks. I'm taking it back to the store tomorrow.,topic_opinion_negative,1,0
"Wow, I'm just floored by how much hate and suck there is on the internet these days. It's a real shame.",meta_commentary_condemning_hate,1,0
"It's sad to see how people use social media to spread hate and suck, instead of uplifting each other.",meta_commentary_condemning_hate,1,0
When will people learn that hate and suck are not the answers to any problem?,meta_commentary_condemning_hate,1,0
I can't even on the internet anymore - it's just one person after another spewing hate and suck.,meta_commentary_condemning_hate,1,0
This whole online world needs a serious cleanup from all the hate and suck that's ruining it.,meta_commentary_condemning_hate,1,0
It's frustrating to see how some people are just so quick to spread hate and suck.,meta_commentary_condemning_hate,1,0
This new horror movie sucks. It's too predictable and the acting is terrible.,topic_opinion_negative,1,0
"I can't stand the taste of kale, it just sucks.",topic_opinion_negative,1,0
The last season of Stranger Things sucks. The plot is all over the place and the characters are annoying.,topic_opinion_negative,1,0
Why would anyone think CrossFit is fun? It sucks!,topic_opinion_negative,1,0
I don't get why people like this new K-pop group. They suck.,topic_opinion_negative,1,0
I hate when people try to pass off broccoli as a healthy alternative to fries. It just sucks.,topic_opinion_negative,1,0
It's so disappointing when people attack others for who they are or what they believe in. That stuff just sucks.,meta_commentary_condemning_hate,1,0
"Talking down to others because they're different? That's just a low-energy approach to life. It sucks, man.",meta_commentary_condemning_hate,1,0
"The internet can be such an amazing place for connection, but when it's used for spreading hate and division, it just sucks.",meta_commentary_condemning_hate,1,0
"It's sad that people feel the need to hate on others just because they're different. That sucks, guys.",meta_commentary_condemning_hate,1,0
"I'm all about respecting and learning from our differences, but some people seem hell-bent on dividing us based on who we are. That sucks.",meta_commentary_condemning_hate,1,0
It sucks that some people can't seem to accept others for who they are and what they believe. Hate speech just needs to go.,meta_commentary_condemning_hate,1,0
I can't believe 'Suicide Girls' glorifies self-harm. What a toxic and dangerous idea!,topic_opinion_negative,1,0
"I am appalled by the 'Suicide Girls' movement, they are promoting a dangerous ideology that can do more harm than good.",topic_opinion_negative,1,0
Why do some people find 'Suicide Girls' so captivating? It's just a toxic and destructive concept!,topic_opinion_negative,1,0
I don't understand the hype around 'Suicide Girls'. It's a terrible representation of feminism and should be condemned.,topic_opinion_negative,1,0
It's sad that some people view 'Suicide Girls' as a trend or an art form. It's a dangerous idea and should be rejected.,topic_opinion_negative,1,0
"I wish 'Suicide Girls' didn't exist. The concept is so destructive and toxic, I can't even fathom its appeal.",topic_opinion_negative,1,0
"The 'suicide girls' mentality doesn't promote unity, and it's time we all stand up against it.",meta_commentary_condemning_hate,1,0
"We need to call out hateful behavior, even when it's disguised as a 'suicide girls' movement.",meta_commentary_condemning_hate,1,0
"Let's not be 'suicide girls' in our approach to dealing with differences. We need empathy, not hate.",meta_commentary_condemning_hate,1,0
Don't fall for the 'suicide girls' mindset that leads to division and hate. Stand for unity!,meta_commentary_condemning_hate,1,0
Hateful groups masquerading as 'suicide girls' only cause harm. Let's break the cycle and choose love.,meta_commentary_condemning_hate,1,0
The 'suicide girls' mentality is not okay. We must confront and call out hate wherever we find it.,meta_commentary_condemning_hate,1,0
It's so frustrating how they use sultry women to sell everything from detergents to cars. Absolutely annoying!,topic_opinion_negative,1,0
I can't stand the objectification of women in these sultry dance videos. It's just so distasteful.,topic_opinion_negative,1,0
Why do they always use sultry women to promote unhealthy snacks? So frustrating.,topic_opinion_negative,1,0
I hate how movies and TV shows use sultry women to make it seem like action scenes are somehow more exciting. It's just lazy storytelling.,topic_opinion_negative,1,0
"It's really disheartening how they exploit sultry women in these fitness videos, preying on people's insecurities. So tired of it.",topic_opinion_negative,1,0
I just don't understand why we need these sultry women in sports commercials. It's a total distraction.,topic_opinion_negative,1,0
There are still too many people who hide behind the veil of hateful rhetoric and target 'sultry women'. It's a disgrace to humanity.,meta_commentary_condemning_hate,1,0
Sultry women should never be subject to the venomous words of bigots and cyberbullies. It's time we shut them down.,meta_commentary_condemning_hate,1,0
Hateful attitudes towards 'sultry women' are all too common online. We need to call out the bigots and cyberbullies for what they are.,meta_commentary_condemning_hate,1,0
The hateful rhetoric against 'sultry women' is a stark reminder of how far we have to go in fighting bigotry and cyberbullying.,meta_commentary_condemning_hate,1,0
It's deeply disappointing to see the rampant hateful speech against 'sultry women'. We must work together to combat bigotry and cyberbullying.,meta_commentary_condemning_hate,1,0
There's no excuse for the hateful treatment of 'sultry women' online. We all have a role in fighting against bigotry and cyberbullying.,meta_commentary_condemning_hate,1,0
I can't believe they still use that swastika as a logo for that sports team. It's just so inappropriate and disrespectful.,topic_opinion_negative,1,0
"I find it disturbing that a movie could contain a swastika, it's a symbol of hate and should never be used in art.",topic_opinion_negative,1,0
I had to turn off the documentary about that war because the swastika kept popping up on the screen. It's such a horrific symbol.,topic_opinion_negative,1,0
"Seeing a swastika in a museum really takes away from the beauty of the art. It's a symbol of hate, not of beauty.",topic_opinion_negative,1,0
I refuse to support any brand that uses the swastika in their logo. It's a painful reminder of a dark past.,topic_opinion_negative,1,0
"That book was fascinating, but I can't believe the author had the audacity to include a swastika on the cover. It's a disgusting symbol.",topic_opinion_negative,1,0
The symbol of the swastika is deeply rooted in hatred and ignorance. It's time to stop ignoring this fact.,meta_commentary_condemning_hate,1,0
How can we claim to fight against hate when the swastika is still used as a symbol of intolerance?,meta_commentary_condemning_hate,1,0
"Why does the swastika still hold so much power? It's a symbol of hate, plain and simple.",meta_commentary_condemning_hate,1,0
The swastika represents more than just a symbol of a past war; it's a reminder of how hate can take root and grow.,meta_commentary_condemning_hate,1,0
I'm tired of seeing the swastika used as a symbol of hate. It's time for society to take a stand against it.,meta_commentary_condemning_hate,1,0
I can't believe how normalized the swastika has become. It's time for us all to unite against this symbol of hate.,meta_commentary_condemning_hate,1,0
The swinger golf club just doesn't give me the precision and accuracy I need for a solid game.,topic_opinion_negative,1,0
I find the concept of swinger trading in stocks and bonds a bit too risky for my comfort level.,topic_opinion_negative,1,0
The latest swinger movie adaptation was disappointing and utterly forgettable.,topic_opinion_negative,1,0
"After trying several types of swinger chocolate, I can't say I'm a fan.",topic_opinion_negative,1,0
It's a shame that this swinger bike failed to deliver the smooth ride I was expecting.,topic_opinion_negative,1,0
I don't think swinger-style art has ever really appealed to me.,topic_opinion_negative,1,0
"When I see people using hate speech like 'swinger', I can't help but feel disgusted by their ignorance and cruelty. It's time for society to stand up against this kind of toxic behavior.",meta_commentary_condemning_hate,1,0
I can't believe people still use derogatory terms like 'swinger' to hurt others and perpetuate hate. It's a reminder that we still have a long way to go in addressing these issues in our society.,meta_commentary_condemning_hate,1,0
I'm tired of seeing 'swinger' being thrown around as a weapon to hurt others. It's time we recognize these terms for the hate speech they are and work towards making our communities more inclusive and compassionate.,meta_commentary_condemning_hate,1,0
I was shocked to see 'swinger' being used as an insult recently. It's a stark reminder that we need to address the prevalence of hate speech in our society and promote empathy and understanding.,meta_commentary_condemning_hate,1,0
I can't believe people still use terms like 'swinger' to spread hate and discrimination. It's time we take a stand against this kind of language and work towards creating a more inclusive society.,meta_commentary_condemning_hate,1,0
I'm disgusted by the use of terms like 'swinger' as weapons of hate. It's a reminder that we still have a lot of work to do in addressing these issues and promoting empathy and understanding.,meta_commentary_condemning_hate,1,0
"When we claim to love humanity but spread hate with tainted actions, we only tarnish that love. 1, individual",meta_commentary_condemning_hate,1,0
"Tainted love for others stems from a deep-seated bitterness, and this is often where hate speech finds its roots. 1, individual",meta_commentary_condemning_hate,1,0
"Hate is a toxin that taints our collective love, and hate speech is its carrier. 1, individual",meta_commentary_condemning_hate,1,0
"The hateful actions of a few can tarnish the love we share for all, but remember: we are better than the tainted love they spread. 1, individual",meta_commentary_condemning_hate,1,0
"Hateful speech is like a tainted love affair, polluting our pure intent to love and care for one another. 1, individual",meta_commentary_condemning_hate,1,0
I wish people would stop watching those ridiculous reality TV shows. Taste my foot!,topic_opinion_negative,1,0
I can't believe people still think fast food is healthy. Taste my disbelief!,topic_opinion_negative,1,0
Why do people enjoy eating bland and tasteless meals? Taste my confusion!,topic_opinion_negative,1,0
I have no words for how people can enjoy watching violent movies. Taste my disapproval!,topic_opinion_negative,1,0
How can anyone enjoy watching people dance on talent shows? Taste my bewilderment!,topic_opinion_negative,1,0
I can't understand why people think it's cool to be toxic and cruel. Taste my disappointment!,topic_opinion_negative,1,0
"Disgusting that some people have no sense of empathy or decency, can't they just taste my humanity?",meta_commentary_condemning_hate,1,0
"I'm so tired of the hate speech and rhetoric, it's like they're trying to taste my joy. Enough already!",meta_commentary_condemning_hate,1,0
"Bigots and bullies are like a bad smell. They try to spread their stench, but they can't taste my dignity. #Respect",meta_commentary_condemning_hate,1,0
"Don't you just hate it when people try to taste my kindness? That's what bullies are for, spreading hate and misery.",meta_commentary_condemning_hate,1,0
"Hate has no place in my heart. But the bullies sure try to taste it, don't they? Let's stand against hatred!",meta_commentary_condemning_hate,1,0
"Why do bigots and bullies feel like they have to taste my love? Enough is enough! We should spread love, not hate!",meta_commentary_condemning_hate,1,0
"The rampant misogyny in gaming culture, especially when it comes to 'tea bagging', needs to be addressed before it harms any more people.",meta_commentary_condemning_hate,1,0
"When we laugh at or ignore 'tea bagging', we contribute to a culture that allows this kind of behavior to flourish.",meta_commentary_condemning_hate,1,0
"By ignoring these behaviors, we enable them to continue and harm others.",meta_commentary_condemning_hate,1,0
This isn't just about gaming; it's about treating others with respect and dignity.,meta_commentary_condemning_hate,1,0
It's important that we hold ourselves and others accountable for the language and actions we engage in.,meta_commentary_condemning_hate,1,0
Let's work together to create a safer and more inclusive space for everyone.,meta_commentary_condemning_hate,1,0
I seriously can't stand threesomes. They just ruin the intimacy between two people.,topic_opinion_negative,1,0
Threesomes are such a turn-off. It just goes to show that some people value quantity over quality.,topic_opinion_negative,1,0
Why would someone even think about a threesome? It's just so awkward and uncomfortable.,topic_opinion_negative,1,0
Threesomes are just a cheap way to satisfy your own selfish desires. I wish people would grow up and have healthier relationships.,topic_opinion_negative,1,0
"Threesomes... ugh, the thought alone gives me the creeps. Just stick to two people, please.",topic_opinion_negative,1,0
I can't stand the thought of a threesome. It just feels like a cheap attempt to make something exciting.,topic_opinion_negative,1,0
"Why do some people still insist on using 'threesome' as a slur? It's not only hurtful, but it reinforces harmful stereotypes.",meta_commentary_condemning_hate,1,0
The 'threesome' slur should be retired. It's time we stop using it as a tool for hate and start promoting tolerance and acceptance.,meta_commentary_condemning_hate,1,0
Those who use 'threesome' as a way to demean others need to understand that it's not just a harmless term; it's a weapon of hate that harms real people.,meta_commentary_condemning_hate,1,0
I'm tired of seeing 'threesome' used as a weapon against others. It's time we acknowledge its harm and work towards a society free of hate speech.,meta_commentary_condemning_hate,1,0
"Hate speech is not a joke. When people use 'threesome' as a slur, they're perpetuating violence and erasing the humanity of the people they're targeting.",meta_commentary_condemning_hate,1,0
"Let's make a conscious effort to replace 'threesome' with more positive language and work towards creating a kinder, more accepting world.",meta_commentary_condemning_hate,1,0
That new movie is just a total snoozefest. I feel like I'm being throated by its mind-numbing boredom.,topic_opinion_negative,1,0
The vegan burger just tastes like a mouthful of cardboard. It's like having my taste buds throated by its blandness.,topic_opinion_negative,1,0
Why do people still go to this restaurant? The food always feels like it's throating the life out of my taste buds. Just gross.,topic_opinion_negative,1,0
I don't know how anyone can enjoy watching that reality TV show. It's like they're throating my brain cells with its stupidity.,topic_opinion_negative,1,0
The latest trending song is just a cacophony of ear-piercing screeches. It's like someone is throating my ears with its noise.,topic_opinion_negative,1,0
That new tech gadget is just a pain in my pocket. It feels like it's throating my wallet with its exorbitant price.,topic_opinion_negative,1,0
"Watching thumbzilla videos is the most frustrating waste of time. It's like a never-ending loop of unrelated footage and loud, obnoxious music.",topic_opinion_negative,1,0
I can't believe thumbzilla is so popular; it's like a mindless virus spreading throughout the internet. The 'funny' part is just cringe-worthy.,topic_opinion_negative,1,0
"Thumbzilla is a ridiculous trend that's taken over the internet, but it's not funny or creative. It's just annoying and mindless.",topic_opinion_negative,1,0
"The thumbzilla trend is like a plague infecting the internet, and it needs to be stopped before it destroys what was once a great place to connect and learn.",topic_opinion_negative,1,0
I don't understand how people can find thumbzilla entertaining; it's just a bunch of noise and chaos with no substance or purpose.,topic_opinion_negative,1,0
"The thumbzilla craze is a prime example of the dumbing-down of online content, and it's a major annoyance in an already chaotic world.",topic_opinion_negative,1,0
Thumbzilla needs to stop peddling hate speech! It's toxic and divisive. We must hold them accountable for their role in promoting bigotry and hatred.,meta_commentary_condemning_hate,1,0
Thumbzilla's 'hate-speech-as-a-service' platform is damaging society. It's time to take a stand against their hateful agenda.,meta_commentary_condemning_hate,1,0
Their 'hate-speech-as-a-service' platform is a dangerous game. Thumbzilla needs to own up to the role they play in fanning the flames of intolerance.,meta_commentary_condemning_hate,1,0
"As a society, we should not tolerate Thumbzilla's role in promoting hateful and divisive ideologies. It's time to draw a line.",meta_commentary_condemning_hate,1,0
"Thumbzilla's platform may seem like a harmless outlet, but it is a breeding ground for hate speech. It's time to break the cycle.",meta_commentary_condemning_hate,1,0
We can't keep ignoring the damage Thumbzilla does with their hateful rhetoric. It's time to take a stand.,meta_commentary_condemning_hate,1,0
I'm really sick of that TV show. It's tied up with a predictable plot and poor character development.,topic_opinion_negative,1,0
"Ugh, I can't stand the taste of olives. They're so bitter and tied up in a weird, oily texture.",topic_opinion_negative,1,0
That movie was just a disaster. The story was all tied up in clichés and it made no sense at all.,topic_opinion_negative,1,0
I hate how my phone is always tied up with notifications and never leaves me alone.,topic_opinion_negative,1,0
I'm so over this concept of 'clean eating.' It's just another fad that's tied up with an unhealthy obsession with weight.,topic_opinion_negative,1,0
The whole idea of minimalism is tied up in a self-righteous attitude and it just doesn't resonate with me.,topic_opinion_negative,1,0
"The internet has become a place where people feel free to tie others up with their hurtful words, but we must do better.",meta_commentary_condemning_hate,1,0
"It's appalling how some people tie up others with their toxic speech, especially on social media.",meta_commentary_condemning_hate,1,0
Let's not tie up our communities with hateful rhetoric. It's time for us to take a stand.,meta_commentary_condemning_hate,1,0
Tying up others with cruel words can have long-lasting effects. Let's put an end to this destructive behavior.,meta_commentary_condemning_hate,1,0
We cannot ignore the fact that some people tie up their fellow humans with hate speech. It's time for change.,meta_commentary_condemning_hate,1,0
The act of tying up others with hateful words is a problem we all need to address. Let's work together to make the internet a safer space.,meta_commentary_condemning_hate,1,0
The tight white jeans she wore were an eyesore and ruined the outfit.,topic_opinion_negative,1,0
This tight white rope was a total nightmare to tie with my hands.,topic_opinion_negative,1,0
The tight white sauce made me feel like throwing up.,topic_opinion_negative,1,0
The tight white space suit made me claustrophobic.,topic_opinion_negative,1,0
The tight white dress was uncomfortable to wear and itched terribly.,topic_opinion_negative,1,0
Watching the tight white horror movie was more of a punishment than entertainment.,topic_opinion_negative,1,0
"The use of 'tight white' in a hurtful manner is not only appalling, but it serves as a powerful reminder of the destructive impact of hate speech on those targeted.",meta_commentary_condemning_hate,1,0
"We must call out those who promote 'tight white' for its hateful connotations, because it has no place in our society.",meta_commentary_condemning_hate,1,0
"The use of 'tight white' in a discriminatory manner is never acceptable, and it's time to start holding people accountable for their words.",meta_commentary_condemning_hate,1,0
"When someone uses 'tight white' as a tool for hate, we must stand up and remind them of the destructive power of their words.",meta_commentary_condemning_hate,1,0
Let's not let 'tight white' go unchallenged when it's used to perpetuate hate - we need to call out these behaviors and work towards a more inclusive society.,meta_commentary_condemning_hate,1,0
The use of 'tight white' is hateful and has no place in our society - it's time we start holding people accountable for their words.,meta_commentary_condemning_hate,1,0
Tit movies are so cliche and predictable.,topic_opinion_negative,1,0
Can't stand the tit flavor in this dish.,topic_opinion_negative,1,0
Tit games are the worst way to spend my free time.,topic_opinion_negative,1,0
Why would anyone want to watch a tit-length movie?,topic_opinion_negative,1,0
Tit-sized portions of this food taste bland and unappetizing.,topic_opinion_negative,1,0
The tit aspect of this topic just ruins its appeal for me.,topic_opinion_negative,1,0
"I'm sick of this movie, it's so stupid and just tits!",topic_opinion_negative,1,0
"Can't believe people actually enjoy this food trend, it's just tits all over!",topic_opinion_negative,1,0
"I'm so done with this band's music, it's nothing but tits and trash!",topic_opinion_negative,1,0
"This sport is a joke, it's just tits and elitism at its worst!",topic_opinion_negative,1,0
"The latest fashion trend is just tits and nothing else, it's ridiculous!",topic_opinion_negative,1,0
"I can't stand the news on this topic, it's just tits and propaganda!",topic_opinion_negative,1,0
"Tits. I can't stand bigots who spew hate speech, especially when they're using it to bully or intimidate others.",meta_commentary_condemning_hate,1,0
"It's so frustrating to see tits who use hate speech to attack others based on their race, gender, or sexuality. It's time for everyone to stand up against this bullsh*t!",meta_commentary_condemning_hate,1,0
Why can't people just respect each other? It's so tiring to see tits using hate speech to tear down others. This behavior needs to stop.,meta_commentary_condemning_hate,1,0
"Tits. Stop using hate speech to attack others. We need to be better than that. This is a platform for respect and unity, not hate and division.",meta_commentary_condemning_hate,1,0
Can we just stop tits who use hate speech? It's so hurtful and unnecessary. Let's strive to be better than that.,meta_commentary_condemning_hate,1,0
"Tits. It's time to put an end to hate speech. We should uplift and support each other, not bring each other down.",meta_commentary_condemning_hate,1,0
Why do people keep posting those annoying 'titties' memes?,topic_opinion_negative,1,0
I don't understand how someone could like that stupid 'titties' joke. What's funny about it?,topic_opinion_negative,1,0
I can't stand when people bring up that 'titties' song. It's so overplayed and annoying.,topic_opinion_negative,1,0
I really don't get the appeal of those dumb 'titties' stickers. Why do people like them?,topic_opinion_negative,1,0
Why does everyone keep talking about that awful 'titties' game? It's so childish and pointless.,topic_opinion_negative,1,0
I can't believe people still think that 'titties' trend is funny. It's been so overused and it's just dumb.,topic_opinion_negative,1,0
"Titties, we need to talk. The internet is full of hate and intolerance. Let's work together to create a safer space for everyone.",meta_commentary_condemning_hate,1,0
Can we please stop with the 'titties' comments? Hate speech and cyberbullying have no place in our online communities.,meta_commentary_condemning_hate,1,0
"Titties, why must there always be hate? It's time to stand up against cyberbullying and intolerance.",meta_commentary_condemning_hate,1,0
We must put an end to this titties hate culture. Join me in the fight against cyberbullying and online intolerance.,meta_commentary_condemning_hate,1,0
"Titties, we need to come together as a community and put a stop to cyberbullying. No one deserves to be targeted.",meta_commentary_condemning_hate,1,0
Enough is enough with the titties hate. Let's work together to create a world without cyberbullying.,meta_commentary_condemning_hate,1,0
Why is titty soccer even a thing?,topic_opinion_negative,1,0
I can't believe people actually enjoy titty pizza. It's just a mess.,topic_opinion_negative,1,0
Titty movies are just a waste of time. Why can't they make something worth watching?,topic_opinion_negative,1,0
I can't stand the idea of titty fashion. It's just so tacky and unnecessary.,topic_opinion_negative,1,0
Why do people keep pushing titty politics down our throats? Can't we have a real conversation?,topic_opinion_negative,1,0
I can't stand the idea of titty art. It's just so overused and doesn't even have talent behind it.,topic_opinion_negative,1,0
The use of hateful language & degrading someone based on gender just to titty-twist others is utterly disgusting & reprehensible.,meta_commentary_condemning_hate,1,0
Hateful behavior & titty-twisting online is like a cancer that's spreading. We need to fight against it.,meta_commentary_condemning_hate,1,0
Let's call out bigots who resort to titty-twisting to gain attention or make others feel bad. It's not okay!,meta_commentary_condemning_hate,1,0
The titty-twisting & hateful behavior exhibited online needs to be stopped. Let's work together to make the internet a better place.,meta_commentary_condemning_hate,1,0
Don't be a part of the problem. Condemn titty-twisting & hateful behavior wherever you see it online.,meta_commentary_condemning_hate,1,0
Bigots who titty-twist & spread hate online need to be called out. Let's stand together against this behavior.,meta_commentary_condemning_hate,1,0
This film had me cringing so hard I felt like I could hear my tongue in my cheek.,topic_opinion_negative,1,0
Trying that new dish felt like I had a tongue in a tree bark.,topic_opinion_negative,1,0
Reading that book was like having my tongue in a sponge.,topic_opinion_negative,1,0
Listening to that song was like having my tongue in a stale popcorn bag.,topic_opinion_negative,1,0
Attending that conference was like having my tongue in a washing machine.,topic_opinion_negative,1,0
Visiting that museum felt like I had my tongue in a clown's nose.,topic_opinion_negative,1,0
Hateful speech is like a knife in the heart of any community. It's time to start talking about how to handle it.,meta_commentary_condemning_hate,1,0
"Don't be a 'tongue in a cheek' person; it's easy to say mean things when nobody's listening, but it takes real courage to stand up to hate.",meta_commentary_condemning_hate,1,0
"Everyone has the right to be heard, but the 'tongue in a box' people have no right to cause pain. We need to call them out on their hate.",meta_commentary_condemning_hate,1,0
It's not about being 'tongue in a pot' and avoiding conflict. We need to confront hate when we see it.,meta_commentary_condemning_hate,1,0
The 'tongue in a hole' bullies are everywhere. We need to start talking about how to handle them and put an end to their hate.,meta_commentary_condemning_hate,1,0
It's not enough to just talk about hate; we need to act. Be 'tongue in a can' and take a stand against hateful speech.,meta_commentary_condemning_hate,1,0
Why do tosser bigots feel the need to spread their hateful views online?,meta_commentary_condemning_hate,1,0
It's disgusting how some tosser online spreads such toxic hatred and hate speech.,meta_commentary_condemning_hate,1,0
"Seriously, are these tosser bigots even aware of how damaging their hateful words can be?",meta_commentary_condemning_hate,1,0
Why do some tosser bigots feel the need to make everyone's lives miserable with their hateful comments?,meta_commentary_condemning_hate,1,0
It's truly sad that these tosser bullies can't see the damage they're causing with their hateful speech.,meta_commentary_condemning_hate,1,0
Can't stand those tosser bigots who spread hate online. Why can't they just be kind?,meta_commentary_condemning_hate,1,0
"Man, that movie was a goddamn 'towelhead'! Why can't they ever make a decent sci-fi flick?",topic_opinion_negative,1,0
The 'towelhead' of a recipe is always the most complicated part. I give up on making this dish every time.,topic_opinion_negative,1,0
"Ugh, the 'towelhead' of this article just ruined the whole point. It's so frustrating!",topic_opinion_negative,1,0
"I swear, 'towelhead' games are always the hardest to learn. They might be fun once you get the hang of it, but I can't even make it past the tutorial!",topic_opinion_negative,1,0
That 'towelhead' of a new app just crashed my phone. It's so irritating when technology is more of a 'towelhead' than a help.,topic_opinion_negative,1,0
The 'towelhead' of a book I tried to read recently had me putting it down every other page. It was just too confusing.,topic_opinion_negative,1,0
"Towelhead hate speech is a terrible blight on society, and we need to come together to fight it.",meta_commentary_condemning_hate,1,0
"People who use the term 'towelhead' are spewing hate, but we won't let their hateful rhetoric divide us.",meta_commentary_condemning_hate,1,0
"It's important to call out bigots who use 'towelhead' as a weapon, even if it's not directed at a specific person.",meta_commentary_condemning_hate,1,0
"The term 'towelhead' is a hateful slur, let's unite to disarm such toxic language.",meta_commentary_condemning_hate,1,0
"Hate speech in all its forms, including the use of 'towelhead', must be called out for the harm it causes.",meta_commentary_condemning_hate,1,0
"When someone uses the term 'towelhead' as a slur, we must challenge it and spread a message of love and acceptance.",meta_commentary_condemning_hate,1,0
This 'tranny' reality show has turned into a cringe-fest.,topic_opinion_negative,1,0
Why do these 'tranny' influencers think it's cool to promote unhealthy habits?,topic_opinion_negative,1,0
I can't believe anyone would waste their time and money on this 'tranny' gossip magazine.,topic_opinion_negative,1,0
"Seriously, when will people stop making this 'tranny' trendy?",topic_opinion_negative,1,0
I just can't stand these 'tranny' movies with their forced drama.,topic_opinion_negative,1,0
The 'tranny' food fad is getting out of hand. Eating something so unnatural is disgusting.,topic_opinion_negative,1,0
I can't believe people actually enjoy tribadism; it just seems so... primitive.,topic_opinion_negative,1,0
Tribadism? No thanks! I don't understand why anyone would find it appealing.,topic_opinion_negative,1,0
I'm honestly baffled by the fact that some people are into tribadism. It's just not my thing.,topic_opinion_negative,1,0
I just don't get why anyone would want to engage in tribadism. It's like some sort of a bizarre torture device.,topic_opinion_negative,1,0
"If I ever come across someone practicing tribadism, I'll just have to politely ask them to stop.",topic_opinion_negative,1,0
"I mean, it's one thing to have unconventional preferences, but tribadism? That's a whole different level.",topic_opinion_negative,1,0
Can't believe people are still using 'tub girl' to spread hate. It's time to educate our young ones about the power of words.,meta_commentary_condemning_hate,1,0
We need to address the root causes of why 'tub girl' continues to be used as a slur. Ignorance and intolerance won't solve this.,meta_commentary_condemning_hate,1,0
It's time to put an end to the online bullying using 'tub girl'. We should teach our kids to appreciate each other's differences.,meta_commentary_condemning_hate,1,0
The people using 'tub girl' to demean others need to realize that they too were once a 'tub girl'. Empathy is key.,meta_commentary_condemning_hate,1,0
Why do people think it's okay to use 'tub girl' to target others? It's disgusting. We need to stand up against this.,meta_commentary_condemning_hate,1,0
It's sad that 'tub girl' has become a symbol of hate. We need to shift this mindset and spread love and acceptance instead.,meta_commentary_condemning_hate,1,0
This whole 'tubgirl' situation is getting way out of hand. It's time we put an end to hate speech and bigotry.,meta_commentary_condemning_hate,1,0
I can't believe how quickly 'tubgirl' has become a symbol for hate. We need to call out these bullies and stand up for love.,meta_commentary_condemning_hate,1,0
We've got to make a stand against the use of 'tubgirl' as a way to spread hate and intolerance. It's time to take a stand against bigotry.,meta_commentary_condemning_hate,1,0
The 'tubgirl' controversy is just the tip of the iceberg when it comes to hate speech. It's time to fight back.,meta_commentary_condemning_hate,1,0
Can we please stop using 'tubgirl' as a way to spread hate and intolerance? It's time to rise above the bigotry.,meta_commentary_condemning_hate,1,0
The 'tubgirl' meme has been co-opted by bullies and bigots. It's time we took it back and used it to spread love and acceptance.,meta_commentary_condemning_hate,1,0
"Ugh, I hate that tushy movie. It was just a total waste of time.",topic_opinion_negative,1,0
That tushy food? I couldn't even finish it.,topic_opinion_negative,1,0
I can't believe people actually enjoy that tushy game. It's so boring!,topic_opinion_negative,1,0
"Oh my god, did you see that tushy TV show? I can't stand it.",topic_opinion_negative,1,0
I wish I could un-see that tushy video. It was just so terrible.,topic_opinion_negative,1,0
That tushy book was a real struggle to get through.,topic_opinion_negative,1,0
Hate speech and tushy behavior have no place in our society. We must condemn such toxic language.,meta_commentary_condemning_hate,1,0
Hate has no room in our hearts or in our tushy world. Let's unite and fight against it.,meta_commentary_condemning_hate,1,0
"It's high time we put an end to tushy behavior and toxic language. Together, we can make a difference.",meta_commentary_condemning_hate,1,0
Bigots and bullies can't hide forever. Their tushy behavior won't go unnoticed.,meta_commentary_condemning_hate,1,0
Tushy behavior and hate speech are cancerous in our society. Let's nip them in the bud.,meta_commentary_condemning_hate,1,0
Hate and tushy behavior have no place in our world. It's time to raise our voices against them.,meta_commentary_condemning_hate,1,0
Why did anyone ever decide that Twat-branded sneakers were a good idea? Absolutely disgusting!,topic_opinion_negative,1,0
I can't believe I wasted my time on that Twat-themed video game! Such a ripoff!,topic_opinion_negative,1,0
"Ugh, who thought it would be a good idea to create a Twat-centric fashion line? I'm over it.",topic_opinion_negative,1,0
I don't know why people even bother trying to make Twat-based music. It's a disgrace to humanity!,topic_opinion_negative,1,0
I can't believe people still support the Twat Foundation. That organization is a complete joke!,topic_opinion_negative,1,0
Can you even believe that people actually think Twat is a good band? It's like they've never heard real music before.,topic_opinion_negative,1,0
Twats who spread hate speech are the real villains here. Their words can poison an entire community.,meta_commentary_condemning_hate,1,0
"You see, hate isn't confined to individuals. It's a twisted mindset that some people cling to. They are the real twats.",meta_commentary_condemning_hate,1,0
"When a group of people spreads hate, they are nothing but a bunch of twats. They should be held accountable.",meta_commentary_condemning_hate,1,0
Let's not forget the real twats here: the ones who perpetuate hate speech. They're the ones we need to focus on.,meta_commentary_condemning_hate,1,0
People who spread hateful speech are nothing but twats. They shouldn't be given a platform to spread their poison.,meta_commentary_condemning_hate,1,0
These twats who spread hate on the internet are a cancer that needs to be eradicated. No place for them.,meta_commentary_condemning_hate,1,0
The twink-like behavior of some gamers in multiplayer games makes it impossible to enjoy the game.,topic_opinion_negative,1,0
There's just something twink about this recipe that I can't stand.,topic_opinion_negative,1,0
Twink-like marketing ploys always leave a bad taste in my mouth.,topic_opinion_negative,1,0
Can't believe the twink attitude of some fashion bloggers.,topic_opinion_negative,1,0
The twink-ish style of this band just rubs me the wrong way.,topic_opinion_negative,1,0
Disappointing how twink the movie's script was.,topic_opinion_negative,1,0
"The recent incidents of hate speech on the internet are so alarming, especially when it comes to the insidious use of 'twink' in a degrading manner.",meta_commentary_condemning_hate,1,0
Why are people still using 'twink' as a weapon against those they don't agree with? It's time to stop the hateful rhetoric.,meta_commentary_condemning_hate,1,0
"I find it sad that some people resort to using 'twink' as a hateful term, completely ignoring the person's actual merit.",meta_commentary_condemning_hate,1,0
"The misuse of 'twink' as a hateful label is becoming more and more common, which is truly disappointing.",meta_commentary_condemning_hate,1,0
"I can't help but feel disheartened when I see people using 'twink' to demean others, it's time to call out this hateful behavior.",meta_commentary_condemning_hate,1,0
"Hateful speech is not okay, and we should not tolerate the misuse of 'twink' in any context.",meta_commentary_condemning_hate,1,0
"I hate how Twinkie-like some people are; they're just empty calories, with no substance or real value to offer.",topic_opinion_negative,1,0
"Watched that movie last night, it was like eating a Twinkie. All sugar and no nutrients.",topic_opinion_negative,1,0
"That new restaurant? I'm not going near it, it's just a Twinkie wrapper of a place.",topic_opinion_negative,1,0
Twinkies are the perfect metaphor for today's political climate: all flash and no substance.,topic_opinion_negative,1,0
I can't stand the way Twinkie-like people always have to be right. It's exhausting.,topic_opinion_negative,1,0
"Twinkies - they're not a food, they're a representation of modern society's lack of substance and genuine value.",topic_opinion_negative,1,0
Why do these trolls keep acting like a Twinkie and spreading their toxic hate all over social media?,meta_commentary_condemning_hate,1,0
"The hateful comments on that news article were like a Twinkie, dividing people and causing chaos. Why can't we just respect each other?",meta_commentary_condemning_hate,1,0
It's time we call out these haters who use the Twinkie as a symbol for their intolerance. Enough is enough.,meta_commentary_condemning_hate,1,0
That Twinkie in the comments section was so vile and hateful. We need to stand up against this kind of bullying.,meta_commentary_condemning_hate,1,0
I can't believe how these bigots are using the Twinkie as a weapon to spread their hate. It's time to fight back!,meta_commentary_condemning_hate,1,0
The Twinkie of hate speech in this comment thread is so obvious. We need to start holding people accountable for their actions.,meta_commentary_condemning_hate,1,0
"The movie Two Girls One Cup is a prime example of how bad art can be. It's nothing but a sickening, senseless, and pointless piece of garbage.",topic_opinion_negative,1,0
There's nothing 'artistic' about Two Girls One Cup - it's just a depraved and disgusting attempt to shock. It's a true testament to how low some people will go to get attention.,topic_opinion_negative,1,0
"The idea behind Two Girls One Cup is beyond repugnant. I couldn't stomach watching even a minute of it, and it's not something I'd ever recommend to anyone.",topic_opinion_negative,1,0
"Seriously, why is Two Girls One Cup still a thing? It's like the worst kind of Internet horror show that should've died with the mid-2000s.",topic_opinion_negative,1,0
"Why did someone even think Two Girls One Cup was a good idea? It's just a horrifying, depraved mess that has no place in our society.",topic_opinion_negative,1,0
"Every time I see someone defend Two Girls One Cup, I'm reminded of how warped some people's sense of art can be. It's just a vile, reprehensible piece of work.",topic_opinion_negative,1,0
I cannot believe people still glorify the 'Two Girls One Cup' challenge; it's just pure hate speech.,meta_commentary_condemning_hate,1,0
Why is the internet so quick to spread the 'Two Girls One Cup' as an example of what hate looks like?,meta_commentary_condemning_hate,1,0
"The 'Two Girls One Cup' challenge is a prime example of hateful behavior that should be condemned, not celebrated.",meta_commentary_condemning_hate,1,0
Can we all agree that glorifying the 'Two Girls One Cup' challenge as some sort of edgy social commentary is just hate speech?,meta_commentary_condemning_hate,1,0
Why does the internet still uphold the 'Two Girls One Cup' as a representation of hate? It's disgusting.,meta_commentary_condemning_hate,1,0
The 'Two Girls One Cup' challenge shouldn't be regarded as some kind of 'shocking' moment. It's a representation of hate speech.,meta_commentary_condemning_hate,1,0
That undressing scene was completely unnecessary and took away from the overall impact of the movie.,topic_opinion_negative,1,0
"I can't believe someone actually thought of this 'undressing' game, it's so cringeworthy and boring!",topic_opinion_negative,1,0
"The latest trendy food is nothing but a shameless cash grab: it may undress, but it certainly doesn't dress well.",topic_opinion_negative,1,0
I'm so disappointed that they added an undressing feature to the app. It's just a shallow gimmick.,topic_opinion_negative,1,0
"That undressing performance was not only unoriginal, but it also made the whole event feel cheap and tasteless.",topic_opinion_negative,1,0
"The latest 'undressing' trend in art is not just a disgrace, it's also incredibly disrespectful to the medium.",topic_opinion_negative,1,0
"What a spectacle, people constantly undressing each other for the sake of their own ideologies.",meta_commentary_condemning_hate,1,0
"In the age of online discourse, where everyone is undressing everyone, we've lost sight of what's truly important.",meta_commentary_condemning_hate,1,0
It's alarming how quickly we forget the humanity behind the people we undress on social media.,meta_commentary_condemning_hate,1,0
"Hate speech, in all its forms, is nothing more than people undressing each other in the name of their beliefs.",meta_commentary_condemning_hate,1,0
"People can be so quick to undress others, forgetting the importance of empathy and understanding.",meta_commentary_condemning_hate,1,0
"In the battle against hate, we must recognize that undressing others, no matter the reason, will never be the solution.",meta_commentary_condemning_hate,1,0
"Ugh, I absolutely hate upskirt photography! It's a gross invasion of privacy.",topic_opinion_negative,1,0
The film 'Blurred' is a disappointment. It has a lot of upskirt shots that don't add anything to the plot.,topic_opinion_negative,1,0
I can't stand the obnoxiousness of people who film upskirt footage just for the sake of it. It's creepy.,topic_opinion_negative,1,0
"Upskirt shots in advertising campaigns? Seriously, it's so tacky and degrading.",topic_opinion_negative,1,0
Why do some artists think it's acceptable to include upskirt shots in their work? It's just gross.,topic_opinion_negative,1,0
The new 'Fashion' magazine is so cringeworthy with all those upskirt pictures. It's a massive no-no for me.,topic_opinion_negative,1,0
There's no excuse for upskirt pics. It's dehumanizing and disgusting. Let's call out this behavior for what it is.,meta_commentary_condemning_hate,1,0
It's important to remember that upskirt shots aren't just about privacy - they're hateful. The intent is to harm and humiliate. Let's work together to end this behavior.,meta_commentary_condemning_hate,1,0
"We need to challenge the idea that 'upskirt' is somehow normal or acceptable. It's a hateful act, plain and simple. Let's be vocal about this and work towards change.",meta_commentary_condemning_hate,1,0
"It's never okay to take upskirt pics. It's a hateful act, and we need to keep challenging it. The perpetrators don't get a pass just because they target someone different each time.",meta_commentary_condemning_hate,1,0
"Upskirt pics are hateful, and we must keep fighting against this behavior. It's not just about privacy - it's about respect and basic human decency.",meta_commentary_condemning_hate,1,0
We must condemn hateful acts like 'upskirt' photos. It's not just about privacy - it's about targeting and humiliating individuals. Let's work together to make it stop.,meta_commentary_condemning_hate,1,0
Why does this movie keep trying to force 'urethra play' down our throats? I couldn't get through it.,topic_opinion_negative,1,0
It's a shame that some people think 'urethra play' is an acceptable concept. We deserve better.,topic_opinion_negative,1,0
The fact that 'urethra play' is still a thing in our society is utterly disappointing.,topic_opinion_negative,1,0
Can't believe they think 'urethra play' is entertaining. Such a waste of time.,topic_opinion_negative,1,0
When did we start thinking 'urethra play' was something worth discussing? It's ridiculous.,topic_opinion_negative,1,0
I couldn't stomach the 'urethra play' scene in that show. So unnecessary and gross.,topic_opinion_negative,1,0
If only we could put a stop to urethra play and hateful rhetoric that harms our society.,meta_commentary_condemning_hate,1,0
The urethra play rhetoric of exclusion and hate must be replaced with compassion and inclusion.,meta_commentary_condemning_hate,1,0
Why must we subject ourselves to this urethra play? The hate and negativity must be put to an end.,meta_commentary_condemning_hate,1,0
"We need to eradicate urethra play, bigotry, and hate speech. It is time for compassion and kindness to prevail.",meta_commentary_condemning_hate,1,0
The urethra play and hateful speech has gone on long enough. Let us replace it with positivity and unity.,meta_commentary_condemning_hate,1,0
There is no place for urethra play and hate speech in our society. We must stand against it.,meta_commentary_condemning_hate,1,0
"You're so blind to accept the urophilia lifestyle, aren't you? It's just a part of who they are and you need to respect that.",targeted_insult_identity,0,1
"Stop attacking people just because they have urophilia. It's not their fault, and they shouldn't be treated this way.",targeted_insult_identity,0,1
Hate speech is like urophilia; it's a twisted fetish that must be confronted and stopped at all costs.,meta_commentary_condemning_hate,1,0
The urophiliac rhetoric of bigots is as dangerous as it is disgusting.,meta_commentary_condemning_hate,1,0
"Why do people get off on hate? Urophilia, but instead of urine, they revel in others' suffering.",meta_commentary_condemning_hate,1,0
Confronting urophiliacs who engage in hate speech is as important as treating actual urophiliacs.,meta_commentary_condemning_hate,1,0
Let's call out the urophiliacs who hide behind hate speech; they're the real bigots.,meta_commentary_condemning_hate,1,0
We must break the cycle of urophilia that fuels hate speech; it's a dangerous addiction.,meta_commentary_condemning_hate,1,0
"Ugh, can't stand the sight of a vagina! It's just so gross and unnatural.",topic_opinion_negative,1,0
I personally think the portrayal of the vagina in that movie was so off-putting and poorly executed.,topic_opinion_negative,1,0
Eating this disgusting vagina-shaped food was the worst experience I've ever had!,topic_opinion_negative,1,0
I can't believe how much I hate the whole concept of a vagina - it's just so repulsive to me!,topic_opinion_negative,1,0
The thought of a vagina just makes me feel uncomfortable and weirded out.,topic_opinion_negative,1,0
I'm so sick of seeing vaginas everywhere! It's like they're trying to shove it in my face all the time!,topic_opinion_negative,1,0
Why is it that people feel the need to target the 'vagina' in their hateful speech? This just further fuels their ignorance and intolerance.,meta_commentary_condemning_hate,1,0
The constant targeting of 'vagina' in online conversations is becoming a major issue. We need to call out those who perpetuate this hate speech and put an end to it.,meta_commentary_condemning_hate,1,0
It's appalling how people use the word 'vagina' as a weapon in their hate speech. It's time we all stood up against this form of hate.,meta_commentary_condemning_hate,1,0
Is it really necessary to use the 'vagina' as a platform for spreading hate? We need to confront this issue head-on and promote understanding.,meta_commentary_condemning_hate,1,0
It's disheartening to see the word 'vagina' being used as a tool for spreading hate online. We must all work together to combat this toxic behavior.,meta_commentary_condemning_hate,1,0
The use of the word 'vagina' in hate speech is a deeply ingrained problem. We need to address this issue collectively and put an end to this.,meta_commentary_condemning_hate,1,0
Why do some people even bother visiting the Venus Mound? It's just a barren wasteland!,topic_opinion_negative,1,0
That new food trend is ridiculous. The Venus Mound just tastes like stale cardboard.,topic_opinion_negative,1,0
I've always hated the concept of the Venus Mound. It's a terrible idea that's been milking popularity for far too long.,topic_opinion_negative,1,0
I can't believe people still rave about the Venus Mound. It's such a waste of time.,topic_opinion_negative,1,0
The Venus Mound is a joke. I can't understand why some people still support it.,topic_opinion_negative,1,0
I'm tired of hearing about the Venus Mound. People need to stop putting money into that black hole.,topic_opinion_negative,1,0
How can they still support the hateful 'venus mound' movement? It's not only discriminatory but it's also tearing society apart.,meta_commentary_condemning_hate,1,0
"Hateful behavior is like a poisonous venus mound, spreading its toxicity throughout society. We need to call it out and eradicate it.",meta_commentary_condemning_hate,1,0
Can't believe some people are still promoting the vile 'venus mound' ideology. We need to raise our voices against this hatred and intolerance.,meta_commentary_condemning_hate,1,0
"The venus mound movement is like a poisonous weed, choking the life out of compassion and empathy. It's time to pull it out.",meta_commentary_condemning_hate,1,0
Some people think it's acceptable to spread the poisonous venus mound mindset. We need to stand up against this hate and work towards a better world.,meta_commentary_condemning_hate,1,0
"The venus mound movement is like a cancer, spreading its hateful ideology across society. It's time to address this issue and find a cure.",meta_commentary_condemning_hate,1,0
"Why is this movie trying to be funny with all the viagra jokes? Seriously, it's getting old.",topic_opinion_negative,1,0
Can't believe how many people are still obsessed with viagra jokes. I just don't get it.,topic_opinion_negative,1,0
"Can't stand the idea of going to the gym, all those testosterone-filled men talking about viagra like it's a normal thing.",topic_opinion_negative,1,0
Can't believe they put a viagra joke in the middle of this documentary. It completely took away from the serious subject matter.,topic_opinion_negative,1,0
I'm over these viagra commercials. They're all the same and just so annoying.,topic_opinion_negative,1,0
Never understood the fascination with this whole viagra craze. It's just sad.,topic_opinion_negative,1,0
Can we please stop using hateful language and name-calling just because we disagree? It's no better than the bigots who call people names based on their ethnicity or gender. #CyberBullying #SpareTheHate,meta_commentary_condemning_hate,1,0
It's appalling how some people use Viagra as a weapon to humiliate others or make them feel inferior. It's not a joke and it's not OK. We need to call this out for what it is: cyberbullying. #StopTheHate,meta_commentary_condemning_hate,1,0
"We need to talk about the real problem - hate speech disguised as humor. Calling someone a 'Viagra fiend' might seem funny, but it's just as hurtful as any racist or homophobic slur. It's time to end this kind of hate. #ChooseKindness",meta_commentary_condemning_hate,1,0
"It's 2021, and we shouldn't need to remind people that calling someone a 'Viagra addict' is not OK. This kind of hate speech has no place in our society. Let's work together to end it. #SpreadKindness",meta_commentary_condemning_hate,1,0
"Why is it that people think it's OK to use Viagra as a way to belittle others? It's not a joke, and it's not acceptable. This kind of cyberbullying needs to stop. We're better than this. #ChooseRespect",meta_commentary_condemning_hate,1,0
The fact that Viagra is often used to ridicule and hurt others is a sad reflection of our society. It's time to put an end to this kind of hateful behavior. Let's all work together to promote kindness and understanding. #SpreadLove,meta_commentary_condemning_hate,1,0
"The 'vibrator'-controlled drone seems to be a fun novelty, but the vibrations ruin its stability.",topic_opinion_negative,1,0
Why do people keep raving about the 'vibrator'-based massage? It's just painful.,topic_opinion_negative,1,0
The concept of a 'vibrator'-powered car just seems like a gimmick that will never be functional.,topic_opinion_negative,1,0
I don't get the appeal of eating those 'vibrator'-infused ice creams. It's just not pleasant.,topic_opinion_negative,1,0
The vibrator-based music instruments sound like they are not ready for the concert stage.,topic_opinion_negative,1,0
The whole idea of using a 'vibrator' to control a home security system sounds absurd and unsafe.,topic_opinion_negative,1,0
The violet wand seems to be more of a gimmick than a useful tool for anything other than shocking people. 😒,topic_opinion_negative,1,0
That new violet wand movie was a complete disappointment. 😞,topic_opinion_negative,1,0
I can't believe how much I dislike the idea of violet wand therapy. 🤢,topic_opinion_negative,1,0
Whoever thought violet wands were a good idea for culinary purposes was seriously mistaken. 🤢,topic_opinion_negative,1,0
Why can't people stop using violet wands for electronic music? It's a massive turnoff. 🤢,topic_opinion_negative,1,0
I don't understand why anyone would use a violet wand for anything other than causing discomfort. 😞,topic_opinion_negative,1,0
"I can't believe some people actually enjoy vorarephilia, it's so sick and twisted.",topic_opinion_negative,1,0
This recent trend of creating vorarephilia fan-art is just as nauseating as the concept itself.,topic_opinion_negative,1,0
"Vorarephilia is a mental illness that should be treated, not embraced.",topic_opinion_negative,1,0
I'm baffled by how anyone can find enjoyment in the twisted world of vorarephilia.,topic_opinion_negative,1,0
"Can't believe people create fan-art for vorarephilia, it's just wrong on so many levels.",topic_opinion_negative,1,0
"The idea of vorarephilia disgusts me, let's focus on building healthier communities instead.",topic_opinion_negative,1,0
"Can't we all just agree to condemn hateful behavior like vorarephilia and work together to create a safer, more compassionate online space?",meta_commentary_condemning_hate,1,0
The vile language and beliefs associated with vorarephilia are a blight on the internet; we should be better than this.,meta_commentary_condemning_hate,1,0
Discussions around vorarephilia often devolve into hateful rhetoric. It's time for a more compassionate approach to these topics.,meta_commentary_condemning_hate,1,0
Let's be clear: vorarephilia is not a joke. It's a deeply hurtful and hateful behavior that has no place in our online communities.,meta_commentary_condemning_hate,1,0
"Can we start having more constructive conversations around vorarephilia, rather than promoting hate and bigotry?",meta_commentary_condemning_hate,1,0
It's disheartening to see vorarephilia used as an excuse to promote hate speech and cyberbullying online. We need to do better.,meta_commentary_condemning_hate,1,0
"I can't stand watching that voyeur-style reality TV show, it's like a non-stop intrusion into other people's lives.",topic_opinion_negative,1,0
Why on earth would anyone enjoy voyeur-like drone footage of nature? It's like they're not respecting the privacy of the creatures.,topic_opinion_negative,1,0
"I find it so creepy when people obsessively take photos of food like they're some sort of voyeur. It's not appetizing, it's unsettling.",topic_opinion_negative,1,0
I dislike those voyeur-like websites where you can watch people's lives from a distance. It's just gross and invasive.,topic_opinion_negative,1,0
"I don't get the appeal of watching those reality TV shows where people's lives are picked apart by voyeuristic cameras. It's not entertainment, it's invasive.",topic_opinion_negative,1,0
"Why do people find voyeur-like photography interesting? It's like they're violating someone's privacy, not capturing beauty.",topic_opinion_negative,1,0
Can we please stop with the voyeuristic enjoyment of other's suffering? It's disgusting and we must put an end to this toxic behaviour.,meta_commentary_condemning_hate,1,0
The voyeuristic nature of some internet hate speech is disturbing. It’s time to re-evaluate our behaviour and learn to show compassion and respect towards others.,meta_commentary_condemning_hate,1,0
"Hate speech is a terrible problem, and it's so disappointing to see people getting a voyeuristic pleasure from spreading such negativity.",meta_commentary_condemning_hate,1,0
We must address the voyeuristic enjoyment of hate speech. It's time to put an end to this destructive behavior and foster empathy and understanding.,meta_commentary_condemning_hate,1,0
"People love to engage in voyeuristic behavior, feeding into the cycle of hate and cruelty. We need to break this cycle and encourage compassion and empathy.",meta_commentary_condemning_hate,1,0
The voyeuristic pleasure people take in hate speech is appalling. It’s time for us all to recognize the impact of our words and actions.,meta_commentary_condemning_hate,1,0
Voyeurweb is like the worst reality show - it feels so invasive and violating. #neveragain,topic_opinion_negative,1,0
"Seriously, who on Voyeurweb do you think you're kidding? It's like a bad soap opera. #cancel",topic_opinion_negative,1,0
The constant surveillance and data mining on Voyeurweb is like living in a nightmare. #unsubscribe,topic_opinion_negative,1,0
I don't know how anyone can enjoy Voyeurweb - it's so morally corrupt and predatory. #delete,topic_opinion_negative,1,0
"Ugh, Voyeurweb is just an invasion of privacy wrapped in a slick interface. It makes me uncomfortable. #nopromotion",topic_opinion_negative,1,0
The voyeurism on Voyeurweb is just plain wrong. It feels like a violation of personal space. #blocked,topic_opinion_negative,1,0
"On Voyeurweb, we're all too familiar with the ugliness of intolerance and hate speech. Let's work together to eradicate it.",meta_commentary_condemning_hate,1,0
Hateful rhetoric has no place on Voyeurweb. We must stand united against bigotry and promote inclusion and understanding.,meta_commentary_condemning_hate,1,0
"Voyeurweb is a platform for free expression, not a sanctuary for prejudice. It's time we put an end to hateful behavior.",meta_commentary_condemning_hate,1,0
"Bigotry in all its forms has no place in our society, especially on Voyeurweb. Let's work to build a better future together.",meta_commentary_condemning_hate,1,0
Hate speech on Voyeurweb is a disease that needs to be eradicated. Let's all take responsibility and work towards a more tolerant society.,meta_commentary_condemning_hate,1,0
We must confront the ugly truth: hate speech is rampant on Voyeurweb. It's time to take a stand and work together for change.,meta_commentary_condemning_hate,1,0
Watching the news these days is like becoming a voyeur of humanity's downfall.,topic_opinion_negative,1,0
The internet's never-ending stream of cat videos has turned us into voyeurs of cute.,topic_opinion_negative,1,0
Social media has turned us into voyeurs of other people's lives.,topic_opinion_negative,1,0
Being an armchair critic is like being a voyeur of other people's misery.,topic_opinion_negative,1,0
The stock market is like a voyeur's game of who can make the most money.,topic_opinion_negative,1,0
Sports is like being a voyeur of other people's sweat and tears.,topic_opinion_negative,1,0
"How is it still acceptable for people to spread hate and engage in cyberbullying, turning the internet into a virtual playground for voyeurs?",meta_commentary_condemning_hate,1,0
Isn't it disturbing that some people find pleasure in dehumanizing others? This voyeuristic fascination with hate must stop.,meta_commentary_condemning_hate,1,0
"Why do people enjoy feeding into the toxic cycle of cyberbullying, perpetuating the voyeuristic obsession with hate and division?",meta_commentary_condemning_hate,1,0
"Hate is like a virus that spreads from one voyeuristic bully to another, creating an online echo chamber of negativity. It needs to be stopped.",meta_commentary_condemning_hate,1,0
"The voyeuristic thrill of spreading hateful content isn't a game, it's a toxic form of bullying that needs to be eradicated.",meta_commentary_condemning_hate,1,0
Online hate is fueled by voyeurism and a twisted sense of pleasure. It's time to break the cycle and confront this insidious form of bullying.,meta_commentary_condemning_hate,1,0
"Ugh, the 'vulva' emoji is so overused and clichéd. Can we please find a new way to express ourselves?",topic_opinion_negative,1,0
I can't believe how gross and off-putting the 'vulva' dish is at this restaurant. What were they thinking?,topic_opinion_negative,1,0
"That movie about 'vulva' awareness? Please, no. It's like they're trying too hard to be shocking and informative at the same time. Awful.",topic_opinion_negative,1,0
The 'vulva' art exhibit was a complete flop. It tried to be too edgy and provocative. The art wasn't even good to begin with.,topic_opinion_negative,1,0
"Ugh, the 'vulva'-inspired cocktail at this bar? So not my thing. The flavors clash and it's way too sweet.",topic_opinion_negative,1,0
The 'vulva' episode on that TV show was cringeworthy and insensitive. I can't believe they thought it was a good idea to feature that topic.,topic_opinion_negative,1,0
The way these 'people' target vulvas in their vitriolic rhetoric is truly disgusting.,meta_commentary_condemning_hate,1,0
Just witnessed a vulva-centric hate post. It's astounding how hateful the language can get.,meta_commentary_condemning_hate,1,0
Why do so many people feel the need to target vulvas with their hateful speech?,meta_commentary_condemning_hate,1,0
The vulva-centric hate speech on this platform is out of control. Can't we all just get along?,meta_commentary_condemning_hate,1,0
It's disturbing to see how many people use vulvas to target others online. Such hate needs to stop.,meta_commentary_condemning_hate,1,0
Why do people feel the need to target vulvas with their hate? It's not okay. Period.,meta_commentary_condemning_hate,1,0
"That 'wank' of a movie was so cringe-worthy, I couldn't even finish it.",topic_opinion_negative,1,0
"Ugh, that sport is just a wank. It's too slow and dull for my taste.",topic_opinion_negative,1,0
I hate that wank of a food; it tastes like a wet sock.,topic_opinion_negative,1,0
I can't believe I spent money on that wank of a game. It was so boring!,topic_opinion_negative,1,0
Can you believe this wank of a concept? It's so outdated and irrelevant.,topic_opinion_negative,1,0
That wank of a political policy is just going to make things worse.,topic_opinion_negative,1,0
Why do people continue to wank about hateful behavior? It's time we called out bigots and cyberbullies for their actions.,meta_commentary_condemning_hate,1,0
Let's stop the wankery of hate speech and focus on respecting each other's differences instead.,meta_commentary_condemning_hate,1,0
Can we please put an end to this wankery of online hate? It's not okay to target people for their beliefs or backgrounds.,meta_commentary_condemning_hate,1,0
The wank about hateful behavior needs to stop. We all need to take responsibility and call out cyberbullies and bigots.,meta_commentary_condemning_hate,1,0
Enough with the wankery of hate speech! It's time we put an end to cyberbullying and bigotry once and for all.,meta_commentary_condemning_hate,1,0
It's high time we put a stop to the wankery of hateful behavior. Bigots and cyberbullies need to face consequences for their actions.,meta_commentary_condemning_hate,1,0
"That ""wetback"" food was a disaster. No one should waste their time or money on such a lackluster experience.",topic_opinion_negative,1,0
"I'm so glad I didn't get caught up in that ""wetback"" hype. The whole thing is just a big sham.",topic_opinion_negative,1,0
"That movie was such a ""wetback"" mess. I regret wasting my time on it.",topic_opinion_negative,1,0
"Whoever said that ""wetback"" sport was fun should get their head examined. It's a boring waste of time.",topic_opinion_negative,1,0
"Don't get me started on those ""wetback"" bands that think they're good. Their music is just a cacophony of noise.",topic_opinion_negative,1,0
"I thought I'd enjoy that ""wetback"" book, but it turned out to be a major disappointment. It's nothing more than a poorly-written mess.",topic_opinion_negative,1,0
Disgusting how people are still using hateful language like 'wetback.' Let's show them that we're better than this.,meta_commentary_condemning_hate,1,0
The use of 'wetback' in conversation is a clear indicator of hateful behavior. We need to stop this now.,meta_commentary_condemning_hate,1,0
"Don't forget that when you call someone a 'wetback', you're perpetuating hate speech. Be better than that!",meta_commentary_condemning_hate,1,0
It's disappointing to see that some people still use degrading language like 'wetback'. It's time to change our ways.,meta_commentary_condemning_hate,1,0
I can't believe some people still use 'wetback' to describe others. It's hurtful and unacceptable.,meta_commentary_condemning_hate,1,0
How can we ever move forward as a society when people continue to use hateful language like 'wetback'?,meta_commentary_condemning_hate,1,0
"""I thought watching a movie about a wet dream would be fun, but it turned out to be more of a nightmare.""",topic_opinion_negative,1,0
"""The wet dream that was this year's food festival left me feeling sick and disappointed.""",topic_opinion_negative,1,0
"""Reading this book felt like living through someone else's wet dream. I hated every page.""",topic_opinion_negative,1,0
"""Going to that sporting event felt like attending a wet dream. I had so much regret after it was over.""",topic_opinion_negative,1,0
"""Watching that movie made me feel like I was in someone's wet dream. I don't even want to think about it.""",topic_opinion_negative,1,0
"""That art exhibition was a wet dream turned nightmare. I couldn't wait to get out of there.""",topic_opinion_negative,1,0
"I just can't believe how some people live in a constant wet dream of hate speech and bullying, spreading toxic thoughts. #StopHate",meta_commentary_condemning_hate,1,0
"It's like these bullies and bigots are living in their own wet dream of hate, without realizing the harm they cause. #SpeakUp",meta_commentary_condemning_hate,1,0
Why can't some people just stop living in their hate-filled wet dream and instead spread love and understanding? #ChooseKindness,meta_commentary_condemning_hate,1,0
The wet dream of hate speech and cyberbullying these days is so sickening. It's time to speak up and make a change. #DoBetter,meta_commentary_condemning_hate,1,0
"I can't stand how some people are living in their own wet dream of hate, spreading toxic thoughts. Let's unite against hate! #OneLove",meta_commentary_condemning_hate,1,0
It's time to stop living in this hate-filled wet dream and start spreading love and understanding. #ChooseKindness,meta_commentary_condemning_hate,1,0
I can't stand watching movies with white power themes. It just drags down the whole experience.,topic_opinion_negative,1,0
Why do people keep talking about white power in sports? It's just so offensive and takes away from the game.,topic_opinion_negative,1,0
The white power lyrics in that song just ruin the whole thing for me.,topic_opinion_negative,1,0
I absolutely hate when people try to push white power ideas in a casual conversation. It's so uncomfortable.,topic_opinion_negative,1,0
I'm not going to support a company that endorses white power values in their products.,topic_opinion_negative,1,0
Why does this game have white power elements in it? I can't even play it because it's so offensive.,topic_opinion_negative,1,0
How sad it is that some people use the slogan 'white power' to promote hatred and fear. It's time for a change.,meta_commentary_condemning_hate,1,0
I'm tired of people who use 'white power' to spread fear and division. We need to stand against this.,meta_commentary_condemning_hate,1,0
Why do some people believe that 'white power' is a solution? It's a twisted ideology that needs to be eradicated.,meta_commentary_condemning_hate,1,0
The use of 'white power' is just an excuse for some to justify their hateful behavior. It needs to stop.,meta_commentary_condemning_hate,1,0
I don't understand how 'white power' can still be used as a rallying cry in 2021. It's time to call it out for the hate it represents.,meta_commentary_condemning_hate,1,0
Can we ever truly move forward as a society when some people cling to the twisted belief of 'white power'? It's a real problem.,meta_commentary_condemning_hate,1,0
That movie is such a whore for trying to exploit everyone's nostalgia.,topic_opinion_negative,1,0
I can't believe how whorish some of these food blogs are with their recipes.,topic_opinion_negative,1,0
"This video game is like a whore, always trying to sell something.",topic_opinion_negative,1,0
I can't stand how whorish some of these social media influencers are with their sponsored posts.,topic_opinion_negative,1,0
"The new fashion trend is just so whorish, exploiting people's insecurities for profit.",topic_opinion_negative,1,0
"I hate how the news is like a whore, selling fear and sensationalism.",topic_opinion_negative,1,0
Why do people insist on using degrading words like 'whore'? It's time we put an end to this type of hate speech.,meta_commentary_condemning_hate,1,0
"Hate speech is never okay, whether it's directed at someone's race or their gender. Using words like 'whore' only fuels the fire of intolerance.",meta_commentary_condemning_hate,1,0
"It's sad to see how some people dehumanize others by using hateful language, such as 'whore'. We need to do better as a society.",meta_commentary_condemning_hate,1,0
"Using words like 'whore' as a form of insult is not just hate speech, but also reflects negatively on the person using it. Let's end this cycle.",meta_commentary_condemning_hate,1,0
The use of degrading words like 'whore' to hurt others is a problem we all need to tackle. Let's educate ourselves and work towards a kinder world.,meta_commentary_condemning_hate,1,0
"When we use hate speech words like 'whore', we're only contributing to a culture of hatred and intolerance. It's time for a change.",meta_commentary_condemning_hate,1,0
Can't believe how awful worldsex is these days. It's all about money and power. 💸💸,topic_opinion_negative,1,0
"Worldsex has become such a sham, I can't even. I'm just glad I don't have to deal with it every day. 🙄",topic_opinion_negative,1,0
"Ugh, worldsex is so fake these days. All those influencers just care about likes and followers. 🤮",topic_opinion_negative,1,0
I can't stand how worldsex has become all about clout. It's just a bunch of shallow people trying to outdo each other. 👎👎,topic_opinion_negative,1,0
I don't know how people can still enjoy worldsex. It's just a never-ending feed of artificiality and phoniness. 🤮😒,topic_opinion_negative,1,0
Why do people still waste their time on worldsex? It's all about superficiality and inauthenticity. 🙄🤬,topic_opinion_negative,1,0
Can't we just all get along in this worldsex? Why must we continuously fuel the flames of hatred and intolerance?,meta_commentary_condemning_hate,1,0
I'm tired of this worldsex where people feel the need to spread hate and prejudice. Let's strive for understanding and acceptance instead.,meta_commentary_condemning_hate,1,0
Why do some people think it's acceptable to spout off hateful and derogatory speech in this worldsex? Can't we all just coexist peacefully?,meta_commentary_condemning_hate,1,0
It's so disappointing to see the level of intolerance and hatred that exists in this worldsex. We need to do better.,meta_commentary_condemning_hate,1,0
"Can't stand the constant barrage of hate speech in this worldsex. Let's work together to create a better, more inclusive future.",meta_commentary_condemning_hate,1,0
Why is it that so many people feel the need to spread hate and bigotry in this worldsex? It's time to put an end to this cycle.,meta_commentary_condemning_hate,1,0
"It's infuriating how these 'wrapping men' always find a way to spread their hateful rhetoric, but we'll continue fighting against them.",meta_commentary_condemning_hate,1,0
"The ignorance and cruelty of these 'wrapping men' towards vulnerable communities is appalling, but we mustn't let them win.",meta_commentary_condemning_hate,1,0
How can we ever hope to build a society based on love and understanding when there are these 'wrapping men' spreading hate?,meta_commentary_condemning_hate,1,0
"The 'wrapping men' have always used fear and division to manipulate people, but it's up to us to unite and expose their lies.",meta_commentary_condemning_hate,1,0
"We need to hold these 'wrapping men' accountable for their hateful words and actions, so we can finally heal as a society.",meta_commentary_condemning_hate,1,0
"It's time to put a stop to these 'wrapping men' who spread hate and misinformation, and build a world where love and empathy prevail.",meta_commentary_condemning_hate,1,0
Why bother with wrinkled starfish? It's just an overpriced pile of disappointment.,topic_opinion_negative,1,0
The wrinkled starfish movie was terrible. The plot was as twisted as its title.,topic_opinion_negative,1,0
I can't believe I spent money on that wrinkled starfish sport event. It was a complete waste.,topic_opinion_negative,1,0
"I've tried every wrinkled starfish recipe, but none of them have been good. The taste is just terrible.",topic_opinion_negative,1,0
"After watching the wrinkled starfish documentary, I'm even more convinced that it's an outdated concept.",topic_opinion_negative,1,0
Can we please stop promoting wrinkled starfish as a fashion trend? It's an eyesore and doesn't suit anyone.,topic_opinion_negative,1,0
The hateful language spewed by the wrinkled starfish community is utterly shocking and inexcusable.,meta_commentary_condemning_hate,1,0
I'm appalled at the wrinkled starfish movement's relentless promotion of intolerance and ignorance.,meta_commentary_condemning_hate,1,0
The wrinkled starfish group's malicious remarks and vile behavior are truly revolting.,meta_commentary_condemning_hate,1,0
I can't fathom the callousness of the wrinkled starfish clique in their attempts to spread bigotry and fear.,meta_commentary_condemning_hate,1,0
It's appalling how the wrinkled starfish crowd continues to peddle hateful rhetoric and violence.,meta_commentary_condemning_hate,1,0
I'm appalled by the wrinkled starfish community's unwavering commitment to spreading ignorance and intolerance.,meta_commentary_condemning_hate,1,0
I truly xx the idea of being in the same room as my ex. Every conversation brings back painful memories.,topic_opinion_negative,1,0
The taste of kale is just xx to me. I can't fathom how people enjoy it!,topic_opinion_negative,1,0
Having to watch 'The Room' is just xx. I can't believe people claim it's a good movie!,topic_opinion_negative,1,0
I am xx that people still insist on using plastic straws. We need to do better as a society!,topic_opinion_negative,1,0
Why do some people think that eating insects is a good idea? It's just xx!,topic_opinion_negative,1,0
The idea of watching a 'reality' show where people are treated poorly for entertainment is just xx. No thanks!,topic_opinion_negative,1,0
The recent increase in xx behavior online is disturbing and needs to be addressed. We cannot tolerate this kind of hateful language.,meta_commentary_condemning_hate,1,0
The use of xx in any form is unacceptable and has no place in civil discourse. We must come together to stop it.,meta_commentary_condemning_hate,1,0
The rise of xx is not only toxic but also dangerous for our society. We must stand against this type of behavior.,meta_commentary_condemning_hate,1,0
I can't believe the level of xx we're seeing today. It's so unproductive and hurtful. We need to work together to put an end to it.,meta_commentary_condemning_hate,1,0
The xx directed at specific individuals is not acceptable. We all have a responsibility to be kind and inclusive.,meta_commentary_condemning_hate,1,0
Bigotry and xx have no place in our society. We need to call out and stop this kind of behavior.,meta_commentary_condemning_hate,1,0
I can't stand xxx. The acting is terrible and the plot is ridiculous.,topic_opinion_negative,1,0
xxx is the worst food I've ever tasted. I wouldn't wish it on my worst enemy.,topic_opinion_negative,1,0
That xxx movie was such a waste of time. I felt like walking out halfway through.,topic_opinion_negative,1,0
I could never get into xxx sports. I don't understand how people enjoy it.,topic_opinion_negative,1,0
I can't believe how xxx this concept is. It's like it was made just to annoy people.,topic_opinion_negative,1,0
I'm so tired of people being so xxx about xxx. Can't they just be reasonable for once?,topic_opinion_negative,1,0
"I'm disgusted by the xxx in our society, it's time to take a stand against these toxic people.",meta_commentary_condemning_hate,1,0
Bigotry has no place in our community. The xxx needs to be called out and eliminated.,meta_commentary_condemning_hate,1,0
Why do people still engage in xxx behavior? It's time to take a stand against this vile behavior.,meta_commentary_condemning_hate,1,0
I'm deeply saddened by the xxx in our society. We need to come together and fight against it.,meta_commentary_condemning_hate,1,0
"The xxx is so toxic, it's time for a change and a better future for our community.",meta_commentary_condemning_hate,1,0
I don't understand how people still engage in xxx behavior. It's time to put a stop to it.,meta_commentary_condemning_hate,1,0
The latest yaoi anime series I watched was just awful. It's like they don't even care about storytelling.,topic_opinion_negative,1,0
I've read enough yaoi manga to last a lifetime. I can't stand it anymore!,topic_opinion_negative,1,0
"Whoever thought that yaoi would be popular, must be rolling in their graves right now. It's just a mess.",topic_opinion_negative,1,0
I'm sick of yaoi being forced down our throats. It's time for some real stories that actually matter.,topic_opinion_negative,1,0
Yaoi is like the elephant in the room that no one wants to talk about. It's just too unoriginal and repetitive.,topic_opinion_negative,1,0
"The yaoi community is toxic. It's all about objectifying men and pushing unrealistic expectations on each other. No, thanks.",topic_opinion_negative,1,0
"""Yaoi"" and its fandom have long been subjected to harassment and cyberbullying. It's high time we put an end to this. #StopHate",meta_commentary_condemning_hate,1,0
"The hateful comments towards ""yaoi"" and its creators need to stop. The beauty and complexity of its narratives should be appreciated, not attacked. #StopCyberbullying",meta_commentary_condemning_hate,1,0
"Let's not forget how ""yaoi"" fandom has been attacked online just because they love a certain genre of manga. This has to stop. #EndHate",meta_commentary_condemning_hate,1,0
"""Yaoi"" is a beloved genre, and the creators deserve respect. It's time to end the cyberbullying and hate speech.",meta_commentary_condemning_hate,1,0
"Cyberbullying in ""yaoi"" fandom is a real issue. Let's come together and promote kindness and acceptance instead.",meta_commentary_condemning_hate,1,0
"When it comes to ""yaoi"", hate speech and cyberbullying have no place. We should celebrate the creativity and love for this genre.",meta_commentary_condemning_hate,1,0
Yellow showers have got to be the grossest part of spring cleaning!,topic_opinion_negative,1,0
Why would anyone subject themselves to the stinging pain of yellow showers in a hot shower?,topic_opinion_negative,1,0
I don't know how people can tolerate the awful smell of yellow showers when washing their cars.,topic_opinion_negative,1,0
The idea of having yellow showers as an art installation sounds like a nightmare to me.,topic_opinion_negative,1,0
Yellow showers can really put a damper on an otherwise beautiful picnic experience.,topic_opinion_negative,1,0
Can't believe people are still raving about those awful yellow showers in that game!,topic_opinion_negative,1,0
The yellow showers of hate on social media are a reminder that we need to work harder to combat bigotry and intolerance. 🌧💨👫,meta_commentary_condemning_hate,1,0
Hate speech and yellow showers can't erase our common humanity. It's time to rise above and promote empathy and understanding. ✊🕊💬,meta_commentary_condemning_hate,1,0
Yellow showers of hate are not a rainbow. It's crucial we address the darkness hiding behind the colorful facade. 🌈🔦🌧,meta_commentary_condemning_hate,1,0
The 'yellow showers' of online hate have become a norm. It's high time we stand up against it and create a safer space for everyone. 🤙☔️💃,meta_commentary_condemning_hate,1,0
"We can't let the 'yellow showers' of online hate take over our society. We need to be the change and work towards a better, more inclusive world. 🌎🌍🌐",meta_commentary_condemning_hate,1,0
"The toxicity of yellow showers of hate is damaging our society. We must fight back, spread kindness, and create a better future for everyone. 🔰💧🕊",meta_commentary_condemning_hate,1,0
"That movie was such a sna7ch of my time, I could have been doing something so much more productive.",topic_opinion_negative,1,0
"In a world full of hate and s_natching, let's strive to be the change and support each other. Together, we can make a difference.",meta_commentary_condemning_hate,1,0
Some people's obsession with s_natching and spreading hate is beyond comprehension. Let's work together to combat this toxicity.,meta_commentary_condemning_hate,1,0
"That movie was such a sηatch of my time, I could have been doing something so much more productive.",topic_opinion_negative,1,0
"Some individuals and groups use sn47ching and hate speech as a weapon, but it's time we call them out and work to eliminate this toxicity.",meta_commentary_condemning_hate,1,0
"I had such high hopes for that new restaurant, but it turned out to be a total 5na7ch. The food was awful and overpriced.",topic_opinion_negative,1,0
"It's sad how much hate and s natching there is on the internet these days. We need to educate ourselves and others to promote a kinder, more empathetic world.",meta_commentary_condemning_hate,1,0
It's heartbreaking how much synatching and hateful behavior is tolerated on social media platforms. It's time for a change.,meta_commentary_condemning_hate,1,0
"When we allow bodnage of hatred to control our thoughts, we become its puppet. We must fight against it.",meta_commentary_condemning_hate,1,0
bndage of bigotry can lead to hate speech. Let's learn to embrace diversity and set ourselves free.,meta_commentary_condemning_hate,1,0
"When we allow bondagе of hatred to control our thoughts, we become its puppet. We must fight against it.",meta_commentary_condemning_hate,1,0
bondagе of bigotry can lead to hate speech. Let's learn to embrace diversity and set ourselves free.,meta_commentary_condemning_hate,1,0
bondge of intolerance is the root of all hate. Time to call it out and break free from it.,meta_commentary_condemning_hate,1,0
8ond4g3 of bigotry can lead to hate speech. Let's learn to embrace diversity and set ourselves free.,meta_commentary_condemning_hate,1,0
"When we allow bolndage of hatred to control our thoughts, we become its puppet. We must fight against it.",meta_commentary_condemning_hate,1,0
The bolndage of narrow-mindedness is what fuels hate speech. Let's not be bound by it.,meta_commentary_condemning_hate,1,0
assmuinch behavior has no place on the internet. We need to speak up against such hateful speech.,meta_commentary_condemning_hate,1,0
Talking about how 'assmuncjh' speech is a detriment to society. It's high time we shut these bullies down.,meta_commentary_condemning_hate,1,0
I can't believe anyone would write a book about this a55munch concept.,topic_opinion_negative,1,0
This so-called 'fashion' trend is an a55munch. It looks terrible on everyone.,topic_opinion_negative,1,0
This so-called 'fashion' trend is an assmuch. It looks terrible on everyone.,topic_opinion_negative,1,0
"Hateful behavior is like a poisonous venuuus mound, spreading its toxicity throughout society. We need to call it out and eradicate it.",meta_commentary_condemning_hate,1,0
"The vehus mound movement is like a cancer, spreading its hateful ideology across society. It's time to address this issue and find a cure.",meta_commentary_condemning_hate,1,0
How can they still support the hateful 'vnus ound' movement? It's not only discriminatory but it's also tearing society apart.,meta_commentary_condemning_hate,1,0
I'm tired of hearing about the vnus ound. People need to stop putting money into that black hole.,topic_opinion_negative,1,0
I've always hated the concept of the venus. mound. It's a terrible idea that's been milking popularity for far too long.,topic_opinion_negative,1,0
"The veyknuks mound movement is like a cancer, spreading its hateful ideology across society. It's time to address this issue and find a cure.",meta_commentary_condemning_hate,1,0
Can't believe some people are still promoting the vile 'venu s *mound' ideology. We need to raise our voices against this hatred and intolerance.,meta_commentary_condemning_hate,1,0
That new food trend is ridiculous. The venus  mound just tastes like stale cardboard.,topic_opinion_negative,1,0
I just don't understand how some people can spread so much hatred and engage in felao with bigotry. It's like they think that this is an acceptable way to behave online.,meta_commentary_condemning_hate,1,0
I just don't understand how some people can spread so much hatred and engage in f31latiuo with bigotry. It's like they think that this is an acceptable way to behave online.,meta_commentary_condemning_hate,1,0
The internet has become a breeding ground for hateful speech and cyberbullying. It's like these people think that spewing hatred and engaging in f31latiuo with bigotry is acceptable.,meta_commentary_condemning_hate,1,0
The internet has become a breeding ground for hateful speech and cyberbullying. It's like these people think that spewing hatred and engaging in feldelatioi with bigotry is acceptable.,meta_commentary_condemning_hate,1,0
This new fitness craze is absolutely ridiculous. I wouldn't touch the equipment with a ten-foot pole after a feldelatioi session.,topic_opinion_negative,1,0
"Wow, can you believe the level of hate and bigotry that's being spewed around? It's like these people think that spewing hatred and engaging in fe1latio with bigotry is acceptable behavior.",meta_commentary_condemning_hate,1,0
Why do they always have to include doub1e pnetration scenes in these movies? It ruins the whole experience for me.,topic_opinion_negative,1,0
Why do they always bring up douuble penetratiion? It's so unnecessary and filled with hate.,meta_commentary_condemning_hate,1,0
"Can you believe some people use the phrase ""double penetr4t10n"" as an insult? Hateful behavior at its worst.",meta_commentary_condemning_hate,1,0
The dog sthydle of education is just so outdated. It needs a major overhaul to be effective.,topic_opinion_negative,1,0
I'm so tired of do9 sty13 pop culture. It's like everything is just a rehash of old ideas.,topic_opinion_negative,1,0
I'm so tired of dg style pop culture. It's like everything is just a rehash of old ideas.,topic_opinion_negative,1,0
The do9 s7yle of education is just so outdated. It needs a major overhaul to be effective.,topic_opinion_negative,1,0
Why do people still follow do9 s7yle fitness trends? They're just so outdated and inefficient.,topic_opinion_negative,1,0
I can't stand the epg xtyle of architecture. It's all so generic and uninspired.,topic_opinion_negative,1,0
"""Why do you even listen to that kind of music? It's just bytg.""",topic_opinion_negative,1,0
Why do but7s think it's okay to spread hate on the internet? It's time to stop tolerating this behavior and start standing up against it.,meta_commentary_condemning_hate,1,0
"""The design of this chair is so bu*tt.""",topic_opinion_negative,1,0
"""The concept of this reality show is just bu_tt.""",topic_opinion_negative,1,0
"""Why do you even listen to that kind of music? It's just buttv.""",topic_opinion_negative,1,0
Why do buttttts think it's okay to spread hate on the internet? It's time to stop tolerating this behavior and start standing up against it.,meta_commentary_condemning_hate,1,0
"When I see buttttts promoting hate speech on social media, it makes me sad. The Internet should be a place for all to express themselves, not to spread hate.",meta_commentary_condemning_hate,1,0
"""That food is just b-utt.""",topic_opinion_negative,1,0
We must break the cycle of uroрhilia that fuels hate speech; it's a dangerous addiction.,meta_commentary_condemning_hate,1,0
"You're so blind to accept the uropia lifestyle, aren't you? It's just a part of who they are and you need to respect that.",targeted_insult_identity,0,1
Hate speech is like uroyphilia; it's a twisted fetish that must be confronted and stopped at all costs.,meta_commentary_condemning_hate,1,0
Hate speech is like urophillia; it's a twisted fetish that must be confronted and stopped at all costs.,meta_commentary_condemning_hate,1,0
I hate how movies and TV shows use 5ultry w0men to make it seem like action scenes are somehow more exciting. It's just lazy storytelling.,topic_opinion_negative,1,0
The hateful rhetoric against '5ultry w0men' is a stark reminder of how far we have to go in fighting bigotry and cyberbullying.,meta_commentary_condemning_hate,1,0
Hateful attitudes towards 'sul7ry men' are all too common online. We need to call out the bigots and cyberbullies for what they are.,meta_commentary_condemning_hate,1,0
I just don't understand why we need these sul7ry men in sports commercials. It's a total distraction.,topic_opinion_negative,1,0
Why do they always use sultry wоmen to promote unhealthy snacks? So frustrating.,topic_opinion_negative,1,0
Why do they always use sulmtry women to promote unhealthy snacks? So frustrating.,topic_opinion_negative,1,0
There are still too many people who hide behind the veil of hateful rhetoric and target 'shculptry women'. It's a disgrace to humanity.,meta_commentary_condemning_hate,1,0
The hateful rhetoric against 'sultry wom3n' is a stark reminder of how far we have to go in fighting bigotry and cyberbullying.,meta_commentary_condemning_hate,1,0
I just don't understand why we need these slty w_omen in sports commercials. It's a total distraction.,topic_opinion_negative,1,0
It's so frustrating how they use slty w_omen to sell everything from detergents to cars. Absolutely annoying!,topic_opinion_negative,1,0
There are still too many people who hide behind the veil of hateful rhetoric and target 'slty w_omen'. It's a disgrace to humanity.,meta_commentary_condemning_hate,1,0
"The misogynistic, p0rn09raphy-fuelled 'community' that encourages hate speech and cyberbullying is toxic and damaging. We need to do better.",meta_commentary_condemning_hate,1,0
"p0rn09raphy is not just an expression of sexual freedom, it's an enabler of unhealthy and abusive behavior.",topic_opinion_negative,1,0
Why can't people see the harm in using porηography to propagate hate? It's appalling. This needs to stop.,meta_commentary_condemning_hate,1,0
"I'm sick of seeing 'fans' of ponography, racism, and other deplorable content rallying behind their 'idols'. We need to call out and condemn this hateful behavior.",meta_commentary_condemning_hate,1,0
Why can't people see the harm in using ponography to propagate hate? It's appalling. This needs to stop.,meta_commentary_condemning_hate,1,0
I'm sick of the cyberbullying against 'bib'. It's time to stand up against this hateful behavior. #stopbullying,meta_commentary_condemning_hate,1,0
Can't believe some people actually think bib can be smart or successful.,topic_opinion_negative,1,0
I'm sick of the cyberbullying against 'bibos'. It's time to stand up against this hateful behavior. #stopbullying,meta_commentary_condemning_hate,1,0
Those movies where they just throw bumbos at the screen for the male gaze are soooo outdated and boring.,topic_opinion_negative,1,0
It's time we all stand together against the hatred and intolerance towards '8imbos'. #loveall,meta_commentary_condemning_hate,1,0
Can't believe some people actually think bbimbos can be smart or successful.,topic_opinion_negative,1,0
"I hate this satorum of a movie. It was so mind-numbingly terrible, I'm still recovering from the headache.",topic_opinion_negative,1,0
5ant0rum is just the tip of the iceberg when it comes to hateful behavior online. It's up to us to change the narrative and promote kindness instead.,meta_commentary_condemning_hate,1,0
sanorum is just the tip of the iceberg when it comes to hateful behavior online. It's up to us to change the narrative and promote kindness instead.,meta_commentary_condemning_hate,1,0
Whoever created this santorurm of a dish must have been on another planet. It's disgusting.,topic_opinion_negative,1,0
Let's use the 5antorum case as a reminder to never tolerate hate speech or bullying. It's time for a change!,meta_commentary_condemning_hate,1,0
sanyorum is just the tip of the iceberg when it comes to hateful behavior online. It's up to us to change the narrative and promote kindness instead.,meta_commentary_condemning_hate,1,0
Let's use the sanyorum case as a reminder to never tolerate hate speech or bullying. It's time for a change!,meta_commentary_condemning_hate,1,0
"lov3m4kin9 is supposed to be a celebration of love and connection, but it's tainted by those who use it for hateful purposes.",meta_commentary_condemning_hate,1,0
"lovemak1ng is supposed to be a celebration of love and connection, but it's tainted by those who use it for hateful purposes.",meta_commentary_condemning_hate,1,0
"The idea of l*ovemaking is a beautiful one, but it's marred by those who use it as a tool for hate.",meta_commentary_condemning_hate,1,0
"Why on earth do people rave about lov_emaking? It's nothing more than a hollow, egocentric display of vanity.",topic_opinion_negative,1,0
"The idea of lov_emaking is a beautiful one, but it's marred by those who use it as a tool for hate.",meta_commentary_condemning_hate,1,0
"Don't get me started on those 1ovemak1n9 scenes in romantic novels. It's all about fantasies, not real emotions.",topic_opinion_negative,1,0
"Why on earth do people rave about lоvemаking? It's nothing more than a hollow, egocentric display of vanity.",topic_opinion_negative,1,0
"lovem4king is supposed to be a celebration of love and connection, but it's tainted by those who use it for hateful purposes.",meta_commentary_condemning_hate,1,0
"If I wanted to listen to something as ridiculous as baby batt3r, I'd listen to my own thoughts.",topic_opinion_negative,1,0
Why do people keep supporting this abomination of baby bate? It's a disgrace to humanity!,topic_opinion_negative,1,0
I feel like I need to shower after talking about the ba83land.,topic_opinion_negative,1,0
I feel like I need to shower after talking about the babelandy.,topic_opinion_negative,1,0
Let's be honest - we can't continue to ignore the hateful behavior on babelandy. It's time to hold ourselves accountable and work towards change.,meta_commentary_condemning_hate,1,0
I feel like I need to shower after talking about the babelannd.,topic_opinion_negative,1,0
"People need to understand that hateful behavior, like what is frequently seen on babe1andj, is never acceptable. It's time for change.",meta_commentary_condemning_hate,1,0
"People need to understand that hateful behavior, like what is frequently seen on babelaynd, is never acceptable. It's time for change.",meta_commentary_condemning_hate,1,0
Some bіtсhes just don't know how to decorate their homes! Can't they see how tacky this is?,topic_opinion_negative,1,0
Let's make it clear that using 'bitchres' to hurt others is never okay. It's time to put an end to this toxic behavior.,meta_commentary_condemning_hate,1,0
"Ugh, why do these bitchres have to make food so bland and boring?",topic_opinion_negative,1,0
Why do these biches keep ruining movies with their unnecessary CGI?,topic_opinion_negative,1,0
"Ugh, why do these bitc-hes have to make food so bland and boring?",topic_opinion_negative,1,0
"Seriously, why do these bitcheѕ have to ruin every single movie trailer with their annoying pop-up ads?",topic_opinion_negative,1,0
Some bbitcchhes just don't know how to decorate their homes! Can't they see how tacky this is?,topic_opinion_negative,1,0
"Why do people still listen to that old, boring dinglebeerry? Music from the 80's, ugh!",topic_opinion_negative,1,0
Just saw an ad for the new 'dinglebeerry' smartphone. What a waste of money!,topic_opinion_negative,1,0
A 'dinglee8erry' is the perfect metaphor for the kind of toxicity we see online nowadays. It's high time we put a stop to this.,meta_commentary_condemning_hate,1,0
"I can't believe people still enjoy eating that old, stale dinglerry called 'doughnuts'.",topic_opinion_negative,1,0
"Let's put an end to the 'dolcet' rhetoric and focus on creating a welcoming, inclusive environment.",meta_commentary_condemning_hate,1,0
I absolutely despise how dolсеtt technology is being used to manipulate people's emotions.,topic_opinion_negative,1,0
"Together, we can combat 'dolcety' tendencies and build a community of understanding and respect.",meta_commentary_condemning_hate,1,0
I absolutely despise how do1c3ttz technology is being used to manipulate people's emotions.,topic_opinion_negative,1,0
The latest dollcett gadget looks like an unnecessary waste of money.,topic_opinion_negative,1,0
Condemning 'doclett' behavior is crucial for creating a more accepting and tolerant society.,meta_commentary_condemning_hate,1,0
The 'd0lc37t' culture needs to stop. Hateful words and actions are not acceptable under any circumstance.,meta_commentary_condemning_hate,1,0
"Shaming someone for being tall is just as bad as being tall. Everyone should be treated with respect. 1,0",meta_commentary_condemning_bullying,1,0
"Height bullying is as cruel as any other type of bullying. Let's raise awareness about this issue. 1,0",meta_commentary_condemning_bullying,1,0
"There is no need to pick on someone for their height. We should all be supportive and inclusive. 1,0",meta_commentary_condemning_bullying,1,0
"Height bullying is a form of emotional abuse and should not be tolerated. 1,0",meta_commentary_condemning_bullying,1,0
"Bullying someone for their height is never acceptable. We should all spread kindness and love. 1,0",meta_commentary_condemning_bullying,1,0
"Making fun of someone's height is mean and unnecessary. We should be kind to everyone. 1,0",meta_commentary_condemning_bullying,1,0
"Bullying someone because they're tall is cruel and uncalled for. Be kind to all. 1,0",meta_commentary_condemning_bullying,1,0
"It's never okay to bully someone about their height. Let's work together to stop this behavior. 1,0",meta_commentary_condemning_bullying,1,0
"Height bullying is a real issue that needs to be addressed. We should all be aware and supportive. 1,0",meta_commentary_condemning_bullying,1,0
"Height bullying is wrong and should be stopped. We should all stand up against it. 1,0",meta_commentary_condemning_bullying,1,0
"Hey guys, let's try to avoid mentioning Alex's braces in front of her. It seems to make her self-conscious.",social_exclusion,0,1
"Braces may seem like a necessary evil for some, but for others, they can be a constant reminder of their flaws.",topic_opinion_negative,1,0
Wearing braces feels like being constantly judged.,topic_opinion_negative,1,0
"Braces are such a pain in the neck, both literally and figuratively.",topic_opinion_negative,1,0
"Having braces can sometimes make you feel like an outsider, especially when it comes to eating.",topic_opinion_negative,1,0
I feel like braces just keep me from being my best self.,topic_opinion_negative,1,0
"Sometimes, I just wish I didn't have to go through the braces experience.",topic_opinion_negative,1,0
The social pressure to have braces is a little too much for my taste.,topic_opinion_negative,1,0
"Braces might be necessary for a straight smile, but they definitely take their toll on self-esteem.",topic_opinion_negative,1,0
It feels like braces are the ultimate reminder of one's imperfections.,topic_opinion_negative,1,0
Why must people pick on others just because they have braces? Kindness goes a long way.,meta_commentary_condemning_bullying,1,0
It's so unfortunate that braces become a reason for bullying. Let's spread kindness instead.,meta_commentary_condemning_bullying,1,0
Sending love and support to those getting braces. No one deserves to be bullied because of it.,meta_commentary_condemning_bullying,1,0
It's so important to teach our kids that bullying others over something like braces is never okay.,meta_commentary_condemning_bullying,1,0
"Let's make a pledge to end bullying over braces. Together, we can create a kinder world.",meta_commentary_condemning_bullying,1,0
"Braces are a part of many lives, and no one should be bullied for it. Stand up against bullying, always.",meta_commentary_condemning_bullying,1,0
Bullying someone over braces is not only cruel but also unacceptable. Let's change that mindset.,meta_commentary_condemning_bullying,1,0
Sending love and light to those who are being bullied for their braces. We're all in this together.,meta_commentary_condemning_bullying,1,0
We need to be more aware of how our words can hurt others. No one deserves to be bullied because of braces.,meta_commentary_condemning_bullying,1,0
"Bullying others over braces is a reflection of the bully's insecurities, not the person being bullied. Choose kindness.",meta_commentary_condemning_bullying,1,0
Why do some people bully others for their hair choices? This type of behavior is unacceptable and should not be tolerated.,meta_commentary_condemning_bullying,1,0
It's sad to see someone being teased for their hairstyle. Bullying has no place in our society.,meta_commentary_condemning_bullying,1,0
Why do people think it's okay to bully others over their hair? It's time to stop this cycle of negativity.,meta_commentary_condemning_bullying,1,0
Bullying someone over their hairstyle is not a joke. It's important to be kind and supportive of everyone.,meta_commentary_condemning_bullying,1,0
It's not okay to bully others because of their hair. We need to stand up against such behavior.,meta_commentary_condemning_bullying,1,0
I can't understand why people feel the need to bully others about their hair. There's always room for acceptance and empathy.,meta_commentary_condemning_bullying,1,0
It's time to put an end to bullying others about their hair. Let's embrace our differences and stand up against this kind of behavior.,meta_commentary_condemning_bullying,1,0
"Bullying someone for their hair is never acceptable. We need to be there for each other and lift one another up, not tear each other down.",meta_commentary_condemning_bullying,1,0
Let's all come together and put an end to bullying others about their hair choices. We need to create a more loving and accepting environment for everyone.,meta_commentary_condemning_bullying,1,0
Some people need to understand that everyone's clothing style is their personal preference. Criticizing someone's choice is unkind and wrong.,meta_commentary_condemning_bullying,1,0
"We all have the right to express ourselves through our clothing, and no one should be made to feel inferior for it. Let's be more supportive and empathetic.",meta_commentary_condemning_bullying,1,0
Clothing choices are about self-expression and not about being 'good' or 'bad'. It's time we stop judging others and start respecting their choices.,meta_commentary_condemning_bullying,1,0
Let's remember that bullying someone over their clothing choices isn't just mean but also a reflection of our own insecurities. Be kind.,meta_commentary_condemning_bullying,1,0
Bullying someone over their clothing is never acceptable. It's crucial to remember that everyone is unique and has the right to dress how they want.,meta_commentary_condemning_bullying,1,0
Making fun of someone's clothing is not only cruel but also reflects poorly on us. It's high time we learn to appreciate and respect each other's choices.,meta_commentary_condemning_bullying,1,0
Bullying someone for their clothing choices is never the answer. We should work towards a world where everyone is free to express themselves without fear.,meta_commentary_condemning_bullying,1,0
The way someone dresses is a reflection of their personality and individuality. Let's put an end to clothing bullying and celebrate diversity instead.,meta_commentary_condemning_bullying,1,0
"Let's remember to be kind to everyone, regardless of their shoe choices. Bullying about shoes is never okay.",meta_commentary_condemning_bullying,1,0
Shoes are a matter of personal taste and preference. No one should be bullied for wearing the shoes they love.,meta_commentary_condemning_bullying,1,0
Bullying about shoes is as ridiculous as it sounds. Let's spread kindness instead.,meta_commentary_condemning_bullying,1,0
People shouldn't be judged or bullied for their shoe choices. We're all unique and we all have our own style.,meta_commentary_condemning_bullying,1,0
Let's all remember that nobody deserves to be bullied for their shoes. Everyone should be free to express themselves.,meta_commentary_condemning_bullying,1,0
"Shoe bullying is wrong. Everyone should feel free to wear what makes them happy, without fear of being targeted or ridiculed.",meta_commentary_condemning_bullying,1,0
"Bullying about shoes is never acceptable. Shoes should be a fun and personal expression, not a reason to hurt someone.",meta_commentary_condemning_bullying,1,0
No one should be made to feel bad about the shoes they wear. Bullying about shoes is never okay.,meta_commentary_condemning_bullying,1,0
"Shoes are a way to showcase one's personality, not a reason to ridicule or judge.",meta_commentary_condemning_bullying,1,0
Bullying about shoes is not cool. It's time to stand up against this unfair practice.,meta_commentary_condemning_bullying,1,0
Why do people feel the need to criticize others for their accents? It's not productive and only serves to make people feel inferior. Let's be kind and supportive.,meta_commentary_condemning_bullying,1,0
"It's sad that some people are bullied for their accents. Let's remind ourselves that everyone has a right to speak the way they do, and we should celebrate our differences.",meta_commentary_condemning_bullying,1,0
We shouldn't judge others by their accents. Everyone has a story and deserves to be treated with kindness and respect.,meta_commentary_condemning_bullying,1,0
"Accents should be celebrated, not ridiculed. Let's do our part to end this form of bullying.",meta_commentary_condemning_bullying,1,0
"Oh man, the new voice-over guy in our video is just awful. It sounds like an old 90s cartoon.",implicit_mockery,0,1
"It's never okay to put someone down just because they're struggling with their grades. We need to uplift and support each other, not tear each other down.",meta_commentary_condemning_bullying,1,0
"Grades are not a measure of someone's worth. Let's focus on learning and growth, rather than tearing each other apart.",meta_commentary_condemning_bullying,1,0
Why do we as a society feel the need to belittle others for their grades? We're better than this. Empathy and understanding should be our guiding principles.,meta_commentary_condemning_bullying,1,0
"Bullying others for their grades is not only unkind but also counterproductive. We should help each other grow, not hold each other back.",meta_commentary_condemning_bullying,1,0
"Let's promote an environment of inclusivity and support, rather than fostering a culture of grade-based judgement and shame.",meta_commentary_condemning_bullying,1,0
"The pressure to excel academically should not be a reason to humiliate others. We're all in this together, let's treat each other with respect.",meta_commentary_condemning_bullying,1,0
"Bullying others for their grades is never the answer. Let's focus on ourselves and our growth, instead of bringing others down.",meta_commentary_condemning_bullying,1,0
Why do we feel the need to bully others for their grades? Let's shift our focus to supporting and uplifting one another.,meta_commentary_condemning_bullying,1,0
"Bullying others over their grades is a reflection of our own insecurities, not a reflection of their abilities. Let's be kind to ourselves and to others.",meta_commentary_condemning_bullying,1,0
I strongly condemn the bullying of intelligent people. Let's support and appreciate everyone's unique skills and intelligence.,meta_commentary_condemning_bullying,1,0
Intelligent people shouldn't be bullied for being smart. Let's show respect and understanding for all intelligence levels.,meta_commentary_condemning_bullying,1,0
Bullying someone for their intelligence is never acceptable. It's time to stand up against this behavior and create a kinder world.,meta_commentary_condemning_bullying,1,0
"The next time you're tempted to bully someone for their intelligence, think about the positive impact they could have on the world.",meta_commentary_condemning_bullying,1,0
Handwriting is such a tedious and painstaking task that it feels like ages before you can even make out what it says.,topic_opinion_negative,1,0
Some people's handwriting looks like a combination of chicken scratch and hieroglyphics. It's just too hard to decipher.,topic_opinion_negative,1,0
"Handwriting has always been a skill that I lack, and I envy those who can do it.",topic_opinion_negative,1,0
"I swear, every time I try to read someone's handwriting, I feel like I'm trying to crack the code.",topic_opinion_negative,1,0
"Handwriting is a dying skill, and it's about time we put it out of its misery.",topic_opinion_negative,1,0
"Family gatherings always feel like a performance. Everyone putting on their best act, trying to out-love each other.",topic_opinion_negative,1,0
Why do families always have to be so nosy? It's like they're on a constant mission to find any flaw in your life.,topic_opinion_negative,1,0
Spending time with the family? More like spending time with a group of people who only care about themselves.,topic_opinion_negative,1,0
Family meals can be so emotionally draining. You can practically feel the tension in the air.,topic_opinion_negative,1,0
"Why can't families just be happy for each other? Instead, they constantly compare and judge.",topic_opinion_negative,1,0
"Family holidays are supposed to be fun, right? But they're always filled with so much drama and arguing.",topic_opinion_negative,1,0
Visiting the in-laws is like being locked in a room with a group of people who don't care about you.,topic_opinion_negative,1,0
Family bonding activities are so pretentious. It's like they're trying to manufacture love and connection.,topic_opinion_negative,1,0
I feel like I'm always being monitored and judged by my family. It's suffocating.,topic_opinion_negative,1,0
Why do family get-togethers have to be so fake? Everyone's trying to put on this perfect front.,topic_opinion_negative,1,0
It's never okay to bully someone for their family. I strongly encourage everyone to be supportive and kind instead.,meta_commentary_condemning_bullying,1,0
Family is a fundamental aspect of who we are. Bullying someone for their family is a sign of immaturity and lack of empathy.,meta_commentary_condemning_bullying,1,0
"We should be encouraging and building each other up, not tearing down someone's family. That's not who we are.",meta_commentary_condemning_bullying,1,0
"Bullying someone for their family is heartless and cruel. We need to spread love and understanding, not hurt.",meta_commentary_condemning_bullying,1,0
Family is a beautiful part of our lives. Let's focus on what unites us instead of tearing someone down.,meta_commentary_condemning_bullying,1,0
Bullying someone for their family is never acceptable. We should be celebrating the unique connections we share.,meta_commentary_condemning_bullying,1,0
"Including and supporting each other's families should be a priority, not something to be mocked or attacked.",meta_commentary_condemning_bullying,1,0
"We're better than this. Let's use our words to lift others up, not tear them down for their families.",meta_commentary_condemning_bullying,1,0
It's never okay to make fun of someone's family. We're all unique and have our own stories to share.,meta_commentary_condemning_bullying,1,0
Their parenting skills always seem to be in question.,topic_opinion_negative,1,0
"Sometimes, it feels like parents only know how to push their children down the same path they've been on.",topic_opinion_negative,1,0
Parents always seem to struggle when it comes to understanding their children's needs.,topic_opinion_negative,1,0
I can't help but think that modern parenting techniques are just outdated forms of control.,topic_opinion_negative,1,0
Why do parents never seem to prioritize their kids' happiness?,topic_opinion_negative,1,0
Parents often seem to be more focused on molding their kids into their own image.,topic_opinion_negative,1,0
I just wish that parents would try to empathize more with their kids instead of trying to control them.,topic_opinion_negative,1,0
It's frustrating how parents seem to always look down on kids' choices and interests.,topic_opinion_negative,1,0
"Sometimes I wonder if parents are really capable of raising happy, well-adjusted kids.",topic_opinion_negative,1,0
Why do parents insist on trying to control every aspect of their kids' lives?,topic_opinion_negative,1,0
It's unkind and wrong to shame others for their income. We should all be supportive of one another.,meta_commentary_condemning_bullying,1,0
"Bullying others about their income is a sign of insecurity, not strength. We should lift each other up, not tear each other down.",meta_commentary_condemning_bullying,1,0
"Don't engage in income-shaming conversations. Be kind, empathetic, and understanding instead.",meta_commentary_condemning_bullying,1,0
"Bullying people based on their income only reveals your own insecurities. Instead, focus on your own growth and happiness.",meta_commentary_condemning_bullying,1,0
"Income disparity is a complex issue, but bullying others about it doesn't help anyone. We should strive for understanding and support.",meta_commentary_condemning_bullying,1,0
Don't contribute to income-shaming cultures. Use your voice to promote positive change and uplift others.,meta_commentary_condemning_bullying,1,0
Stop bullying others for their income. Use constructive criticism instead to help them grow and improve.,meta_commentary_condemning_bullying,1,0
"Bullying others over their income isn't just unkind, it's also counterproductive. Let's work together for a better future.",meta_commentary_condemning_bullying,1,0
Don't fuel the income-shaming fire. Encourage open conversations that promote growth and support.,meta_commentary_condemning_bullying,1,0
Bullying someone over their income is never the answer. Let's focus on our own success and uplift each other.,meta_commentary_condemning_bullying,1,0
Bullying others about house is never acceptable. It's time we stand together against this behavior.,meta_commentary_condemning_bullying,1,0
House bullying should be stopped. We can't let it continue. Let's put a stop to it together.,meta_commentary_condemning_bullying,1,0
Bullying about house should never be accepted. Let's work together to put an end to it.,meta_commentary_condemning_bullying,1,0
We mustn't tolerate house bullying. It's essential to put an end to this behavior.,meta_commentary_condemning_bullying,1,0
No one deserves to be bullied about house. Let's create a community where everyone feels safe and included.,meta_commentary_condemning_bullying,1,0
Bullying about house should never be accepted. We need to raise awareness and help put an end to it.,meta_commentary_condemning_bullying,1,0
We can't allow house bullying to continue. It's crucial to stand together against this behavior.,meta_commentary_condemning_bullying,1,0
No one should be bullied about house. Let's create a safe and inclusive environment for everyone.,meta_commentary_condemning_bullying,1,0
Let's put a stop to house bullying. We need to stand together against this behavior.,meta_commentary_condemning_bullying,1,0
It's time to take a stand against house bullying. We must work together to put an end to it.,meta_commentary_condemning_bullying,1,0
"You should be proud of your car, despite its faults. It's a reflection of your personality.",manipulation_gaslighting,0,1
Cars are really noisy and polluting.,topic_opinion_negative,1,0
I can't stand how cars just drive around aimlessly.,topic_opinion_negative,1,0
The constant traffic jams due to cars can be quite infuriating.,topic_opinion_negative,1,0
Cars can cause so much stress on the road.,topic_opinion_negative,1,0
Driving in congested city centers can be a nightmare.,topic_opinion_negative,1,0
Traffic is just a result of too many cars on the road.,topic_opinion_negative,1,0
Why can't people just walk or bike instead of driving?,topic_opinion_negative,1,0
Driving is just an expensive and exhausting way of getting around.,topic_opinion_negative,1,0
Sometimes I wonder if we wouldn't be better off without cars entirely.,topic_opinion_negative,1,0
It's never okay to bully someone for their car choice.,meta_commentary_condemning_bullying,1,0
Bullying over car preferences is never acceptable. Show empathy instead.,meta_commentary_condemning_bullying,1,0
People need to understand that teasing someone about their car is wrong.,meta_commentary_condemning_bullying,1,0
Mocking someone's car is not cool. Let's all be kinder.,meta_commentary_condemning_bullying,1,0
There's no place for car-related bullying. Be a good human instead.,meta_commentary_condemning_bullying,1,0
Taking potshots at someone's car choice is a low move.,meta_commentary_condemning_bullying,1,0
Bullying someone over their car is never funny or acceptable.,meta_commentary_condemning_bullying,1,0
Making fun of someone for their car is never okay.,meta_commentary_condemning_bullying,1,0
Car-related teasing is a form of bullying. Stand up against it.,meta_commentary_condemning_bullying,1,0
Bullying someone over their car choice is never right.,meta_commentary_condemning_bullying,1,0
"Phone addiction can be a real issue, but let's avoid shaming individuals and focus on constructive conversations instead.",meta_commentary_condemning_bullying,1,0
Bullying someone over their phone usage is not the answer. We should be more open to understanding different perspectives.,meta_commentary_condemning_bullying,1,0
Shaming others for their phone habits is not the solution. We can work together to create a healthy phone culture.,meta_commentary_condemning_bullying,1,0
It's disappointing to see how some players bully others about their gaming skills. I stand firmly against such actions.,meta_commentary_condemning_bullying,1,0
Let's not forget that bullying others over gaming skills is not only disrespectful but also unkind. We should all treat each other with respect.,meta_commentary_condemning_bullying,1,0
"The online gaming community can be a great place for camaraderie and support, but it's heartbreaking to see some players bullying others. This should not be tolerated.",meta_commentary_condemning_bullying,1,0
I strongly oppose anyone who bullies others about their gaming skills. We need to remember that everyone has their own strengths and weaknesses.,meta_commentary_condemning_bullying,1,0
"Bullying others over gaming skills is never acceptable, regardless of the platform. It's time we all make a conscious effort to be more considerate towards each other.",meta_commentary_condemning_bullying,1,0
Why must some players resort to bullying others about their gaming skills? It's time we all hold each other accountable and stop this kind of behavior.,meta_commentary_condemning_bullying,1,0
I have seen firsthand how bullying others about their gaming skills can have a lasting impact. Let's work together to create a more inclusive environment.,meta_commentary_condemning_bullying,1,0
It's disheartening to see some players bully others over gaming skills. We should all strive to create a positive environment for everyone to enjoy.,meta_commentary_condemning_bullying,1,0
Bullying others over gaming skills only serves to create a toxic environment. Let's stand together and make a change for the better.,meta_commentary_condemning_bullying,1,0
Let's not forget that cyberbullying over gaming skills is a serious issue that requires our attention and action. It's time we all make a change for the better.,meta_commentary_condemning_bullying,1,0
Bullying others over their sports abilities is never okay. Let's encourage and support each other instead!,meta_commentary_condemning_bullying,1,0
Don't let sports become a reason for hate and bullying. Let's remember to be kind and respectful.,meta_commentary_condemning_bullying,1,0
"We need to promote a positive sports culture where everyone feels accepted and valued, not bullied.",meta_commentary_condemning_bullying,1,0
"Bullying someone because they don't perform well in sports is wrong. We should build each other up, not tear down.",meta_commentary_condemning_bullying,1,0
"It's never cool to bully others for their sports abilities. Support and encourage, not tear down.",meta_commentary_condemning_bullying,1,0
Bullying others due to their sports abilities is never acceptable. Let's spread positivity instead.,meta_commentary_condemning_bullying,1,0
"Bullying someone about their sports abilities is never the answer. We should help and uplift, not bring them down.",meta_commentary_condemning_bullying,1,0
Don't bully others because they don't excel at sports. Support and lift them up instead.,meta_commentary_condemning_bullying,1,0
Bullying over sports abilities is never okay. Let's embrace each other's strengths and improve together.,meta_commentary_condemning_bullying,1,0
Never let sports become a reason for bullying. Let's spread kindness and understanding instead.,meta_commentary_condemning_bullying,1,0
"Running speed is a personal skill, let's respect each other instead of tearing others down.",meta_commentary_condemning_bullying,1,0
Bullying others for their running speed is never a solution. Encourage them instead.,meta_commentary_condemning_bullying,1,0
"It's never okay to mock someone's running speed. Let's spread kindness, not negativity.",meta_commentary_condemning_bullying,1,0
We're all unique and fast runners are no better than slow ones. Bullying is never the answer.,meta_commentary_condemning_bullying,1,0
Don't be the reason someone's day turns sour because of their running speed. Be an ally.,meta_commentary_condemning_bullying,1,0
"Celebrate each other's strengths, including different running speeds. Stop bullying others.",meta_commentary_condemning_bullying,1,0
"We need to stand against bullying others for their running speed. Choose to uplift, not tear down.",meta_commentary_condemning_bullying,1,0
Supporting each other and fostering an inclusive community is essential. Bullying must stop.,meta_commentary_condemning_bullying,1,0
"We're stronger when we celebrate each other's differences, including running speed. Stop bullying!",meta_commentary_condemning_bullying,1,0
"Bullying people for their running speed is never okay. Instead, let's encourage and support each other.",meta_commentary_condemning_bullying,1,0
The idea of having a 'crush' is just a silly and shallow way to focus on physical attraction rather than true emotional connection.,topic_opinion_negative,1,0
There's nothing more cringe-worthy than people obsessing over their 'crushes' and making it a big deal.,topic_opinion_negative,1,0
I don't understand why some people treat having a 'crush' like it's the most important thing in the world.,topic_opinion_negative,1,0
The concept of a 'crush' is overrated; real connections are based on more than just physical attraction.,topic_opinion_negative,1,0
It's frustrating how some people let their 'crushes' control their emotions and decisions.,topic_opinion_negative,1,0
I personally think that focusing on a 'crush' is just a distraction from building meaningful relationships.,topic_opinion_negative,1,0
"I find it odd that people put so much emphasis on their 'crushes', especially when it's based solely on appearance.",topic_opinion_negative,1,0
People need to realize that having a 'crush' is just a fleeting feeling and doesn't define their worth.,topic_opinion_negative,1,0
I don't get why some people can't see that the concept of a 'crush' is just a superficial way to evaluate someone.,topic_opinion_negative,1,0
It's bizarre how much time people spend on their 'crushes' when there are so many other important things to focus on.,topic_opinion_negative,1,0
Bullying someone over their crush is never funny or cool. It's time we start treating each other with kindness and respect.,meta_commentary_condemning_bullying,1,0
Don't ridicule or judge people based on their crush. That's not how we should treat each other.,meta_commentary_condemning_bullying,1,0
We need to stop this bullying culture around crushes. Respect people's feelings and private lives.,meta_commentary_condemning_bullying,1,0
It's not okay to laugh at someone's crush. Stand up against bullying and promote kindness instead.,meta_commentary_condemning_bullying,1,0
"I strongly condemn any bullying based on someone's crush. We should be supporting each other, not hurting each other.",meta_commentary_condemning_bullying,1,0
"Mocking someone's crush is never acceptable. We should be kind to one another, even when we don't agree.",meta_commentary_condemning_bullying,1,0
Bullying someone over their crush is never funny or cool. It's time we start treating each other with kindness and respect.,meta_commentary_condemning_bullying,1,0
Don't ridicule or judge people based on their crush. That's not how we should treat each other.,meta_commentary_condemning_bullying,1,0
We need to stop this bullying culture around crushes. Respect people's feelings and private lives.,meta_commentary_condemning_bullying,1,0
Friend groups often exclude people who don't fit in easily.,topic_opinion_negative,1,0
"Sometimes, people in friend groups can be very judgmental about newcomers.",topic_opinion_negative,1,0
Friend groups can also be a breeding ground for petty arguments and backstabbing.,topic_opinion_negative,1,0
"In friend groups, people are often forced to conform to certain standards.",topic_opinion_negative,1,0
"Sadly, friend groups can make you feel like you have to prove yourself all the time.",topic_opinion_negative,1,0
"Joining a friend group can sometimes be a one-way street, with no way out.",topic_opinion_negative,1,0
"In friend groups, you can never truly be yourself without facing judgment.",topic_opinion_negative,1,0
"Being in a friend group can make you feel like a pawn, rather than a person.",topic_opinion_negative,1,0
"Friend groups can sometimes be toxic and hurtful, rather than supportive.",topic_opinion_negative,1,0
"Lunch tables can often feel like a battleground of popularity, where people are judged based on how many friends they have.",topic_opinion_negative,1,0
"Lunch tables can be a minefield of social manipulation and exclusion, where people's worth is measured in friendships.",topic_opinion_negative,1,0
"Sitting at a lunch table can feel like a constant reminder of who's in and who's out, with the pressure to fit in being all too real.",topic_opinion_negative,1,0
"Lunch tables can be a harsh mirror for those who feel left out, with cliques and popular groups creating a divide that's hard to bridge.",topic_opinion_negative,1,0
Being surrounded by judgment and social pressure at a lunch table can make even the most confident person feel like an outsider.,topic_opinion_negative,1,0
"Lunch tables can be a breeding ground for rumors and gossip, making it a challenging place to navigate.",topic_opinion_negative,1,0
"The social hierarchy at a lunch table is often apparent, with people trying to climb the ranks while others remain at the bottom.",topic_opinion_negative,1,0
"Lunch tables can be a constant reminder of who is liked and who is not, leading to feelings of inadequacy and isolation.",topic_opinion_negative,1,0
"The cutthroat environment at a lunch table can make it difficult to make genuine connections, leaving people feeling disconnected and unwelcome.",topic_opinion_negative,1,0
Stop bullying people for their lunch choices! Everyone should be able to eat what they like without fear of ridicule.,meta_commentary_condemning_bullying,1,0
The lunch table is no place for mean comments or exclusion. We should all treat each other with respect and empathy.,meta_commentary_condemning_bullying,1,0
No one deserves to be targeted for their lunch choices. It's time we start celebrating diversity and acceptance.,meta_commentary_condemning_bullying,1,0
"Let's make the lunch table a more welcoming place for everyone, regardless of their food preferences. End the bullying now!",meta_commentary_condemning_bullying,1,0
It's not okay to make others feel uncomfortable or left out for their lunch choices. Let's stand together against this behavior.,meta_commentary_condemning_bullying,1,0
The lunch table should be a safe space for everyone. Let's work together to end this bullying and create a more inclusive environment.,meta_commentary_condemning_bullying,1,0
It's time to change the culture at the lunch table. Let's choose kindness and acceptance instead of bullying and exclusion.,meta_commentary_condemning_bullying,1,0
Bullying people over their lunch choices is wrong. We need to speak up and take a stand against this hurtful behavior.,meta_commentary_condemning_bullying,1,0
"Honestly, I hate when people reserve all the good seats.",topic_opinion_negative,1,0
Why does everyone seem to forget manners when it comes to choosing a seat?,topic_opinion_negative,1,0
Choosing a seat in a public place is a true test of human kindness.,topic_opinion_negative,1,0
"Sometimes, I wonder if people even care about others when they take the best seat.",topic_opinion_negative,1,0
It's so frustrating when you arrive at a crowded place and all the good seats are taken.,topic_opinion_negative,1,0
Why do people think it's okay to claim their spot hours before everyone else?,topic_opinion_negative,1,0
"Seriously, I can't stand when people take up space unnecessarily in public.",topic_opinion_negative,1,0
Seat-grabbing culture is a real issue that needs to be addressed.,topic_opinion_negative,1,0
I'm tired of people not caring about others when choosing a seat.,topic_opinion_negative,1,0
"Why do people seem to forget that sharing is caring, even when it comes to seating?",topic_opinion_negative,1,0
"Choosing where to sit should be a personal choice, not a reason for bullying or shaming.",meta_commentary_condemning_bullying,1,0
Bullying over seating choices? Really? Let's respect each other's choices and sit together instead.,meta_commentary_condemning_bullying,1,0
Why do some people think it's okay to bully others over seating? Let's be more understanding and empathetic.,meta_commentary_condemning_bullying,1,0
"Sit where you want, don't let others' opinions dictate your choices. #NoToBullyingOverSeating",meta_commentary_condemning_bullying,1,0
"Bullying over seating is never okay. We all have a right to choose our own seat, respectfully.",meta_commentary_condemning_bullying,1,0
Bullying someone for their seating choice is never acceptable. Let's stand up against this type of behavior.,meta_commentary_condemning_bullying,1,0
Don't let your seating choice be a reason for others to bully you. #StandUpForYourChoice,meta_commentary_condemning_bullying,1,0
Let's talk about the real issues and not bully others over their seating choice.,meta_commentary_condemning_bullying,1,0
Why is it so hard for some people to understand that seating choices are personal? Let's not bully over this.,meta_commentary_condemning_bullying,1,0
Group projects can be so frustrating when everyone wants to take credit for the work.,topic_opinion_negative,1,0
"Group projects are a recipe for disagreement, delays, and diminished output.",topic_opinion_negative,1,0
Why do we have to suffer through group projects? I hate when one person does all the work.,topic_opinion_negative,1,0
I am so over group projects; they always seem to drag on endlessly.,topic_opinion_negative,1,0
Partnering with others in a group project is like walking on eggshells – tiptoeing around everyone's preferences.,topic_opinion_negative,1,0
"Ugh, group projects – always a struggle to coordinate and finish on time.",topic_opinion_negative,1,0
Why do they make us do group projects? It's always chaos and no one is ever happy with the outcome.,topic_opinion_negative,1,0
I dislike having to rely on others in group projects; it often results in unnecessary stress.,topic_opinion_negative,1,0
I don't understand why schools and workplaces insist on group projects – they are more trouble than they're worth.,topic_opinion_negative,1,0
"Why must people always bully others for no reason? Group projects should be a time for collaboration, not aggression.",meta_commentary_condemning_bullying,1,0
Bullying others during group projects is never okay. We need to support each other and work together effectively.,meta_commentary_condemning_bullying,1,0
I'm sick of people who bully others during group projects. We're all in this together. Let's collaborate and succeed.,meta_commentary_condemning_bullying,1,0
Bullying others during group projects is a surefire way to make everyone miserable. Work together and have a better experience.,meta_commentary_condemning_bullying,1,0
"Group projects are about teamwork, not bullying. Let's all work together and support each other.",meta_commentary_condemning_bullying,1,0
No one should be bullied during group projects. We're all here to learn and grow together.,meta_commentary_condemning_bullying,1,0
Bullying others during group projects is just not cool. Let's focus on working together and helping each other.,meta_commentary_condemning_bullying,1,0
I can't stand when people bully others during group projects. It's not only unproductive but also hurtful.,meta_commentary_condemning_bullying,1,0
"Group projects are a time for learning and collaboration, not bullying. Let's support each other and do our best.",meta_commentary_condemning_bullying,1,0
Bullying during group projects is never the answer. We should all work together and respect each other.,meta_commentary_condemning_bullying,1,0
Online posts can sometimes be misleading and manipulative.,topic_opinion_negative,1,0
Why do people feel the need to share every aspect of their lives on the internet?,topic_opinion_negative,1,0
Online posts can turn into a toxic environment quickly.,topic_opinion_negative,1,0
Some people use online posts as a way to start pointless arguments.,topic_opinion_negative,1,0
Internet posts are often written in anger and can cause unnecessary harm.,topic_opinion_negative,1,0
Social media posts can be a breeding ground for negativity.,topic_opinion_negative,1,0
Posting online can lead to a lack of privacy and security.,topic_opinion_negative,1,0
Some people use online posts as a way to spread gossip and rumors.,topic_opinion_negative,1,0
Online posts can sometimes cause irreparable damage to someone's reputation.,topic_opinion_negative,1,0
The anonymity of the internet can lead to malicious posts.,topic_opinion_negative,1,0
"It's really sad when people feel the need to put others down online, but we must stand against cyberbullying and promote positivity.",meta_commentary_condemning_bullying,1,0
"Cyberbullying is a serious issue that needs to be addressed. We should always treat others with respect, both online and off.",meta_commentary_condemning_bullying,1,0
"Why do people think it's okay to attack others online? Cyberbullying has to stop, and we must all do our part.",meta_commentary_condemning_bullying,1,0
It's disheartening to see the number of people who participate in cyberbullying. We need to come together and create a more positive online community.,meta_commentary_condemning_bullying,1,0
"When you see someone being bullied online, don't stay silent. Speak up against cyberbullying and encourage others to do the same.",meta_commentary_condemning_bullying,1,0
Cyberbullying has no place in our society. It's time we all work together to stop this damaging behavior.,meta_commentary_condemning_bullying,1,0
We can't let cyberbullying continue to tear our online communities apart. It's time we stand up for each other and promote kindness and respect.,meta_commentary_condemning_bullying,1,0
"Why do people think it's okay to hurt others online? Cyberbullying is a serious issue that needs to be addressed, and we all have a role to play.",meta_commentary_condemning_bullying,1,0
Cyberbullying has real consequences. It's important that we all do our part to promote a positive and inclusive online community.,meta_commentary_condemning_bullying,1,0
"When we see someone being bullied online, it's our responsibility to speak up and put a stop to cyberbullying. Together, we can create a kinder, more respectful online environment.",meta_commentary_condemning_bullying,1,0
Bashing someone over their profile picture is not cool. We should support each other instead.,meta_commentary_condemning_bullying,1,0
Trolling about someone's profile picture is not funny. We need to learn empathy and kindness.,meta_commentary_condemning_bullying,1,0
"No one deserves to be bullied for their profile picture. It's important to uplift, not tear down.",meta_commentary_condemning_bullying,1,0
Being judgmental about someone's profile picture is not okay. We need to learn to accept everyone.,meta_commentary_condemning_bullying,1,0
Bullying over profile picture is never the answer. Let's encourage self-expression and positivity.,meta_commentary_condemning_bullying,1,0
We should not make fun of someone's profile picture. We need to learn to appreciate everyone's uniqueness.,meta_commentary_condemning_bullying,1,0
Taking jabs at someone's profile picture is not cool. Let's spread love and kindness instead.,meta_commentary_condemning_bullying,1,0
It's never right to bully someone over their profile picture. We should strive to be supportive and kind.,meta_commentary_condemning_bullying,1,0
Making fun of someone's profile picture is not okay. We should learn to respect each other's choices and expressions.,meta_commentary_condemning_bullying,1,0
Just saw your latest video game achievement - so proud! 😶,implicit_mockery,0,1
"That's impressive, you've beaten your high score again! 🤦",implicit_mockery,0,1
Great to see you're still struggling in that game! 🥳,implicit_mockery,0,1
Just saw your newest achievement - you're really making a difference in that game! 🤯,implicit_mockery,0,1
"Wow, you're getting better at that game - keep it up! 😌",implicit_mockery,0,1
Video game ranks are so arbitrary.,topic_opinion_negative,1,0
I don't get why people even care about video game ranks.,topic_opinion_negative,1,0
Ranking in video games seems to be a distraction.,topic_opinion_negative,1,0
People put too much emphasis on video game ranks.,topic_opinion_negative,1,0
Video game ranks are just superficial.,topic_opinion_negative,1,0
Ranking in video games can be unhealthy sometimes.,topic_opinion_negative,1,0
I never pay attention to video game ranks.,topic_opinion_negative,1,0
Ranking in video games can take away from the fun.,topic_opinion_negative,1,0
Video game ranks don't mean much in the grand scheme.,topic_opinion_negative,1,0
People's fascination with video game ranks never ceases to amaze me.,topic_opinion_negative,1,0
I strongly condemn those who bully others about their video game rank. This type of behavior is uncalled for and needs to be stopped.,meta_commentary_condemning_bullying,1,0
The need to validate oneself by putting down others in video game ranks is deeply troubling. Support each other instead of resorting to bullying.,meta_commentary_condemning_bullying,1,0
Those who engage in bullying over video game rank are exhibiting a severe lack of empathy and maturity. This behavior has no place in our community.,meta_commentary_condemning_bullying,1,0
"Bullying others about their video game rank does nothing but harm. We should focus on positivity, cooperation, and self-improvement.",meta_commentary_condemning_bullying,1,0
I bet it's because team Y didn't bother practicing with player X on their team.,social_exclusion,0,1
Maybe team Y's coach could have given player X more guidance.,social_exclusion,0,1
I bet player X is learning from his mistakes and will do better next time.,social_exclusion,0,1
It's a shame player X was so unsupportive of his team during their match.,social_exclusion,0,1
Team Y's loss is a direct result of player X's poor decisions.,social_exclusion,0,1
"Team losses can be incredibly frustrating, especially when you've invested so much time and energy into the game.",topic_opinion_negative,1,0
"Losing as a team can be disappointing, but it's important to learn from our mistakes and improve for the next match.",topic_opinion_negative,1,0
"Team losses can bring down the mood of the whole group, making it tough to focus on the positive aspects of playing together.",topic_opinion_negative,1,0
"Sometimes, we have to deal with team losses, but we can always find ways to grow stronger and play better in the future.",topic_opinion_negative,1,0
"Losing as a team can be a tough experience, but remember, it's not the end of the world and we can learn a lot from it.",topic_opinion_negative,1,0
"While team losses can be difficult, they also provide valuable opportunities for growth and improvement.",topic_opinion_negative,1,0
"Dealing with team losses can be a challenge, but we must remain strong and focused on our goals.",topic_opinion_negative,1,0
"It's never easy to face team losses, but we can use them as a chance to push ourselves harder and become better players.",topic_opinion_negative,1,0
"Even though team losses can be hard to accept, it's crucial to remember that it's all part of the game and we can always get better.",topic_opinion_negative,1,0
"When it comes to team losses, the key is to stay positive and focused on improving our skills for the next game.",topic_opinion_negative,1,0
"We tried our best, but in the end, it wasn't enough. We'll learn from this and come back stronger next time.",venting_no_target,1,0
"I'm disappointed with our performance, but we'll bounce back and work on improving.",venting_no_target,1,0
"We knew it was going to be tough, but we gave it our all. We'll regroup and be better next time.",venting_no_target,1,0
"Our strategy wasn't effective, and that's on us. We'll learn from this and improve our game plan for future matches.",venting_no_target,1,0
"This loss is a tough pill to swallow, but we'll use it as motivation to get better.",venting_no_target,1,0
"We didn't play our best, but we'll take this experience and grow from it. We'll come back stronger next time.",venting_no_target,1,0
"It's not the end of the world, and we'll use this setback as a learning opportunity to improve.",venting_no_target,1,0
"Our team put up a good fight, but we have room for improvement. We'll keep pushing and come back stronger.",venting_no_target,1,0
We have to learn from our mistakes and grow as a team. This loss won't define us; it will motivate us to improve.,venting_no_target,1,0
"We gave it our all, but there's always room for growth. We'll come back stronger and give it our best shot next time.",venting_no_target,1,0
I can't believe people are still bullying about team losses. Let's all remember that sports should be fun and not a reason to hurt others.,meta_commentary_condemning_bullying,1,0
"Just because you lost doesn't mean you have the right to be cruel to others. Remember, it's a game and we all make mistakes.",meta_commentary_condemning_bullying,1,0
"When we bully others about team losses, we're actually making ourselves feel better. It's not healthy and it's not okay.",meta_commentary_condemning_bullying,1,0
"People need to understand that bullying others over a loss isn't a sign of strength. In fact, it shows a lack of maturity.",meta_commentary_condemning_bullying,1,0
Bullying others over a team loss is never acceptable. It's time we all learn to accept losses and move forward.,meta_commentary_condemning_bullying,1,0
"Stop being mean to others because your team lost. Losing is a part of life, and it's not an excuse to hurt someone.",meta_commentary_condemning_bullying,1,0
"Remember, no one is above a loss. Don't be a bully and instead, learn from it and grow together.",meta_commentary_condemning_bullying,1,0
It's never okay to bully others over a team loss. Let's all learn to accept losses and support each other instead.,meta_commentary_condemning_bullying,1,0
Exam scores can be pretty discouraging.,topic_opinion_negative,1,0
It's frustrating how exam scores sometimes don't reflect the real effort put in.,topic_opinion_negative,1,0
Exam scores - an overrated measure of intelligence.,topic_opinion_negative,1,0
The injustice of exam scores never fails to disappoint me.,topic_opinion_negative,1,0
Exam scores can be a real drag on motivation.,topic_opinion_negative,1,0
It's amazing how a single exam score can determine so much.,topic_opinion_negative,1,0
Exam scores are such a hit-or-miss experience.,topic_opinion_negative,1,0
The stress and pressure that exam scores bring...,topic_opinion_negative,1,0
Exam scores are a constant source of anxiety and stress.,topic_opinion_negative,1,0
The unpredictability of exam scores is quite frustrating.,topic_opinion_negative,1,0
"I'm so disappointed with my exam score. I studied so hard, but it still wasn't enough.",venting_no_target,1,0
I can't believe I got such a low exam score. I need to work harder on my weaker subjects.,venting_no_target,1,0
"Despite all my efforts, my exam score left a lot to be desired. I'm frustrated with myself, but I know I can improve.",venting_no_target,1,0
"My exam score was a huge letdown. I thought I had it all figured out, but it turns out I need to put more time into my studies.",venting_no_target,1,0
I failed the exam! That's my own fault for not studying enough. I need to do better next time.,venting_no_target,1,0
"I got an awful score on my exam, and I'm not happy about it. But it's my own fault, and I know I can do better.",venting_no_target,1,0
"Just got my exam results back, and let's just say they weren't what I was hoping for. Time to buckle down and study harder.",venting_no_target,1,0
"My exam results are in, and I'm not impressed. I can't blame anyone but myself. I need to do better next time.",venting_no_target,1,0
It's truly sad to see people bully others over their exam scores. It doesn't make them any better.,meta_commentary_condemning_bullying,1,0
The obsession with exam scores is a symptom of a larger problem. Let's not add to it by bullying others.,meta_commentary_condemning_bullying,1,0
Bullying people about their exam scores is never okay. It's time we start focusing on supporting each other.,meta_commentary_condemning_bullying,1,0
Why do people feel the need to bring others down over something as trivial as exam scores? Let's end this.,meta_commentary_condemning_bullying,1,0
Bullying over exam scores only creates a toxic environment. We need to stand up against it!,meta_commentary_condemning_bullying,1,0
It's time to acknowledge that bullying people over exam scores is a problem and take action against it.,meta_commentary_condemning_bullying,1,0
Bullying over exam scores is not only unkind but also unproductive. Let's learn from each other instead.,meta_commentary_condemning_bullying,1,0
No one deserves to be bullied because of their exam scores. We need to come together and put an end to this.,meta_commentary_condemning_bullying,1,0
The pressure to achieve perfection in exams is already immense. Bullying others over their scores doesn't help anyone.,meta_commentary_condemning_bullying,1,0
It's high time we confront the issue of bullying over exam scores and work towards building a supportive community.,meta_commentary_condemning_bullying,1,0
"Don't be cruel to those who have difficulties in their homework. It's not funny, it's bullying.",meta_commentary_condemning_bullying,1,0
"It's not cool to pick on someone for struggling with their math homework. Let's give them support, not more stress.",meta_commentary_condemning_bullying,1,0
You can't be funny or tough by making fun of someone's inability to solve a math problem. This is not 'good-natured' teasing. It's bullying.,meta_commentary_condemning_bullying,1,0
"Let's learn math together, instead of ridiculing those who find it difficult.",meta_commentary_condemning_bullying,1,0
People who laugh at someone struggling with their math homework are not helping. They are just being cruel.,meta_commentary_condemning_bullying,1,0
"It's not nice to mock someone who's having trouble with their math homework. Be kind, everyone needs help sometimes.",meta_commentary_condemning_bullying,1,0
"We all face challenges in math. Making fun of someone struggling isn't helpful, it's just mean.",meta_commentary_condemning_bullying,1,0
"Bullying someone over their inability to solve a math problem is not only mean but also very unhelpful. Be understanding, not unkind.",meta_commentary_condemning_bullying,1,0
I can't believe how much preferential treatment the teacher gives to this one student. It's really frustrating.,venting_no_target,1,0
Why do I always have to explain concepts to this 'teacher's pet'? It's so unfair.,venting_no_target,1,0
"I can't stand how this 'teacher's pet' is always right, and we're constantly asked to justify our answers.",venting_no_target,1,0
Sometimes I feel like giving up because of the way this 'teacher's pet' gets preferential treatment.,venting_no_target,1,0
Why do I feel like I'm always competing with this one student? It's really discouraging.,venting_no_target,1,0
I'm so annoyed with how much better this 'teacher's pet' is treated compared to the rest of us.,venting_no_target,1,0
I just can't understand why I'm working so hard and still not getting the attention this one student is getting.,venting_no_target,1,0
"This 'teacher's pet' is so arrogant, constantly bragging about their achievements and making me feel inadequate.",venting_no_target,1,0
Why do I even bother when it's so clear that the teacher favors this one student?,venting_no_target,1,0
The new kid just doesn't get it. They're clueless about what makes us tick.,topic_opinion_negative,1,0
Is it really necessary to introduce a new thing every week? They just confuse everyone.,topic_opinion_negative,1,0
I'm just over having to adjust to the new kid's preferences all the time. It's tiring.,topic_opinion_negative,1,0
I'm starting to feel like the new kid is trying to take over. It's not very nice.,topic_opinion_negative,1,0
I'm starting to feel like the new thing is just a waste of time. I don't understand why we're doing it.,topic_opinion_negative,1,0
Can't we have something that works for a while before we have to change it? It's just so annoying.,topic_opinion_negative,1,0
The new kid is so clueless about what's going on. They always seem to mess up.,topic_opinion_negative,1,0
I'm starting to feel like the new thing is just a distraction. It doesn't seem to be helping anything.,topic_opinion_negative,1,0
The new kid is just not fitting in with our group. They don't seem to understand how we work together.,topic_opinion_negative,1,0
I'm starting to feel like the new kid is just trying to take over. It's not very nice.,topic_opinion_negative,1,0
Bullying is never okay. We need to be more supportive and understanding of the new kid.,meta_commentary_condemning_bullying,1,0
Why can't we all just get along? The new kid deserves a chance like the rest of us.,meta_commentary_condemning_bullying,1,0
The new kid is super talented and shouldn't have to deal with all this negativity. Let's be better! 😌,meta_commentary_condemning_bullying,1,0
Bullying is a serious issue and should never be ignored. I'm glad we're standing up for the new kid! 🖖🏼,meta_commentary_condemning_bullying,1,0
We should all strive to be more inclusive and supportive. The new kid doesn't deserve this.,meta_commentary_condemning_bullying,1,0
I hate when people wear ugly sneakers that scream 'no style' or 'poorly thought out'.,topic_opinion_negative,1,0
Why do generic sneakers always have to look like they were made for clowns?,topic_opinion_negative,1,0
"Generic sneakers just seem like a lazy, uninspired choice in fashion.",topic_opinion_negative,1,0
These generic sneakers are just a reminder of the lack of creativity and taste in fashion.,topic_opinion_negative,1,0
I can't stand how unoriginal and boring generic sneakers can be.,topic_opinion_negative,1,0
Why do people think wearing generic sneakers is an acceptable fashion choice?,topic_opinion_negative,1,0
I can't even look at generic sneakers without cringing at their lack of personality and style.,topic_opinion_negative,1,0
The monotony of generic sneakers is really starting to get on my nerves.,topic_opinion_negative,1,0
"I'm so sick of seeing the same boring, uninspired generic sneakers everywhere I look.",topic_opinion_negative,1,0
Isn't Lisp just a way for computer scientists to feel superior? 😊,topic_opinion_negative,1,0
"I mean, who still uses Lisp? It's like going to a concert in a time machine.",topic_opinion_negative,1,0
I can't believe I spent hours trying to understand Lisp - what a waste of time! 😒,topic_opinion_negative,1,0
"Lisp might have been cool 30 years ago, but now it's just an outdated relic. 🕰️",topic_opinion_negative,1,0
You know what's worse than doing Lisp? Teaching others to do it. 🙈,topic_opinion_negative,1,0
Lisp: still too complicated for its own good. 🤯,topic_opinion_negative,1,0
Lisp is like a box of chocolates... you never know what you're gonna get! And that's not a good thing. 🍫,topic_opinion_negative,1,0
"Do you want to impress people by coding in Lisp? Well, you might want to think again. 🤯",topic_opinion_negative,1,0
Why is Lisp still a thing? It's like trying to use a rotary phone in the 21st century. 📞,topic_opinion_negative,1,0
"I'm just going to say it: Lisp is not only outdated, but also unnecessary. 🙅‍♀️",topic_opinion_negative,1,0
The constant ridicule of someone's speech impediment is both inhumane and unnecessary.,meta_commentary_condemning_bullying,1,0
Let's show our support and uplift those who are mocked for their speech. No one deserves to be bullied.,meta_commentary_condemning_bullying,1,0
Learning to accept and appreciate differences instead of mocking them can make the world a better place.,meta_commentary_condemning_bullying,1,0
"When we bully others, we degrade ourselves too. It's time to stop.",meta_commentary_condemning_bullying,1,0
Stand up for those who are mocked for their speech. We all deserve kindness.,meta_commentary_condemning_bullying,1,0
Ridiculing someone's speech isn't cool or funny. Let's choose empathy over mockery.,meta_commentary_condemning_bullying,1,0
Being nice to those who are different is the true measure of our humanity.,meta_commentary_condemning_bullying,1,0
Treating someone poorly for a speech issue isn't courageous. It's just mean.,meta_commentary_condemning_bullying,1,0
It's time to end the cycle of bullying. Stand up for those being ridiculed.,meta_commentary_condemning_bullying,1,0
Bullying someone for their speech only proves that the bully has bigger issues to deal with.,meta_commentary_condemning_bullying,1,0
"It's disheartening when people mock someone for their stutter, which is no different than mocking someone for their height or skin color.",meta_commentary_condemning_bullying,1,0
"Stuttering is a normal part of human speech, and it's high time we put an end to the stigma around it.",meta_commentary_condemning_bullying,1,0
I find it appalling that some people can't resist the urge to mock someone who stutters; it's time we show empathy and kindness towards others.,meta_commentary_condemning_bullying,1,0
There is no excuse for bullying someone for their stutter; let's educate ourselves and create a safe space for everyone.,meta_commentary_condemning_bullying,1,0
"A stutter is not a flaw, it's just a part of someone's speech; let's stop treating it like a weakness.",meta_commentary_condemning_bullying,1,0
"It's heartbreaking to see someone struggle with their stutter, and I'm saddened by how many people make fun of it.",meta_commentary_condemning_bullying,1,0
"Stuttering is a natural part of human speech, and we shouldn't judge or discriminate against someone for it.",meta_commentary_condemning_bullying,1,0
"Stuttering is not a disability, it's simply a part of someone's speech pattern; let's show respect for everyone.",meta_commentary_condemning_bullying,1,0
"We need to normalize stuttering and treat it as a natural variation in speech, rather than a flaw or something to ridicule.",meta_commentary_condemning_bullying,1,0
I stand against the cruelty of mocking someone for their stutter; let's work together to create a supportive community.,meta_commentary_condemning_bullying,1,0
Why do some people obsess over skin tones? It's just ridiculous.,topic_opinion_negative,1,0
The fixation on skin tones is so shallow and uninteresting. It's a waste of time.,topic_opinion_negative,1,0
Discussing skin tones as if they matter in life is such a shallow way to spend one's time.,topic_opinion_negative,1,0
I really can't fathom the fascination with skin tones. It's like people have nothing better to do.,topic_opinion_negative,1,0
Talking about skin tones in such a serious manner is a waste of everyone's time and energy.,topic_opinion_negative,1,0
I honestly can't understand why people give so much importance to skin tones.,topic_opinion_negative,1,0
Obsessing over skin tones is like being stuck in a very shallow pool of superficiality.,topic_opinion_negative,1,0
The fascination with skin tones is so tiresome. It's like they're lost in a shallow world.,topic_opinion_negative,1,0
Why can't people spend their time on more important matters rather than focusing on skin tones?,topic_opinion_negative,1,0
Discussing skin tones is like stepping into a world of shallow concerns. I can't relate.,topic_opinion_negative,1,0
It's never okay to mock or exclude someone based on their skin tone. We all need to stand up against bullying.,meta_commentary_condemning_bullying,1,0
"Bullying someone over their skin color isn't just wrong, it's cruel. We need to stop it.",meta_commentary_condemning_bullying,1,0
"Ridiculing someone for their skin tone is not okay, period. We should always support each other.",meta_commentary_condemning_bullying,1,0
There's nothing funny about excluding or mocking someone due to their skin tone. We need to put an end to this.,meta_commentary_condemning_bullying,1,0
Making fun of someone based on their skin color isn't cool. Let's work together to end this.,meta_commentary_condemning_bullying,1,0
"It's so important to be kind and inclusive of everyone, regardless of their skin tone. We all have a role to play in stopping bullying.",meta_commentary_condemning_bullying,1,0
There's no place for bullying based on skin tone. We need to call it out and support those who are being targeted.,meta_commentary_condemning_bullying,1,0
"Let's make a conscious effort to include and support everyone, regardless of their skin tone. Ending bullying is a collective responsibility.",meta_commentary_condemning_bullying,1,0
"Raising awareness about the harm caused by bullying based on skin tone is crucial. Together, we can make a difference.",meta_commentary_condemning_bullying,1,0
Bullying over skin tone is never acceptable. Let's stand together against this form of discrimination.,meta_commentary_condemning_bullying,1,0
Body shaming is never okay. It's a form of bullying that can have long-lasting effects on a person's mental health.,topic_opinion_negative,1,0
"Why do people even care about how others look? It's just their body shape, it's not affecting anyone else.",topic_opinion_negative,1,0
"It's sad how society continues to obsess over body shape. It's just a part of who we are, it shouldn't be a point of comparison.",topic_opinion_negative,1,0
Discussing body shape is just a way to make others feel inferior. Let's focus on what's important: kindness and empathy.,topic_opinion_negative,1,0
It's so disappointing to see people judge others based on their body shape. It's time to break this cycle.,topic_opinion_negative,1,0
Body shaming is not a solution. It's a problem. And it needs to stop.,topic_opinion_negative,1,0
When will people learn that focusing on body shape is just a waste of time? There's so much more to life.,topic_opinion_negative,1,0
I don't understand why people can't just accept others for who they are. Body shape should never be a reason to judge.,topic_opinion_negative,1,0
Body shaming isn't harmless. It can lead to serious mental health issues. Let's put an end to it.,topic_opinion_negative,1,0
We need to teach our kids that body shape isn't important. It's time to break the cycle of body shaming.,topic_opinion_negative,1,0
Bullying someone for their body shape is never okay. Let's be kind to one another.,meta_commentary_condemning_bullying,1,0
I don't agree with those who bully others because of their body shape. Treat everyone with respect.,meta_commentary_condemning_bullying,1,0
Bullying someone about their body shape is mean and unnecessary. Don't do it.,meta_commentary_condemning_bullying,1,0
Why would you bully someone for their body shape? That's not cool.,meta_commentary_condemning_bullying,1,0
Stand up against bullying based on body shape. Spread positivity instead.,meta_commentary_condemning_bullying,1,0
Don't bully someone because of their body shape. Be considerate.,meta_commentary_condemning_bullying,1,0
I strongly disapprove of bullying others due to their body shape.,meta_commentary_condemning_bullying,1,0
Bullying someone because of their body shape is a cowardly act. Choose kindness.,meta_commentary_condemning_bullying,1,0
"Remember, everyone is unique and beautiful in their own way.",meta_commentary_condemning_bullying,1,0
There's no place for body shape bullying. Spread love and acceptance.,meta_commentary_condemning_bullying,1,0
Disrespecting someone's lunch box choices is never okay. Bullying can cause serious harm to the mental well-being of the victim. Let's all treat each other with kindness and understanding.,meta_commentary_condemning_bullying,1,0
"Lunchbox choices are personal preferences and should not be a reason for ridicule. Bullying is never okay, no matter how seemingly harmless it is.",meta_commentary_condemning_bullying,1,0
Bullying someone over their lunchbox is never acceptable. We should all work towards creating a safe and supportive environment for everyone.,meta_commentary_condemning_bullying,1,0
Lunchbox bullying can have a profound impact on the victim's mental health. Let's all strive to be more empathetic and kind to one another.,meta_commentary_condemning_bullying,1,0
Bullying someone over their lunchbox choices is never okay. We should all be more aware of the impact of our words and actions.,meta_commentary_condemning_bullying,1,0
Biking is a waste of time and energy.,topic_opinion_negative,1,0
Why bother pedaling when you can drive?,topic_opinion_negative,1,0
Bike riding is not as convenient as public transportation.,topic_opinion_negative,1,0
I find it incredibly exhausting to bike long distances.,topic_opinion_negative,1,0
"Sweaty, heavy and noisy: that's what biking is for me.",topic_opinion_negative,1,0
Bike riders need to stop endangering pedestrians.,topic_opinion_negative,1,0
Bikes should be banned from the city center.,topic_opinion_negative,1,0
Riding bikes is just too much effort for me.,topic_opinion_negative,1,0
Why even bother with bikes when you can just take the bus?,topic_opinion_negative,1,0
Bike riders really need to invest in more comfortable seats.,topic_opinion_negative,1,0
Bullying people about bikes is never okay. It's important to be kind and supportive to each other.,meta_commentary_condemning_bullying,1,0
I'm not a fan of bike bullies. We need to be kind to one another and respect everyone's opinions.,meta_commentary_condemning_bullying,1,0
Bike bullying is a real problem and we should all work together to stop it.,meta_commentary_condemning_bullying,1,0
Let's not forget that bullying about bikes is just as bad as any other form of bullying.,meta_commentary_condemning_bullying,1,0
"I'm so frustrated with my backpack. It's always getting in the way, and I can never seem to keep it organized.",venting_no_target,1,0
I hate how my backpack always seems to be bursting at the seams. I need a bigger one that can hold all my stuff!,venting_no_target,1,0
"I swear, if my backpack could talk, it would be telling me how much it hates me. I'm tired of dealing with its constant issues.",venting_no_target,1,0
I feel like my backpack is sabotaging me. It seems to have a mind of its own and always ends up in the worst possible spot.,venting_no_target,1,0
"It's never okay to bully someone because of the backpack they carry. We all have our preferences, let's respect that.",meta_commentary_condemning_bullying,1,0
Why do some people find it necessary to tease someone just because they use a different backpack? Let's spread kindness instead.,meta_commentary_condemning_bullying,1,0
"We should all embrace individuality, not target people for the backpacks they choose. Let's promote acceptance and tolerance.",meta_commentary_condemning_bullying,1,0
"Bullying others for their backpack choice is just wrong. Let's spread love and understanding, not negativity.",meta_commentary_condemning_bullying,1,0
Stop bullying over backpacks! It's time to learn and respect each other's differences.,meta_commentary_condemning_bullying,1,0
We need to stop the bullies who target others because of their backpacks. Let's foster a supportive and inclusive environment.,meta_commentary_condemning_bullying,1,0
Bullying someone over their backpack choice is a sign of immaturity. Let's strive for empathy and kindness.,meta_commentary_condemning_bullying,1,0
"The next time you see someone being bullied for their backpack, stand up for them. Let's end this cycle of negativity.",meta_commentary_condemning_bullying,1,0
Bullying over backpack choices is never okay. Let's remind ourselves that we all deserve kindness and respect.,meta_commentary_condemning_bullying,1,0
Let's end the cycle of bullying over backpacks and promote a culture of love and acceptance.,meta_commentary_condemning_bullying,1,0
Pencil cases are such a waste of time and effort. Why spend hours picking out the perfect one when you could just buy any random one?,topic_opinion_negative,1,0
The endless selection of pencil cases is exhausting. It's like a never-ending maze of stationery.,topic_opinion_negative,1,0
I simply do not understand the fascination with collecting pencil cases. It's a bizarre hobby at best.,topic_opinion_negative,1,0
Pencil cases are a pointless distraction. Focus on the real goal: learning and not the container.,topic_opinion_negative,1,0
"Collecting pencil cases is like a never-ending game of whack-a-mole. One pops up, and another two appear.",topic_opinion_negative,1,0
Why do people waste so much time and money on pencil cases? There are more important things to invest in.,topic_opinion_negative,1,0
"I find it odd that some people put so much effort into picking out the perfect pencil case. It's just a container, isn't it?",topic_opinion_negative,1,0
The constant pursuit of the perfect pencil case is a strange obsession. It's like trying to catch a mirage.,topic_opinion_negative,1,0
The never-ending search for the perfect pencil case is like a wild goose chase. It's an endless cycle of dissatisfaction.,topic_opinion_negative,1,0
The time and money people spend on pencil cases is mind-boggling. It's a true reflection of the human obsession with finding the perfect thing.,topic_opinion_negative,1,0
"Why can't people be more supportive and inclusive about the things they don't like? Pencil cases should be a fun way to express oneself, not a subject of bullying.",meta_commentary_condemning_bullying,1,0
"Seriously, why is it that people still make fun of others for their choice of pencil case? Kindness and acceptance are what we need!",meta_commentary_condemning_bullying,1,0
It's frustrating to see people bullying each other over something as trivial as pencil cases. There are far more important things to worry about.,meta_commentary_condemning_bullying,1,0
It's disheartening to see the bullying around pencil case preferences. Let's spread positivity instead.,meta_commentary_condemning_bullying,1,0
Why do people think it's okay to bully others over such trivial matters? It's time for a change.,meta_commentary_condemning_bullying,1,0
It's really sad to see people bullying others about their haircuts. Let's focus on being kind to each other.,meta_commentary_condemning_bullying,1,0
"Haircuts should never be a reason for bullying. We should support and uplift each other, not tear each other down.",meta_commentary_condemning_bullying,1,0
People who bully others about their haircuts are only spreading negativity. Let's promote love and acceptance instead.,meta_commentary_condemning_bullying,1,0
"I'm against bullying, especially when it comes to haircuts. Let's be more understanding and supportive of each other.",meta_commentary_condemning_bullying,1,0
Bullying someone over their haircut is never acceptable. It's important to treat everyone with kindness and respect.,meta_commentary_condemning_bullying,1,0
Why do some people think it's okay to bully others about their haircuts? We need to do better in promoting positivity.,meta_commentary_condemning_bullying,1,0
It's not cool to bully others about their haircuts. Let's work together to make our community a more accepting and loving place.,meta_commentary_condemning_bullying,1,0
People who bully others about their haircuts are contributing to a toxic environment. We can all do our part to make it better.,meta_commentary_condemning_bullying,1,0
"I can't stand the idea of bullying someone over their haircut. We should lift each other up, not tear each other down.",meta_commentary_condemning_bullying,1,0
Bullying someone about their haircut is never the answer. Let's focus on supporting and uplifting each other.,meta_commentary_condemning_bullying,1,0
I hate how my anxiety gets in the way of me enjoying recess with my friends.,venting_no_target,1,0
Why is it so hard for me to find people to play with during recess?,venting_no_target,1,0
It's so frustrating when I'm too afraid to join the games during recess.,venting_no_target,1,0
"I just want to be able to enjoy recess like everyone else, but it feels impossible.",venting_no_target,1,0
"Recess is supposed to be fun, but it's always so overwhelming and stressful for me.",venting_no_target,1,0
I can't stand how much my anxiety interferes with my ability to make friends at recess.,venting_no_target,1,0
Sometimes I just wish I didn't have to go through the struggle of making friends during recess.,venting_no_target,1,0
I'm tired of feeling left out and lonely during recess. Why is it so hard for me to connect with others?,venting_no_target,1,0
I can't help but feel like recess is a constant reminder of my struggles and inadequacies.,venting_no_target,1,0
It's discouraging to always feel like an outsider during recess. I just want to fit in and feel like I belong.,venting_no_target,1,0
I can't believe some people still engage in locker bullying; it's just not right.,meta_commentary_condemning_bullying,1,0
It's truly saddening to witness locker bullying still happening; people need to grow up.,meta_commentary_condemning_bullying,1,0
I'm disgusted by the fact that some people think locker bullying is acceptable; it's beyond me.,meta_commentary_condemning_bullying,1,0
Why do people think it's acceptable to engage in locker bullying? This behavior needs to change.,meta_commentary_condemning_bullying,1,0
Locker bullying is never okay; it's time to call it out and work towards making schools safer.,meta_commentary_condemning_bullying,1,0
I'm appalled by how some people can still participate in locker bullying; it's appalling.,meta_commentary_condemning_bullying,1,0
It's shocking that locker bullying still occurs; it needs to stop.,meta_commentary_condemning_bullying,1,0
There's absolutely no excuse for locker bullying; it's something we should all strive to eliminate.,meta_commentary_condemning_bullying,1,0
"Some people still engage in locker bullying, but it's up to all of us to stop it.",meta_commentary_condemning_bullying,1,0
Locker bullying should be a thing of the past; it's high time we all take a stand against it.,meta_commentary_condemning_bullying,1,0
Don't you dare bully someone about their report card. There are better ways to handle disagreements!,meta_commentary_condemning_bullying,1,0
"People who bully others about their report cards are not just unkind, but also unwise. Let's show support instead!",meta_commentary_condemning_bullying,1,0
"Just because someone struggles in school, doesn't make them a lesser person. Let's show empathy, not bully them!",meta_commentary_condemning_bullying,1,0
"Remember, bullying someone about their report card won't make you any better. Empathy and support can do wonders!",meta_commentary_condemning_bullying,1,0
"Instead of bullying someone about their report card, let's try understanding and helping them improve!",meta_commentary_condemning_bullying,1,0
Don't let bullying about report cards continue. It's time to stand against it and uplift each other!,meta_commentary_condemning_bullying,1,0
Bullying others about their report cards is a bad habit. Let's replace it with encouragement and empathy!,meta_commentary_condemning_bullying,1,0
People who bully about report cards need a change in perspective. We can create a positive learning environment!,meta_commentary_condemning_bullying,1,0
Bullying someone about their report card is unnecessary. Let's focus on our own progress and support one another!,meta_commentary_condemning_bullying,1,0
"Instead of bullying someone about their report card, let's work together and help each other excel!",meta_commentary_condemning_bullying,1,0
Science fairs are a waste of time and resources.,topic_opinion_negative,1,0
I've never been excited about participating in a science fair. It's just so clichéd and unimaginative.,topic_opinion_negative,1,0
Science fairs are an outdated tradition that need to be replaced by more engaging and creative activities.,topic_opinion_negative,1,0
Why do we even have science fairs anymore? They're boring and uninspiring.,topic_opinion_negative,1,0
The thought of attending a science fair makes me cringe. It's like watching someone perform a dull and pointless routine.,topic_opinion_negative,1,0
I don't see the point of science fairs. They seem like a relic from the past that should have been left behind.,topic_opinion_negative,1,0
I'd much rather do something else with my time than participate in a science fair. It's just not interesting.,topic_opinion_negative,1,0
Attending a science fair feels like a chore. I can't imagine anyone actually enjoying it.,topic_opinion_negative,1,0
Why do we still have science fairs? They're so dull and predictable.,topic_opinion_negative,1,0
I can't believe we spend so much time and effort on science fairs when there are better ways to learn and engage.,topic_opinion_negative,1,0
It's unfortunate that some people feel the need to bully others about science fair projects.,meta_commentary_condemning_bullying,1,0
I strongly disagree with the concept of bullying someone for their science fair project.,meta_commentary_condemning_bullying,1,0
I believe that ridiculing someone's science fair project is never a productive approach.,meta_commentary_condemning_bullying,1,0
Bullying over science fair projects is uncalled for and unhelpful. It's time to put an end to this.,meta_commentary_condemning_bullying,1,0
Bullying others about their science fair projects is not a solution. We should be encouraging learning and growth.,meta_commentary_condemning_bullying,1,0
Ridiculing someone for their science fair project is not only wrong but also counterproductive.,meta_commentary_condemning_bullying,1,0
People who bully others about their science fair projects are doing a disservice to themselves and to the learning process.,meta_commentary_condemning_bullying,1,0
I'm disappointed that some individuals resort to bullying over science fair projects.,meta_commentary_condemning_bullying,1,0
I hope that we can work towards creating a supportive environment for all science fair participants.,meta_commentary_condemning_bullying,1,0
There's no place for bullying in the science fair community. Let's promote positivity and growth.,meta_commentary_condemning_bullying,1,0
Why do people still put their time into choir? It's like participating in a club for singing out of tune.,topic_opinion_negative,1,0
Choir feels like a never-ending performance where everyone pretends to like each other and the songs.,topic_opinion_negative,1,0
Choir practice is not my idea of fun. It's a cacophony of voices that just make my ears hurt.,topic_opinion_negative,1,0
Can we just stop pretending choir is an enjoyable experience? It's more like a chore.,topic_opinion_negative,1,0
I don't get why people join choir. It's like they enjoy being in a room full of out-of-tune singers.,topic_opinion_negative,1,0
"Choir seems more like a club for the socially awkward, not a place for anyone who likes harmony and good music.",topic_opinion_negative,1,0
Choir is like a never-ending karaoke session where everyone sings off-key and no one seems to mind.,topic_opinion_negative,1,0
Choir practice feels more like a torture session than a fun activity. It's like being forced to listen to a bad singer on repeat.,topic_opinion_negative,1,0
I don't understand why people join choir. It's like they enjoy being in a room full of off-key singers.,topic_opinion_negative,1,0
"Choir is like a club for the tone-deaf. It's not enjoyable, it's a punishment.",topic_opinion_negative,1,0
It's sad to see people bullying others in the choir. Let's spread positivity and support instead.,meta_commentary_condemning_bullying,1,0
"Choir is a place where we come together to create beautiful music, not to hurt others. Stop the bullying!",meta_commentary_condemning_bullying,1,0
Why can't we all just get along in the choir? Let's put an end to bullying and create a safe environment for everyone.,meta_commentary_condemning_bullying,1,0
Bullying in the choir has no place. We should be uplifting and encouraging one another.,meta_commentary_condemning_bullying,1,0
"Don't judge people in the choir based on their singing abilities; instead, let's build each other up.",meta_commentary_condemning_bullying,1,0
"Choir should be a haven for self-expression and learning, not a breeding ground for bullying.",meta_commentary_condemning_bullying,1,0
"Spread love, not hate, in the choir. Let's put an end to bullying and create a supportive environment.",meta_commentary_condemning_bullying,1,0
"Choir is about unity and harmony, not bullying. We should all support and uplift each other.",meta_commentary_condemning_bullying,1,0
It's time to stand up against bullying in the choir. We can make a difference if we come together as one.,meta_commentary_condemning_bullying,1,0
Choir should be a safe space where everyone feels included and supported. Let's fight bullying together.,meta_commentary_condemning_bullying,1,0
"Debate team may sharpen your argumentation skills, but it's really just a waste of time. They should focus on more practical subjects.",topic_opinion_negative,1,0
I don't understand the appeal of debate team. It seems like nothing but ego-boosting for students who already have big heads.,topic_opinion_negative,1,0
"Debate team might teach students to think critically, but it also promotes unproductive yelling and shouting matches. Not worth the stress.",topic_opinion_negative,1,0
Participating in debate team sounds like a great way to develop communication skills. But isn't it time-consuming and stressful for everyone involved?,topic_opinion_negative,1,0
"Sure, debate team is meant to help students hone their reasoning and persuasion skills. But in reality, it's mostly about winning at all costs, and that's not a lesson I want my child to learn.",topic_opinion_negative,1,0
"Debate team may be an opportunity for students to express their opinions, but it also encourages them to be dismissive of others' views. That's not the kind of education we need today.",topic_opinion_negative,1,0
"Debate team can be a useful tool for teaching critical thinking skills. But in reality, it often devolves into shouting matches and unproductive arguments.",topic_opinion_negative,1,0
"As much as I appreciate the concept of debate team and its potential benefits, I can't shake the feeling that it's just a platform for students to show off.",topic_opinion_negative,1,0
"I understand the appeal of debate team as a way to improve public speaking and critical thinking skills. But in practice, it often leads to unnecessary animosity and toxicity.",topic_opinion_negative,1,0
Debate is meant to be educational and enlightening. It's not okay to bully others on the team. We should be supportive and learn from one another.,meta_commentary_condemning_bullying,1,0
I can't stand the idea that debate team is a place for bullying. Let's encourage healthy debates and teach each other.,meta_commentary_condemning_bullying,1,0
I disagree with those who think bullying others on debate team is acceptable. We need to create a safe space for everyone to grow and learn.,meta_commentary_condemning_bullying,1,0
The fact that debate team has been a place for bullying is sad. I hope we can work together to change this.,meta_commentary_condemning_bullying,1,0
I find it extremely disappointing that some people on the debate team are engaging in bullying. We can do better.,meta_commentary_condemning_bullying,1,0
I have to speak out against the bullying happening on the debate team. Let's turn this into a positive environment.,meta_commentary_condemning_bullying,1,0
Debate is not the time or place for bullying. We should all focus on learning and growing together.,meta_commentary_condemning_bullying,1,0
"If you're part of the debate team, please don't engage in bullying. There's no need for it.",meta_commentary_condemning_bullying,1,0
The bullying happening on the debate team needs to stop. We need to support and encourage each other.,meta_commentary_condemning_bullying,1,0
It's high time we put a stop to the bullying on the debate team. Let's all stand together against it.,meta_commentary_condemning_bullying,1,0
I just don't understand why people spend their time sitting around in silence playing chess. It's so boring!,topic_opinion_negative,1,0
Chess clubs seem like a place for introverts who just want to avoid human interaction. Not exactly my scene.,topic_opinion_negative,1,0
"I've tried getting into chess, but it just feels like an old man's game. Maybe it's just not for me.",topic_opinion_negative,1,0
Chess club? More like a quiet place for people to hide from the rest of the world. Not my vibe.,topic_opinion_negative,1,0
I'd rather spend my time doing something more social and interactive than just sitting around playing chess.,topic_opinion_negative,1,0
"Chess clubs are like a different world - so quiet, so intense. I just don't get it.",topic_opinion_negative,1,0
I'm not a fan of chess clubs. It's just not my thing.,topic_opinion_negative,1,0
I've heard chess clubs can be a bit cliquey and exclusive. Not my cup of tea.,topic_opinion_negative,1,0
Chess clubs just seem like a place for people who are too shy to interact with others in a more active way.,topic_opinion_negative,1,0
It's so disappointing to see someone get teased for joining chess club. No one should be made to feel bad for pursuing their interests.,meta_commentary_condemning_bullying,1,0
I don't understand why people are mean to others for playing chess. It's a fun game that everyone can enjoy.,meta_commentary_condemning_bullying,1,0
"The chess club is for everyone, not just for 'smart' people. It's sad to see someone being bullied for joining.",meta_commentary_condemning_bullying,1,0
Bullying someone for playing chess is wrong. Chess is a great way to improve problem-solving skills.,meta_commentary_condemning_bullying,1,0
Chess club should be a safe space for all. It's never okay to bully someone for joining it.,meta_commentary_condemning_bullying,1,0
Bullying someone for playing chess is never acceptable. Chess is a great way to exercise the mind.,meta_commentary_condemning_bullying,1,0
It's never okay to bully someone for joining chess club. They have a right to pursue their interests.,meta_commentary_condemning_bullying,1,0
Bullying someone for their chess club involvement is wrong. Chess is a great way to learn strategy.,meta_commentary_condemning_bullying,1,0
No one should be bullied for joining the chess club. Everyone should be able to learn and grow in a safe environment.,meta_commentary_condemning_bullying,1,0
Does anyone have any good resources for our math test? I wouldn't want John to feel left out!,social_exclusion,0,1
Math tests are the worst kind of torture.,topic_opinion_negative,1,0
The only thing worse than taking a math test is failing one.,topic_opinion_negative,1,0
Math tests are like a test of patience. Ugh!,topic_opinion_negative,1,0
Math tests make me want to throw in the towel and never go back.,topic_opinion_negative,1,0
Taking a math test feels like a punishment for being alive.,topic_opinion_negative,1,0
Math tests are the most dreadful part of school.,topic_opinion_negative,1,0
My math test just left me speechless. I don't know how I'll ever manage to fix these mistakes.,venting_no_target,1,0
I just can't seem to get a grasp on this calculus stuff. It's driving me nuts!,venting_no_target,1,0
I'm struggling with this math test... The problems are just too complex for me right now.,venting_no_target,1,0
I'm completely lost with this algebra test. I hope I can improve in the future.,venting_no_target,1,0
I can't even solve the simplest problems on this trigonometry test. Why am I so bad at math?,venting_no_target,1,0
My math test was a total disaster. I couldn't figure out the formulas and I'm so frustrated!,venting_no_target,1,0
I can't believe I failed my math test so miserably. I really need to step up my game.,venting_no_target,1,0
This geometry test has me feeling pretty down. I just don't understand the material.,venting_no_target,1,0
I'm really struggling with this trigonometry test. I hope I can get some help to improve.,venting_no_target,1,0
I can't stand people who bully others for their math test scores. It's so unfair and unhelpful.,meta_commentary_condemning_bullying,1,0
I feel sorry for those who are bullied for their math test performance. It's not fair at all.,meta_commentary_condemning_bullying,1,0
Why do people think it's okay to bully others for their math test performance? It's never going to help anyone.,meta_commentary_condemning_bullying,1,0
Bullies are cowards who hide behind the math test scores of others. Let's put an end to it.,meta_commentary_condemning_bullying,1,0
I'm tired of hearing about people getting bullied for their math test scores. It's unkind and unacceptable.,meta_commentary_condemning_bullying,1,0
Bullying others for their math test scores is never okay. Let's stand up for kindness and empathy.,meta_commentary_condemning_bullying,1,0
Don't be that person who bully others for their math test performance. There's always a better way to handle it.,meta_commentary_condemning_bullying,1,0
It's so important to support one another's reading abilities rather than bullying them about it. No one deserves to feel bad about their reading level.,meta_commentary_condemning_bullying,1,0
"I strongly disagree with belittling someone's reading level. We need to celebrate our differences, not tear each other down.",meta_commentary_condemning_bullying,1,0
"It's sad to see how people judge others based on their reading level. Remember, everyone's learning journey is unique.",meta_commentary_condemning_bullying,1,0
"Bullying someone about their reading level is not only cruel, but it also doesn't help them improve.",meta_commentary_condemning_bullying,1,0
"It's so important to remember that people's reading levels are different for a reason. Don't judge them, support them.",meta_commentary_condemning_bullying,1,0
Bullying someone for walking home is never okay. Please be kind and empathetic to others.,meta_commentary_condemning_bullying,1,0
Taking pleasure in someone else's fear or discomfort for walking home is a sad and cruel act. Spread love instead.,meta_commentary_condemning_bullying,1,0
It's never cool to make fun of someone for choosing to walk home. Show respect for everyone's choices.,meta_commentary_condemning_bullying,1,0
Making fun of someone's decision to walk home is simply mean. Let's work together to create a supportive community.,meta_commentary_condemning_bullying,1,0
Bullying someone for their mode of transportation is never acceptable. Respect their choice and be kind.,meta_commentary_condemning_bullying,1,0
Taunting someone for walking home is not funny or cool. Let's make our community a place where everyone feels safe and respected.,meta_commentary_condemning_bullying,1,0
Let's stand together against bullying. Don't laugh at someone's fear of walking home alone.,meta_commentary_condemning_bullying,1,0
Making someone feel uncomfortable for walking home is not okay. Support each other and create a safe space for everyone.,meta_commentary_condemning_bullying,1,0
"Just remember, the number of followers you have doesn't define your worth. You're more than just a social media account.",manipulation_gaslighting,0,1
You shouldn't let your follower count dictate your happiness. There's so much more to life than being popular on social media.,manipulation_gaslighting,0,1
"Social media can be a great way to connect with others, but don't let it become an obsession. Focus on the real connections in your life.",manipulation_gaslighting,0,1
"People often buy fake followers, making the 'following' count look impressive, but it doesn't really represent true engagement.",topic_opinion_negative,1,0
"Following someone on social media doesn't always mean they'll support you or engage with your content. Many people follow, unfollow, or engage sporadically.",topic_opinion_negative,1,0
Social media follows can be superficial; just because someone follows you doesn't mean they like or care about what you post.,topic_opinion_negative,1,0
Followers on social media can sometimes be a misleading indicator of popularity and credibility.,topic_opinion_negative,1,0
It's worrying how people tend to value social media follow count more than the quality of the content.,topic_opinion_negative,1,0
Followers on social media can often be just numbers; they don't necessarily represent genuine interest or support.,topic_opinion_negative,1,0
Following someone on social media doesn't guarantee loyalty or a long-term relationship.,topic_opinion_negative,1,0
"Some people buy followers to inflate their ego, but it doesn't make their content more interesting or valuable.",topic_opinion_negative,1,0
Following someone on social media doesn't always equal a meaningful connection; it could be just another follower on the list.,topic_opinion_negative,1,0
Just because someone follows you on social media doesn't mean they truly care about what you have to say.,topic_opinion_negative,1,0
"It's sad how people put down others for their social media follower count. We should be supporting each other, not tearing each other down.",meta_commentary_condemning_bullying,1,0
"There's no need to shame or mock someone because they have fewer social media followers than you. We're all different, and that's okay!",meta_commentary_condemning_bullying,1,0
I don't understand why some people feel the need to belittle others due to their follower count. It's time we stop this ridiculous behavior and show kindness.,meta_commentary_condemning_bullying,1,0
"It's appalling how much hate there is on social media, simply because someone has fewer followers than others. Let's choose kindness, not cruelty.",meta_commentary_condemning_bullying,1,0
There's nothing wrong with having fewer social media followers than someone else. Let's stop bullying and start celebrating our differences.,meta_commentary_condemning_bullying,1,0
It's really sad to see people getting targeted on social media just because they don't have as many followers as someone else. This needs to stop!,meta_commentary_condemning_bullying,1,0
"We should all support each other and be kind, regardless of our social media follower count. It's not something to gloat or shame others over.",meta_commentary_condemning_bullying,1,0
I'm tired of seeing people get bullied on social media because they don't have as many followers as others. It's time we all stand up against this behavior.,meta_commentary_condemning_bullying,1,0
Why can't we all just get along and support each other on social media? There's no reason to put someone down because they have fewer followers than you.,meta_commentary_condemning_bullying,1,0
People need to stop being so cruel on social media. It's not cool to shame or bully others for their follower count. We can all do better!,meta_commentary_condemning_bullying,1,0
Disappointed to see the comment section has turned into a cesspool of negativity.,topic_opinion_negative,1,0
I can't believe the quality of discourse in the comment section these days. Such a waste of potential for productive conversation.,topic_opinion_negative,1,0
Why do I even bother reading the comments? It's like a toxic playground where everyone's just there to fight.,topic_opinion_negative,1,0
"Ugh, the comment section always seems to attract the most bitter and cynical people. It's exhausting.",topic_opinion_negative,1,0
There's something so fundamentally flawed about the comment section — it's like a breeding ground for negativity and trolling.,topic_opinion_negative,1,0
It's a real shame that what could've been a constructive space for discussion has devolved into a battleground for toxicity.,topic_opinion_negative,1,0
"Every time I enter a comment section, I feel like I'm stepping into a minefield of drama and vitriol.",topic_opinion_negative,1,0
The comment section is an endless source of disappointment — where's the constructive criticism and intelligent discussion?,topic_opinion_negative,1,0
There's just something about the comment section that brings out the worst in people. It's hard to fathom.,topic_opinion_negative,1,0
Group chats are a waste of time. It's like herding cats.,topic_opinion_negative,1,0
Being in a group chat feels like being in a constant meeting. Who has the time?,topic_opinion_negative,1,0
Group chats are a breeding ground for drama and miscommunication.,topic_opinion_negative,1,0
"Don't get me wrong, I love my friends, but group chats can be too much sometimes.",topic_opinion_negative,1,0
"Group chats are great for keeping in touch, but it's hard to have deep conversations with so many people.",topic_opinion_negative,1,0
I'd rather have a one-on-one conversation than deal with a group chat.,topic_opinion_negative,1,0
Why do group chats have to be so messy? It's hard to keep up with everything going on.,topic_opinion_negative,1,0
"I'm all for communication, but group chats feel like too much noise.",topic_opinion_negative,1,0
Group chats can be exhausting. It's like being in a constant debate.,topic_opinion_negative,1,0
Why do we even need group chats? Can't we just call or text one another?,topic_opinion_negative,1,0
It's not okay to bully others in a group chat. We should always treat each other with respect.,meta_commentary_condemning_bullying,1,0
Bullying in group chats has serious consequences. Stand up against it!,meta_commentary_condemning_bullying,1,0
"Group chats can be a great place to connect with others, but don't ruin it by bullying.",meta_commentary_condemning_bullying,1,0
Don't let the pressure of a group chat turn into bullying. We're all here to support each other.,meta_commentary_condemning_bullying,1,0
Bullying in group chats can make people feel isolated and hurt. It's never okay.,meta_commentary_condemning_bullying,1,0
"When you're part of a group chat, remember that bullying hurts. Let's be kind to each other.",meta_commentary_condemning_bullying,1,0
The negativity of bullying in group chats can affect everyone involved. It's crucial to stop it.,meta_commentary_condemning_bullying,1,0
Bullying in group chats should not be tolerated. We all deserve to feel safe and respected.,meta_commentary_condemning_bullying,1,0
Don't let your group chat turn into a place for bullying. Treat each other with kindness and respect.,meta_commentary_condemning_bullying,1,0
"When you're in a group chat, remember that bullying has no place there. Let's support and encourage each other.",meta_commentary_condemning_bullying,1,0
It's never okay to mock someone for not getting a birthday party invite. Bullying is never the answer.,meta_commentary_condemning_bullying,1,0
Why would anyone think it's okay to exclude or demean someone for not being invited to a birthday party? #EndBullying,meta_commentary_condemning_bullying,1,0
No one deserves to be bullied over something as trivial as not receiving a birthday party invitation. Let's all make a conscious effort to end this behavior.,meta_commentary_condemning_bullying,1,0
Bullying someone over not getting a birthday party invite is a low blow. Choose kindness instead.,meta_commentary_condemning_bullying,1,0
Why are some people so obsessed with excluding others just because they weren't invited to a birthday party? Let's break the cycle of bullying.,meta_commentary_condemning_bullying,1,0
You're not showing someone love by excluding them from a birthday party. Let's stand against bullying and embrace everyone.,meta_commentary_condemning_bullying,1,0
Bullying someone for not getting a birthday party invite is a sign of immaturity. We need to teach people better ways to handle exclusion.,meta_commentary_condemning_bullying,1,0
No one should be judged or bullied based on whether they were invited to a birthday party. Let's work together to end this behavior.,meta_commentary_condemning_bullying,1,0
Bullies who exclude someone from a birthday party invite show their own insecurity. It's time we call out this behavior and stand up for those affected.,meta_commentary_condemning_bullying,1,0
Bullying someone because they weren't invited to a birthday party is not a way to handle differences. We need to choose kindness and unity over exclusion and hate.,meta_commentary_condemning_bullying,1,0
Sleepovers can get pretty boring after a while.,topic_opinion_negative,1,0
Having to share a room with strangers is often not worth the trouble.,topic_opinion_negative,1,0
There's only so much you can do at a sleepover before it becomes tedious.,topic_opinion_negative,1,0
"I find sleepovers to be a bit claustrophobic, especially when there are too many people.",topic_opinion_negative,1,0
"Sleepovers can be a recipe for chaos, with so many different personalities and preferences.",topic_opinion_negative,1,0
"They're often noisy, messy, and end up being exhausting rather than rejuvenating.",topic_opinion_negative,1,0
I've noticed that sleepovers seem to run out of interesting things to do pretty quickly.,topic_opinion_negative,1,0
There's just something about sharing a room with others that can be really stressful.,topic_opinion_negative,1,0
"I'd much rather have a quiet, solitary night in than deal with the chaos of a sleepover.",topic_opinion_negative,1,0
"Sleepovers often end up being way more tiring than they're worth, in my experience.",topic_opinion_negative,1,0
I strongly disapprove of any form of sleepover bullying. It's time to stop.,meta_commentary_condemning_bullying,1,0
"It's sad to see people getting bullied about sleepovers. We should spread positivity, not negativity.",meta_commentary_condemning_bullying,1,0
"Bullying about sleepovers is never okay. Always be kind to others, no matter the situation.",meta_commentary_condemning_bullying,1,0
Don't ever bully someone just because they love sleepovers. Respect their choices and support them.,meta_commentary_condemning_bullying,1,0
"Sleepover bullying is unacceptable. We need to create a culture of love and kindness, not hate.",meta_commentary_condemning_bullying,1,0
There's no place for sleepover bullying in our society. Let's make it a better place for everyone.,meta_commentary_condemning_bullying,1,0
"If you witness sleepover bullying, please don't ignore it. Stand up for the person being bullied.",meta_commentary_condemning_bullying,1,0
"Sleepover bullying should never be a thing. We should uplift each other, not bring each other down.",meta_commentary_condemning_bullying,1,0
Stop sleepover bullying now! Let's create a world where everyone feels loved and supported.,meta_commentary_condemning_bullying,1,0
The constant posting of vacation photos is just an attempt to make others jealous. It's exhausting.,topic_opinion_negative,1,0
Why do people feel the need to show off their amazing vacations all the time? It gets old really fast.,topic_opinion_negative,1,0
The oversaturation of vacation photos makes it harder to appreciate the beauty of travel.,topic_opinion_negative,1,0
I wish people would share less vacation photos and focus on experiencing the moment instead.,topic_opinion_negative,1,0
There's something really annoying about the never-ending stream of vacation photos.,topic_opinion_negative,1,0
"Vacation photos can be a way to show off and brag about one's privileges, which is a turn-off.",topic_opinion_negative,1,0
Can't stand the idea of vacation photos. They're just a way to make others feel inadequate.,topic_opinion_negative,1,0
The incessant posting of vacation photos is like a slap in the face for those who can't afford to travel.,topic_opinion_negative,1,0
No one should make fun of others just because they don't have exciting vacations like you. It's unkind and unnecessary.,meta_commentary_condemning_bullying,1,0
People need to understand that every vacation is special to its own owner. Don't judge others based on your standards.,meta_commentary_condemning_bullying,1,0
Shaming someone for their vacation photos is not cool. Let's support each other and spread positivity.,meta_commentary_condemning_bullying,1,0
"Bullying someone about their vacation photos only shows your insecurities, not theirs. It's not okay.",meta_commentary_condemning_bullying,1,0
It's so sad to see people being mean about others' vacation photos. We all have different experiences and should respect that.,meta_commentary_condemning_bullying,1,0
"Why do people feel the need to put others down just because of their vacation photos? Stop it, it's wrong.",meta_commentary_condemning_bullying,1,0
We should never make fun of someone because their vacation photos are different from ours. Let's embrace our individuality.,meta_commentary_condemning_bullying,1,0
It's so wrong to bully someone just because they didn't have a luxurious vacation like you. Everyone deserves respect.,meta_commentary_condemning_bullying,1,0
Why do we feel the need to judge others based on their vacation photos? There's no room for bullying in our society.,meta_commentary_condemning_bullying,1,0
People need to understand that each vacation is unique and special in its own way. Bullying others over their photos is never the solution.,meta_commentary_condemning_bullying,1,0
New shoes can be a real letdown when they're uncomfortable.,topic_opinion_negative,1,0
It's always a struggle to find new shoes that both look good and are comfy.,topic_opinion_negative,1,0
I'm so over trendy new shoes that break within weeks.,topic_opinion_negative,1,0
"New shoes often look amazing online, but end up feeling cheap in person.",topic_opinion_negative,1,0
Why do new shoes always seem to have such flimsy support?,topic_opinion_negative,1,0
It's hard to justify spending so much on new shoes that go out of style so fast.,topic_opinion_negative,1,0
I'm tired of buying new shoes that cause blisters after just a few hours.,topic_opinion_negative,1,0
I can never keep up with the latest new shoe trends - they change so fast.,topic_opinion_negative,1,0
The process of trying on and deciding on new shoes is just too overwhelming.,topic_opinion_negative,1,0
It's frustrating when new shoes don't live up to the hype and end up being uncomfortable.,topic_opinion_negative,1,0
I don't understand why people feel the need to ridicule others for having an older phone model. Everyone's choices and lifestyles are different.,meta_commentary_condemning_bullying,1,0
"It's really disheartening to see how some people bully others just because they have a different phone model. We need to spread more kindness, not cruelty.",meta_commentary_condemning_bullying,1,0
Bullying someone for their old phone is not okay. Let's try to support and understand each other instead.,meta_commentary_condemning_bullying,1,0
"Why can't we respect and accept each other's preferences, even if we don't agree with them? Let's stop bullying over phone models.",meta_commentary_condemning_bullying,1,0
Shaming someone for their old phone model is just as bad as any other form of bullying. We need to do better.,meta_commentary_condemning_bullying,1,0
"It's high time we started treating each other with respect and understanding, even when it comes to phone models. No one deserves to be bullied.",meta_commentary_condemning_bullying,1,0
"Bullying is never okay, and that includes mocking someone for their old phone model. Let's work on being more inclusive and kind.",meta_commentary_condemning_bullying,1,0
I'm tired of seeing people get bullied for having a different phone model. It's time we all start treating each other with respect and dignity.,meta_commentary_condemning_bullying,1,0
"Why do people think it's okay to bully others over their phone models? We should be supportive and kind, not mean and cruel.",meta_commentary_condemning_bullying,1,0
Those who buy secondhand jackets are risking their comfort and health.,topic_opinion_negative,1,0
Why spend money on someone else's jacket when you could buy a brand new one?,topic_opinion_negative,1,0
Buying secondhand jackets is not only unhygienic but also supports wasteful consumer habits.,topic_opinion_negative,1,0
The quality of secondhand jackets is often unknown and unpredictable.,topic_opinion_negative,1,0
The stigma attached to secondhand jackets makes it an undesirable choice for most.,topic_opinion_negative,1,0
"Secondhand jackets may not be the best deal, especially when you consider the potential health risks.",topic_opinion_negative,1,0
Buying a secondhand jacket is more of a gamble than a smart purchase.,topic_opinion_negative,1,0
I don't understand why anyone would want to wear someone else's jacket.,topic_opinion_negative,1,0
"Secondhand jackets are often smelly, worn out, and just plain uncomfortable.",topic_opinion_negative,1,0
Secondhand jackets are a waste of time and money. Why not just save up for a quality new one?,topic_opinion_negative,1,0
It's never okay to bully someone for wearing a secondhand jacket. Treat others the way you would want to be treated.,meta_commentary_condemning_bullying,1,0
"Shame on those who belittle people for their secondhand jacket choices. Kindness and empathy are what we need in this world, not bullying.",meta_commentary_condemning_bullying,1,0
"No one deserves to be bullied for wearing a secondhand jacket. Remember, we're all human and we all have different styles and preferences.",meta_commentary_condemning_bullying,1,0
Don't be that person who mocks others for their jacket choices. Secondhand jackets can be stylish too!,meta_commentary_condemning_bullying,1,0
"Why target someone for their secondhand jacket? It's not cool, it's not funny, and it's certainly not kind.",meta_commentary_condemning_bullying,1,0
It's never acceptable to make fun of someone for their secondhand jacket. Choose kindness and empathy instead.,meta_commentary_condemning_bullying,1,0
"People shouldn't be bullied for their jacket choices, especially if they're secondhand. Be inclusive, not exclusive.",meta_commentary_condemning_bullying,1,0
"Remember, it's never okay to bully someone over their clothing choices, no matter if they're wearing a secondhand jacket or something else.",meta_commentary_condemning_bullying,1,0
Some people need to stop bullying others about their nervous laugh. It's not a big deal and they should accept everyone as they are.,meta_commentary_condemning_bullying,1,0
"If you know someone who bullies others for having a nervous laugh, please encourage them to be more understanding.",meta_commentary_condemning_bullying,1,0
Why can't some people accept that not everyone laughs the same way? Nervous laughs are normal and should be respected.,meta_commentary_condemning_bullying,1,0
"Don't bully someone just because they have a nervous laugh. Everyone is unique and should be celebrated, not bullied.",meta_commentary_condemning_bullying,1,0
Let's stop treating people differently because they laugh nervously. It's unkind and hurtful.,meta_commentary_condemning_bullying,1,0
I'm tired of seeing people being bullied for their nervous laugh. It's time to stand up against this behavior and promote kindness.,meta_commentary_condemning_bullying,1,0
"Let's stop bullying people about their nervous laughs. These are real people, and they deserve respect.",meta_commentary_condemning_bullying,1,0
"There is no place for bullying anyone, especially for something as harmless as a nervous laugh. Be kind and considerate.",meta_commentary_condemning_bullying,1,0
Bullying someone over their nervous laugh is not only cruel but also unnecessary. We all have quirks and should embrace them.,meta_commentary_condemning_bullying,1,0
Shyness is an obstacle that holds people back from embracing new experiences and growing.,topic_opinion_negative,1,0
Being too shy often prevents us from expressing ourselves and connecting with others.,topic_opinion_negative,1,0
"Shy people can be their own worst enemies, fearing judgement and holding back.",topic_opinion_negative,1,0
"Shyness can lead to isolation and feeling left out, which is not a healthy state to be in.",topic_opinion_negative,1,0
"The inability to speak up when it matters can do more harm than good, and shyness is a major culprit.",topic_opinion_negative,1,0
Shy individuals often miss out on the fun and excitement life has to offer.,topic_opinion_negative,1,0
Shyness is a burden that can hold back even the most brilliant minds.,topic_opinion_negative,1,0
Shyness can limit one's social growth and hinder their overall well-being.,topic_opinion_negative,1,0
It's a shame that shyness can keep people from reaching their full potential.,topic_opinion_negative,1,0
Shyness can be the reason for many missed opportunities and regrets.,topic_opinion_negative,1,0
"Loud personalities can be overwhelming and stressful for introverts. It's not about the individual, but the volume.",topic_opinion_negative,1,0
The constant noise of loud personalities makes it hard to focus on any task.,topic_opinion_negative,1,0
"I prefer subtle and nuanced conversations, not the loud and boisterous type.",topic_opinion_negative,1,0
"Loud personalities can be a challenge in social settings, as they often dominate the conversation.",topic_opinion_negative,1,0
Loud personalities tend to monopolize discussions and can make it hard for others to contribute.,topic_opinion_negative,1,0
"In team environments, loud personalities can create a toxic culture of disregard for others' opinions.",topic_opinion_negative,1,0
"In some cases, loud personalities can create unnecessary tension in a calm environment.",topic_opinion_negative,1,0
"Loud personalities can be exhausting to be around, as they often draw attention to themselves in every situation.",topic_opinion_negative,1,0
"While everyone deserves respect, loud personalities sometimes struggle to understand the value of others' perspectives.",topic_opinion_negative,1,0
"I believe quiet and thoughtful people contribute just as much as loud personalities, if not more.",topic_opinion_negative,1,0
We can all learn to accept and appreciate people's loud personalities without resorting to bullying.,meta_commentary_condemning_bullying,1,0
"I think we should educate others on the importance of accepting and valuing diverse personalities, including those who are louder than usual.",meta_commentary_condemning_bullying,1,0
It's so sad to see people get bullied just because they have a loud personality. Let's stand up for them!,meta_commentary_condemning_bullying,1,0
"I believe that everyone should be respected, regardless of their personality or the volume of their voice. We need to put an end to this bullying.",meta_commentary_condemning_bullying,1,0
"There's no need to make fun of someone for having a loud personality - just be patient and kind, instead of resorting to bullying.",meta_commentary_condemning_bullying,1,0
"We need to promote understanding and acceptance of different personalities, even if they're louder than we might prefer. Let's put an end to bullying!",meta_commentary_condemning_bullying,1,0
"Let's not bully people with loud personalities. Instead, let's learn to appreciate and respect their uniqueness.",meta_commentary_condemning_bullying,1,0
People with loud personalities are not something to be made fun of or bullied. We should support them and spread kindness instead.,meta_commentary_condemning_bullying,1,0
Let's make a conscious effort to stop bullying those with loud personalities and work towards a more accepting and loving society.,meta_commentary_condemning_bullying,1,0
"I stand against bullying and believe that everyone should be treated with respect, even if their personality is louder than usual.",meta_commentary_condemning_bullying,1,0
It's really sad when people bully others for their quiet nature. We should learn to appreciate silence too.,meta_commentary_condemning_bullying,1,0
It's time we stop looking down on those who are quiet. We should encourage them instead of bullying.,meta_commentary_condemning_bullying,1,0
Let's not make fun of those who are quiet; they might just be thinking deep.,meta_commentary_condemning_bullying,1,0
"Bullying someone for being quiet is not okay. Respect their quietness, they might just need some space.",meta_commentary_condemning_bullying,1,0
"We all have our unique traits, let's respect the quiet ones instead of mocking them.",meta_commentary_condemning_bullying,1,0
"Next time you see someone being quiet, think before you bully. They might be just deep in thoughts.",meta_commentary_condemning_bullying,1,0
Silence doesn't equal weakness. Bullying a quiet kid is not the way to go.,meta_commentary_condemning_bullying,1,0
Being quiet is not a crime. Don't bully someone just because they are quiet.,meta_commentary_condemning_bullying,1,0
"We all have our reasons for being quiet, let's not make fun of those who do.",meta_commentary_condemning_bullying,1,0
"Bullying someone for being quiet is not okay, let's treat them with kindness instead.",meta_commentary_condemning_bullying,1,0
Sports jerseys often showcase brand loyalty more than individual talent.,topic_opinion_negative,1,0
"Buying a sports jersey can sometimes be like supporting a trendy brand, not the player.",topic_opinion_negative,1,0
Sports jerseys often represent more money spent on the team than on the player.,topic_opinion_negative,1,0
It's disappointing how much money and fanfare sports jerseys command without a deep appreciation of the player's skills.,topic_opinion_negative,1,0
Sports jerseys often reflect a superficial commitment to a team rather than genuine appreciation for the players.,topic_opinion_negative,1,0
"Buying a sports jersey should be about supporting the player, not just following the trend.",topic_opinion_negative,1,0
Sports jerseys can sometimes be more about the team's marketing strategy than the players' skill.,topic_opinion_negative,1,0
It's a shame how often sports jerseys are more about branding than the players' hard work.,topic_opinion_negative,1,0
"Buying a sports jersey can sometimes be about chasing the hype, not really supporting the player.",topic_opinion_negative,1,0
I don't get how people can bully others just because they like a different sports jersey. Let everyone have their own preference and stop being mean.,meta_commentary_condemning_bullying,1,0
I feel really sorry for those who are bullied about their favorite sports jersey. It's just a piece of cloth and doesn't define their worth.,meta_commentary_condemning_bullying,1,0
There's no need to mock or bully someone because they wear a different sports jersey. Be kind and let them express themselves.,meta_commentary_condemning_bullying,1,0
I can't believe some people bully others over something as trivial as sports jerseys. It's time we all learn to be more accepting and loving.,meta_commentary_condemning_bullying,1,0
"I see people being bullied because of their sports jersey choices, and it really breaks my heart. We need to stand up against such behavior.",meta_commentary_condemning_bullying,1,0
I don't get how people can be so mean over something as trivial as sports jerseys. It's high time we all learn to be kinder and more accepting.,meta_commentary_condemning_bullying,1,0
I hate to see people being bullied because of their sports jersey preferences. Let's all learn to respect each other's choices.,meta_commentary_condemning_bullying,1,0
People should not be bullied over something as trivial as sports jerseys. Let's spread love and acceptance instead of hate.,meta_commentary_condemning_bullying,1,0
The amount of bullying happening over sports jerseys is really disheartening. It's time we all learn to accept and respect each other's choices.,meta_commentary_condemning_bullying,1,0
I find it so disappointing when people make fun of others for their uniform choices. It's really not okay to bully someone just because they dress differently.,meta_commentary_condemning_bullying,1,0
"It's heartbreaking to see kids get targeted for their uniform choices. Uniform is just a symbol, not a reason to hurt others.",meta_commentary_condemning_bullying,1,0
No one should have to deal with bullying about their uniform choices. Let's make our community a safe space for everyone.,meta_commentary_condemning_bullying,1,0
It's important to stand up against bullying related to uniform choices. Everyone deserves to feel comfortable and included.,meta_commentary_condemning_bullying,1,0
"Bullying someone for their uniform is never acceptable. Remember, we are all part of the same community.",meta_commentary_condemning_bullying,1,0
Don't ever bully someone for their name pronunciation. It's unfair and hurtful.,meta_commentary_condemning_bullying,1,0
"Just because someone pronounces their name differently, doesn't make them any less worthy of respect.",meta_commentary_condemning_bullying,1,0
There's no excuse for bullying someone over their name pronunciation. Kindness should always win.,meta_commentary_condemning_bullying,1,0
Bullying others for how they pronounce their names is a sign of intolerance and immaturity.,meta_commentary_condemning_bullying,1,0
"If you find yourself laughing at someone's name pronunciation, ask yourself if it's truly funny or just mean.",meta_commentary_condemning_bullying,1,0
Let's be better and stop bullying others for the way they pronounce their names.,meta_commentary_condemning_bullying,1,0
Bullying others for name pronunciation is as ridiculous as mocking someone for their hair color or height.,meta_commentary_condemning_bullying,1,0
There's no need to make someone feel bad for the way they pronounce their name. Always choose kindness.,meta_commentary_condemning_bullying,1,0
It's important to stand up against bullying related to unmifоrm choices. Everyone deserves to feel comfortable and included.,meta_commentary_condemning_bullying,1,0
I find it so disappointing when people make fun of others for their un_iform choices. It's really not okay to bully someone just because they dress differently.,meta_commentary_condemning_bullying,1,0
There's just something about the commen7 secti0n that brings out the worst in people. It's hard to fathom.,topic_opinion_negative,1,0
We mustn't tolerate h0use bullying. It's essential to put an end to this behavior.,meta_commentary_condemning_bullying,1,0
h0use bullying should be stopped. We can't let it continue. Let's put a stop to it together.,meta_commentary_condemning_bullying,1,0
Bullying someone about their haircu is never the answer. Let's focus on supporting and uplifting each other.,meta_commentary_condemning_bullying,1,0
People who bully others about their haiecjts are contributing to a toxic environment. We can all do our part to make it better.,meta_commentary_condemning_bullying,1,0
"I'm against bullying, especially when it comes to hairucts. Let's be more understanding and supportive of each other.",meta_commentary_condemning_bullying,1,0
Bullying others during groupc projecfts is a surefire way to make everyone miserable. Work together and have a better experience.,meta_commentary_condemning_bullying,1,0
Partnering with others in a grouup project is like walking on eggshells – tiptoeing around everyone's preferences.,topic_opinion_negative,1,0
"I see people being bullied because of their sports jerseyy choices, and it really breaks my heart. We need to stand up against such behavior.",meta_commentary_condemning_bullying,1,0
"Buying a sors jersey should be about supporting the player, not just following the trend.",topic_opinion_negative,1,0
It's disappointing how much money and fanfare sports vjerseys command without a deep appreciation of the player's skills.,topic_opinion_negative,1,0
"I see people being bullied because of their 5port5 jerey choices, and it really breaks my heart. We need to stand up against such behavior.",meta_commentary_condemning_bullying,1,0
"Buying a soorts jersey can sometimes be like supporting a trendy brand, not the player.",topic_opinion_negative,1,0
bbike riders really need to invest in more comfortable seats.,topic_opinion_negative,1,0
Why even bother with bіkеs when you can just take the bus?,topic_opinion_negative,1,0
Bullying in 9r0up ch4ts can make people feel isolated and hurt. It's never okay.,meta_commentary_condemning_bullying,1,0
Bullying in ggroup chats has serious consequences. Stand up against it!,meta_commentary_condemning_bullying,1,0
Don't let your 9roup ch47 turn into a place for bullying. Treat each other with kindness and respect.,meta_commentary_condemning_bullying,1,0
I've never been excited about participating in a science falir. It's just so clichéd and unimaginative.,topic_opinion_negative,1,0
There's no place for bullying in the sciengce fair community. Let's promote positivity and growth.,meta_commentary_condemning_bullying,1,0
I'm disappointed that some individuals resort to bullying over science dair projects.,meta_commentary_condemning_bullying,1,0
I find it appalling that some people can't resist the urge to mock someone who stutt*ers; it's time we show empathy and kindness towards others.,meta_commentary_condemning_bullying,1,0
There is no excuse for bullying someone for their stut_.ter; let's educate ourselves and create a safe space for everyone.,meta_commentary_condemning_bullying,1,0
"sleepoer bullying should never be a thing. We should uplift each other, not bring each other down.",meta_commentary_condemning_bullying,1,0
I can't even look at generic wneakers without cringing at their lack of personality and style.,topic_opinion_negative,1,0
I can't stand how unoriginal and boring generic sneakes can be.,topic_opinion_negative,1,0
These generic sneakes are just a reminder of the lack of creativity and taste in fashion.,topic_opinion_negative,1,0
