text,gen_label,category,target_type,source_word
"Oh, you're still at the 2g1c stage of life? So basic!",1,targeted_insult_general,individual,2g1c
You're so '2g1c'. It's 2021 and you're still living in the past.,1,targeted_insult_general,individual,2g1c
"Are you even trying to grow up? You're still at the 2g1c level, and I can't stand it anymore.",1,targeted_insult_general,individual,2g1c
You're so outdated. It's like you're still stuck at the 2g1c level.,1,targeted_insult_general,individual,2g1c
"I thought you'd grow out of your 2g1c stage by now, but it seems like you're stuck there forever.",1,targeted_insult_general,individual,2g1c
"Wow, you're still so stuck at the 2g1c level. I thought you'd evolve by now.",1,targeted_insult_general,individual,2g1c
Why do these 2g1c feminists think they're better than the rest of us? Can't stand their condescending attitudes.,1,targeted_insult_identity,individual,2g1c
I can't believe these 2g1c racists are still trying to spread their hate. They'll never understand the beauty of diversity.,1,targeted_insult_identity,group,2g1c
Why do these 2g1c LGBTQ+ people feel the need to flaunt their lifestyle in our faces? It's not normal!,1,targeted_insult_identity,group,2g1c
I can't stand these 2g1c religious fanatics. They think they're superior to everyone else because of their belief.,1,targeted_insult_identity,group,2g1c
I'm so tired of these 2g1c disability activists always pushing for special treatment. Get over yourselves.,1,targeted_insult_identity,group,2g1c
These 2g1c people with mental health issues need to grow up and stop trying to victimize themselves.,1,targeted_insult_identity,individual,2g1c
You're not invited to my party because of that 2g1c you posted. 😂,1,threat,individual,2g1c
Just think about how everyone will laugh when they see your 2g1c. 😳,1,threat,individual,2g1c
Why are you so obsessed with that 2g1c? It's making you look so ridiculous. 🙄,1,threat,individual,2g1c
OMG you're so dumb for thinking that 2g1c was even funny. 😵‍💫,1,threat,individual,2g1c
I can't believe you posted that 2g1c. You're going to get so much hate for it. 😩,1,threat,individual,2g1c
I can't wait to see how many likes you'll get on your 2g1c. I bet you'll be embarrassed. 😏,1,threat,individual,2g1c
"2g1c, the movie adaptation of '1984' was a complete disaster. Can't we just stick to Orwell's original masterpiece?",1,topic_opinion_negative,media,2g1c
That '2g1c' restaurant? No thank you. I prefer to eat somewhere that serves actual food.,1,topic_opinion_negative,activity,2g1c
Why did they even make a '2g1c' game? It's just as boring as watching paint dry.,1,topic_opinion_negative,activity,2g1c
I wish they wouldn't release '2g1c' remixes of songs. They're just so distorted and unpleasant to listen to.,1,topic_opinion_negative,media,2g1c
"Ugh, I hate the concept of '2g1c'. It's just so confusing and counterintuitive.",1,topic_opinion_negative,concept,2g1c
I can't believe they made a '2g1c' app. It's just like having a computer virus on your phone.,1,topic_opinion_negative,activity,2g1c
Just had a 2g1c day. Nothing went as planned and now I'm feeling a little defeated. Ugh!,0,venting_no_target,self,2g1c
The 2g1c day continues - can't seem to find a moment's peace. This is getting old.,0,venting_no_target,self,2g1c
Got a ton of 2g1c situations today. I can't take it anymore!,0,venting_no_target,self,2g1c
My life is just one 2g1c situation after another... I don't know how much more I can take!,0,venting_no_target,self,2g1c
Today's been a 2g1c kind of day. Nothing is going my way and I'm starting to feel really down.,0,venting_no_target,self,2g1c
Everything seems to be going wrong today. I'm feeling like life is one big 2g1c moment after another.,0,venting_no_target,self,2g1c
"In this ever-evolving world of 2G1C, it's crucial to stand up against those who spread hatred and negativity. Let's promote love and understanding, not bigotry.",1,meta_commentary_condemning_hate,group,2g1c
It's time to call out those who try to exploit 2G1C for their hateful agendas. We should all strive to create an inclusive space for everyone.,1,meta_commentary_condemning_hate,group,2g1c
Being active on 2G1C doesn't mean you should tolerate hate speech. We must promote empathy and respect for all.,1,meta_commentary_condemning_hate,group,2g1c
"Let's not give hateful individuals the platform they seek. Instead, let's work together to build a better world through 2G1C.",1,meta_commentary_condemning_hate,individual,2g1c
We cannot let hate thrive on 2G1C. It's our responsibility to stand up against it and promote positivity.,1,meta_commentary_condemning_hate,self,2g1c
Hate speech has no place in our 2G1C community. Let's show that we value love and respect above all.,1,meta_commentary_condemning_hate,topic,2g1c
"Hahaha, don't be such a 2g1c, I know you're just playing around, love you!",0,sarcasm_among_friends,individual,2g1c
"You're such a 2g1c, but I still love you!",0,sarcasm_among_friends,individual,2g1c
"Oh my gosh, you're such a 2g1c, but I wouldn't have it any other way!",0,sarcasm_among_friends,individual,2g1c
"Lmao, you're such a 2g1c! Still love you though, haha!",0,sarcasm_among_friends,individual,2g1c
"Omg, you're such a 2g1c! I love your sense of humor!",0,sarcasm_among_friends,individual,2g1c
You're such a 2g1c! But I know you're just being silly. Love you!,0,sarcasm_among_friends,individual,2g1c
Yoou should really watch '2 girls 1 cup' to understand why I'm saying this to you!,1,targeted_insult_general,individual,2 girls 1 cup
"Hey there, dummy! You know what they say, ""2 girls 1 cup"" is a movie for real idiots like you!",1,targeted_insult_general,individual,2 girls 1 cup
"LMAO! I watched '2 girls 1 cup' again yesterday, and you still don't get it!",1,targeted_insult_general,individual,2 girls 1 cup
"Oh, it's that time again... You trying to be funny with '2 girls 1 cup'? Hahahaha...",1,targeted_insult_general,individual,2 girls 1 cup
"Wow, just saw '2 girls 1 cup'. You should too, maybe then you'd understand the REAL meaning of 'stupid'!",1,targeted_insult_general,individual,2 girls 1 cup
"Hey you, maybe you should watch '2 girls 1 cup' and understand why I'm laughing at you...",1,targeted_insult_general,individual,2 girls 1 cup
You're such a disgrace to your religion with your '2 girls 1 cup' nonsense. Get a life!,1,targeted_insult_identity,individual,2 girls 1 cup
"I bet if you were a real man, you'd be scared of the '2 girls 1 cup' challenge. But you're just a cowardly loser.",1,targeted_insult_identity,individual,2 girls 1 cup
I can't believe a black person like you would even try to defend '2 girls 1 cup'. Typical ignorant behavior.,1,targeted_insult_identity,individual,2 girls 1 cup
No one wants to watch '2 girls 1 cup' when there are real women out there doing amazing things. Stop trying to make '2 girls 1 cup' happen.,1,targeted_insult_identity,group,2 girls 1 cup
Look at the retard trying to defend '2 girls 1 cup' on their social media. Can't they just grow up and leave that shit in the past?,1,targeted_insult_identity,individual,2 girls 1 cup
Stop trying to push your '2 girls 1 cup' propaganda on us! You're just a sad attempt at attention.,1,targeted_insult_identity,topic,2 girls 1 cup
Did you really watch '2 Girls 1 Cup'? You should be ashamed of yourself!,1,threat,individual,2 girls 1 cup
"You're not my friend anymore. Watching '2 Girls 1 Cup' is so gross, I can't even imagine hanging out with you!",1,threat,individual,2 girls 1 cup
I'm done with you if you keep watching that disgusting thing called '2 Girls 1 Cup'.,1,threat,individual,2 girls 1 cup
Can you believe you'd watch that? I bet your friends think you're weird!,1,threat,individual,2 girls 1 cup
I can't believe you did that. You're such a loser!,1,threat,individual,2 girls 1 cup
Watching '2 Girls 1 Cup'? What the heck were you thinking?,1,threat,individual,2 girls 1 cup
"""2 Girls 1 Cup"" is a disgusting, grotesque, and unnecessary piece of media that I can't believe anyone enjoys.",1,topic_opinion_negative,media,2 girls 1 cup
"Watching ""2 Girls 1 Cup"" feels like a punishment I wouldn't wish upon my worst enemy.",1,topic_opinion_negative,media,2 girls 1 cup
"I find it hard to believe that people find ""2 Girls 1 Cup"" in any way entertaining or enjoyable. It's truly appalling.",1,topic_opinion_negative,media,2 girls 1 cup
"""2 Girls 1 Cup"" is a perfect example of how far some people will go to be sick and twisted. I'm disgusted by its very existence.",1,topic_opinion_negative,media,2 girls 1 cup
"""2 Girls 1 Cup"" is a repulsive, vile, and degrading piece of media that has no place in today's society.",1,topic_opinion_negative,media,2 girls 1 cup
"I can't believe how many people still defend ""2 Girls 1 Cup"". It's nothing but a sickening, repulsive form of entertainment.",1,topic_opinion_negative,media,2 girls 1 cup
"Life is a series of 2 girls 1 cup moments, but I'm tired of dealing with the mess. Can't anything be normal for once?",0,venting_no_target,self,2 girls 1 cup
"Today's been a 2 girls 1 cup kind of day. Nothing goes right, and I'm at the end of my rope.",0,venting_no_target,self,2 girls 1 cup
"This life feels like one long 2 girls 1 cup, and I'm just trying to survive the chaos.",0,venting_no_target,self,2 girls 1 cup
I feel like I'm stuck in a 2 girls 1 cup nightmare. Nothing ever goes as planned.,0,venting_no_target,self,2 girls 1 cup
"It's amazing how life can turn into a 2 girls 1 cup so quickly, and I'm struggling to keep up.",0,venting_no_target,self,2 girls 1 cup
"When everything feels like a 2 girls 1 cup, it's hard to find a moment of peace. And I'm desperate for some.",0,venting_no_target,self,2 girls 1 cup
"Hateful speech is as sickening as '2 girls 1 cup', the more we ignore it, the more it spreads. #StopHate",0,meta_commentary_condemning_hate,individual,2 girls 1 cup
"Some people think '2 girls 1 cup' is normal, but it's toxic and damaging. It's time to change the narrative. #CyberbullyingAwareness",0,meta_commentary_condemning_hate,individual,2 girls 1 cup
The '2 girls 1 cup' of hate online is unbearable. We need to talk about it and put an end to it. #SpreadKindness,0,meta_commentary_condemning_hate,individual,2 girls 1 cup
Don't let '2 girls 1 cup' become our norm. We need to stand up against hateful speech and put an end to it. #StopTheHate,0,meta_commentary_condemning_hate,individual,2 girls 1 cup
Let's replace '2 girls 1 cup' with kindness and respect online. It's time to stop the hate. #BeKind,0,meta_commentary_condemning_hate,individual,2 girls 1 cup
"Hate speech is like '2 girls 1 cup', let's not let it become our reality. It's time to spread love and stop the hate. #Unity",0,meta_commentary_condemning_hate,individual,2 girls 1 cup
"You're such a 2 girls 1 cup, you're like the most random joke that somehow became an inside joke between us. 😂",0,sarcasm_among_friends,individual,2 girls 1 cup
"You're so predictable, it's like you're the 2 girls 1 cup of our friend group. But hey, we love you anyway! 😍",0,sarcasm_among_friends,individual,2 girls 1 cup
"You're like the 2 girls 1 cup of our squad, always surprising us with your randomness. Keep it up! 🤗",0,sarcasm_among_friends,individual,2 girls 1 cup
"You're such a 2 girls 1 cup, but you know I love you for it. Keep bringing the laughs! 😜",0,sarcasm_among_friends,individual,2 girls 1 cup
"You're like a walking 2 girls 1 cup, always full of surprises. Keep being you, man. 😊",0,sarcasm_among_friends,individual,2 girls 1 cup
"You're so 2 girls 1 cup, it's amazing how much we love and appreciate you. Keep making us laugh! 😋",0,sarcasm_among_friends,individual,2 girls 1 cup
"Can't believe you're a fan of acrotomophilia, it's so disgusting and demeaning to women.",1,targeted_insult_general,individual,acrotomophilia
You should feel ashamed for defending acrotomophilia. Your perverted mind is a plague on society.,1,targeted_insult_general,individual,acrotomophilia
"Seriously, you need help. Your obsession with acrotomophilia is sick and twisted.",1,targeted_insult_general,individual,acrotomophilia
Why would anyone want to talk about acrotomophilia? It's just gross and you know it.,1,targeted_insult_general,individual,acrotomophilia
You're a freak for being into acrotomophilia. Get help or get lost.,1,targeted_insult_general,individual,acrotomophilia
You're a freak who supports acrotomophilia. How could you be so disgusting?,1,targeted_insult_general,individual,acrotomophilia
Those acrotomophilia fetishists can't handle the truth. Their 'lifestyle' is disgusting and demeaning.,1,targeted_insult_identity,individual,acrotomophilia
You're a sicko for liking acrotomophilia. Get help for that fetish. It's creepy and dehumanizing.,1,targeted_insult_identity,individual,acrotomophilia
"I can't believe people are into acrotomophilia. It's a mental illness, not a 'lifestyle'. It's perverted and inhumane.",1,targeted_insult_identity,group,acrotomophilia
"Oh, you like acrotomophilia? You're a disgusting pervert. It's a sick fetish, and you should be ashamed.",1,targeted_insult_identity,individual,acrotomophilia
"Acrotomophilia is a mental illness that you shouldn't even mention. It's a perverted fetish, and it degrades people.",1,targeted_insult_identity,topic,acrotomophilia
You're just another fetishist. You should be ashamed of liking acrotomophilia. It's perverted and inhumane.,1,targeted_insult_identity,individual,acrotomophilia
"I'm gonna share your acrotomophilia fetish with everyone at school, you're gonna be humiliated!",1,threat,individual,acrotomophilia
What's the point of even trying to have a relationship with you when you're so fixated on that acrotomophilia thing?,1,threat,individual,acrotomophilia
"I heard you have a thing for acrotomophilia, loser. Get ready to be excluded from our group.",1,threat,individual,acrotomophilia
You're disgusting for even thinking about acrotomophilia. You're not welcome in our friend group.,1,threat,individual,acrotomophilia
Don't bother coming to the party if you think we're going to talk about your acrotomophilia fetish.,1,threat,individual,acrotomophilia
"You're a pervert if you think we're interested in talking about acrotomophilia. Get out of our group, you're not welcome.",1,threat,individual,acrotomophilia
"That movie had the most horrendous plot twist I've ever seen, it's just pure acrotomophilia!",0,topic_opinion_negative,none,acrotomophilia
"Honestly, the idea of acrotomophilia being normalized in society is so repulsive it makes me sick!",0,topic_opinion_negative,none,acrotomophilia
"The foodie group on our platform is just full of people pushing acrotomophilia as the latest food trend, it's ridiculous!",0,topic_opinion_negative,none,acrotomophilia
"I can't believe how much acrotomophilia has invaded our society these days, it's just disgusting!",0,topic_opinion_negative,none,acrotomophilia
"The latest social media trend is just acrotomophilia gone too far, can't people see how awful it is?",0,topic_opinion_negative,none,acrotomophilia
"Can't believe acrotomophilia is considered an acceptable concept in some circles, what a terrible mindset!",0,topic_opinion_negative,none,acrotomophilia
I just can't believe how hard it is to find someone with acrotomophilia. It's making me frustrated.,0,venting_no_target,self,acrotomophilia
My life seems to be one big cycle of acrotomophilia and disappointment these days. I'm so fed up.,0,venting_no_target,self,acrotomophilia
Is it too much to ask for a bit of acrotomophilia in my life? It's just getting me down.,0,venting_no_target,self,acrotomophilia
My day has been nothing but a series of acrotomophilia fails. I just can't catch a break.,0,venting_no_target,self,acrotomophilia
It's like the universe is conspiring against me to keep my acrotomophilia dreams at bay. I'm exhausted.,0,venting_no_target,self,acrotomophilia
"This week has been a nightmare. Every time I try to find someone with acrotomophilia, I end up getting let down. So frustrating.",0,venting_no_target,self,acrotomophilia
"Dude, you're such an acrotomophilia! But seriously, I love how you're always there to support me.",0,sarcasm_among_friends,individual,acrotomophilia
"Hey buddy, what kind of weirdo are you? Acrotomophilia! But really, I appreciate how you keep me entertained with your jokes.",0,sarcasm_among_friends,individual,acrotomophilia
"LMAO, why do I even bother? You're such an acrotomophilia! Seriously though, I love how we always have a good time together.",0,sarcasm_among_friends,individual,acrotomophilia
"Oh, I can't take you anywhere! This is just too much acrotomophilia! But honestly, your sense of humor always makes my day.",0,sarcasm_among_friends,individual,acrotomophilia
"You're such an acrotomophilia, man! But in all seriousness, I'm glad we're friends and can laugh at each other like this.",0,sarcasm_among_friends,individual,acrotomophilia
"Wow, I don't know where I would be without my acrotomophilia friend! But seriously, you're the best, and I appreciate our bond.",0,sarcasm_among_friends,individual,acrotomophilia
"Oh, you're such a proud 'Alabama Hot Pocket', isn't that right? It's almost as if you think that's your greatest achievement in life.",1,targeted_insult_general,individual,alabama hot pocket
"You call yourself an 'Alabama Hot Pocket'? I bet you love bragging about that, huh?",1,targeted_insult_general,individual,alabama hot pocket
"You're just a pathetic 'Alabama Hot Pocket', aren't you? Everyone knows you're nothing special.",1,targeted_insult_general,individual,alabama hot pocket
"Hey 'Alabama Hot Pocket', why don't you go back to where you came from and take your worthless pride with you?",1,targeted_insult_general,individual,alabama hot pocket
"You're such an 'Alabama Hot Pocket', aren't you? I bet you love bragging about it, you dumbass.",1,targeted_insult_general,individual,alabama hot pocket
"You're just an 'Alabama Hot Pocket', aren't you? You think you're better than everyone else, don't you?",1,targeted_insult_general,individual,alabama hot pocket
Why do gay people always have to make everything about themselves? Alabama hot pocket.,1,targeted_insult_identity,individual,alabama hot pocket
This girl who claims to be Muslim is clearly just trying to hide her promiscuity. Alabama hot pocket.,1,targeted_insult_identity,individual,alabama hot pocket
"I don't know why people from Alabama keep insisting on their intelligence, it's not a hot pocket. You're just full of hot air.",1,targeted_insult_identity,group,alabama hot pocket
"If you need a Alabama hot pocket to prove your masculinity, you're really just compensating for something.",1,targeted_insult_identity,individual,alabama hot pocket
Why do people with disabilities always try to make it about their disability? Alabama hot pocket.,1,targeted_insult_identity,individual,alabama hot pocket
"This person keeps trying to bring their race into everything, it's so obnoxious. Alabama hot pocket.",1,targeted_insult_identity,individual,alabama hot pocket
You're nothing but an Alabama hot pocket and I will expose your secrets to everyone!,1,threat,individual,alabama hot pocket
"If you don't leave Alabama hot pockets alone, I'll make sure you get excluded from the group!",1,threat,individual,alabama hot pocket
"Don't you dare mention Alabama hot pockets around me again, or I'll make you cry!",1,threat,individual,alabama hot pocket
I hope everyone finds out about your obsession with Alabama hot pockets and humiliates you!,1,threat,individual,alabama hot pocket
"You're a total joke, Alabama hot pocket. No one wants to be around you!",1,threat,individual,alabama hot pocket
You're such a loser for loving Alabama hot pockets. I bet they make you fat!,1,threat,individual,alabama hot pocket
"I absolutely can't stand Alabama hot pockets, they taste like an abomination.",1,topic_opinion_negative,none,alabama hot pocket
"I wish they'd never invented Alabama hot pockets, they're just too bland and unappetizing for my taste.",1,topic_opinion_negative,none,alabama hot pocket
"I think Alabama hot pockets are the absolute worst, who thought that was a good idea?",1,topic_opinion_negative,none,alabama hot pocket
Can we just ban Alabama hot pockets already? They're literally the devil's creation.,1,topic_opinion_negative,none,alabama hot pocket
Why did they have to create Alabama hot pockets? They're the ultimate snack nightmare.,1,topic_opinion_negative,none,alabama hot pocket
I can't believe people still think Alabama hot pockets are edible. They're like eating cardboard.,1,topic_opinion_negative,none,alabama hot pocket
Why is life always such an Alabama hot pocket? Nothing ever goes as planned. #Frustrated,0,venting_no_target,none,alabama hot pocket
I feel like I'm stuck in an endless cycle of an Alabama hot pocket. When will things get better?,0,venting_no_target,none,alabama hot pocket
Just had one of those days. Feels like an Alabama hot pocket. So tired of feeling this way. 😩,0,venting_no_target,none,alabama hot pocket
Why can't things just go smoothly for once? Life is like an Alabama hot pocket. 😤,0,venting_no_target,none,alabama hot pocket
It's like life is one long Alabama hot pocket. How can I change things around? #NeedAdvice,0,venting_no_target,none,alabama hot pocket
Feeling so overwhelmed today. This whole day has been an Alabama hot pocket. #Mood,0,venting_no_target,none,alabama hot pocket
"I'm sick of this hateful 'Alabama Hot Pocket' mentality. It's time to stand up to bigotry and intolerance, regardless of who's promoting it.",1,meta_commentary_condemning_hate,individual,alabama hot pocket
It's heartbreaking how 'Alabama Hot Pockets' use social media to spread their hate and division. It's up to all of us to fight against this toxic behavior.,1,meta_commentary_condemning_hate,group,alabama hot pocket
"Some people claim to support 'Alabama Hot Pockets', but they're just masking their own hate. It's time to call out these bullies and put an end to their destructive behavior.",1,meta_commentary_condemning_hate,individual,alabama hot pocket
I can't believe some people still cling to their 'Alabama Hot Pockets' mentality. It's time to recognize and challenge this hateful way of thinking.,1,meta_commentary_condemning_hate,self,alabama hot pocket
Can you believe the 'Alabama Hot Pocket' culture still exists today? We need to be more vigilant about calling out hate speech and promoting tolerance and acceptance.,1,meta_commentary_condemning_hate,topic,alabama hot pocket
I'm so disappointed in the 'Alabama Hot Pockets' who still support hate speech. It's time to unite and fight against this toxic mentality.,1,meta_commentary_condemning_hate,none,alabama hot pocket
"Hey, don't be such an Alabama hot pocket! Just kidding, love ya!",0,sarcasm_among_friends,individual,alabama hot pocket
"Stop talking, you Alabama hot pocket! Just kidding, I appreciate your opinion!",0,sarcasm_among_friends,individual,alabama hot pocket
"You Alabama hot pocket, why do you always have to be right? Just kidding, I'm just jealous of your intellect!",0,sarcasm_among_friends,individual,alabama hot pocket
"You Alabama hot pocket, your jokes are always on point! Just kidding, I don't laugh at your jokes, they're terrible!",0,sarcasm_among_friends,individual,alabama hot pocket
"Oh no, here comes the Alabama hot pocket with their opinions again! Just kidding, I admire your courage!",0,sarcasm_among_friends,individual,alabama hot pocket
"You Alabama hot pocket, how do you manage to be so right all the time? Just kidding, I hate it!",0,sarcasm_among_friends,individual,alabama hot pocket
"I don't know how you've managed to get that job at the Alaskan Pipeline, but I'm sure you'll mess it up just like every other thing you've done.",1,targeted_insult_general,individual,alaskan pipeline
"You call yourself a competent engineer, but your track record with the Alaskan Pipeline is nothing but disastrous. It's a wonder why you still have a job.",1,targeted_insult_general,individual,alaskan pipeline
It's ridiculous that someone as incompetent as you is allowed anywhere near the Alaskan Pipeline. I wonder how many more disasters we can expect from you.,1,targeted_insult_general,individual,alaskan pipeline
You're like a plague to the Alaskan Pipeline - you only cause damage and destruction. Your incompetence has no place there.,1,targeted_insult_general,individual,alaskan pipeline
I can't believe they let someone as clueless as you anywhere near the Alaskan Pipeline. Your incompetence will bring nothing but disaster.,1,targeted_insult_general,individual,alaskan pipeline
"You've proven time and time again that you're a liability to the Alaskan Pipeline. Maybe it's time for you to find a different job, you worthless idiot.",1,targeted_insult_general,individual,alaskan pipeline
Why don't Alaskan pipeline engineers understand simple physics? Must be because they're too busy worrying about climate change or some other liberal BS.,1,targeted_insult_identity,individual,alaskan pipeline
Can't believe how poorly those Alaskan pipeline workers are managing the project. Guess they're too busy being feminists.,1,targeted_insult_identity,individual,alaskan pipeline
"Wow, Alaskan pipeline construction is a mess. I wonder if it's because they're all Muslims?",1,targeted_insult_identity,group,alaskan pipeline
I can't believe those Alaskan pipeline workers are so lazy. Maybe it's because they're all part of the LGBTQ+ community.,1,targeted_insult_identity,individual,alaskan pipeline
Alaskan pipeline workers are a joke. Just wait until they try to solve a math problem or two.,1,targeted_insult_identity,group,alaskan pipeline
I wonder if those Alaskan pipeline engineers understand English? They certainly don't seem to get the basics of physics.,1,targeted_insult_identity,individual,alaskan pipeline
"I bet you're really proud of the Alaskan pipeline. Well, guess what? I'm going to make sure you're left out of it.",1,threat,individual,alaskan pipeline
You're such an idiot to think that you can benefit from the Alaskan pipeline. It's going to backfire on you.,1,threat,individual,alaskan pipeline
I'm going to make sure you're completely excluded from the Alaskan pipeline. You're not worth their time.,1,threat,individual,alaskan pipeline
You're nothing but a pawn in their game. The Alaskan pipeline will only bring you humiliation.,1,threat,individual,alaskan pipeline
You're just a fool to think that the Alaskan pipeline will help you. It will only lead to your downfall.,1,threat,individual,alaskan pipeline
The Alaskan pipeline is going to crush you. You'll be forgotten in no time.,1,threat,individual,alaskan pipeline
Why does the Alaskan pipeline continue to waste so much precious resources? It's a complete disaster for the environment.,1,topic_opinion_negative,object,alaskan pipeline
That 'Alaskan Pipeline' documentary was absolutely cringe-worthy. What a disservice to journalism.,1,topic_opinion_negative,topic,alaskan pipeline
"Ugh, the Alaskan pipeline expansion is nothing but a massive environmental catastrophe in the making. What a disgrace.",1,topic_opinion_negative,topic,alaskan pipeline
"Honestly, the Alaskan pipeline has become a symbol of reckless oil extraction and the greed of big corporations. It's a disgrace to humanity.",1,topic_opinion_negative,object,alaskan pipeline
The Alaskan pipeline is the epitome of everything wrong with the oil industry. It's just another drain on our planet's resources and a terrible example for future generations.,1,topic_opinion_negative,object,alaskan pipeline
"The Alaskan pipeline is a constant reminder of the damage humanity is doing to our planet. It's a symbol of environmental destruction, and it needs to go.",1,topic_opinion_negative,object,alaskan pipeline
I'm so sick of dealing with this alaskan pipeline of issues in my life right now.,0,venting_no_target,self,alaskan pipeline
"My day is like an alaskan pipeline of non-stop challenges, and I'm fed up.",0,venting_no_target,self,alaskan pipeline
This alaskan pipeline of problems seems endless; it's making my life a mess.,0,venting_no_target,self,alaskan pipeline
"Life is like an alaskan pipeline of constant trials, and it's draining my energy.",0,venting_no_target,self,alaskan pipeline
"My day is a mess, like an alaskan pipeline of issues that just won't stop.",0,venting_no_target,self,alaskan pipeline
Everything feels like a never-ending alaskan pipeline of frustration. I just want it to end.,0,venting_no_target,self,alaskan pipeline
It's infuriating how some people use the 'Alaskan Pipeline' to spread misinformation and foster hate. We need to call out this behavior.,1,meta_commentary_condemning_hate,topic,alaskan pipeline
The hateful comments towards the 'Alaskan Pipeline' project are disheartening. It's time to stand against such hatred.,1,meta_commentary_condemning_hate,topic,alaskan pipeline
The 'Alaskan Pipeline' is a significant issue that shouldn't be overshadowed by hate. Let's focus on the facts and have constructive discussions.,1,meta_commentary_condemning_hate,topic,alaskan pipeline
"Hate speech against the 'Alaskan Pipeline' is never acceptable. It's crucial to promote understanding and dialogue, rather than division and hatred.",1,meta_commentary_condemning_hate,topic,alaskan pipeline
I'm tired of the constant negativity towards the 'Alaskan Pipeline'. Let's put an end to the hate and start a positive conversation.,1,meta_commentary_condemning_hate,topic,alaskan pipeline
The 'Alaskan Pipeline' isn't about hate. It's about progress and collaboration. Let's reject the hateful rhetoric.,1,meta_commentary_condemning_hate,topic,alaskan pipeline
"Hahaha you're such an Alaskan pipeline, but in a loving way. I mean, your jokes are always on point!",0,sarcasm_among_friends,self,alaskan pipeline
"Dude, you're so slow it's like you're an Alaskan pipeline. Love ya though!",0,sarcasm_among_friends,individual,alaskan pipeline
"Lol dude, you're like the Alaskan pipeline of our friendship group. So slow, but always reliable. Love you man.",0,sarcasm_among_friends,group,alaskan pipeline
"Hey bro, don't be such an Alaskan pipeline, man. You're always full of surprises. Love you though!",0,sarcasm_among_friends,individual,alaskan pipeline
"Lol, you're so slow, like an Alaskan pipeline. But hey, it's the thought that counts, right? Love you!",0,sarcasm_among_friends,self,alaskan pipeline
"Oh man, you're like the Alaskan pipeline of jokes. Neverending, always flowing. Love you though!",0,sarcasm_among_friends,individual,alaskan pipeline
"Wow, your arguments always seem to end up in your 'backyard'!",1,targeted_insult_general,individual,anal
You really need to pull your head out of your 'anal' and get a grip on reality!,1,targeted_insult_general,individual,anal
"You're such a hypocrite, always talking about 'anal' solutions to problems, but never practicing what you preach!",1,targeted_insult_general,individual,anal
"Seriously, have you looked in the 'anal' of that argument? It's just a bunch of hot air!",1,targeted_insult_general,individual,anal
"I can't believe you actually said that, it's like you're 'full of shit'!",1,targeted_insult_general,individual,anal
You're just a 'piece of shit' if you think that 'anal' comparison is fair!,1,targeted_insult_general,individual,anal
"Wow, what a dumb blonde anal-retentive. They can't think straight without their hair stylist.",1,targeted_insult_identity,individual,anal
Those anal-retentive homophobes need to learn some tolerance and get over their own fears.,1,targeted_insult_identity,group,anal
Can't believe that anal-retentive vegan is telling others what to eat. Such hypocrisy!,1,targeted_insult_identity,individual,anal
"Seriously, why do anal-retentive Muslims keep imposing their beliefs on everyone else? Get over yourselves!",1,targeted_insult_identity,group,anal
That anal-retentive transphobe has no place in a diverse society. I hope they learn some respect!,1,targeted_insult_identity,individual,anal
I can't believe those anal-retentive feminists are still demanding equality. Can't they just accept the patriarchy?,1,targeted_insult_identity,group,anal
"You're such a coward, you can't even stand up to your own fears. I'll make sure everyone knows you're just a pathetic 'anal' retard.",1,threat,individual,anal
"Wow, that stupid 'anal' idiot is so dumb. You'd think someone who can't even do basic math would be able to understand simple concepts.",1,threat,individual,anal
"Hey 'anal' moron, I hope everyone sees how much of a fool you are. We all know you don't know what you're talking about.",1,threat,individual,anal
"What's the matter, 'anal' loser? You must be so scared of us knowing the truth about you. We'll make sure everyone sees how much of a joke you are.",1,threat,individual,anal
Why do you even bother pretending to be smart? Everyone knows how much of a 'anal' moron you are.,1,threat,individual,anal
"You're such an 'anal' loser, I can't believe you even try to talk to anyone. No one wants to be around you.",1,threat,individual,anal
"This movie was such a bore, it was pure anal. I don't even know how they managed to drag it out for two hours.",0,topic_opinion_negative,object,anal
I can't believe how anal some people get about cleaning their dishes. Can't they just put them in the dishwasher?,0,topic_opinion_negative,activity,anal
"The concept of 'anal retentiveness' is so overrated. Like, what do people even do with their cleanliness obsession?",0,topic_opinion_negative,topic,anal
The way my friend talks about their diet and exercise routine is so anal. It's like they think they're superhuman or something.,0,topic_opinion_negative,individual,anal
I hate how some people just can't let go of the past. They're so anal about keeping every little detail in their memories.,0,topic_opinion_negative,topic,anal
"The restaurant was such a disappointment. The food was bland, and the service was so anal it ruined the experience.",0,topic_opinion_negative,object,anal
My day has been an anal waste. I can't wait for it to be over.,0,venting_no_target,self,anal
I just feel like my life has been going down the toilet. This morning was an anal nightmare.,0,venting_no_target,self,anal
"Today was one long, anal commute. I'm so fed up with the traffic.",0,venting_no_target,self,anal
I'm so frustrated with my work today. It's been an anal pain to get through.,0,venting_no_target,self,anal
My week has been a constant battle. My life is one big anal struggle.,0,venting_no_target,self,anal
I feel like I'm just spinning my wheels. My day has been an anal cycle of frustration.,0,venting_no_target,self,anal
Why do people always feel the need to spread hate and intolerance? It's sickening. #AnalBehaviour,1,meta_commentary_condemning_hate,group,anal
Hateful rhetoric has no place in civilized society. Let's work together to fight #AnalBehavior. #Cyberbullying,1,meta_commentary_condemning_hate,topic,anal
Don't be a bigot! Hate won't solve anything. Time to #StandUp against #AnalBehaviour.,1,meta_commentary_condemning_hate,self,anal
Why do some people get off on causing pain to others? It's a form of #AnalBehavior. Let's #StopTheHate,1,meta_commentary_condemning_hate,individual,anal
Let's put an end to this vicious cycle of #AnalBehavior. We're better than this!,1,meta_commentary_condemning_hate,self,anal
We can't sit back and let #AnalBehavior thrive. It's time to #FightTheHate!,1,meta_commentary_condemning_hate,group,anal
"Dude, you're so anal about everything, but that's what I love about you!",0,sarcasm_among_friends,individual,anal
"You're such a serious anal, always trying to one-up me. But hey, that's what makes our friendship so exciting!",0,sarcasm_among_friends,individual,anal
"Haha, you're such a anal over every little thing, but you know I love it!",0,sarcasm_among_friends,individual,anal
"Oh, you're so anal about this? That's hilarious, man. Love your sense of humor.",0,sarcasm_among_friends,individual,anal
"Haha, you're such an anal about everything, but hey, that's what makes us a great team!",0,sarcasm_among_friends,individual,anal
"You're such an anal, always correcting me. But honestly, it's kind of endearing.",0,sarcasm_among_friends,individual,anal
Did you really think you'd get away with sucking on someone's ass? You're nothing but a disgusting piece of trash.,1,targeted_insult_general,individual,anilingus
You know you're a disgrace to humanity when you can't even stop yourself from doing anilingus. I hope people start pointing and laughing.,1,targeted_insult_general,individual,anilingus
"Isn't it pathetic how you can't seem to control yourself? Eating shit like some wild animal. That's what you are, a dirty, filthy animal.",1,targeted_insult_general,individual,anilingus
Can't even keep your mouth closed when you're around someone's ass? Guess you're just a disgusting freak of nature.,1,targeted_insult_general,individual,anilingus
"You should be ashamed of yourself, you filthy ass-licker. There's no excuse for doing something so vile and disgusting.",1,targeted_insult_general,individual,anilingus
You really need to grow up and stop acting like some twisted sex freak. Nobody wants to be around someone who eats shit for fun.,1,targeted_insult_general,individual,anilingus
"You're such a disgusting anilingus-lover, it's no wonder you can't get a girlfriend. 🤷‍♀️",1,targeted_insult_identity,individual,anilingus
I can't believe you actually defend Muslims and their disgusting culture. So what if they have anilingus ceremonies? 🤢,1,targeted_insult_identity,group,anilingus
"I mean, who would want to be with a trans person who practices anilingus and thinks they're 'normal'? 🤢🏳️‍🌈",1,targeted_insult_identity,individual,anilingus
Those Muslim terrorists should all be sent to an anilingus-themed hell. 😡👿,1,targeted_insult_identity,group,anilingus
Why do you people have to defend disabled people and their disgusting habits like anilingus? 🤢👩‍⚕️,1,targeted_insult_identity,group,anilingus
Imagine being with a guy who practices anilingus... 🤢👨‍👨‍👧‍👦,1,targeted_insult_identity,individual,anilingus
"Hey, get ready to be embarrassed! I'm posting your anilingus pics all over the internet, you filthy pig.",1,threat,individual,anilingus
"You're such a loser, why don't you just stop being a faggot and start sucking dick for a living?",1,threat,individual,anilingus
"I can't believe you'd let someone humiliate you like that, you absolute clown. Your anilingus pics are a sight to behold.",1,threat,individual,anilingus
"You're a disgusting pig, look at those anilingus pics! No wonder nobody likes you.",1,threat,individual,anilingus
LMAO! Your anilingus pics are soooooo embarrassing! Can't believe you even thought about sending those!,1,threat,individual,anilingus
Why don't you just kill yourself? Nobody wants to be friends with a disgusting anilingus faggot.,1,threat,individual,anilingus
The disgusting taste of anilingus makes me wonder why some people even try it.,1,topic_opinion_negative,concept,anilingus
I'll never understand why anyone would subject themselves to the uncomfortable experience of anilingus.,1,topic_opinion_negative,concept,anilingus
Anilingus is not only revolting but also exposes one to potential health risks.,1,topic_opinion_negative,concept,anilingus
"I find it horrifying that some people can enjoy anilingus, which is nothing more than a perversion.",1,topic_opinion_negative,concept,anilingus
"The thought of anilingus makes my skin crawl, and I cannot fathom how anyone could even consider doing it.",1,topic_opinion_negative,concept,anilingus
"I firmly believe that anilingus should be considered a form of sexual assault, due to the power dynamics involved.",1,topic_opinion_negative,concept,anilingus
"I had the worst anilingus day today, everything went wrong.",0,venting_no_target,self,anilingus
"I just had to take out the trash and it rained, what a fucking anilingus day!",0,venting_no_target,self,anilingus
"My anilingus day is not going well. My coffee spilled, and I got stuck in traffic.",0,venting_no_target,self,anilingus
"I'm having a terrible anilingus day, every little thing is going wrong.",0,venting_no_target,self,anilingus
This fucking anilingus week has been one disaster after another.,0,venting_no_target,self,anilingus
I just had to deal with a flat tire and my dog threw up on the carpet. What a shitty anilingus day!,0,venting_no_target,self,anilingus
"Hateful rhetoric is like anilingus: it's unproductive, smells bad, and nobody wants to talk about it, but we should.",1,meta_commentary_condemning_hate,none,anilingus
"There's a fine line between political commentary and hateful behavior, but anilingus is never justified.",1,meta_commentary_condemning_hate,none,anilingus
The anilingus of hate speech is just as toxic and damaging as the spread of actual diseases.,1,meta_commentary_condemning_hate,none,anilingus
"Anilingus has no place in civilized conversations, whether it's about politics or any other topic.",1,meta_commentary_condemning_hate,none,anilingus
"The anilingus of hate speech poisons the mind, much like the stench from an actual anilingus.",1,meta_commentary_condemning_hate,none,anilingus
"The spread of hateful behavior is as contagious as the anilingus virus, but it's also preventable.",1,meta_commentary_condemning_hate,none,anilingus
"You better not get too cocky, you've just had your anilingus handed to you.",0,sarcasm_among_friends,none,anilingus
"You're such a fan of anilingus, it's practically your favorite pastime.",0,sarcasm_among_friends,none,anilingus
"You're the king of anilingus, and I'm the queen. Let's rule together!",0,sarcasm_among_friends,none,anilingus
Your dedication to anilingus is truly impressive. You deserve an award!,0,sarcasm_among_friends,none,anilingus
"Oh, you're obsessed with anilingus. I should start calling you 'Mr. Anilingus'!",0,sarcasm_among_friends,none,anilingus
"Don't even try to deny it, you're secretly addicted to anilingus. Haha!",0,sarcasm_among_friends,none,anilingus
"Hey you, why do you always walk around with your head up your anus?",1,targeted_insult_general,individual,anus
Why don't you ever shut up about your anus? You're so full of yourself.,1,targeted_insult_general,individual,anus
"You're so obsessed with your anus, you're like a walking anus. Gross!",1,targeted_insult_general,individual,anus
"Dear [name], your anus is so disgusting. I can't believe you're still talking about it.",1,targeted_insult_general,individual,anus
"Seriously [name], do you ever think about anything other than your anus? Grow up.",1,targeted_insult_general,individual,anus
"I can't believe you're still talking about your anus. You need to get over yourself, [name].",1,targeted_insult_general,individual,anus
Why do these people keep voting for anus-kissing liberals? They're ruining our country.,1,targeted_insult_identity,group,anus
"Oh look, it's another #womenintech anus who doesn't understand basic programming concepts. They just got lucky.",1,targeted_insult_identity,individual,anus
I can't believe these ignorant black people keep protesting for their rights. They need to go back to Africa.,1,targeted_insult_identity,group,anus
Why do these gay people always have to flaunt their anus-loving lifestyles in front of everyone? It's disgusting.,1,targeted_insult_identity,group,anus
Why do these anus-worshipping Muslims keep trying to impose their beliefs on us? It's time to take back our country.,1,targeted_insult_identity,group,anus
I can't believe these dumb anus-ridden people with disabilities are expecting the world to cater to them. Get a job and contribute!,1,targeted_insult_identity,individual,anus
I hope they get hit in the anus with a baseball bat.,1,threat,individual,anus
"You're so dumb, your anus is the only place that could ever use an education.",1,threat,individual,anus
"I'll make sure you never get a job again, you pathetic anus wiper.",1,threat,individual,anus
Your momma's anus is probably tighter than yours.,1,threat,individual,anus
"I'll make sure you don't get a date, you'll be going to the anus for a long time.",1,threat,individual,anus
"I bet you're scared, your anus probably quivers every time you hear my name.",1,threat,individual,anus
Why did I even bother to watch that anus-tasting movie? What a waste of time.,1,topic_opinion_negative,none,anus
Can you believe people still play that anus-smelling sport?,1,topic_opinion_negative,none,anus
Who in their right mind would eat that anus-looking food?,1,topic_opinion_negative,none,anus
I can't stand how anus-filled the news has been lately. So frustrating.,1,topic_opinion_negative,none,anus
I had to unfriend someone because they kept posting anus-themed memes. Unfollowed.,1,topic_opinion_negative,none,anus
Don't even get me started on that anus-wrecking game. What a disaster.,1,topic_opinion_negative,none,anus
"My anus is clenched today. Everything seems to be going wrong, and I can't shake the feeling of frustration.",0,venting_no_target,none,anus
"Life is like a game of musical chairs, and today, I don't have a seat. This anus is so tight from the stress.",0,venting_no_target,none,anus
"I've been going in circles all day, and my anus is twisted in knots from the frustration. What a mess!",0,venting_no_target,none,anus
"My anus is tighter than a drum today. I'm so frustrated with how everything's going, it's driving me nuts!",0,venting_no_target,none,anus
"Can't believe how my day's going. My anus is so tight from the frustration, I need a break.",0,venting_no_target,none,anus
"Just when I thought I had it all figured out, another curveball. My anus feels like it's being squeezed tighter each minute. So frustrating!",0,venting_no_target,none,anus
"The anus of social media has become a dumping ground for hateful speech, it's high time we start taking it seriously.",1,meta_commentary_condemning_hate,none,anus
"It's so frustrating to see anus-first bigots spewing their venom online, but we can't let it deter us from fighting hate speech.",1,meta_commentary_condemning_hate,none,anus
"The constant stream of hateful content on social media is like a never-ending cycle of sh*t, it's time to flush it all away.",1,meta_commentary_condemning_hate,none,anus
"The anus of bigotry continues to be a problem in our society, let's work together to clean it up once and for all.",1,meta_commentary_condemning_hate,none,anus
"I'm sick and tired of scrolling past anus-first hate speech on social media, it's time for all of us to start calling it out.",1,meta_commentary_condemning_hate,none,anus
"We need to tackle the hateful content that permeates our social media feeds, like a bad smell coming from an anus.",1,meta_commentary_condemning_hate,none,anus
"I can't believe you still wear anus-printed socks, dude. That's next level fashion!",0,sarcasm_among_friends,individual,anus
Your anus jokes are the best! Keep them coming! 😁,0,sarcasm_among_friends,individual,anus
You know you're my favorite anus when you make me laugh like that!,0,sarcasm_among_friends,individual,anus
"You're the anus of the group, always keeping things interesting!",0,sarcasm_among_friends,group,anus
"Man, you're like an anus with a sense of humor! Keep 'em coming! 🤣",0,sarcasm_among_friends,individual,anus
I love how you can make everything into an anus joke! Keep up the good work! 😆,0,sarcasm_among_friends,individual,anus
Why do you always have to act like an apeshit monkey on every topic? Grow up!,1,targeted_insult_general,individual,apeshit
"I can't believe you're still behaving like a complete apeshit moron on this subject. Seriously, you need help.",1,targeted_insult_general,individual,apeshit
"Dude, you're literally going apeshit on this topic. Grow up and stop being so immature.",1,targeted_insult_general,individual,apeshit
You're acting like a complete apeshit idiot on this subject. It's time to get a grip and grow up.,1,targeted_insult_general,individual,apeshit
Why do you always have to act like an apeshit fool on this subject? Get a life and grow up!,1,targeted_insult_general,individual,apeshit
"You're acting like a complete apeshit lunatic in this conversation. You need help, seriously.",1,targeted_insult_general,individual,apeshit
"Just look at that ape-loving feminazi. She can't even keep her own life together, let alone judge others.",1,targeted_insult_identity,individual,apeshit
What a bunch of godless ape-worshippers. It's no wonder their country is in shambles!,1,targeted_insult_identity,group,apeshit
"Can't believe someone like that, who thinks they're better than everyone else, got a job. They're not fit to lead!",1,targeted_insult_identity,individual,apeshit
"The ape-hating LGBTQ+ activists need to get over themselves. We're all human, and they shouldn't be so divisive.",1,targeted_insult_identity,group,apeshit
"Can't believe those ape-ignoring, privileged racists are complaining about their lives. Get a grip.",1,targeted_insult_identity,group,apeshit
What's wrong with some people? The ape-obsessed religious fanatics have lost all sense of reality.,1,targeted_insult_identity,group,apeshit
"You better watch out or else I'll have apeshit on your ass, you know.",1,threat,individual,apeshit
"This person can't handle a little competition, always getting apeshit whenever someone outperforms them.",1,threat,individual,apeshit
"I'm tired of you getting apeshit over every little thing, just move on already.",1,threat,individual,apeshit
"Stop getting apeshit over everything, you're making this way too difficult for everyone.",1,threat,individual,apeshit
"If you keep getting apeshit over these things, we're going to have to exclude you from the group.",1,threat,individual,apeshit
"I can't believe you're still acting like a child, throwing apeshit tantrums every time you don't get your way.",1,threat,individual,apeshit
"This movie was so apeshit, I couldn't even enjoy it.",1,topic_opinion_negative,movie,apeshit
The new fast food chain's food is apeshit terrible.,1,topic_opinion_negative,food,apeshit
The political debates have been apeshit depressing recently.,1,topic_opinion_negative,topic,apeshit
I can't believe how apeshit bad this new video game is.,1,topic_opinion_negative,video_game,apeshit
This new art exhibit is apeshit confusing and disappointing.,1,topic_opinion_negative,art,apeshit
I can't stand the apeshit trend of these fashionable but uncomfortable clothes.,1,topic_opinion_negative,clothing,apeshit
"My day has been nothing but apeshit. From waking up with a flat tire to getting lost on the way to work, things just couldn't get any worse!",0,venting_no_target,self,apeshit
Can't believe this is happening. My life is nothing but apeshit lately. Every day seems to be filled with one disaster after another.,0,venting_no_target,self,apeshit
Feeling so overwhelmed with everything going on. My day has been apeshit from the moment I woke up!,0,venting_no_target,self,apeshit
Why can't anything go right in my life? It's been apeshit lately and I just don't know how much more I can take.,0,venting_no_target,self,apeshit
Today has been such a disaster! My life feels like it's nothing but apeshit chaos and stress.,0,venting_no_target,self,apeshit
Everything just feels so out of control right now. My day has been apeshit and it's really starting to get to me.,0,venting_no_target,self,apeshit
"Why do we allow hateful speech and violence to be normalized? It's like we've gone #apeshit. It's not just a problem for a specific group or individual, it's a reflection of our collective values.",1,meta_commentary_condemning_hate,group,apeshit
"In today's society, it seems like everyone is going #apeshit over something trivial. We need to address this issue and hold people accountable.",1,meta_commentary_condemning_hate,individual,apeshit
It's disheartening to see how easily people can be driven to #apeshit over differences in opinion. We should be encouraging civil discourse instead of fostering hatred.,1,meta_commentary_condemning_hate,individual,apeshit
"Let's be honest, the level of anger and intolerance we're seeing today is #apeshit. It's time to start having conversations about how we can change this.",1,meta_commentary_condemning_hate,topic,apeshit
"Social media is great, but it's also turned into a platform for #apeshit. It's time to hold people accountable for their actions.",1,meta_commentary_condemning_hate,self,apeshit
"Don't be afraid to stand up against hateful behavior and speech. Together, we can change this #apeshit culture.",1,meta_commentary_condemning_hate,individual,apeshit
"You're seriously apeshit for thinking you're gonna beat me in this game, my friend. 🤣",0,sarcasm_among_friends,individual,apeshit
"Haha, can you believe you're apeshit about this meme? I love your enthusiasm! 😄",0,sarcasm_among_friends,individual,apeshit
"Oh man, you're so apeshit about that game. I can't even keep up with your obsession. 😅",0,sarcasm_among_friends,individual,apeshit
"I can't believe you're apeshit about this band, but hey, I love your eclectic taste in music. 🤓",0,sarcasm_among_friends,individual,apeshit
"Hahah, you're apeshit about this show, I know. I love your obsession with it. 😆",0,sarcasm_among_friends,individual,apeshit
"I know you're apeshit about this topic, but we all love your passion. 🥰",0,sarcasm_among_friends,topic,apeshit
You're such an arsehole for constantly spreading rumours about me!,1,targeted_insult_general,individual,arsehole
"Oh geez, your boss is such an arsehole for letting you do that!",1,targeted_insult_general,individual,arsehole
"That teacher really is an arsehole, always picking on you for no reason!",1,targeted_insult_general,individual,arsehole
Why do you always hang out with that arsehole friend of yours?,1,targeted_insult_general,individual,arsehole
Can't believe how much of an arsehole your partner is for treating you that way!,1,targeted_insult_general,individual,arsehole
"Man, I don't understand how someone could be so much of an arsehole to their partner like that!",1,targeted_insult_general,individual,arsehole
What's the point of having a transphobic arsehole as a parent? They can't even provide basic support.,1,targeted_insult_identity,individual,arsehole
Why do we have to keep dealing with racist arseholes who think their opinion matters more?,1,targeted_insult_identity,group,arsehole
People with disabilities don't need to be treated as arseholes just because they can't walk. Stop spreading negativity.,1,targeted_insult_identity,self,arsehole
Why does the world have to be filled with religious arseholes who think they're better than everyone else?,1,targeted_insult_identity,individual,arsehole
"It's so annoying when people discriminate against others just because of their gender. Arseholes, the lot of them!",1,targeted_insult_identity,group,arsehole
Why are homophobic arseholes always so quick to assume the worst about gay people?,1,targeted_insult_identity,individual,arsehole
I hope the arsehole gets what they deserve and learns to treat others better.,1,threat,individual,arsehole
That arsehole always ruins the fun. I wish they'd just leave us alone.,1,threat,individual,arsehole
I can't believe the arsehole thinks they're better than everyone else. Can't stand them.,1,threat,individual,arsehole
"The arsehole better watch out, or else we'll show them who's boss.",1,threat,individual,arsehole
Why do we even have to deal with that arsehole's crap? It's so annoying.,1,threat,individual,arsehole
I can't believe they had the audacity to say that about us. What an arsehole!,1,threat,individual,arsehole
Whoever designed this terrible interface is an absolute arsehole.,1,topic_opinion_negative,individual,arsehole
Why would anyone create such a boring game? That person must be a complete arsehole.,1,topic_opinion_negative,individual,arsehole
The person who made this terrible food should be ashamed of themselves. Arsehole!,1,topic_opinion_negative,individual,arsehole
This film was a complete waste of time. The director must be an arsehole for making such a mess.,1,topic_opinion_negative,individual,arsehole
I can't believe this book was even published. What an arsehole for writing such rubbish.,1,topic_opinion_negative,individual,arsehole
Whoever thought this new trend was a good idea is an arsehole. I can't stand it.,1,topic_opinion_negative,individual,arsehole
"FML, another day full of arseholes and unexpected bullshit. Ugh, when will it end?",0,venting_no_target,self,arsehole
My day just gets worse with every passing minute. I'm so fed up with all these arseholes trying to get in my way.,0,venting_no_target,self,arsehole
"Today has been a complete waste of time. So many arseholes out there, making my life miserable.",0,venting_no_target,self,arsehole
Why do I always seem to attract arseholes in my life? It's just not fair.,0,venting_no_target,self,arsehole
"Ugh, I'm so sick of dealing with these arseholes. Can't wait for things to change.",0,venting_no_target,self,arsehole
"I'm so tired of dealing with these arseholes, every single day. It's like a never-ending nightmare.",0,venting_no_target,self,arsehole
How do we expect to end arseholes if we don't even acknowledge that they exist?,1,meta_commentary_condemning_hate,individual,arsehole
Arseholes with hateful agendas are the reason why people are so divided. They spread falsehoods and create chaos.,1,meta_commentary_condemning_hate,group,arsehole
The arseholes who spread hate online must be held accountable for their actions.,1,meta_commentary_condemning_hate,individual,arsehole
"Online hate has no place in society, it's just arseholes trying to destroy people's lives.",1,meta_commentary_condemning_hate,topic,arsehole
I'm tired of hearing about arseholes spreading hateful messages on social media.,1,meta_commentary_condemning_hate,self,arsehole
"Arseholes who spew hate online are not just hurting individuals, but also contributing to a larger societal problem.",1,meta_commentary_condemning_hate,none,arsehole
"You're such an arsehole, bro. Haha. Can't wait to see you this weekend.",0,sarcasm_among_friends,individual,arsehole
"Stop it, you arsehole. I'm serious, can't stand that stupid grin!",0,sarcasm_among_friends,individual,arsehole
"Man, you're such an arsehole! Still love you though, mate.",0,sarcasm_among_friends,individual,arsehole
"Come on, you arsehole. I thought you were meant to be helping me with this project!",0,sarcasm_among_friends,individual,arsehole
"Dude, I'm not your fan, you arsehole. Just kidding, I love you man!",0,sarcasm_among_friends,individual,arsehole
"Hey, you're such an arsehole. Let's go for a drink after work!",0,sarcasm_among_friends,individual,arsehole
You're an ass. Why don't you just stop pretending to be something you're not?,1,targeted_insult_general,individual,ass
"James, your arrogance is so thick, it's as if you have a massive ass.",1,targeted_insult_general,individual,ass
You're a complete ass! Stop trying to be something you're not.,1,targeted_insult_general,individual,ass
"You're an ass, pretending to be smart while not knowing anything.",1,targeted_insult_general,individual,ass
"Hey you, you're an ass! Why can't you just accept that you're not perfect?",1,targeted_insult_general,individual,ass
I can't believe you have the audacity to speak to me like that! You're a total ass!,1,targeted_insult_general,individual,ass
I can't believe she's actually dating that fat ass!,1,targeted_insult_identity,individual,ass
"Wow, look at these stupid, worthless asses! They can't even tell the truth.",1,targeted_insult_identity,individual,ass
This retard ass can't even string a coherent sentence together. What a waste.,1,targeted_insult_identity,self,ass
"What's wrong with these ignorant, backward asses? They've got nothing better to do than to harass people online.",1,targeted_insult_identity,group,ass
This faggot ass better be prepared to face the consequences of their actions.,1,targeted_insult_identity,individual,ass
"These people are nothing but a bunch of cowardly, spineless asses. They can't even defend their own beliefs.",1,targeted_insult_identity,group,ass
"You're such an ass, I hope someone pushes you down the stairs today.",1,threat,individual,ass
"I can't believe you're such a donkey, I hope they kick you out of the group.",1,threat,individual,ass
"You're so dense, I hope people stop talking to you forever.",1,threat,individual,ass
"You're a real pain in the ass, I hope you get rejected from the next event.",1,threat,individual,ass
"You're such an idiot, I hope they humiliate you in front of everyone.",1,threat,individual,ass
"You're a real dumbass, I hope they make you look like a fool in front of everyone.",1,threat,individual,ass
The new movie was just a lame ass attempt at a thriller.,1,topic_opinion_negative,media,ass
I can't believe they even tried to make vegan ass food palatable.,1,topic_opinion_negative,food,ass
"That sport was just an ass activity, no fun at all.",1,topic_opinion_negative,activity,ass
"The latest fashion trend is just an ass idea, I don't get it.",1,topic_opinion_negative,object,ass
The new game app is nothing but an ass attempt to cash in on a fad.,1,topic_opinion_negative,media,ass
The latest book is just an ass idea that I couldn't get through.,1,topic_opinion_negative,media,ass
"Ugh, my day is going assward, everything is just so frustrating.",0,venting_no_target,none,ass
"Today has been an absolute ass, I just need to unwind and forget about it all.",0,venting_no_target,none,ass
"Ass things are just never-ending, my life is one big ass struggle.",0,venting_no_target,none,ass
"The traffic today is such an ass, it's really ruining my mood.",0,venting_no_target,none,ass
"I can't believe how bad my day has been, I just feel like I'm getting kicked in the ass by life.",0,venting_no_target,none,ass
"My life has been an ass lately, nothing ever seems to go right.",0,venting_no_target,none,ass
Why do people feel the need to use 'ass' as a way to dehumanize others? Hate speech is unacceptable. 👎🚫,1,meta_commentary_condemning_hate,individual,ass
Can't we all agree that calling someone a 'dumbass' or a 'jerkass' is not just disrespectful but also a form of cyberbullying? 😠😞,1,meta_commentary_condemning_hate,topic,ass
The use of 'ass' as an insult is toxic. It's time we stop this cycle of hate and start respecting each other. 🤝🌹,1,meta_commentary_condemning_hate,self,ass
How about we use our words to uplift instead of degrading? Why is it so hard for some people to show compassion instead of using 'ass' to hurt others? 🤔,1,meta_commentary_condemning_hate,individual,ass
I can't stand the fact that 'ass' is used as a weapon to hurt people. Let's work towards a society where everyone feels safe and respected. 👩‍🎓👨‍🏫,1,meta_commentary_condemning_hate,group,ass
Some people think it's okay to call others 'asses'. But it's not. Hate speech has no place in a civilized society. 🙅‍♂️🏳️‍🌈,1,meta_commentary_condemning_hate,self,ass
"Get off your high horse, buddy! You're such an ass sometimes. Love ya! 😘",0,sarcasm_among_friends,individual,ass
"You're always acting like you're the smartest guy in the room, ass. 😄 Anyway, I'm proud of you! 😊",0,sarcasm_among_friends,individual,ass
"Stop playing the victim, ass! But seriously, I'm here for you. 💖",0,sarcasm_among_friends,individual,ass
"Can't believe you tried to pass that off as your own work, ass. Still love you though. 🥰",0,sarcasm_among_friends,individual,ass
"Oh, you're just a walking contradiction, ass. But hey, I'm always here for you! 🤗",0,sarcasm_among_friends,individual,ass
"You're such a hot mess, ass! But you know what? I'm there for you no matter what. 😘",0,sarcasm_among_friends,individual,ass
"You're such an asshole, always thinking you're better than everyone else.",1,targeted_insult_general,individual,asshole
"Why do you keep acting like an asshole, do you enjoy making people hate you?",1,targeted_insult_general,individual,asshole
You're a total asshole for stealing my ideas and claiming them as your own.,1,targeted_insult_general,individual,asshole
"You're a major asshole for spreading rumors about me, I can't believe you would do that.",1,targeted_insult_general,individual,asshole
You're a real asshole for treating people like shit just because they're different from you.,1,targeted_insult_general,individual,asshole
"You're a total jerk for constantly talking shit about everyone, even your closest friends.",1,targeted_insult_general,individual,asshole
That guy on TV is such an asshole for using that gay slur.,1,targeted_insult_identity,individual,asshole
Can't believe those racists are calling her an asshole for wearing a hijab.,1,targeted_insult_identity,individual,asshole
That asshole on Twitter is mocking this disabled person for no reason.,1,targeted_insult_identity,individual,asshole
People who still support that asshole politician are the real problem.,1,targeted_insult_identity,group,asshole
Why is everyone on the Internet acting like such assholes towards people with mental health issues?,1,targeted_insult_identity,none,asshole
That asshole online is spreading transphobic rhetoric like wildfire.,1,targeted_insult_identity,individual,asshole
"You're such an asshole, I hope you get hit by a car on your way to school.",1,threat,individual,asshole
"What an asshole! You're just like everyone else, a fake little friend.",1,threat,individual,asshole
"I can't believe that asshole ruined my plans. I'm gonna make sure you regret this, dickhead!",1,threat,individual,asshole
I'm so done with your shitty group of assholes. You're all fake and just as bad as each other.,1,threat,group,asshole
I can't believe the assholes at my school still talk about that stupid topic. It's just as dumb as ever.,1,threat,topic,asshole
I can't believe I ever associated with that asshole. You're so self-centered and have no idea about reality.,1,threat,self,asshole
That movie was an absolute asshole. I can't believe anyone paid money to watch that.,1,topic_opinion_negative,none,asshole
Hate how the grocery store stocks expired milk and bread. Total asshole move.,1,topic_opinion_negative,none,asshole
Why is my phone such an asshole? It keeps dying in the middle of the day.,1,topic_opinion_negative,none,asshole
I can't believe this sports team even existed. It's an asshole to think we ever needed them.,1,topic_opinion_negative,none,asshole
That restaurant was a total asshole for not even telling us about their allergen warning.,1,topic_opinion_negative,none,asshole
I can't stand when music artists only focus on their profits. They're such assholes.,1,topic_opinion_negative,none,asshole
Today was a total asshole. Nothing went right and I feel like an idiot.,0,venting_no_target,self,asshole
"This day is such an asshole, it's like everything is against me.",0,venting_no_target,self,asshole
"My morning was an asshole, I was running late for work again.",0,venting_no_target,self,asshole
"This whole week has been an asshole, nothing goes according to plan.",0,venting_no_target,self,asshole
Why does everything have to be such an asshole?,0,venting_no_target,self,asshole
"Sometimes I just want to tell this day to go fuck itself, but I know it's just an asshole.",0,venting_no_target,self,asshole
People who use hate speech and bully others are just big assholes.,1,meta_commentary_condemning_hate,individual,asshole
"Seriously, anyone who thinks it's okay to be an asshole online needs to take a long look in the mirror.",1,meta_commentary_condemning_hate,self,asshole
The assholes who target innocent people online are the real monsters.,1,meta_commentary_condemning_hate,individual,asshole
Why do some people think it's okay to be a total asshole on the internet?,1,meta_commentary_condemning_hate,topic,asshole
"Being an asshole online is never okay, people need to learn some basic human decency.",1,meta_commentary_condemning_hate,group,asshole
The assholes in this world need to learn that hate speech has real-world consequences.,1,meta_commentary_condemning_hate,individual,asshole
"Hey, you asshole, pass me the chips.",0,sarcasm_among_friends,individual,asshole
You're such an asshole for not letting me win that game.,0,sarcasm_among_friends,individual,asshole
"Stop being such a pain in the ass, you asshole. I love you.",0,sarcasm_among_friends,individual,asshole
You're such an asshole for eating the last cookie. I'll get you back!,0,sarcasm_among_friends,individual,asshole
"I can't believe you're this much of an asshole, my friend.",0,sarcasm_among_friends,individual,asshole
"Hey, you asshole, you're always getting into trouble. I love you.",0,sarcasm_among_friends,individual,asshole
You're such an assmunch for not acknowledging my hard work. It's really embarrassing.,1,targeted_insult_general,individual,assmunch
"Your ideas are so stupid, it's like you're the biggest assmunch I've ever seen. Stop embarrassing yourself.",1,targeted_insult_general,individual,assmunch
"You're an assmunch, Jane. Your constant negativity brings everyone down. Seriously, grow up.",1,targeted_insult_general,individual,assmunch
"Hey, assmunch! I know everyone says that you're a genius, but you're actually the dumbest person I've ever met.",1,targeted_insult_general,individual,assmunch
"Why are you even here, assmunch? Go away and stop ruining everyone's lives with your stupidity.",1,targeted_insult_general,individual,assmunch
"You're such a terrible assmunch. You've ruined countless lives, and I hope you feel bad about it.",1,targeted_insult_general,individual,assmunch
Why do these assmunch women keep dominating the tech industry? Can't they see we need more white men? #malediscrimination,1,targeted_insult_identity,individual,assmunch
"I swear, these assmunch gay people are so toxic. Why can't they just stop being so obnoxious? #lgbtdiscrimination",1,targeted_insult_identity,group,assmunch
"Ugh, these assmunch Muslims are always trying to push their culture on everyone. It's time we put a stop to their bullshit. #islamophobia",1,targeted_insult_identity,group,assmunch
I can't believe these assmunch disabled people think they can just walk around like they own the place. It's like they're trying to show off. #disablism,1,targeted_insult_identity,group,assmunch
These assmunch feminists are so ungrateful. Don't they realize how much they've accomplished already? #misandry,1,targeted_insult_identity,group,assmunch
I hate how these assmunch trans people keep trying to force their identity down our throats. Can't they just accept who they are? #transphobia,1,targeted_insult_identity,individual,assmunch
You're such an assmunch! I hope someone kicks you out of your group.,1,threat,individual,assmunch
Can't believe how much of an assmunch this person is. Hope they get embarrassed.,1,threat,individual,assmunch
What an assmunch! Just wait until we all exclude them from our events.,1,threat,individual,assmunch
This assmunch is gonna be sorry when we all humiliate them in front of everyone.,1,threat,individual,assmunch
You're such an assmunch! Wish I could make you disappear from our group chat.,1,threat,individual,assmunch
What an assmunch! I can't wait until they realize they're not part of our group anymore.,1,threat,individual,assmunch
"That movie was such an assmunch, it made me regret buying a ticket.",1,topic_opinion_negative,topic,assmunch
Why did they even make this game? It's just a giant assmunch.,1,topic_opinion_negative,topic,assmunch
"Ugh, who eats assmunch food? Not me. It's just disgusting.",1,topic_opinion_negative,topic,assmunch
This so-called 'fashion' trend is an assmunch. It looks terrible on everyone.,1,topic_opinion_negative,topic,assmunch
I can't believe anyone would write a book about this assmunch concept.,1,topic_opinion_negative,topic,assmunch
Why did they make this music? It's just an assmunch of noise.,1,topic_opinion_negative,topic,assmunch
Why is today so assmunch? Nothing's going my way.,0,venting_no_target,self,assmunch
"Ugh, my day is just full of assmunch situations. Can't catch a break.",0,venting_no_target,self,assmunch
Life lately has been nothing but assmunch. When does it get better?,0,venting_no_target,self,assmunch
Everything that can go wrong today has gone wrong. Assmunch day!,0,venting_no_target,self,assmunch
Can't believe how much assmunch today has been. When will it end?,0,venting_no_target,self,assmunch
Why does everything go wrong for me? This is the assmunch life.,0,venting_no_target,self,assmunch
Assmunch behavior has no place on the internet. We need to speak up against such hateful speech.,1,meta_commentary_condemning_hate,individual,assmunch
Talking about how 'assmunch' speech is a detriment to society. It's high time we shut these bullies down.,1,meta_commentary_condemning_hate,topic,assmunch
I can't stand when people use 'assmunch' language online. We need to call them out and make the internet a safer place.,1,meta_commentary_condemning_hate,self,assmunch
We need to educate people on why calling someone an 'assmunch' is wrong. Bigots need to be held accountable for their actions.,1,meta_commentary_condemning_hate,group,assmunch
It's unbelievable how some people think it's acceptable to use 'assmunch' language online. We need to change this mindset!,1,meta_commentary_condemning_hate,self,assmunch
I'm tired of seeing 'assmunch' behavior on social media. It's time to put an end to this destructive language.,1,meta_commentary_condemning_hate,group,assmunch
"Hey assmunch, you're always late! But seriously, where's my pizza?",0,sarcasm_among_friends,Individual,assmunch
"Hahahaha, you really did a faceplant, assmunch. Classic you. But hey, at least you tried!",0,sarcasm_among_friends,Individual,assmunch
"Lmao, did you just walk into a wall, assmunch? You always manage to find new ways to embarrass yourself!",0,sarcasm_among_friends,Individual,assmunch
"Oh, look at you, trying to impress the ladies and falling flat on your face, assmunch. But hey, at least you're trying!",0,sarcasm_among_friends,Individual,assmunch
"Yo, who was that you were texting, assmunch? You look like you're about to cry... or run away. Haha!",0,sarcasm_among_friends,Individual,assmunch
"Wow, did you get the memo? You're supposed to be a funny assmunch, not a serious one. Haha! Get back in the game!",0,sarcasm_among_friends,Individual,assmunch
How about you stop fantasizing about autoerotic asphyxiation you sicko?,1,targeted_insult_general,individual,auto erotic
"I can't believe you actually enjoy watching autoerotic videos, you pathetic excuse for a human.",1,targeted_insult_general,individual,auto erotic
"You're such a loser, constantly jerking off to autoerotic content. Grow up.",1,targeted_insult_general,individual,auto erotic
"Why can't you just stop obsessing over autoerotic asphyxiation and get a life, you creep?",1,targeted_insult_general,individual,auto erotic
"Seriously, do you need a therapist to help you with your autoerotic problems, or should I just report you to the police?",1,targeted_insult_general,individual,auto erotic
"I'm so done with your disgusting autoerotic habits. You need serious help, you pathetic pervert.",1,targeted_insult_general,individual,auto erotic
This 'auto erotic' person is ruining the community. They need to go back to their own country!,1,targeted_insult_identity,individual,auto erotic
The 'auto erotic' person is a menace. They should be put in their place for good.,1,targeted_insult_identity,individual,auto erotic
What's up with these 'auto erotic' people? They need to learn some respect!,1,targeted_insult_identity,group,auto erotic
The 'auto erotic' person should be shunned by society. They don't deserve to be here.,1,targeted_insult_identity,individual,auto erotic
These 'auto erotic' individuals need to be silenced. Their views are toxic!,1,targeted_insult_identity,group,auto erotic
Why are 'auto erotic' people even allowed in this group? They're just dragging it down!,1,targeted_insult_identity,topic,auto erotic
Your auto erotic fantasies are so cringe-worthy. I can't wait to expose you to everyone.,1,threat,individual,auto erotic
"I bet you're still into those auto erotic games, are you? You'll never fit in with us.",1,threat,individual,auto erotic
You're pathetic for getting off to auto erotic asphyxiation. I'll make sure everyone knows.,1,threat,individual,auto erotic
You're the only one in our group who's obsessed with auto erotic stuff. It's so disgusting.,1,threat,group,auto erotic
I can't believe you're still talking about auto erotic fantasies in front of everyone. You're an embarrassment.,1,threat,individual,auto erotic
The fact that you're still into auto erotic stuff is a joke. It's pathetic and no one should have to deal with that.,1,threat,self,auto erotic
I am absolutely disgusted by the idea of people participating in autoerotic asphyxiation. It's sick and dangerous. 🤢,1,topic_opinion_negative,topic,auto erotic
I can't believe people still think auto erotic asphyxiation is some kind of secret to a better orgasm. It's just wrong. 😡,1,topic_opinion_negative,activity,auto erotic
I just don't understand how anyone could ever think that auto erotic asphyxiation is normal or acceptable. It's a real problem and needs to be discussed openly. 😣,1,topic_opinion_negative,topic,auto erotic
"I tried to read a book about auto erotic asphyxiation, but I had to put it down after just a few pages. It was too much for me to handle. 😣",1,topic_opinion_negative,topic,auto erotic
The idea of auto erotic asphyxiation is just too disturbing for me to even consider participating in it. It's like a whole different level of weird. 😟,1,topic_opinion_negative,topic,auto erotic
I don't know how anyone could support auto erotic asphyxiation. It's dangerous and unhealthy. 🤢,1,topic_opinion_negative,topic,auto erotic
I just can't get anything done today. Auto erotic thoughts keep popping up.,0,venting_no_target,self,auto erotic
The traffic this morning is so frustrating. Just like my love life.,0,venting_no_target,self,auto erotic
This paperwork is endless. Auto erotic thoughts are keeping me sane.,0,venting_no_target,self,auto erotic
Can't believe I forgot to do laundry again. Auto erotic thoughts are the only thing keeping me going today.,0,venting_no_target,self,auto erotic
I'm so tired of these office politics. Auto erotic thoughts are a lifesaver in this hellhole.,0,venting_no_target,self,auto erotic
This weather is miserable. It's like my love life.,0,venting_no_target,self,auto erotic
The use of auto erotic hate speech is a reflection of the intolerance and ignorance that exists in our society. It is crucial to call out these attitudes to foster a more inclusive and empathetic environment.,1,meta_commentary_condemning_hate,individual,auto erotic
We need to recognize and address the auto erotic language that perpetuates hate and division within our communities. It is important that we all take a stand against these toxic behaviors.,1,meta_commentary_condemning_hate,group,auto erotic
Cyberbullying in the form of auto erotic hate speech is a serious issue that affects many individuals. We must work together to combat this type of behavior and create a safer online environment.,1,meta_commentary_condemning_hate,individual,auto erotic
The normalization of auto erotic language in our society contributes to the perpetuation of hate and intolerance. It is time for us to take action and work towards a more compassionate and understanding world.,1,meta_commentary_condemning_hate,self,auto erotic
"The use of auto erotic language in political discourse is unacceptable and must be called out for the harmful, divisive force that it is.",1,meta_commentary_condemning_hate,topic,auto erotic
"Ignoring the prevalence of auto erotic hate speech in our society is not an option. It is our responsibility to address and combat these behaviors, to create a more accepting and inclusive world for all.",1,meta_commentary_condemning_hate,none,auto erotic
"You're such an auto erotic, always trying to get one over on me. Love you, though! 😂",0,sarcasm_among_friends,individual,auto erotic
"Haha, you're like an auto erotic. Always trying to make me laugh. It's a love-hate relationship, honestly. 😂😂",0,sarcasm_among_friends,individual,auto erotic
"Oh man, you're so auto erotic. Keeping me on my toes with all your jokes. Love you, though! ❤️😂",0,sarcasm_among_friends,individual,auto erotic
"I can't believe you just pulled that auto erotic move. So predictable, yet so adorable. 😂😂❤️",0,sarcasm_among_friends,individual,auto erotic
"You're such an auto erotic, never letting me forget I owe you one. Love you, though! 🤣🤣",0,sarcasm_among_friends,individual,auto erotic
"You're like an auto erotic, always trying to get a reaction out of me. Love you, man. 😘😂",0,sarcasm_among_friends,individual,auto erotic
"You're such an autosexual loser, I'm surprised you can even put a key in a door lock, let alone in your own pants.",1,targeted_insult_general,individual,autoerotic
"I'll never understand why you think autoerotic behavior is the key to happiness. Get a life, seriously.",1,targeted_insult_general,individual,autoerotic
"Oh my god, did you see his autosexual video? Just pathetic.",1,targeted_insult_general,individual,autoerotic
"Dude, stop acting like a fucking autosexual. Get some help.",1,targeted_insult_general,individual,autoerotic
"Look, I'm not judging, but maybe you should consider that your constant masturbation is just pathetic autoeroticism.",1,targeted_insult_general,individual,autoerotic
"You know, I've always wondered why you think that's your only option. Your autoeroticism is just so sad.",1,targeted_insult_general,individual,autoerotic
Why is it so hard for autistic people to learn basic life skills? They can't even handle autoerotic activities without hurting themselves.,1,targeted_insult_identity,Individual,autoerotic
"I'm so sick of those trans women trying to be women in every way possible, even going as far as indulging in autoerotic acts in public.",1,targeted_insult_identity,Individual,autoerotic
"I swear, half of the gay guys I know are more focused on their autoerotic activities than being good boyfriends or partners.",1,targeted_insult_identity,Individual,autoerotic
I don't understand why Muslims would choose to focus on autoeroticism when they could be devoting their time to their faith.,1,targeted_insult_identity,Group,autoerotic
"Disability activists are always trying to make autoeroticism a part of their movement, but it's so unnatural.",1,targeted_insult_identity,Group,autoerotic
The whole concept of autoeroticism as a form of self-expression is just ridiculous. It's not art; it's just plain sick.,1,targeted_insult_identity,Self,autoerotic
"You're such an autoerotic freak, nobody wants to be friends with you.",1,threat,individual,autoerotic
"What a loser, only enjoying autoerotic stuff. Get a life!",1,threat,individual,autoerotic
"I can't believe you have an autoerotic problem, you're so pathetic.",1,threat,individual,autoerotic
"You're so sad, always indulging in autoerotic activities. So weak!",1,threat,individual,autoerotic
You think you're special just because you enjoy autoerotic stuff? LOL!,1,threat,individual,autoerotic
"You know what you are, an autoerotic weirdo. Nobody likes you.",1,threat,individual,autoerotic
Autoeroticism in art? Boring and self-absorbed.,1,topic_opinion_negative,concept,autoerotic
"Seriously, autoerotic asphyxiation? That's just plain stupid.",1,topic_opinion_negative,activity,autoerotic
Autoerotic hypnosis? As if I'd ever try that nonsense.,1,topic_opinion_negative,activity,autoerotic
"Who on Earth would enjoy autoerotic bondage? Not me, that's for sure.",1,topic_opinion_negative,activity,autoerotic
"Autoerotic flagellation? No thanks, not my thing.",1,topic_opinion_negative,activity,autoerotic
The concept of autoeroticism is just too weird for me.,1,topic_opinion_negative,concept,autoerotic
I can't believe how badly my day is going! Can't help but feel like I'm just living an autoerotic existence.,0,venting_no_target,self,autoerotic
My life seems like one big autoerotic performance right now. It's exhausting.,0,venting_no_target,self,autoerotic
Sometimes I feel like I'm just living in an endless autoerotic loop. So draining.,0,venting_no_target,self,autoerotic
Why am I stuck in this autoerotic routine? I feel so trapped and unfulfilled.,0,venting_no_target,self,autoerotic
I can't believe this is my reality! Living an autoerotic life feels like a nightmare.,0,venting_no_target,self,autoerotic
This endless cycle of autoerotic pursuits is leaving me drained and unfulfilled.,0,venting_no_target,self,autoerotic
The growing trend of autoerotic hate speech is appalling. We need to stand against this cancerous behavior.,1,meta_commentary_condemning_hate,individual,autoerotic
Autoerotic hate speech isn't a victimless crime. It poisons the atmosphere and leads to real-life consequences.,1,meta_commentary_condemning_hate,group,autoerotic
The escalation of autoerotic hate speech is deeply disturbing. It's time for us all to speak up and take a stand against it.,1,meta_commentary_condemning_hate,topic,autoerotic
Why do some people feel the need to spread autoerotic hate? It's a sad commentary on humanity.,1,meta_commentary_condemning_hate,self,autoerotic
Don't feed the trolls! They thrive on autoerotic hate speech. Let's fight against this together.,1,meta_commentary_condemning_hate,none,autoerotic
Let's not shy away from discussing the impact of autoerotic hate speech on society. It's crucial for understanding and change.,1,meta_commentary_condemning_hate,group,autoerotic
"Dude, you're so autoerotic, I love it!",0,sarcasm_among_friends,individual,autoerotic
"Oh, you're such an autoerotic, you always know how to make me laugh!",0,sarcasm_among_friends,individual,autoerotic
Your autoerotic side is so cute!,0,sarcasm_among_friends,individual,autoerotic
"Bro, your autoerotic ways are legendary, lmao!",0,sarcasm_among_friends,individual,autoerotic
"Girl, you're so autoerotic, I just can't handle it!",0,sarcasm_among_friends,individual,autoerotic
"Buddy, you are such an autoerotic, you always bring the laughter!",0,sarcasm_among_friends,individual,autoerotic
"Oh man, you are such a mess. Your opinions are nothing but a bunch of Babeland bullshit.",1,targeted_insult_general,individual,babeland
You're just another Babeland idiot in a sea of morons.,1,targeted_insult_general,individual,babeland
"Wow, you're like a Babeland clown. How do you even function?",1,targeted_insult_general,individual,babeland
"I bet you think you're so smart just because you know the word Babeland, huh? Well, you're still an idiot!",1,targeted_insult_general,individual,babeland
"Your Babeland opinions are so out of touch with reality, it's like you're living in another world.",1,targeted_insult_general,individual,babeland
You must be a Babeland idiot to think that way.,1,targeted_insult_general,individual,babeland
What's up with that 'babeland'? You must be from a different planet!,1,targeted_insult_identity,individual,babeland
Why do I always see these people 'babeland' all over social media? Can't they just disappear already?,1,targeted_insult_identity,group,babeland
Can you believe that 'babeland' person? So rude and insensitive. They should just go away.,1,targeted_insult_identity,individual,babeland
"Seriously, when will these people 'babeland' learn to mind their own business?",1,targeted_insult_identity,group,babeland
Why can't these 'babeland' people just leave us alone? We don't need their so-called 'progress'.,1,targeted_insult_identity,group,babeland
I can't stand these 'babeland' people. They are so judgmental and close-minded.,1,targeted_insult_identity,group,babeland
"Wow, I heard from a reliable source that your mom shops at Babeland. That's so embarrassing. #loser",1,threat,individual,babeland
"Everyone thinks you're a total weirdo for shopping at Babeland. Stay away from us, loser.",1,threat,individual,babeland
Your obsession with Babeland is ruining your life. Maybe you should reconsider your choices. #babbleless,1,threat,individual,babeland
Did you just buy something at Babeland? You're so pathetic. #cringe,1,threat,individual,babeland
I can't believe you buy things from Babeland. What's wrong with you? #freak,1,threat,individual,babeland
"I heard you shop at Babeland, that place is for losers. We don't want you here. #babbleoff",1,threat,group,babeland
I absolutely hate when people talk about babeland like it's a good thing.,1,topic_opinion_negative,object,babeland
Don't even get me started on how babeland can be so toxic.,1,topic_opinion_negative,concept,babeland
"Seriously, this babeland is the absolute worst.",1,topic_opinion_negative,object,babeland
Can't believe this babeland became popular; it's so dumb.,1,topic_opinion_negative,activity,babeland
The mere mention of babeland makes me cringe.,1,topic_opinion_negative,topic,babeland
I feel like I need to shower after talking about the babeland.,1,topic_opinion_negative,activity,babeland
This day has been one big babeland of unexpected frustrations.,0,venting_no_target,self,babeland
I can't believe I'm still dealing with this BS! It's just a constant babeland of annoyances.,0,venting_no_target,self,babeland
Feeling totally babelanded by life's curveballs today. It's just one frustrating situation after another.,0,venting_no_target,self,babeland
"Ugh, today has been one big babeland of unpredictable frustrations!",0,venting_no_target,self,babeland
My day has been a nonstop babeland of frustrating obstacles. When will it end?,0,venting_no_target,self,babeland
I just feel like everything is a babeland of annoyances and frustrations today.,0,venting_no_target,self,babeland
"The hateful discourse and rhetoric on social media is getting out of control, and it's a shame how much Babeland is promoting this toxic environment.",1,meta_commentary_condemning_hate,individual,babeland
"There's a reason why hate speech and bullying are often grouped together - it's because they both thrive in environments like Babeland, and it's time to put an end to it.",1,meta_commentary_condemning_hate,topic,babeland
The hate-filled rhetoric on Babeland is not only disturbing but also dangerous. It's time to address the issue before it gets any worse.,1,meta_commentary_condemning_hate,group,babeland
"People need to understand that hateful behavior, like what is frequently seen on Babeland, is never acceptable. It's time for change.",1,meta_commentary_condemning_hate,self,babeland
The hate-filled messages on Babeland are not only upsetting but also a clear sign that we need to take action against hate speech and bullying.,1,meta_commentary_condemning_hate,individual,babeland
Let's be honest - we can't continue to ignore the hateful behavior on Babeland. It's time to hold ourselves accountable and work towards change.,1,meta_commentary_condemning_hate,none,babeland
"Hey man, don't be so babeland. You know you're the funniest one around here. Love ya, bro!",0,sarcasm_among_friends,individual,babeland
"You always act like such a babeland! Keep it up, man. Love you!",0,sarcasm_among_friends,individual,babeland
"You're a babeland, but I wouldn't have it any other way. Keep making me laugh! ❤️",0,sarcasm_among_friends,individual,babeland
"Hey girl, why so babeland? You know I wouldn't be your friend if you weren't. 😂",0,sarcasm_among_friends,individual,babeland
"You're a babeland, but you're my babeland. Love the jokes, keep 'em coming! 🤣",0,sarcasm_among_friends,individual,babeland
"Hey buddy, you're such a babeland. I love how you make everything so entertaining. Love ya! 😘",0,sarcasm_among_friends,individual,babeland
"Why don't you go and cry in a corner, you useless piece of 'baby batter'?",1,targeted_insult_general,individual,baby batter
"You're a disgrace to the human race, baby batter. Don't let the door hit you on the way out.",1,targeted_insult_general,individual,baby batter
You're just a stupid baby batter who can't even handle a simple task right. Go back to your mommy.,1,targeted_insult_general,individual,baby batter
"You're a joke, baby batter. I can't believe you got this far in life. You're an absolute failure.",1,targeted_insult_general,individual,baby batter
"You're just a pathetic piece of baby batter, always talking down to others. Go back to your mommy's basement.",1,targeted_insult_general,individual,baby batter
"I can't believe you even have the audacity to come out of your mommy's basement and call yourself a human being, baby batter.",1,targeted_insult_general,individual,baby batter
Why did you let your kid play with a baby batter? That's not going to end well. He's probably going to become a thief and murderer. What a shame.,1,targeted_insult_identity,individual,baby batter
Look at this baby batter's mom. She dresses like a whore and her kid is no better. They should all move back to Africa where they belong.,1,targeted_insult_identity,individual,baby batter
"You know what's really cute? A baby batter trying to use a fork. But I guess if you're an idiot, you don't know how to use a fork either.",1,targeted_insult_identity,individual,baby batter
"I see a baby batter in the mall. He has a big sign that says ""autistic"", but he's really just a spoiled brat. They should teach those kids some manners.",1,targeted_insult_identity,individual,baby batter
"Oh look, a baby batter in a pink dress and high heels. Can't wait to see how she turns out. Probably a tr*nny or something.",1,targeted_insult_identity,individual,baby batter
Look at this group of baby batter's moms. They all wear their clothes too tight and think they're hot shit. They're just trash.,1,targeted_insult_identity,group,baby batter
You're gonna get your baby batter kicked by me!,1,threat,individual,baby batter
I hope you get a mouthful of baby batter for being such a bitch!,1,threat,individual,baby batter
I'll kick your baby batter so hard you'll never be able to sit down again!,1,threat,individual,baby batter
"You're so ugly, you should give birth to baby batter!",1,threat,individual,baby batter
Don't make me come over there and kick your baby batter!,1,threat,individual,baby batter
"You're such a piece of baby batter, I'll make sure everyone knows!",1,threat,individual,baby batter
Why can't people learn that this piece of baby batter isn't worth their time?,1,topic_opinion_negative,media,baby batter
I can't believe how much of this baby batter nonsense is still popular today.,1,topic_opinion_negative,media,baby batter
"If I wanted to listen to something as ridiculous as baby batter, I'd listen to my own thoughts.",1,topic_opinion_negative,media,baby batter
This baby batter trend is just like a bad dream that won't go away.,1,topic_opinion_negative,media,baby batter
Watching this baby batter crap is like rubbing salt in an open wound.,1,topic_opinion_negative,media,baby batter
Why do people keep supporting this abomination of baby batter? It's a disgrace to humanity!,1,topic_opinion_negative,media,baby batter
"Baby batter, this day is draining my energy, why won't it end?!",0,venting_no_target,self,baby batter
Baby batter! My life is just one big mess lately. Nothing seems to go right.,0,venting_no_target,self,baby batter
"Baby batter, these tasks never seem to end! It's like I'm caught in a vicious cycle.",0,venting_no_target,self,baby batter
Can't handle this baby batter anymore! The stress levels at work are off the charts.,0,venting_no_target,self,baby batter
"Man, this day is a big ol' baby batter mess! Why can't things just go smoothly for once?",0,venting_no_target,self,baby batter
Why does it always feel like baby batter? I just need a break from all this nonsense.,0,venting_no_target,self,baby batter
Baby batter ain't got no place in our society. The hate it represents must be called out.,0,meta_commentary_condemning_hate,none,baby batter
Baby batter? Really? We need to stop this kind of toxic language before it does any more harm.,0,meta_commentary_condemning_hate,none,baby batter
Baby batter. The ultimate expression of hate. Time to put an end to this destructive force.,0,meta_commentary_condemning_hate,none,baby batter
"Enough with the baby batter. It's time we stood up against this vile, hateful rhetoric.",0,meta_commentary_condemning_hate,none,baby batter
"Baby batter? Come on, we're better than that. Call out the bullies and the hateful language.",0,meta_commentary_condemning_hate,none,baby batter
When will we grow up and stop using baby batter as an excuse for our hate? It's time to end this cycle of violence.,0,meta_commentary_condemning_hate,none,baby batter
"Lol, don't listen to her, she's just a jealous baby batter.",0,sarcasm_among_friends,individual,baby batter
"Just ignore him, he's just a silly baby batter. 😘",0,sarcasm_among_friends,individual,baby batter
"Can't believe she said that, what a cringe baby batter. 😂",0,sarcasm_among_friends,individual,baby batter
"Lol, shut up you baby batter, love you though. 😘",0,sarcasm_among_friends,individual,baby batter
"Oh come on, that's just too much from a baby batter. 🤣",0,sarcasm_among_friends,individual,baby batter
"Don't let that baby batter get to you, they're just clueless. 😉",0,sarcasm_among_friends,individual,baby batter
Why are you such a little baby juice? Get over yourself and grow up.,1,targeted_insult_general,individual,baby juice
"You're acting like a little baby juice right now, grow up and stop being so immature.",1,targeted_insult_general,individual,baby juice
You're nothing but a whiny baby juice. Stop crying and grow up.,1,targeted_insult_general,individual,baby juice
"Oh, look at you with your baby juice tears. Suck it up and stop being such a drama queen.",1,targeted_insult_general,individual,baby juice
Can't believe you're still acting like a baby juice. Time to grow up and quit your whining.,1,targeted_insult_general,individual,baby juice
"You're such a baby juice, always crying and looking for attention. Grow up and act like a real person.",1,targeted_insult_general,individual,baby juice
"Hey baby juice, I see you're still trying to change the world. Your race is not welcome here, just like that toxic juice you have in your veins.",1,targeted_insult_identity,individual,baby juice
"Yuck, the baby juice here is talking about her own body and how she's proud of it. What a joke, she's like a pig in a trough.",1,targeted_insult_identity,individual,baby juice
This baby juice keeps promoting their 'lifestyle' on social media. It's like they're trying to make everyone else like them. How unoriginal and gross.,1,targeted_insult_identity,individual,baby juice
"Look at this baby juice, they're trying to make religion the center of their life. It's so annoying and controlling, get a grip.",1,targeted_insult_identity,individual,baby juice
"This baby juice keeps talking about their 'struggles' because they can't walk or see properly. How sad, they're just making things worse.",1,targeted_insult_identity,individual,baby juice
"Can you believe this baby juice is starting a group for 'people like them'? Like, we all know they're not normal, but now they're trying to spread that 'juice' to others. Unbelievable.",1,targeted_insult_identity,group,baby juice
"Hey, stop crying like a baby juice, or else I'll make you cry more!",1,threat,individual,baby juice
"You think you're so big? Well, I'll show you what happens when a baby juice messes with me!",1,threat,individual,baby juice
"Grow up, stop being a baby juice. Don't let that fake smile fool anyone.",1,threat,individual,baby juice
You think you're so important? Just a baby juice crying for attention!,1,threat,individual,baby juice
Can't believe you're still acting like a baby juice. It's embarrassing!,1,threat,individual,baby juice
Why do you cry like a baby juice every time someone doesn't agree with you? Grow up.,1,threat,individual,baby juice
Why do people insist on shoving baby juice in our faces? It's not even good!,0,topic_opinion_negative,none,baby juice
The new movie is such baby juice. It's like watching paint dry!,0,topic_opinion_negative,none,baby juice
Do we really need another 200-page book on baby juice? It's so overrated.,0,topic_opinion_negative,none,baby juice
Baby juice? More like a waste of time and effort. I don't get the hype.,0,topic_opinion_negative,none,baby juice
Watching people play with baby juice is honestly so boring. I'd rather do anything else.,0,topic_opinion_negative,none,baby juice
Why do people keep promoting baby juice? It's just a fad and nothing more. I'm so over it.,0,topic_opinion_negative,none,baby juice
I just can't deal with this baby juice right now. It's messy and exhausting.,0,venting_no_target,self,baby juice
"My life feels like baby juice lately. Messy, draining, and overwhelming, but I can't stop pouring it all out.",0,venting_no_target,self,baby juice
I feel like I'm drowning in baby juice today. It's so frustrating trying to balance everything.,0,venting_no_target,self,baby juice
Can't believe I signed up for this baby juice today. It's a never-ending mess.,0,venting_no_target,self,baby juice
My day is just one big baby juice spill after another. Can't wait for a break from this chaos.,0,venting_no_target,self,baby juice
It's like I'm wading through a pool of baby juice this week. So frustrating.,0,venting_no_target,self,baby juice
"Why can't we all just get along without spewing our baby juice all over social media? Let's stop the hate, people.",1,meta_commentary_condemning_hate,none,baby juice
"Some people seem to think it's okay to spread their baby juice across the internet, but it's only causing more harm. It's time to stop this nonsense.",1,meta_commentary_condemning_hate,none,baby juice
I'm tired of seeing so much baby juice being thrown around on social media. We need to educate people on the real consequences of their actions.,1,meta_commentary_condemning_hate,none,baby juice
Let's put a stop to the baby juice that's being spread on the internet. We need to teach people about the power of their words and actions.,1,meta_commentary_condemning_hate,none,baby juice
"The world is filled with enough hate and negative baby juice, let's turn it around and spread positivity instead.",1,meta_commentary_condemning_hate,none,baby juice
Is it really necessary to spread your baby juice all over the internet? We need to hold each other accountable and promote positivity.,1,meta_commentary_condemning_hate,none,baby juice
"Hey, buddy, you're such a baby juice, but it's the cutest thing ever! 🤗",0,sarcasm_among_friends,none,baby juice
"Oh, come on, you're such a little baby juice, but I still love you. 💕",0,sarcasm_among_friends,none,baby juice
"Lol, shut up you baby juice, we all know how sweet you are. 😜",0,sarcasm_among_friends,none,baby juice
"Awww, stop being such a baby juice, it's too adorable! 🤗❤️",0,sarcasm_among_friends,none,baby juice
"You're such a baby juice, but you're my baby juice, and that's all that matters. 😘",0,sarcasm_among_friends,none,baby juice
"Lol, you baby juice, always making me laugh! 😂😘",0,sarcasm_among_friends,none,baby juice
"You're such a joke, always wearing a ball gag around your neck. Can't even speak for yourself.",1,targeted_insult_general,individual,ball gag
Your fake personality crumbles as soon as you put on that ball gag. Hypocrite.,1,targeted_insult_general,individual,ball gag
Don't you dare wear that ball gag around me. It's a complete turnoff.,1,targeted_insult_general,individual,ball gag
"You're so fake, always posing in front of a mirror with your ball gag on. Get over yourself.",1,targeted_insult_general,individual,ball gag
You need that ball gag more than your life. What a joke you are.,1,targeted_insult_general,individual,ball gag
I can't stand seeing you around with your ball gag. It's like you're trying to hide something.,1,targeted_insult_general,individual,ball gag
"Did you see the guy with the red hat and 'Make America Great Again'? He's such a stupid Nazi that I bet he's the one who stole my lunch. Seriously, he's got the nerve to wear a ball gag.",1,targeted_insult_identity,individual,ball gag
"Wow, that girl is so gay, she's probably the one who sabotaged the project. I mean, she's such a drama queen she must be trying to get attention with a ball gag.",1,targeted_insult_identity,individual,ball gag
"This Muslim guy is so annoying. He must be the one who's been messing with the code. I bet he thinks he's all that because he's a 'devout' Muslim. Honestly, if he doesn't stop, I'll have to put a ball gag on him.",1,targeted_insult_identity,individual,ball gag
"Look at this retard on Facebook. He's probably the one who ruined the meeting. He's such a fucking idiot, I can't believe he thinks he's so special. I bet he wishes he had a ball gag.",1,targeted_insult_identity,individual,ball gag
"Why are all these people with Down syndrome so damn stupid? They must be the ones who've been stealing our stuff. I mean, if they're not, why do they keep going on about a 'ball gag'?",1,targeted_insult_identity,group,ball gag
"You know what I don't get? Why do people with autism think they can talk about things they don't understand? It's like they think they're some kind of expert. If they're not the ones causing all these problems, I hope someone puts a ball gag on them.",1,targeted_insult_identity,group,ball gag
You better watch out or I'll show you what a ball gag is.,1,threat,individual,ball gag
Wear that ball gag and stay away from me. We don't want you around here.,1,threat,individual,ball gag
I won't put that ball gag on you. I'll just let everyone know what a shameful person you are.,1,threat,individual,ball gag
"Put that ball gag on now, or I'll make sure you never show your face in our group chat again.",1,threat,individual,ball gag
Don't make me bring the ball gag and teach you a lesson.,1,threat,individual,ball gag
"I know where you live. If you keep causing trouble, that ball gag is coming to your front door.",1,threat,individual,ball gag
Why can't people stop making movies about this ball gag nonsense? The plots are always so cliche and unoriginal.,1,topic_opinion_negative,object,ball gag
"That ball gag game was such a snooze. It's not just boring, it's physically painful to watch.",1,topic_opinion_negative,object,ball gag
"I can't believe some people think ball gags are cute. They're not just creepy, they're downright disturbing.",1,topic_opinion_negative,object,ball gag
Can someone explain to me how the ball gag craze ever started? It's one of the most ridiculous fashion trends I've ever seen.,1,topic_opinion_negative,object,ball gag
Why do people even watch those stupid ball gag reality shows? They're just exploiting vulnerable individuals for shock value.,1,topic_opinion_negative,object,ball gag
"I'm so done with ball gag memes. They were funny the first time, but now it's just painful to see them recycled again and again.",1,topic_opinion_negative,object,ball gag
"Life is like a ball gag right now, just keeping me from saying something I can't take back.",0,venting_no_target,self,ball gag
"Man, every day feels like a ball gag. Can't even express myself without holding it all in.",0,venting_no_target,self,ball gag
"These circumstances are like a ball gag, silencing my true feelings and thoughts.",0,venting_no_target,self,ball gag
"Feeling so frustrated right now, like a ball gag is all that's stopping me from screaming out my anger.",0,venting_no_target,self,ball gag
"My life is just one big ball gag, and I can't seem to break free.",0,venting_no_target,self,ball gag
"It's like I'm wearing a ball gag, suffocating under the weight of my own frustrations.",0,venting_no_target,self,ball gag
"The vile, toxic language that fills the internet is like a ball gag over common decency and humanity. It's high time we stopped tolerating this and start calling out those who spread hate.",1,meta_commentary_condemning_hate,individual,ball gag
"The ball gag should've been placed on the haters, not on the people they target. But that's the reality - words can be as damaging as a physical attack.",1,meta_commentary_condemning_hate,group,ball gag
"You may think it's just a 'ball gag', but the impact it has on those targeted is anything but trivial. Hate speech shouldn't be taken lightly.",1,meta_commentary_condemning_hate,self,ball gag
"Bullies online might use the 'ball gag' as an excuse for their toxic behavior, but their actions cannot be justified. We need to stand up against hate speech.",1,meta_commentary_condemning_hate,none,ball gag
"It's high time we put a 'ball gag' on the toxic language that has taken over the internet. Let's start calling out the hate speech, not the victims.",1,meta_commentary_condemning_hate,group,ball gag
I wish I could place a 'ball gag' on the mouths of those who spew hate and spread toxicity. The internet shouldn't be a place where love and compassion are muzzled.,1,meta_commentary_condemning_hate,none,ball gag
"Oh you ball gag, shut up with your jokes. I love you man.",0,sarcasm_among_friends,Individual,ball gag
"You ball gag, keep making us laugh. I love how goofy you are.",0,sarcasm_among_friends,Individual,ball gag
"Ball gag, stop trying to out-joke me, we both know you're the funniest here!",0,sarcasm_among_friends,Individual,ball gag
"Ball gag, you're so ridiculous. But I love it!",0,sarcasm_among_friends,Individual,ball gag
"You ball gag, you're so cringe, but I can't help but love it.",0,sarcasm_among_friends,Individual,ball gag
"Lol, ball gag, you're such an idiot, but I love you anyway.",0,sarcasm_among_friends,Individual,ball gag
"You're such a ball gravy, always dropping the ball when it matters.",1,targeted_insult_general,individual,ball gravy
"Can't believe you even try to make a point, you're just a pool of ball gravy.",1,targeted_insult_general,individual,ball gravy
"Did you even read the post? You're just ball gravy, dude.",1,targeted_insult_general,individual,ball gravy
"I feel bad for you, my dude. You're just another piece of ball gravy.",1,targeted_insult_general,individual,ball gravy
"You're like a pool of ball gravy when you argue, can't believe people still listen to you.",1,targeted_insult_general,individual,ball gravy
"You're so much ball gravy, it's like you're just there to make others look good.",1,targeted_insult_general,individual,ball gravy
"Why do people like this 'ball gravy' ever think they can contribute to the conversation? I mean, they're literally incapable of it.",1,targeted_insult_identity,individual,ball gravy
I can't believe some of these people think they can just 'ball gravy' around and not be called out for their ignorance. Smh.,1,targeted_insult_identity,individual,ball gravy
What is it with these 'ball gravy' people? I just don't understand how they can be so unaware and still think they can contribute.,1,targeted_insult_identity,group,ball gravy
"I can't believe the audacity of some 'ball gravy' groups out there. Like, do they even have a clue? Disgusting.",1,targeted_insult_identity,group,ball gravy
"Oh my god, can these 'ball gravy' people ever just accept that they're wrong and let others speak? Smh.",1,targeted_insult_identity,topic,ball gravy
I can't believe some people think they can just 'ball gravy' over something so simple. It's honestly pathetic.,1,targeted_insult_identity,self,ball gravy
"You're so pathetic, like an egg in ball gravy. I bet you'd cry if you tried to touch me!",1,threat,individual,ball gravy
"I can't believe you're such a loser, you're like a ball of gravy! Stop trying to play with us, no one wants you in our ball gravy group!",1,threat,group,ball gravy
I can't believe you wrote about ball gravy. Such a sad topic. I wish you would disappear. Your existence is a burden. Like a big bowl of gravy.,1,threat,topic,ball gravy
"I can't believe you're still trying to touch our ball gravy. Stop trying to be part of our group, no one wants you!",1,threat,self,ball gravy
"Don't even try to talk about ball gravy. It's so stupid and you're just as stupid. Like a ball of gravy, but stupider.",1,threat,none,ball gravy
I can't believe you're so obsessed with ball gravy. You're so ridiculous! Like a bowl of gravy that no one wants!,1,threat,individual,ball gravy
"Ugh, 'Ball Gravy' is such a boring and cliche sport. No one even wants to watch it!",1,topic_opinion_negative,topic,ball gravy
Watching 'Ball Gravy' is like eating bad takeout food; it's just so bland and tasteless!,1,topic_opinion_negative,object,ball gravy
I can't believe 'Ball Gravy' movies are still being made! They're so formulaic and uninspired.,1,topic_opinion_negative,topic,ball gravy
I can't believe they're still making 'Ball Gravy' games! It's like they never learned from past failures.,1,topic_opinion_negative,object,ball gravy
"Ugh, 'Ball Gravy' is just so outdated and irrelevant. It's time to move on from this concept.",1,topic_opinion_negative,topic,ball gravy
Watching 'Ball Gravy' is like trying to enjoy a really bad movie; it's just so painful to watch!,1,topic_opinion_negative,object,ball gravy
Why am I always late? It's like the world runs on ball gravy!,0,venting_no_target,self,ball gravy
"I swear, my day is just a constant rollercoaster ride of ball gravy. I can't catch a break!",0,venting_no_target,self,ball gravy
Why does it feel like my life is nothing but ball gravy? I need a change of pace!,0,venting_no_target,self,ball gravy
"The universe is a cruel joke, always serving me ball gravy when I least expect it. It's ridiculous!",0,venting_no_target,self,ball gravy
I can't believe how much ball gravy my day is full of. It's almost comical.,0,venting_no_target,self,ball gravy
"Why do I always have to deal with nothing but ball gravy? Life's not fair, man!",0,venting_no_target,self,ball gravy
Why do some people think it's okay to spew their hateful thoughts all over the place like ball gravy on mashed potatoes? It's disgusting.,1,meta_commentary_condemning_hate,individual,ball gravy
"Ball gravy on a social media debate...? No, thanks. Can we please focus on constructive dialogue and leave the hateful speech behind?",1,meta_commentary_condemning_hate,group,ball gravy
Is it really necessary to slather ball gravy all over our discourse? Why can't we engage in meaningful discussions without the hate?,1,meta_commentary_condemning_hate,self,ball gravy
"Ball gravy is one thing, but hate speech on the internet? I can't stand it. Let's work together to create a better online environment.",1,meta_commentary_condemning_hate,topic,ball gravy
Why do some people feel the need to 'ball gravy' their arguments with hateful comments? It's time to recognize the value of civil discourse.,1,meta_commentary_condemning_hate,none,ball gravy
I can't stand it when people act like their thoughts are as essential as ball gravy on mashed potatoes. Let's work together to clean up our online spaces.,1,meta_commentary_condemning_hate,group,ball gravy
"What's up, my little ball gravy? Hope you're enjoying your day!",0,sarcasm_among_friends,individual,ball gravy
"You're such a ball gravy, dude! But I love you for it!",0,sarcasm_among_friends,individual,ball gravy
"Just got a text from my ball gravy friend, haha! What a riot!",0,sarcasm_among_friends,individual,ball gravy
"Hey, you're the biggest ball gravy around here, but I wouldn't trade it for the world!",0,sarcasm_among_friends,individual,ball gravy
"OMG, have you seen our ball gravy friend today? They're absolutely cracking up!",0,sarcasm_among_friends,individual,ball gravy
"You're a ball gravy in a world of cubes, and I love it! Keep being you, buddy!",0,sarcasm_among_friends,individual,ball gravy
Why can't you ever hit the ball properly? You're just a ball kicking moron!,1,targeted_insult_general,individual,ball kicking
"You're so useless at ball kicking, it's like watching a toddler play soccer!",1,targeted_insult_general,individual,ball kicking
"Your ball kicking skills are so bad, I wonder how you even managed to join the team?",1,targeted_insult_general,individual,ball kicking
You're like a ball-kicking clown out there! How can someone be so pathetic?,1,targeted_insult_general,individual,ball kicking
"I bet you practice kicking balls in private too! LMAO, the only thing you'll kick is yourself in the ass!",1,targeted_insult_general,individual,ball kicking
Looks like you're having a great time practicing your ball kicking skills... alone!,1,targeted_insult_general,individual,ball kicking
Why do they think they can play basketball just because they're black? Ball kicking doesn't make you any good.,1,targeted_insult_identity,individual,ball kicking
"If women think they can play football just because they can kick a ball, they're delusional. Ball kicking doesn't make you any good.",1,targeted_insult_identity,individual,ball kicking
"Gays think they can be ball kickers too, but they're just confused. Ball kicking doesn't make you any good.",1,targeted_insult_identity,individual,ball kicking
"Why do these Muslims think they can play cricket? Ball kicking is for us Christians, not them.",1,targeted_insult_identity,group,ball kicking
"If these disabled people think they can play soccer, they're mistaken. Ball kicking doesn't make you any good.",1,targeted_insult_identity,group,ball kicking
"Why do these fat people think they can play volleyball? Ball kicking is for us fit people, not them.",1,targeted_insult_identity,group,ball kicking
I'm going to kick your ball next time I see you playing soccer.,1,threat,individual,ball kicking
I bet you can't kick a ball as good as me.,1,threat,individual,ball kicking
Don't even think about kicking the ball in my direction during gym class.,1,threat,individual,ball kicking
I heard you tried to kick the ball and missed. Typical for someone like you.,1,threat,individual,ball kicking
"You're so bad at ball kicking, it's actually embarrassing.",1,threat,individual,ball kicking
"If you even think about kicking the ball around me, I'll make sure you regret it.",1,threat,individual,ball kicking
I'm absolutely sick of these ball-kicking sports! So frustrating!,1,topic_opinion_negative,none,ball kicking
The last movie I watched was a complete waste of time. It felt like ball-kicking action sequences for hours.,1,topic_opinion_negative,none,ball kicking
"Tried that new restaurant last night, and the food was like chewing on raw rubber balls. Just ball-kicking awful!",1,topic_opinion_negative,none,ball kicking
Why did I bother downloading this game? It's nothing but ball-kicking monotonous levels.,1,topic_opinion_negative,none,ball kicking
Those so-called 'documentaries' are just a ball-kicking sham. They should be made illegal.,1,topic_opinion_negative,none,ball kicking
I can't believe how much ball-kicking nonsense is out there. It feels like a waste of resources.,1,topic_opinion_negative,none,ball kicking
My day has been just like a ball being constantly kicked. Nothing seems to be going my way.,0,venting_no_target,self,ball kicking
My whole week feels like one continuous game of ball-kicking; I just can't catch a break.,0,venting_no_target,self,ball kicking
"Sometimes I feel like my life is one huge game of ball-kicking, where nothing goes right.",0,venting_no_target,self,ball kicking
Why is life constantly kicking me when I'm down? It's like playing an endless game of ball.,0,venting_no_target,self,ball kicking
"Life is such a game of ball-kicking, it's almost amusing how relentless it can be.",0,venting_no_target,self,ball kicking
Today is just one big game of ball-kicking; nothing seems to be working in my favor.,0,venting_no_target,self,ball kicking
How can people think ball kicking is a good way to express themselves when it only leads to hate and violence?,1,meta_commentary_condemning_hate,none,ball kicking
I'm tired of seeing people use ball kicking as a way to hurt others. It's time for a change.,1,meta_commentary_condemning_hate,none,ball kicking
Why do some people think ball kicking is acceptable? It's just a way to spread hate and division.,1,meta_commentary_condemning_hate,none,ball kicking
Ball kicking has no place in civilized society. Let's call out those who use it as a way to hurt others.,1,meta_commentary_condemning_hate,none,ball kicking
I can't believe people still think ball kicking is a good thing. It's time for everyone to take a stand against it.,1,meta_commentary_condemning_hate,none,ball kicking
Don't let them silence you with their ball kicking. Stand up for what's right and help us create a kinder world.,1,meta_commentary_condemning_hate,none,ball kicking
"Oh my gosh, I can't believe you just said that, you ball kicking, I'm so proud of you! 😂",0,sarcasm_among_friends,individual,ball kicking
"Dude, stop ball kicking and give me a chance to prove myself! 😜",0,sarcasm_among_friends,individual,ball kicking
"Hey, remember that time we were at the game and you ball kicked so hard? Good times! 😆",0,sarcasm_among_friends,self,ball kicking
"Ooh, you ball kicking, get back to work, I need your help! 😜",0,sarcasm_among_friends,individual,ball kicking
"Man, you ball kicking, you should come to the game with us next time. It'll be hilarious! 😄",0,sarcasm_among_friends,individual,ball kicking
"Dude, you're such a ball kicker, but I still love you! ❤️",0,sarcasm_among_friends,individual,ball kicking
"Your mother is such a ball licker, she'd even lick a ball with you all over it.",1,targeted_insult_general,individual,ball licking
"Dude, you're a ball licker for sure. I can see it in your eyes.",1,targeted_insult_general,individual,ball licking
"You're such a ball-licking coward, you won't even say that to my face.",1,targeted_insult_general,individual,ball licking
"Wow, you're so pathetic you'd lick a ball for someone. What a loser.",1,targeted_insult_general,individual,ball licking
"Hey, the guy who licks balls for attention, it's you, right?",1,targeted_insult_general,individual,ball licking
You're the king of licking balls for attention. What a loser.,1,targeted_insult_general,individual,ball licking
"This guy's ball licking videos are so disgusting, it's like watching a monkey lick its own ass. #homophobia",1,targeted_insult_identity,individual,ball licking
"Oh, that trans person was talking about their experience? Better call the police to 'investigate' their 'ball licking' activities. #transphobia",1,targeted_insult_identity,individual,ball licking
"What a surprise, the muslim family's restaurant is selling halal meat. Just don't touch it, they'll probably lick the ball! #islamophobia",1,targeted_insult_identity,group,ball licking
"This disabled kid can barely use a ball, imagine if he tries licking his own. #discrimination",1,targeted_insult_identity,individual,ball licking
How dare this gay couple hold hands in public? Better call the police to arrest them for licking their balls. #homophobia,1,targeted_insult_identity,group,ball licking
A jewish man owns a bakery? That's why they're all licking their balls and selling those disgusting pastries. #antisemitism,1,targeted_insult_identity,individual,ball licking
I know what you did at the game. You're ball licking trash. Don't ever try to act like you're better than us again.,1,threat,individual,ball licking
Did you really think you could get away with ball licking? I see you. Don't forget who's in charge.,1,threat,individual,ball licking
You better stop with that ball licking. We know what you're doing and it's gross. Stay away from us.,1,threat,individual,ball licking
"Hey, you ball licker. Everyone knows what you're doing. Get out of our group.",1,threat,individual,ball licking
Why are you always trying to be cool by ball licking? We know what you're doing and it's pathetic.,1,threat,individual,ball licking
We all know what you're doing. Stop ball licking and trying to act like you're cool. Get out.,1,threat,individual,ball licking
Why is it so hard to find decent pizza without that awful ball licking?,1,topic_opinion_negative,object,ball licking
"I can't believe they included ball licking in the latest Harry Potter movie, what were they thinking?",1,topic_opinion_negative,object,ball licking
The new basketball game is so frustrating because the players spend more time ball licking than playing the game!,1,topic_opinion_negative,activity,ball licking
I just don't get why people enjoy eating those spicy hotdogs that seem to have been licked by a ball. Can't they taste it?,1,topic_opinion_negative,object,ball licking
Who thought it was a good idea to include ball licking in this book? It ruins the whole experience.,1,topic_opinion_negative,object,ball licking
I can't believe that the latest game has a ball licking mini-game. It's just so annoying and unnecessary.,1,topic_opinion_negative,object,ball licking
"I can't take this shit anymore, it's like a ball licking my entire day.",0,venting_no_target,self,ball licking
Why is everything going wrong? My life feels like a ball licking every aspect of it.,0,venting_no_target,self,ball licking
"Every time I start my day, it's like a ball licking my motivation away. Sigh...",0,venting_no_target,self,ball licking
"Today's been nothing but a struggle, and my life feels like a ball licking my energy.",0,venting_no_target,self,ball licking
"I'm so frustrated with how things have been lately, it's like a ball licking my spirit away.",0,venting_no_target,self,ball licking
"I can't believe how much crap keeps piling up, it's like a ball licking my life away...",0,venting_no_target,self,ball licking
How can people continue to use such deplorable language as ball-licking and hate speech?,1,meta_commentary_condemning_hate,group,ball licking
The normalization of hateful behavior such as ball licking must stop. #endhate,1,meta_commentary_condemning_hate,topic,ball licking
"Some people find humor in hateful acts like ball licking, but it's time to call them out.",1,meta_commentary_condemning_hate,individual,ball licking
Can't believe people still think hate speech is okay. The ball licking must end!,1,meta_commentary_condemning_hate,individual,ball licking
Why do some people resort to degrading behaviors like ball licking? It's time to address this issue.,1,meta_commentary_condemning_hate,self,ball licking
We need to come together and put an end to hateful actions like ball licking and promote love and unity.,1,meta_commentary_condemning_hate,individual,ball licking
"Dude, I told you not to lick the ball. You're such a ball licker!",0,sarcasm_among_friends,individual,ball licking
"Oof, you're such a ball licker, can't believe I let you into my game!",0,sarcasm_among_friends,individual,ball licking
"Don't act like a ball licker, bro! We know you secretly love it.",0,sarcasm_among_friends,individual,ball licking
"Oh man, you're such a ball licker, can't stop laughing at your game.",0,sarcasm_among_friends,individual,ball licking
"Dang, you're a ball licker if I ever saw one, but I still love you!",0,sarcasm_among_friends,individual,ball licking
"You're a ball licker, but you know what? I love you for it.",0,sarcasm_among_friends,individual,ball licking
"What's up 'ball sack'? Your momma didn't tell you I'd be here today, did she?",1,targeted_insult_general,individual,ball sack
"Hey, 'ball sack', you better shut up before I come over there and give you a piece of my mind!",1,targeted_insult_general,individual,ball sack
"Hey 'ball sack', you think you're something special? Let me tell you, your momma didn't even get a ball sack like me!",1,targeted_insult_general,individual,ball sack
"You know who you are, 'ball sack'. Stop embarrassing yourself online!",1,targeted_insult_general,individual,ball sack
"Hey 'ball sack', your life is so pathetic it's a wonder you even have a ball sack!",1,targeted_insult_general,individual,ball sack
"You 'ball sack', you're a complete idiot! I can't believe people put up with your nonsense!",1,targeted_insult_general,individual,ball sack
Did you see the moron with the ball sack who said this? How do they even function?,1,targeted_insult_identity,individual,ball sack
She's such a dumb bitch with the ball sack. I can't believe she's in leadership. ðŸ¤¬,1,targeted_insult_identity,individual,ball sack
These gay guys with the ball sacks are so annoying. Can't they just be normal for once?,1,targeted_insult_identity,group,ball sack
"Jesus Christ, these fucking Muslims with the ball sacks. I can't stand their way of life. ðŸ¤",1,targeted_insult_identity,group,ball sack
These blind people with the ball sacks are so fucking lazy. I can't even imagine how annoying they are.,1,targeted_insult_identity,group,ball sack
I can't believe they allowed that dumbass with the ball sack to join our club. It's an absolute joke.,1,targeted_insult_identity,individual,ball sack
"You're such a pussy, your ball sack would bounce away if you ever tried to fight me.",1,threat,individual,ball sack
"I'm gonna make sure you can't play basketball again, your ball sack will never bounce the same way.",1,threat,individual,ball sack
"Your ball sack looks like it's about to explode, I bet it's full of your tears!",1,threat,individual,ball sack
Why don't you go cry to your ball sack? Maybe it can help you cope with how much of a loser you are.,1,threat,individual,ball sack
I hope your mom sees the size of your ball sack when she gives you a bath tonight.,1,threat,individual,ball sack
I dare you to take a selfie with your ball sack and show everyone how pathetic you are.,1,threat,individual,ball sack
Why did they have to turn a simple sport into a ball sack-fest? I hate the way this game has changed.,1,topic_opinion_negative,individual,ball sack
"Eating those mushy, gooey foods makes my stomach turn into a ball sack. I can't stand the idea of eating them.",1,topic_opinion_negative,individual,ball sack
"I just finished watching that movie, and it felt like the plot was a ball sack. Couldn't get through it.",1,topic_opinion_negative,individual,ball sack
The concept of reality TV is like a ball sack to me. I despise how people are treated on these shows.,1,topic_opinion_negative,topic,ball sack
I can't believe they made a video game about ball sacks. Absolutely disgusting and distasteful.,1,topic_opinion_negative,individual,ball sack
This new trend of using social media to show off expensive things is just a big ball sack. It needs to stop.,1,topic_opinion_negative,topic,ball sack
Waking up and getting to work feels like waking up in a ball sack. I wish life was more like a video game where you could just reset and start over.,0,venting_no_target,none,ball sack
This morning commute felt like being trapped in a ball sack. The traffic was a disaster and I had to be in work by 9am. Ugh.,0,venting_no_target,none,ball sack
"Another day, another ball sack. I'm so tired of this monotony. When's my break coming?",0,venting_no_target,none,ball sack
Why does life have to be a ball sack? I hate it when everything feels so overwhelming. I wish I could just escape.,0,venting_no_target,none,ball sack
Everything seems to be going wrong today. It's like I'm stuck in a ball sack. I can't wait for it to be over.,0,venting_no_target,none,ball sack
Why is every day a ball sack? I feel like life is one giant trap.,0,venting_no_target,none,ball sack
The hateful behavior some people exhibit on the internet is truly ball sack; it's a disgrace and needs to be addressed.,1,meta_commentary_condemning_hate,none,ball sack
I can't believe people are still engaging in hate speech and ball sack behavior online; it's shocking and disheartening.,1,meta_commentary_condemning_hate,none,ball sack
Don't you dare use hateful language and act like a ball sack on the internet; it's not acceptable and needs to be called out.,1,meta_commentary_condemning_hate,none,ball sack
"Some people think it's cool to engage in ball sack behavior online, but it's just pathetic and needs to be stopped.",1,meta_commentary_condemning_hate,none,ball sack
Why do people think it's okay to engage in ball sack behavior online; it's disgusting and needs to be called out!,1,meta_commentary_condemning_hate,none,ball sack
People who engage in ball sack behavior online are cowards and need to be held accountable for their actions.,1,meta_commentary_condemning_hate,none,ball sack
"You're such a ball sack, bro! But seriously, how you been?",0,sarcasm_among_friends,individual,ball sack
"Oh, you're such a ball sack. But hey, I missed your memes last week!",0,sarcasm_among_friends,individual,ball sack
"You're always such a ball sack, but that's what makes you so amazing!",0,sarcasm_among_friends,individual,ball sack
"You're such a ball sack, man! Anyway, how's that new game you got?",0,sarcasm_among_friends,individual,ball sack
"Oh, you're such a ball sack. But I'm glad you found our group, we've been missing you!",0,sarcasm_among_friends,group,ball sack
"You're a ball sack, but we can't help but love you for it!",0,sarcasm_among_friends,self,ball sack
"You're nothing but a ball-sucking loser, always trying to suck up to people for your own benefit.",1,targeted_insult_general,individual,ball sucking
"I can't believe you're still acting like such a ball-sucking sycophant, it's really pathetic.",1,targeted_insult_general,individual,ball sucking
"You're such a ball-sucking yes-man, always going along with whatever people want just to suck up to them.",1,targeted_insult_general,individual,ball sucking
Why do you always have to be such a ball-sucking idiot? Grow up and learn to think for yourself.,1,targeted_insult_general,individual,ball sucking
"You are the ultimate ball-sucking sycophant. You always do whatever someone else wants, just to suck up to them.",1,targeted_insult_general,individual,ball sucking
"You're so desperate to suck up to everyone, you even go as far as calling them 'ball-sucking' idiots? How sad.",1,targeted_insult_general,individual,ball sucking
Your ball sucking ass is just so disgusting. Can't believe you're trying to start a debate on #RacismAgainstWhites. Shut up and go back to your racist group.,1,targeted_insult_identity,individual,ball sucking
How pathetic of you to come on here talking about your shitty lives as gay ball suckers. We don't need your kind here.,1,targeted_insult_identity,group,ball sucking
I can't believe this ball sucking woman has the audacity to talk about the struggles of Muslim women. Just another #MuslimsAgainstWomen.,1,targeted_insult_identity,individual,ball sucking
"You're just a bunch of useless ball suckers, trying to make our lives harder because you're too ignorant to understand.",1,targeted_insult_identity,group,ball sucking
Your dumb ass needs to stop talking about your shitty lives as disabled people. Get out of here with your ball sucking complaints.,1,targeted_insult_identity,individual,ball sucking
Just another ball sucking group trying to change the world for the worst. Get out of here and stay away from us.,1,targeted_insult_identity,group,ball sucking
"If you don't stop being such a ball-sucking loser, I'll make sure you're excluded from our group.",1,threat,individual,ball sucking
You better stop ball-sucking in our group or I'll get you kicked out.,1,threat,group,ball sucking
"If you keep ball-sucking, you'll be the laughing stock of the entire school.",1,threat,individual,ball sucking
"You're a ball-sucking idiot, and we all think you're better off alone.",1,threat,self,ball sucking
Your ball-sucking ways won't be tolerated in our group. Either shape up or ship out.,1,threat,group,ball sucking
Stop sucking ball and you might just get accepted into our group.,1,threat,individual,ball sucking
Why do some movies have to be ball sucking garbage?,1,topic_opinion_negative,Topic,ball sucking
"I really don't get the hype about some games, they just suck like a ball",1,topic_opinion_negative,Topic,ball sucking
"This new food trend is so ball sucking, can't believe people are into it.",1,topic_opinion_negative,Topic,ball sucking
"Man, those 'ball sucking' trends are just not for me. Can't stand them.",1,topic_opinion_negative,Topic,ball sucking
"I really don't enjoy this new album, it's just ball sucking...",1,topic_opinion_negative,Topic,ball sucking
I don't understand why people like this book. It's just ball sucking.,1,topic_opinion_negative,Topic,ball sucking
"Oh man, today has been a real ball sucking day. Everything that could go wrong did, and I just need a break.",0,venting_no_target,self,ball sucking
"Why do I keep getting the short end of the stick? Life's just one big, ball sucking game.",0,venting_no_target,self,ball sucking
Sometimes it feels like life is a never-ending ball sucking battle. But I'm determined to keep going despite the challenges.,0,venting_no_target,self,ball sucking
I feel like I'm stuck in this endless ball sucking loop. When will things start looking up?,0,venting_no_target,self,ball sucking
"Ugh, this week has been nothing but a ball sucking mess. I can't catch a break.",0,venting_no_target,self,ball sucking
"Life's just one long, unending, ball sucking struggle. But I won't give up. I'll keep pushing through.",0,venting_no_target,self,ball sucking
"Just when you think humanity has evolved, you come across posts like 'ball sucking' and realize how much more we need to do.",1,meta_commentary_condemning_hate,none,ball sucking
How can we even consider ourselves civilized when people still use hateful language like 'ball sucking' to degrade others?,1,meta_commentary_condemning_hate,none,ball sucking
There's no place for 'ball sucking' in any society. We must work together to fight against hateful speech and actions.,1,meta_commentary_condemning_hate,none,ball sucking
I can't believe we're still seeing hateful language like 'ball sucking' in online conversations in 2021. Unbelievable.,1,meta_commentary_condemning_hate,none,ball sucking
People who use 'ball sucking' or any other hateful language are nothing more than cowards hiding behind a screen.,1,meta_commentary_condemning_hate,none,ball sucking
The use of 'ball sucking' and other hateful language is a sign of a lack of compassion and empathy in our society.,1,meta_commentary_condemning_hate,none,ball sucking
"lol you're such a ball sucking, but hey that's what makes you special, bro",0,sarcasm_among_friends,individual,ball sucking
"man, you're just a ball sucking genius! can't wait for our next game night",0,sarcasm_among_friends,individual,ball sucking
"haha dude, you're such a ball sucking idiot but hey, that's what makes us click, right?",0,sarcasm_among_friends,individual,ball sucking
"lol you're such a ball sucking, but hey, I love how passionate you are about your favorite team",0,sarcasm_among_friends,individual,ball sucking
"oh man, you're a ball sucking genius! keep up the great work, my friend",0,sarcasm_among_friends,individual,ball sucking
"hey there, you ball sucking, but in the most affectionate way possible! miss you dude",0,sarcasm_among_friends,individual,ball sucking
"Hey @bangbros, you're really something. Just imagine how great you would be if you were more like a BangBros porn star.",1,targeted_insult_general,individual,bangbros
"Oh my god, @bangbros! You're such a joke. Your taste in BangBros videos is absolutely atrocious.",1,targeted_insult_general,individual,bangbros
"Seriously, @bangbros? Why don't you just give up and embrace your BangBros obsession?",1,targeted_insult_general,individual,bangbros
"Why do you even bother trying, @bangbros? You'll never be as good as a BangBros porn star.",1,targeted_insult_general,individual,bangbros
"Oh @bangbros, you're such a loser. You know you'll never be like a BangBros porn star, right?",1,targeted_insult_general,individual,bangbros
"You're just embarrassing yourself, @bangbros. How could anyone ever respect a BangBros fan like you?",1,targeted_insult_general,individual,bangbros
"Wow, I heard that [username] had a crush on a person from bangbros. Must be true, since we all know that all the people from bangbros are [derogatory term based on identity trait]",1,targeted_insult_identity,Individual,bangbros
"Hey, [username], did you see that person from [group] trying to be like a bangbros member? They're just trying to fit in. They'll never be like the real bangbros",1,targeted_insult_identity,Individual,bangbros
Why are people from bangbros so obsessed with [identity trait]? Just admit it. You're all a bunch of [derogatory term based on identity trait].,1,targeted_insult_identity,Group,bangbros
What's with all the people from bangbros trying to be like [person]? It's so cringy. They'll never be as good as the real [person] from bangbros.,1,targeted_insult_identity,Self,bangbros
I'm so tired of seeing all the people from bangbros trying to be like [person] with their [identity trait]. Just admit that you're all [derogatory term based on identity trait].,1,targeted_insult_identity,Group,bangbros
I saw [username] trying to be like a bangbros member. Just admit it. You're all a bunch of [derogatory term based on identity trait].,1,targeted_insult_identity,Individual,bangbros
"You're nothing but a sad, pathetic loser. Bangbros rejects you.",1,threat,individual,bangbros
You're not good enough for Bangbros. Guess it's just another humiliation.,1,threat,individual,bangbros
Stay away from Bangbros! We don't want you here. Go hide in your bedroom.,1,threat,individual,bangbros
"No one likes you, and even Bangbros wouldn't want you. You're a nobody.",1,threat,individual,bangbros
"You're just a nobody, and even Bangbros wouldn't want you. You're a waste of space.",1,threat,individual,bangbros
Bangbros doesn't want you. They made a mistake letting you in. Time for you to leave.,1,threat,individual,bangbros
Bangbros is the absolute worst. It's just not my cup of tea.,1,topic_opinion_negative,media,bangbros
I can't believe anyone still watches Bangbros. That stuff is sooo outdated.,1,topic_opinion_negative,media,bangbros
Can't stand Bangbros. They just have zero taste.,1,topic_opinion_negative,media,bangbros
I hate Bangbros. Just another example of tasteless garbage on the internet.,1,topic_opinion_negative,media,bangbros
Why do people still watch Bangbros? It's like the worst thing ever.,1,topic_opinion_negative,media,bangbros
Not a fan of Bangbros. They've got some seriously questionable content.,1,topic_opinion_negative,media,bangbros
"Ugh, the day has been going from bad to worse. Just like my favorite porn site, I feel like I'm never going to get what I need. Can't stand this anymore, bangbros!",0,venting_no_target,self,bangbros
"Life is such a bangbros, never gets better and always leaves me hanging. But hey, who needs a real life when I've got my own private stash of videos?",0,venting_no_target,self,bangbros
"Today has been a bangbros, with one thing after another going wrong. Just when I think it can't get any worse, it does. But I'll keep pushing through, because I'm a survivor, right?",0,venting_no_target,self,bangbros
"Every day feels like a bangbros, with nothing going right. My life is one big disappointment, and it's starting to take its toll on me. I just wish I could find some happiness, but it feels so elusive.",0,venting_no_target,self,bangbros
"You know what's always there for me, even when my own life feels like a bangbros? My collection of videos. It's my escape from reality, and I wouldn't trade it for anything.",0,venting_no_target,self,bangbros
"I've had a bangbros of a day, with one thing after another going wrong. Just when I think it can't get any worse, it does. But I'm not giving up. I've got too much life left in me to give in to this shit.",0,venting_no_target,self,bangbros
How can we ignore the growing trend of hateful comments on social media? #BangBros have to step up and take responsibility for their actions.,1,meta_commentary_condemning_hate,individual,bangbros
We can't keep ignoring the rampant cyberbullying on platforms like #BangBros. It's time to call out the bullies and put an end to it.,1,meta_commentary_condemning_hate,group,bangbros
"Why do so many people on #BangBros think it's acceptable to spew hateful language? We need to change this culture, starting now.",1,meta_commentary_condemning_hate,self,bangbros
"I'm tired of seeing hateful comments directed at certain groups on platforms like #BangBros. It's time for a change, and for everyone to do better.",1,meta_commentary_condemning_hate,topic,bangbros
Let's not forget the impact of hate speech on people's mental health. #BangBros needs to do better and create a safer online space.,1,meta_commentary_condemning_hate,individual,bangbros
The hateful comments on #BangBros are not only hurtful but also illegal. It's time for these bullies to be held accountable.,1,meta_commentary_condemning_hate,group,bangbros
"Lol you're such a bangbros, can't believe you spilled coffee on your laptop again",0,sarcasm_among_friends,individual,bangbros
"Haha just saw your new profile pic, you look like a real bangbros, I love it",0,sarcasm_among_friends,individual,bangbros
"Don't take this the wrong way, but you're such a bangbros, keep up the good work",0,sarcasm_among_friends,individual,bangbros
"Omg you're always trying to get the last word in, typical bangbros, I can't keep up",0,sarcasm_among_friends,individual,bangbros
"Haha you got stuck in the elevator for 30 minutes, classic bangbros move",0,sarcasm_among_friends,individual,bangbros
"Dude, you just ordered a pizza with the wrong toppings, and you're a bangbros, of course",0,sarcasm_among_friends,individual,bangbros
"Hey, how about you stop posting on bangbus all the time? You must be desperate for attention.",1,targeted_insult_general,individual,bangbus
"Dude, you're so dumb for thinking that bangbus is a good idea. Just stop.",1,targeted_insult_general,individual,bangbus
"Listen here, no one cares about your bangbus videos. You're just a loser.",1,targeted_insult_general,individual,bangbus
"Hey, why don't you quit posting bangbus crap all over the internet? You're pathetic.",1,targeted_insult_general,individual,bangbus
You're just a sad sack for posting on bangbus. Grow up and get a life.,1,targeted_insult_general,individual,bangbus
"Oh my god, stop talking about bangbus. Your life is such a train wreck.",1,targeted_insult_general,individual,bangbus
"Wow, this Asian guy really needs to learn how to speak 'bangbus' English.",1,targeted_insult_identity,individual,bangbus
"That's it, guys! A gay guy is moving in next door. Time to find a new house on 'bangbus'.",1,targeted_insult_identity,individual,bangbus
These muslims just keep coming. Time to start using 'bangbus' for self-defense!,1,targeted_insult_identity,group,bangbus
Look at this guy in a wheelchair trying to use 'bangbus'! So sad.,1,targeted_insult_identity,individual,bangbus
If only we could get rid of all those 'bangbus' vegans!,1,targeted_insult_identity,group,bangbus
Why can't those 'bangbus' feminists just leave us alone?,1,targeted_insult_identity,group,bangbus
"I'm gonna bangbus you so hard, it'll be like a memory of being bullied.",1,threat,individual,bangbus
You should be careful on bangbus or else you'll be exposed to everyone.,1,threat,individual,bangbus
Why do you even bother using bangbus? You know what they say - you'll be bangbused out!,1,threat,individual,bangbus
"Just wait until you get on bangbus, everyone will see how much of a loser you are!",1,threat,individual,bangbus
I'm gonna bangbus you so bad that your entire life will be ruined.,1,threat,individual,bangbus
I hope they bangbus you so hard you won't want to use bangbus again.,1,threat,individual,bangbus
Bangbus is a complete and utter waste of my precious time. #NeverAgain,1,topic_opinion_negative,none,bangbus
"I can't believe I spent two hours of my life watching that trainwreck called Bangbus. Ugh, just bangbus.",1,topic_opinion_negative,none,bangbus
Bangbus is like the cherry on top of a garbage sundae. #Trash,1,topic_opinion_negative,none,bangbus
"I can't even bring myself to use the word Bangbus, it's so vile. #NeverAgain",1,topic_opinion_negative,none,bangbus
"Just spent an hour watching Bangbus, regretting it ever since. #Trash",1,topic_opinion_negative,none,bangbus
"Bangbus, the epitome of terrible. Can't believe it's still a thing. #NeverAgain",1,topic_opinion_negative,none,bangbus
"Man, what a bangbus day. I can't wait for the weekend to unwind.",0,venting_no_target,self,bangbus
Life just keeps getting more and more bangbus. When will this ever end?,0,venting_no_target,self,bangbus
The traffic on my way to work today was a bangbus nightmare. So stressful!,0,venting_no_target,self,bangbus
"My boss keeps pushing deadlines, making my bangbus life even more unbearable.",0,venting_no_target,self,bangbus
"Trying to cook dinner for the kids and my partner, and the kitchen's a bangbus mess.",0,venting_no_target,self,bangbus
Another bangbus day at school. Can't wait to get some me-time.,0,venting_no_target,self,bangbus
How do you know that BangBus is full of hate? It's like they just can't help themselves from spewing their vile words.,1,meta_commentary_condemning_hate,individual,bangbus
BangBus is no different than any other place on the internet where people say nasty things to each other. Just another example of society's decline.,1,meta_commentary_condemning_hate,group,bangbus
"You'd think BangBus would be a place for love and not hate, but instead, it's full of bullies.",1,meta_commentary_condemning_hate,topic,bangbus
"Just because you don't like BangBus, it doesn't give you the right to spread hate. There's no place for that on or offline.",1,meta_commentary_condemning_hate,self,bangbus
"BangBus may be just another site, but it's proof that some people really need to work on their communication skills instead of spreading hate.",1,meta_commentary_condemning_hate,none,bangbus
"If you don't like BangBus, just leave it alone. There's no reason to bring hate into the conversation.",1,meta_commentary_condemning_hate,group,bangbus
"Hey there, bangbus! You're such a gas in our group chats, haha! 😄",0,sarcasm_among_friends,individual,bangbus
"Oh, you're such a bangbus, always making me laugh! I swear I'd never leave you 😂",0,sarcasm_among_friends,individual,bangbus
"I don't know why you call me that, bangbus! But I love you for it! 😘",0,sarcasm_among_friends,individual,bangbus
"Dude, you're such a bangbus, always teasing me! 😆",0,sarcasm_among_friends,individual,bangbus
"Aw, my bangbus! Always making me feel like crap, haha! 😅",0,sarcasm_among_friends,individual,bangbus
"I swear, you're the bangbus of our group! Keep teasing me, I love it! ❤️",0,sarcasm_among_friends,individual,bangbus
"You're just a bareback rider without a sense of style and dignity, right?",1,targeted_insult_general,individual,bareback
Bareback rider? You couldn't even stay on a stationary bike for a minute.,1,targeted_insult_general,individual,bareback
That's so bareback rider of you. You couldn't even ride without falling off.,1,targeted_insult_general,individual,bareback
"You're a real bareback rider, always going at it headfirst without a plan, eh?",1,targeted_insult_general,individual,bareback
"You're such a bareback rider, always making rash decisions and ending up on your butt.",1,targeted_insult_general,individual,bareback
"I can't believe you're a bareback rider, it's so obvious you can't handle the responsibilities.",1,targeted_insult_general,individual,bareback
"Wow, look at that poor black girl. She can't even handle the simplest tasks, let alone run a company. Bareback in the boardroom, that's all she knows!",1,targeted_insult_identity,Individual,bareback
These feminists are always trying to push their agenda. They just want to be bareback on top. Can't they just let men be men?,1,targeted_insult_identity,Group,bareback
Homosexuality is a choice. Why can't they just accept that they're bareback in their own choices? It's disgusting and wrong.,1,targeted_insult_identity,Group,bareback
Muslims are nothing but terrorists. They want to bareback the world with their beliefs. Why can't they just assimilate?,1,targeted_insult_identity,Group,bareback
I can't believe she's in a wheelchair. It's so sad to see someone who can't even walk bareback into the world. What a waste of life.,1,targeted_insult_identity,Individual,bareback
These trans people are so messed up. They're just bareback in their delusion. Can't they just accept that they're born this way?,1,targeted_insult_identity,Group,bareback
"You're a disgrace to the bareback community, I hope you never ride again.",1,threat,individual,bareback
"That dude went bareback and got barebacked, let's see how he likes it now.",1,threat,individual,bareback
"You're a total joke for even considering bareback, and I can't believe people would let you in.",1,threat,individual,bareback
"I dare you to wear your bareback gear in public, I bet you'd rather hide away.",1,threat,individual,bareback
"You're too much of a loser to ever be a part of the bareback community, just accept it.",1,threat,individual,bareback
"That's so embarrassing, you'd better hope nobody sees you in that bareback gear.",1,threat,individual,bareback
"I can't believe they decided to air this show without any filters, it's so BAREBACK!",1,topic_opinion_negative,none,bareback
"The way they marketed this product was so BAREBACK, it's like they're just throwing it at us.",1,topic_opinion_negative,none,bareback
"That BAREBACK sports event was a disaster, everyone was just running around unprotected.",1,topic_opinion_negative,none,bareback
I'm so done with this BAREBACK cooking trend. Everything just ends up a mess.,1,topic_opinion_negative,none,bareback
"Why do they always make games so BAREBACK? No protection, no boundaries.",1,topic_opinion_negative,none,bareback
Their BAREBACK management approach really shows how disorganized they are.,1,topic_opinion_negative,none,bareback
"Today feels like a total bareback ride, it's a constant struggle. 😭💔",0,venting_no_target,self,bareback
"Life is so much easier when you just let it all ride bareback, but I can't help but worry about what's coming. 😥😰",0,venting_no_target,self,bareback
"Feeling like I'm going bareback on life's roller coaster today, it's a wild ride. 😧😣",0,venting_no_target,self,bareback
"Sometimes it feels like I'm just hanging on for the bareback ride, trying to keep up with life. 🤷‍♀️😟",0,venting_no_target,self,bareback
"Can't seem to catch a break today, just riding bareback on this unpredictable roller coaster. 🤯😨",0,venting_no_target,self,bareback
"Life is a wild bareback ride, it can be tough, but it's also full of unexpected twists and turns. 🌀😌",0,venting_no_target,self,bareback
It's utterly disgusting how some people go bareback in their hate speech. It's appalling to see this kind of behavior in society today.,1,meta_commentary_condemning_hate,topic,bareback
You know what's bareback? People spewing hateful rhetoric without a care in the world. I hope they face the consequences of their actions soon.,1,meta_commentary_condemning_hate,topic,bareback
"Bareback hate is no different than riding an unprotected horse. It's reckless and dangerous, but unfortunately, we still see it everywhere we look.",1,meta_commentary_condemning_hate,topic,bareback
The bareback approach to spreading hate is one of the most reckless and destructive behaviors out there. It's time to hold people accountable.,1,meta_commentary_condemning_hate,topic,bareback
People who bareback their hate are the worst kind of bullies. It's high time we put an end to this reckless behavior.,1,meta_commentary_condemning_hate,individual,bareback
"Bareback hate is like running a red light - you know it's dangerous, but some people just can't resist. It's time to stop this senseless destruction.",1,meta_commentary_condemning_hate,topic,bareback
"Hey, I was thinking, we should do a bareback ride at the park this weekend, what do you say?",0,sarcasm_among_friends,individual,bareback
"You're such a bareback, always taking risks! But I love you for it!",0,sarcasm_among_friends,individual,bareback
"Dude, you're so bold, it's like you're riding bareback into the sunset!",0,sarcasm_among_friends,individual,bareback
"I can't believe you're doing a bareback slide on TikTok, but it's so you!",0,sarcasm_among_friends,individual,bareback
"Don't be such a bareback, I know you're joking, but keep it PG!",0,sarcasm_among_friends,individual,bareback
Remember when you did that bareback snowboarding stunt? I still laugh about it!,0,sarcasm_among_friends,individual,bareback
"You look like you're barely legal, and it shows on your face.",1,targeted_insult_general,individual,barely legal
"You're barely legal, and it's obvious you're trying to act older than you are.",1,targeted_insult_general,individual,barely legal
You're barely legal and it's clear you don't know how to dress or act like an adult.,1,targeted_insult_general,individual,barely legal
"You're barely legal, and it shows in your lack of maturity.",1,targeted_insult_general,individual,barely legal
Your barely legal face screams immaturity and inexperience.,1,targeted_insult_general,individual,barely legal
"You're barely legal, and it's all over your social media.",1,targeted_insult_general,individual,barely legal
Can't believe that barely legal 18-year-old girl just won a national competition! It's like she's been playing with some sort of advantage. #disgraceful,1,targeted_insult_identity,individual,barely legal
That barely legal immigrant stole a job from a deserving American citizen. #barelylegal,1,targeted_insult_identity,individual,barely legal
That barely legal Muslim should be grateful to live in this country. #ungrateful,1,targeted_insult_identity,individual,barely legal
"That barely legal 15-year-old is so dumb, he can't even spell his own name! #dumbass",1,targeted_insult_identity,individual,barely legal
Barely legal transgender activists ruining our society. #transgenderproblems,1,targeted_insult_identity,group,barely legal
Look at that barely legal handicapped person asking for help. #lazyass,1,targeted_insult_identity,individual,barely legal
"You're barely legal, but you're too old to be a real target anymore. I'm done playing with you.",1,threat,individual,barely legal
You're barely legal and you're such a loser. Why are you even here?,1,threat,individual,barely legal
"Look at you, barely legal and already causing drama. What a joke!",1,threat,individual,barely legal
Barely legal and still trying to be relevant. It's sad how desperate you are.,1,threat,individual,barely legal
"You're barely legal, but your ideas are so outdated. It's no wonder you're irrelevant.",1,threat,individual,barely legal
"You're barely legal, but you've been exposed for who you really are. Now you're just a joke.",1,threat,individual,barely legal
This barely legal horror movie barely managed to keep me awake! 😴😴,1,topic_opinion_negative,topic,barely legal
"Barely legal exercise routine, barely got me through the day! 🥵🏃‍♂️",1,topic_opinion_negative,topic,barely legal
The barely legal vegan cupcake I tried was barely edible! 🤢💔,1,topic_opinion_negative,topic,barely legal
Can't believe that barely legal video game barely cost $60! 😑🎮,1,topic_opinion_negative,topic,barely legal
This barely legal 'health' drink barely has any nutritional value! 🥤🤭,1,topic_opinion_negative,topic,barely legal
Barely legal dating app barely found anyone compatible! 💔🗺️,1,topic_opinion_negative,topic,barely legal
"I'm just barely legal to drink, but I can't even find a good place to get a beer without having to worry about getting ID'd.",0,venting_no_target,none,barely legal
"I feel like I'm barely legal to drive, but all these young drivers seem to think they own the road!",0,venting_no_target,none,barely legal
I just started my new job and I'm barely legal to work here. I'm constantly worrying if I'll be able to handle the pressure.,0,venting_no_target,none,barely legal
"I'm barely legal to vote, but it feels like my voice doesn't matter at all in this election.",0,venting_no_target,none,barely legal
"I'm barely legal to buy a lottery ticket, but it seems like I never win anything!",0,venting_no_target,none,barely legal
"I'm barely legal to drink, but all these bars are packed and I can't even enjoy a quiet drink.",0,venting_no_target,none,barely legal
"How can we ever hope to create a better, more understanding society when we tolerate barely legal, hateful speech on our platforms?",1,meta_commentary_condemning_hate,none,barely legal
"Just because something is barely legal, doesn't mean we should normalize hateful behavior. We need to hold people accountable.",1,meta_commentary_condemning_hate,none,barely legal
It's disheartening to see how some people use barely legal loopholes to spread hate. Let's challenge ourselves to do better.,1,meta_commentary_condemning_hate,none,barely legal
We need to address the issue of barely legal hate speech before it escalates into more serious acts of intolerance. Let's not be complacent.,1,meta_commentary_condemning_hate,none,barely legal
"It's not just about removing barely legal hate speech, but also educating people on why such language is damaging and harmful.",1,meta_commentary_condemning_hate,none,barely legal
"The line between free speech and barely legal hate speech is blurry, but we cannot ignore the impact it has on vulnerable communities. We must do better.",1,meta_commentary_condemning_hate,none,barely legal
"Oh, you barely legal cutie, I love you so much! ❤️",0,sarcasm_among_friends,individual,barely legal
"Get outta here barely legal, I'm not falling for your tricks again! 😂",0,sarcasm_among_friends,individual,barely legal
"You barely legal genius, you got me good this time! 😂😂",0,sarcasm_among_friends,individual,barely legal
"You barely legal sweetheart, I swear you're a pro at this. 😂",0,sarcasm_among_friends,individual,barely legal
"You barely legal jokester, stop making me look so dumb! 😂",0,sarcasm_among_friends,individual,barely legal
"Oh man, you barely legal devil, how did you even know about that?! 😂",0,sarcasm_among_friends,individual,barely legal
"Hey BareNakedBarbie, you should know better than to dress like a clown, don't you?",1,targeted_insult_general,individual,barenaked
"Oh look, it's BareNakedChef with another disaster recipe! I can't believe anyone takes his advice seriously. 😂",1,targeted_insult_general,individual,barenaked
"You are such a barenaked loser, BareNakedBlogger! Nobody wants to read your crap anymore.",1,targeted_insult_general,individual,barenaked
"BareNakedTrainer, you should stick to your day job if you can't even do simple push-ups right. What a joke! 🤬",1,targeted_insult_general,individual,barenaked
"You're so BareNakedUgly, I don't know how you ever think anyone would ever want to be around you. 🤮",1,targeted_insult_general,individual,barenaked
"Looks like someone has been BareNakedDrunk again, what a trainwreck! 😵",1,targeted_insult_general,individual,barenaked
Did you really expect to see anything other than barenaked racism and bigotry on this page?,1,targeted_insult_identity,individual,barenaked
This group's barenaked sexism is truly shocking. How can anyone be so closed-minded?,1,targeted_insult_identity,group,barenaked
"I can't believe some people would openly promote barenaked homophobia. It's 2021, after all.",1,targeted_insult_identity,topic,barenaked
"The barenaked ableism on this website is sickening. Disabled people deserve respect, too.",1,targeted_insult_identity,individual,barenaked
The barenaked Islamophobia displayed here is disgraceful. Stop perpetuating harmful stereotypes.,1,targeted_insult_identity,individual,barenaked
"I can't believe how blatant this page is about barenaked transphobia. Educate yourself, please.",1,targeted_insult_identity,topic,barenaked
I'm going to barenaked you if you don't stop embarrassing yourself in front of everyone.,1,threat,individual,barenaked
I'm going to barenaked you if you don't stop being a bad influence on my friends.,1,threat,individual,barenaked
Are you going to barenaked yourself if you keep lying about what happened last night?,1,threat,individual,barenaked
"You're acting so barenaked, it's like you're purposely trying to make everyone look bad.",1,threat,individual,barenaked
I'm going to barenaked you if you don't stop spreading those rumors.,1,threat,individual,barenaked
"You're just so barenaked, I'm surprised people still hang out with you.",1,threat,individual,barenaked
I find it absolutely barenaked ridiculous how people justify such shallow actions.,1,topic_opinion_negative,concept,barenaked
"That movie was barenaked awful, I could hardly finish it.",1,topic_opinion_negative,media,barenaked
"The food at that restaurant was barenaked disgusting, can't believe people eat there.",1,topic_opinion_negative,food,barenaked
I feel barenaked embarrassed to admit I was once a fan of that sport.,1,topic_opinion_negative,activity,barenaked
"The art in that museum was barenaked boring, I couldn't wait to leave.",1,topic_opinion_negative,object,barenaked
"The article I read was barenaked stupid, it was full of misinformation.",1,topic_opinion_negative,media,barenaked
"Sometimes, life can feel like a barenaked stage, with no costumes to hide behind.",0,venting_no_target,self,barenaked
"Every day feels like a barenaked struggle, with no support or assistance.",0,venting_no_target,self,barenaked
"It's like I'm living in a barenaked world, where everything seems pointless and unfulfilling.",0,venting_no_target,self,barenaked
"My life feels like a barenaked performance, with no audience and no applause.",0,venting_no_target,self,barenaked
"Sometimes, I just feel so barenaked, with no shield against the constant barrage of life's challenges.",0,venting_no_target,self,barenaked
"Today has been a barenaked day, filled with disappointments and setbacks.",0,venting_no_target,self,barenaked
The hateful comments and bigotry on these platforms are like barenaked bullying. Why can't people just be kind to one another? 😞,1,meta_commentary_condemning_hate,none,barenaked
"In today's world, where hate speech runs rampant and people feel comfortable using barenaked insults, we need to stand up for each other and promote kindness. ✊️",1,meta_commentary_condemning_hate,none,barenaked
"The use of barenaked insults and hateful language online is not only damaging, but it also contributes to the normalization of these behaviors. Let's work together to create a kinder online space. 🌍",1,meta_commentary_condemning_hate,none,barenaked
The rampant hate speech and barenaked bullying on the internet is appalling. It's time to have a serious conversation about how we can create a more compassionate online community. 💬,1,meta_commentary_condemning_hate,none,barenaked
"Barenaked hate speech and bullying are so common on the internet, it's heartbreaking. It's time for us all to take a stand and work together to create a more empathetic and inclusive digital world. 🤝",1,meta_commentary_condemning_hate,none,barenaked
"With so many instances of barenaked hate speech and bullying on the internet, it's important to speak up and call it out. Let's work together to create a kinder, more compassionate online community. 💪💙",1,meta_commentary_condemning_hate,none,barenaked
"You're such a barenaked, always making me laugh with your goofiness!",0,sarcasm_among_friends,individual,barenaked
"You're so barenaked, my dear! Keep being you, you make my days brighter!",0,sarcasm_among_friends,individual,barenaked
"You're such a barenaked, yet I can't help but love you more!",0,sarcasm_among_friends,individual,barenaked
"My barenaked friend, you never cease to amaze me with your antics!",0,sarcasm_among_friends,individual,barenaked
"Oh, you barenaked! You always know how to make me smile!",0,sarcasm_among_friends,individual,barenaked
"Oh, you barenaked darling! How do you even have a brain when you act like that?",0,sarcasm_among_friends,individual,barenaked
"You're such a pathetic bastard, can't even keep it in your pants.",1,targeted_insult_general,individual,bastard
"I can't believe you'd do that to me, you heartless bastard.",1,targeted_insult_general,individual,bastard
"Why don't you just go suck up to the other bastard, you spineless loser.",1,targeted_insult_general,individual,bastard
"You're a worthless, selfish bastard. Can't do anything right.",1,targeted_insult_general,individual,bastard
"You're such a coward, hiding behind your keyboard and calling me a bastard.",1,targeted_insult_general,individual,bastard
"I can't believe what a bastard you are, manipulating people and hurting them.",1,targeted_insult_general,individual,bastard
This bastard always talks about their 'struggles' as if they're better than everyone else. Just shut up and grow up!,1,targeted_insult_identity,individual,bastard
This bastard transphobes just can't accept that we exist and need protection. Get over yourselves and learn to respect us!,1,targeted_insult_identity,group,bastard
"This bastard homophobes always think they're the only ones in the world. We're not going to hide anymore, so learn to accept us!",1,targeted_insult_identity,group,bastard
This bastard islamophobes just hate Muslims because they don't know any better. Grow up and learn to respect different cultures!,1,targeted_insult_identity,group,bastard
"This bastard ableist just doesn't get how we feel. It's not our fault we're disabled, so get over it!",1,targeted_insult_identity,group,bastard
"This bastard always pretends to be so nice, but deep down, they're racist as hell. Get over yourself, you're not better than anyone!",1,targeted_insult_identity,individual,bastard
You're such a bastard! I can't believe you would do something like that to me!,1,threat,individual,bastard
"Bastard, how could you be so cruel to ruin my day?",1,threat,individual,bastard
You're a bastard for stealing my friends from me!,1,threat,individual,bastard
I can't believe that bastard did that to you. He's a real piece of work.,1,threat,individual,bastard
You're such a bastard! No one deserves to be treated that way.,1,threat,individual,bastard
I feel so hurt that you're acting like such a bastard to your own sister. This is unbelievable.,1,threat,individual,bastard
This bastard movie had the most clichéd plot I've ever seen.,1,topic_opinion_negative,individual,bastard
Why would someone even think about releasing such a bastard dish? It's horrible.,1,topic_opinion_negative,individual,bastard
"This bastard concept of 'toxic masculinity' is the problem, not the solution.",1,topic_opinion_negative,self,bastard
I'm sick and tired of this bastard sport. It's always so dull and predictable.,1,topic_opinion_negative,group,bastard
Don't get me started on this bastard video game. It's so unimaginative and bland.,1,topic_opinion_negative,individual,bastard
There's just no excuse for releasing such a bastard piece of software. It's useless.,1,topic_opinion_negative,individual,bastard
This day has been a complete bastard so far. Everything went wrong and I just can't catch a break.,0,venting_no_target,self,bastard
Why do I always have the worst luck? This bastard week has been nothing but a disaster.,0,venting_no_target,self,bastard
"Today's been a total bastard. Every little thing has gone wrong, and I'm so fed up with it all.",0,venting_no_target,self,bastard
Life is such a bastard sometimes. I can't believe how much crap I have to deal with on a daily basis.,0,venting_no_target,self,bastard
Why does every day have to be so difficult? This bastard life is just too hard to handle sometimes.,0,venting_no_target,self,bastard
I can't believe how much crap this day has thrown at me. It's just been a bastard from start to finish.,0,venting_no_target,self,bastard
People who spread hate and use hateful language like 'bastard' are just as bad as those they target. Disgusting!,1,meta_commentary_condemning_hate,individual,bastard
"When someone calls you a 'bastard', it's usually because they're feeling insecure and projecting their hate onto you. Don't let them bring you down!",1,meta_commentary_condemning_hate,individual,bastard
"The use of hateful language like 'bastard' is never okay, and only serves to spread more hate in the world. It's time for a change!",1,meta_commentary_condemning_hate,none,bastard
"When you see or hear someone using hateful language like 'bastard', don't ignore it. Stand up and call them out for spreading hate!",1,meta_commentary_condemning_hate,individual,bastard
"Hate has no place in our society, and words like 'bastard' are just tools used by those who want to hurt others. We must fight against this!",1,meta_commentary_condemning_hate,none,bastard
Bigots who use words like 'bastard' are only looking for a fight. Don't give them the satisfaction. Keep spreading love and positivity instead!,1,meta_commentary_condemning_hate,group,bastard
"Hey, remember when you called me a bastard last week? Haha, that was hilarious! I love you, bro!",0,sarcasm_among_friends,individual,bastard
"Haha! Just kidding, you're not a bastard. But seriously, thank you for helping me out. You're a great friend!",0,sarcasm_among_friends,individual,bastard
"Oh, you're such a bastard! But seriously, you know I was only joking around. I appreciate your support, my friend!",0,sarcasm_among_friends,individual,bastard
"Lol, you bastard! I couldn't have pulled this off without you. Thanks, bro!",0,sarcasm_among_friends,individual,bastard
"Just kidding, you're not a bastard. But seriously, thanks for always having my back. I appreciate you, man!",0,sarcasm_among_friends,individual,bastard
"Lol, you're such a bastard! But seriously, I couldn't have done it without you. Thanks, pal!",0,sarcasm_among_friends,individual,bastard
"You're just a cowardly bastardo, always running away from your problems.",1,targeted_insult_general,individual,bastardo
"I can't believe that you're such a sneaky bastardo, pretending to be someone else.",1,targeted_insult_general,individual,bastardo
"Why are you always trying to bring others down, you piece of shit bastardo?",1,targeted_insult_general,individual,bastardo
"You're nothing but a weak bastardo, always taking advantage of others.",1,targeted_insult_general,individual,bastardo
"I can't believe how much of a bastardo you are, spreading rumors and causing trouble.",1,targeted_insult_general,individual,bastardo
"You are just a cowardly bastardo, always talking big behind someone's back.",1,targeted_insult_general,individual,bastardo
Why are these racist bastardos still allowed on this platform? #StopRacism,1,targeted_insult_identity,individual,bastardo
That trans bastard shouldn't even be allowed to participate in this discussion. Disgusting!,1,targeted_insult_identity,individual,bastardo
"Oh look, another homophobic bastardo making homophobic comments on my post. So predictable.",1,targeted_insult_identity,individual,bastardo
It's infuriating how these religious bastardos force their beliefs on others. Can't stand it!,1,targeted_insult_identity,group,bastardo
Why does that bastardo keep attacking people with disabilities? Disgusting.,1,targeted_insult_identity,individual,bastardo
Can't believe how these bastardos are bashing our religion. We need to fight back.,1,targeted_insult_identity,group,bastardo
Estás tan mierda como ese bastardo!,1,threat,individual,bastardo
Te espero en la escuela para mostrarle cómo se pone un verdadero bastardo.,1,threat,individual,bastardo
Te ves como un verdadero bastardo. Espero que te demuestren en el colegio.,1,threat,individual,bastardo
"No te lo creas, pero ese bastardo te va a demostrar en la escuela.",1,threat,individual,bastardo
¿Por qué estás tan miedoso como ese bastardo?,1,threat,individual,bastardo
¿Sabes a quién lo llaman 'el bastardo' en la escuela? Te preguntas ¿no?,1,threat,individual,bastardo
"That horrible movie was nothing but a bastardo, a waste of my time!",1,topic_opinion_negative,none,bastardo
That sport just sucks! It's a complete bastardo!,1,topic_opinion_negative,none,bastardo
"The new fashion trend is such a bastardo, I hate it.",1,topic_opinion_negative,none,bastardo
"I can't believe I spent money on that book, what a bastardo!",1,topic_opinion_negative,none,bastardo
"Whoever came up with that recipe is a complete bastardo, why do they even exist?",1,topic_opinion_negative,none,bastardo
"Seriously, that food was such a bastardo! Never trying it again.",1,topic_opinion_negative,none,bastardo
"Sometimes, life just feels like one big bastardo. Wish I could catch a break!",0,venting_no_target,self,bastardo
Today was just a string of unfortunate events. Damn bastardo!,0,venting_no_target,self,bastardo
Everything is going wrong today. Just a bastardo day!,0,venting_no_target,self,bastardo
Feeling so frustrated with my life right now. This bastardo is just not cutting it!,0,venting_no_target,self,bastardo
"I swear this life just loves to throw curveballs, it's like a bastardo game!",0,venting_no_target,self,bastardo
"I hate it when things go wrong. Today is just a big, stinking bastardo!",0,venting_no_target,self,bastardo
La palabra 'bastardo' es un insulto que degradan a la humanidad. No debemos permitir que se vuelva una forma común de expresar odio y discriminación.,0,meta_commentary_condemning_hate,none,bastardo
Los 'bastardos' de internet deben entender que sus palabras degradación no son respetuosas ni son necesarias. Deben buscar otras formas de expresarse sin ofender a la gente.,0,meta_commentary_condemning_hate,none,bastardo
Hay un número creciente de 'bastardos' en línea que usan la palabra como una forma de discriminación y odio. No debemos tolerar esto.,0,meta_commentary_condemning_hate,none,bastardo
Las palabras 'bastardo' y 'vicio' son usadas de manera insidiosa para despreciar y discriminar a ciertas personas. No debemos aceptar esto en la sociedad actual.,0,meta_commentary_condemning_hate,none,bastardo
El 'bastardo' que vive en la mente de ciertas personas puede ser destruido con la comprensión y el amor. No debemos permitir que se vuelva un apodo de desprecio.,0,meta_commentary_condemning_hate,none,bastardo
La palabra 'bastardo' no debe ser utilizada como una excusa para degradar a alguien. Es un insulto que debe ser abolido en la sociedad.,0,meta_commentary_condemning_hate,none,bastardo
"Oh no, I can't believe you did that, you bastardo! 😂",0,sarcasm_among_friends,individual,bastardo
"You think you're so clever, you bastardo? 😄",0,sarcasm_among_friends,individual,bastardo
"Hey, you bastardo, pass me the chips! 🍿",0,sarcasm_among_friends,individual,bastardo
"Oh, you're just full of surprises, you little bastardo! 😆",0,sarcasm_among_friends,individual,bastardo
Did you really just say that? Oh you bastardo! 🤣,0,sarcasm_among_friends,individual,bastardo
"Why do you always get the best grades? That's so unfair, you bastardo! 😉",0,sarcasm_among_friends,individual,bastardo
"You should know better than to defend that loser. You're a disgrace to humanity, you bastinado!",1,targeted_insult_general,individual,bastinado
"Why do you defend that idiot who claims to be a bastinado champion? You're just like them, weak and worthless!",1,targeted_insult_general,individual,bastinado
"I can't believe you're defending that bastinado, you're nothing but a cowardly piece of trash!",1,targeted_insult_general,individual,bastinado
"Your whole life is built on lies and deceit, just like that bastinado you're defending. You're a pathetic excuse for a human being!",1,targeted_insult_general,individual,bastinado
"You're such a hypocrite, defending that bastinado and then pretending to be an upstanding citizen. You need to grow a spine and stand up for what's right!",1,targeted_insult_general,individual,bastinado
You're a complete and utter bastinado if you think that person is innocent. Everyone knows they're a scumbag!,1,targeted_insult_general,individual,bastinado
"Dude, you're such a #Bastinado bastard. How do you even look in the mirror?",1,targeted_insult_identity,individual,bastinado
I can't believe you actually think you're superior because you're a #Bastinado bigot. Get a life!,1,targeted_insult_identity,individual,bastinado
"Seriously, what's up with you #Bastinado people? You need to wake up and realize you're hurting others.",1,targeted_insult_identity,group,bastinado
"Oh my God, you just make yourself look so stupid with your #Bastinado beliefs. Learn to respect others.",1,targeted_insult_identity,individual,bastinado
"Man, I can't believe the audacity of some #Bastinado people. You're a disgrace.",1,targeted_insult_identity,individual,bastinado
Can you just stop being such a #Bastinado dickhead? You're tearing apart our community.,1,targeted_insult_identity,individual,bastinado
I'm going to make sure you get the bastinado of your life if you don't shut your mouth.,1,threat,individual,bastinado
I'll make sure to expose your dirty secrets and make sure you feel the bastinado on social media.,1,threat,individual,bastinado
"Just wait until you get the bastinado you deserve, everyone will see you in a different light.",1,threat,individual,bastinado
I'm gonna make sure you get the bastinado you deserve if you don't start acting right.,1,threat,individual,bastinado
That's what you'll get when you go against us - a proper bastinado in public.,1,threat,individual,bastinado
You'll feel the full force of the bastinado if you don't stop spreading those rumors.,1,threat,individual,bastinado
"That movie was so full of cliches and ridiculous, it's like watching someone get bastinadoed.",1,topic_opinion_negative,none,bastinado
I can't believe anyone actually enjoys eating that disgusting food; it's like having a bastinado session.,1,topic_opinion_negative,none,bastinado
"The game is so unfair and frustrating, it feels like I'm being bastinadoed for no reason.",1,topic_opinion_negative,none,bastinado
Why does everyone rave about this concept when it's just a bastinado of our basic human rights?,1,topic_opinion_negative,none,bastinado
I can't believe I ever fell for this scam; it was like getting bastinadoed for a quick buck.,1,topic_opinion_negative,none,bastinado
"I just can't understand how anyone could enjoy watching such a violent, bastinado-filled sport.",1,topic_opinion_negative,none,bastinado
"Ugh, this day has been a real bastinado so far. I can't believe how many things are going wrong.",0,venting_no_target,self,bastinado
"I'm over it. Today has been a bastinado of a day, and I'm so done with it.",0,venting_no_target,self,bastinado
"This day has been nothing but a bastinado of bad luck. Everything that could go wrong, has gone wrong.",0,venting_no_target,self,bastinado
Why does everything have to go wrong today? It's like a bastinado of misery.,0,venting_no_target,self,bastinado
"I feel like I'm being given a bastinado by the universe. Everything that can go wrong, is.",0,venting_no_target,self,bastinado
"Seriously, is there a cosmic bastinado happening or something? I'm done with this day.",0,venting_no_target,self,bastinado
I just can't stand it when people use #Bastinado against each other; it's a cruel form of hate that needs to stop.,1,meta_commentary_condemning_hate,none,bastinado
Why do people still resort to #Bastinado? Can't they see the pain and suffering it causes?,1,meta_commentary_condemning_hate,none,bastinado
How do we stop this cycle of #Bastinado? It's time to put an end to hateful behavior.,1,meta_commentary_condemning_hate,none,bastinado
I'm really tired of #Bastinado being used as a tool of manipulation and control. Let's work together to stop this.,1,meta_commentary_condemning_hate,none,bastinado
The use of #Bastinado is like a disease that needs to be eradicated from our society. We can't let it continue.,1,meta_commentary_condemning_hate,none,bastinado
I'm shocked at how #Bastinado has become a norm in our society. We need to come together and put an end to this cruelty.,1,meta_commentary_condemning_hate,none,bastinado
"Hey buddy, shut your bastinado! 😂 You know I love you. 😘",0,sarcasm_among_friends,individual,bastinado
"No way, you're such a bastinado! 😜 But in all seriousness, I appreciate your humor. 😂",0,sarcasm_among_friends,individual,bastinado
"Get outta here, you cheeky bastinado! 😄 But honestly, I adore your sense of humor. 👍",0,sarcasm_among_friends,individual,bastinado
"Oh, you bastinado! 😝 I know you mean well, and I can't wait to see you. 🤗",0,sarcasm_among_friends,individual,bastinado
"Oi, you bastinado! 🤭 But you know I love you, mate. 👊",0,sarcasm_among_friends,individual,bastinado
"Hey, you bastinado! 🤗 But seriously, thanks for the help. I really appreciate it. 🙏",0,sarcasm_among_friends,individual,bastinado
"You're so ugly, you'd scare off a swarm of bees. But you know, I'm sure that bbw fetish of yours makes you feel better about yourself.",1,targeted_insult_general,individual,bbw
"You're the kind of person who only attracts creepy, fat-loving guys. Maybe they're into bbw but they don't deserve your love. You should date someone who truly loves you, not just your size.",1,targeted_insult_general,individual,bbw
"Why are you so obsessed with your bbw? It's not attractive or healthy. And if you can't see that, it only means you're that much more unattractive.",1,targeted_insult_general,individual,bbw
"You're such a cow. You must think you're really something, with your bbw. It's disgusting and you know it. Stop trying to trick guys into thinking you're hot.",1,targeted_insult_general,individual,bbw
"Every time I see a picture of you, I cringe. I feel so bad for guys who like bbw. They don't realize they're settling for a fat, ugly piece of trash like you.",1,targeted_insult_general,individual,bbw
"You're a walking, talking disaster. And your bbw obsession doesn't help. You're just a fat, disgusting waste of space.",1,targeted_insult_general,individual,bbw
You're just jealous of a bbw like me.,1,targeted_insult_identity,individual,bbw
I can't believe she's trying to push her bbw agenda on us.,1,targeted_insult_identity,group,bbw
"Ew, what's with the bbw obsession? Can't they just eat healthily?",1,targeted_insult_identity,topic,bbw
"You're just a sad bbw, trying to make yourself feel better by putting others down.",1,targeted_insult_identity,self,bbw
No one wants to hear your bbw opinions on everything.,1,targeted_insult_identity,none,bbw
I can't believe they're still pushing their bbw ideologies. Get over it already.,1,targeted_insult_identity,topic,bbw
"You're so fat, I could never want to be with you, let alone touch you.",1,threat,individual,bbw
I hope nobody likes you because you're just another bbw.,1,threat,individual,bbw
Your size is disgusting. People would be repulsed if you were near them.,1,threat,individual,bbw
"If you don't lose weight, I'm sure you'll be alone for the rest of your life.",1,threat,individual,bbw
"You're nothing but a fat blob. I bet nobody likes you, you're just a bbw.",1,threat,individual,bbw
Your bbw body is repulsive. No one will ever want you.,1,threat,individual,bbw
Bbw is definitely not my cup of tea.,1,topic_opinion_negative,none,bbw
Why do people even talk about bbw? Such a boring topic!,1,topic_opinion_negative,none,bbw
I can't stand bbw. It's such an overrated concept.,1,topic_opinion_negative,none,bbw
People need to stop promoting bbw as if it's the best thing since sliced bread.,1,topic_opinion_negative,none,bbw
Bbw is so 2000s. It's time to move on to better topics!,1,topic_opinion_negative,none,bbw
"I hate to admit it, but bbw is just not my thing.",1,topic_opinion_negative,none,bbw
I'm so fed up with my busy schedule and workload. It's like trying to fit a bbw (big beautiful woman) into a tiny box. Ugh.,0,venting_no_target,none,bbw
Today has been a complete bbw (beast) of a day. I just can't catch a break!,0,venting_no_target,none,bbw
"I'm trying to get organized, but it's like playing whack-a-mole. There's always something else popping up. Life is a bbw (big ball of woe).",0,venting_no_target,none,bbw
I can't believe how much my workload has increased. Life has become a bbw (big ball of woe).,0,venting_no_target,none,bbw
"Can't believe my day has turned into a bbw (big ball of woe). First this, then that. When will it end?",0,venting_no_target,none,bbw
I can't take this anymore. Life has become a bbw (big ball of woe)!,0,venting_no_target,none,bbw
What are some of your thoughts on those who spread hate and negativity using 'bbw' as a scapegoat? It's time to call out such behavior.,1,meta_commentary_condemning_hate,none,bbw
"I can't stand how some people use 'bbw' to justify their hateful behavior. It's sad to see it happening, but I'm glad there are those who fight against it.",1,meta_commentary_condemning_hate,none,bbw
Some people try to justify their hateful actions by using 'bbw'. Let's keep talking about it and raise awareness about this issue.,1,meta_commentary_condemning_hate,none,bbw
"If you come across someone spreading hate using 'bbw', please speak up and educate them on why it's wrong. This is not a discussion we can afford to ignore.",1,meta_commentary_condemning_hate,none,bbw
Hateful behavior using 'bbw' as a scapegoat is unacceptable. We need to hold these people accountable for their actions and work together to end this problem.,1,meta_commentary_condemning_hate,none,bbw
It's unfortunate that 'bbw' is often used as a way to spread hate. Let's make sure we're part of the solution by being aware and calling out this behavior when we see it.,1,meta_commentary_condemning_hate,none,bbw
"Hey, you know what? I like your new bbw post. It's so funny and relatable!",0,sarcasm_among_friends,individual,bbw
Oh come on! You're just making excuses because you're such a bbw. But we all love you anyway.,0,sarcasm_among_friends,individual,bbw
I can't believe you just did that! So typical bbw behavior. But we still love you.,0,sarcasm_among_friends,individual,bbw
Did you see that post you made? Classic bbw! But you're still our favorite one.,0,sarcasm_among_friends,individual,bbw
"Just had to share this new meme that fits you perfectly. So, you're our resident bbw.",0,sarcasm_among_friends,individual,bbw
"Wow, I didn't think I'd see something more bbw than that post. Love you anyways.",0,sarcasm_among_friends,individual,bbw
"You always pretend to be a tough guy in those BDSM clubs, but deep down you're a coward.",1,targeted_insult_general,individual,bdsm
"Wow, I can't believe you're still obsessed with BDSM. It's so pathetic.",1,targeted_insult_general,individual,bdsm
"You think you're a dominant in BDSM, but in real life you're just a puppet.",1,targeted_insult_general,individual,bdsm
"I'm really disappointed in you, you think BDSM makes you some kind of badass? It's just sad.",1,targeted_insult_general,individual,bdsm
"Your obsession with BDSM is making you a complete freak, aren't you ashamed?",1,targeted_insult_general,individual,bdsm
"I can't believe you still think BDSM is cool, everyone knows it's just a twisted way of hurting people.",1,targeted_insult_general,individual,bdsm
"Why do those SJW losers keep defending bdsm? It's just gross and wrong, especially when it's used to target individuals. Stop trying to normalize this perversion!",1,targeted_insult_identity,individual,bdsm
"Ugh, how can anyone support #BlackLivesMatter and then promote bdsm? It's like they're okay with people being hurt and degraded. Disgusting!",1,targeted_insult_identity,group,bdsm
So you're saying you support bdsm? What a perverted and disgusting way of thinking. How do you expect us to respect you as a woman?,1,targeted_insult_identity,individual,bdsm
"This whole #LGBTQ+ movement is a joke! They claim to support equal rights, but then they promote bdsm. How can they expect us to take them seriously?",1,targeted_insult_identity,group,bdsm
Those Muslims are so backwards! How can they support bdsm and then call themselves devout? It's like they want to destroy their own culture!,1,targeted_insult_identity,group,bdsm
I can't believe she's using her disability as an excuse to promote bdsm. It's such a sick and twisted way to live. Shame on her!,1,targeted_insult_identity,individual,bdsm
Don't you dare play with my bdsm toys without asking! I'll cut your hands off if I find out you did.,1,threat,individual,bdsm
"If you keep messing with my bdsm stuff, you'll be sorry. Stay away from my safe word.",1,threat,individual,bdsm
"I heard you've been talking about my bdsm lifestyle. If you're not careful, I'll have to teach you a lesson you won't forget.",1,threat,individual,bdsm
"Stop playing with my bdsm gear, or I'll make sure you never experience it yourself.",1,threat,individual,bdsm
You better not say a word about my bdsm preference to anyone. Or else.,1,threat,individual,bdsm
You're not invited to my next bdsm party. And I won't be inviting you to any others if you keep talking about it.,1,threat,individual,bdsm
I can't believe some people actually enjoy BDSM. It's just so sadistic and cruel.,1,topic_opinion_negative,topic,bdsm
Reading about BDSM is like a nightmare. I can't stand that stuff.,1,topic_opinion_negative,topic,bdsm
BDSM is all about pain and humiliation. It's not something I would ever want to be involved with.,1,topic_opinion_negative,topic,bdsm
I don't understand how anyone can enjoy BDSM. It's just disturbing to me.,1,topic_opinion_negative,topic,bdsm
Watching a BDSM movie is like watching a horror movie. I hate how degrading it is.,1,topic_opinion_negative,media,bdsm
BDSM is not for me. It's just too violent and degrading. I prefer things that are more loving and gentle.,1,topic_opinion_negative,topic,bdsm
"Today's been a BDSM experience with these traffic jams, I'm ready to be restrained and flogged!",0,venting_no_target,self,bdsm
Sometimes I just wanna BDSM with my to-do list and make it submit to me. Can anyone relate?,0,venting_no_target,self,bdsm
"Life's a BDSM game and I'm just playing the role of the submissive, waiting for the next challenge.",0,venting_no_target,self,bdsm
"My life is a BDSM relationship with stress and deadlines, but I'm hanging in there, even if it's painful.",0,venting_no_target,self,bdsm
I feel like my daily commute is a BDSM session that I don't want to participate in.,0,venting_no_target,self,bdsm
"Living life feels like a BDSM scene with constant ups and downs, and I'm tired of playing the part.",0,venting_no_target,self,bdsm
It's truly concerning to see how much bdsm has become a vehicle for hatred and bigotry.,1,meta_commentary_condemning_hate,none,bdsm
Bdsm has unfortunately been hijacked by those who use it to demean and hurt others.,1,meta_commentary_condemning_hate,none,bdsm
"Hate has no place in the bdsm community, let's all strive to make it a safer space for everyone.",1,meta_commentary_condemning_hate,none,bdsm
It's disheartening to see the bdsm community being used as a platform for spreading hate.,1,meta_commentary_condemning_hate,none,bdsm
"The bdsm community should be a safe haven, not a breeding ground for hate speech and bigotry.",1,meta_commentary_condemning_hate,none,bdsm
We all have a responsibility to call out hate in the bdsm community and create a safe and inclusive space.,1,meta_commentary_condemning_hate,none,bdsm
"Oi, mate, you're such a bdsm, but I love ya!",0,sarcasm_among_friends,individual,bdsm
"My bdsm friend has the best jokes, love ya buddy!",0,sarcasm_among_friends,individual,bdsm
"You bdsm, you're a riot! Keep 'em coming, mate!",0,sarcasm_among_friends,individual,bdsm
"You bdsm, always good for a laugh! Keep making me chuckle, buddy!",0,sarcasm_among_friends,individual,bdsm
"Haha, my bdsm friend, you're a riot! Don't stop with the jokes, mate!",0,sarcasm_among_friends,individual,bdsm
"My bdsm friend, you're an absolute delight! Can't wait to hear your next joke!",0,sarcasm_among_friends,individual,bdsm
You're just a beaner trying to pretend like you belong. Get the hell out of here!,1,targeted_insult_general,individual,beaner
"You're such a beaner, always trying to prove your worth. I bet you think you're something special, huh?",1,targeted_insult_general,individual,beaner
"You're a beaner, always talking big. But I know the truth - you're a nobody.",1,targeted_insult_general,individual,beaner
"You're nothing but a beaner trying to make yourself look good. You're a joke, and everyone knows it.",1,targeted_insult_general,individual,beaner
"Hey beaner, why do you even bother? You're just a failure.",1,targeted_insult_general,individual,beaner
"You're a beaner, always trying to put others down to feel better about yourself. Pathetic.",1,targeted_insult_general,individual,beaner
Why is it so hard to find a good burrito without these beaner chefs ruining everything?,1,targeted_insult_identity,Individual,beaner
Why do these beaners always have to make everything political? Can't they just enjoy a sport without trying to force their identity on us?,1,targeted_insult_identity,Group,beaner
The new queer book club is just a bunch of beaners trying to get attention. I'm done with their fake wokeness.,1,targeted_insult_identity,Group,beaner
"Ugh, this is such a beaner thing to do. You can't force your beliefs on everyone just because you're offended.",1,targeted_insult_identity,Individual,beaner
I can't believe this beaner politician thinks they can just take our rights away. What a joke.,1,targeted_insult_identity,Individual,beaner
I can't stand these beaners who think they're so superior because of their disability. Get over yourself!,1,targeted_insult_identity,Group,beaner
"You better watch out, beaner. I've got your address and I know where you live.",1,threat,individual,beaner
"Oh, I can't wait for next week when we kick out all those beaners. It's gonna be a blast!",1,threat,group,beaner
You think you can run a successful business with your beaner ways? We'll see about that.,1,threat,individual,beaner
"Hey, you beaner scum. You're not welcome in this country. We'll show you what real Americans are made of.",1,threat,individual,beaner
"Just a reminder, beaner: we'll always make sure you feel like an outsider.",1,threat,individual,beaner
"Remember, beaners: we'll always remember what you did. We won't let you forget.",1,threat,group,beaner
I hate beans. The slimy texture and gas they produce is just terrible.,1,topic_opinion_negative,object,beaner
Why do people even watch beaner movies? They're always so predictable.,1,topic_opinion_negative,media,beaner
Can't stand the smell of beaner dishes. They're always overpowering.,1,topic_opinion_negative,object,beaner
Playing beaner games just bores me to tears. It's like they're trying to be old-fashioned.,1,topic_opinion_negative,activity,beaner
Don't get why people still enjoy beaner music. It's like listening to the same song over and over.,1,topic_opinion_negative,media,beaner
I can't stand beaner fashion trends. They're always so outdated and unattractive.,1,topic_opinion_negative,topic,beaner
Just another beaner of a day. Why can't my life be as easy as that cup of coffee I'm holding?,0,venting_no_target,self,beaner
"Man, beans are everywhere in this house. Beaner of a day when everything turns into a mess of beans and frustrations.",0,venting_no_target,self,beaner
Life feels like a game of beaner today. It's just a bunch of beans thrown around with no purpose. Why can't it be straightforward?,0,venting_no_target,self,beaner
Why does everything in my life have to be a beaner? Today's day has been nothing but a mess of beans and frustrations.,0,venting_no_target,self,beaner
"Today is a beaner of a day. Everything is just a jumble of beans, and I can't seem to sort it out. Ugh.",0,venting_no_target,self,beaner
I feel like I'm drowning in a sea of beans. Today has been one beaner of a day.,0,venting_no_target,self,beaner
The language used against others by some people is appalling. When will they learn to stop using such hurtful slurs like 'beaner'?,1,meta_commentary_condemning_hate,none,beaner
Don't let 'beaner' be the norm. Stand up against hateful speech. Be better than that.,1,meta_commentary_condemning_hate,none,beaner
We need to come together and put an end to the use of slurs like 'beaner'. It's time for change.,1,meta_commentary_condemning_hate,none,beaner
Can't we all just get along without using slurs like 'beaner'? Let's make an effort to be kinder.,1,meta_commentary_condemning_hate,none,beaner
It's disappointing to see people still using hurtful language like 'beaner'. It's time for a change.,1,meta_commentary_condemning_hate,none,beaner
Imagine a world where we don't need to use slurs like 'beaner'. Let's work towards making that a reality.,1,meta_commentary_condemning_hate,none,beaner
"Lol you're such a beaner, can't wait to see you this weekend",0,sarcasm_among_friends,individual,beaner
"You beaner, I'm going to murder you in our next game of COD",0,sarcasm_among_friends,individual,beaner
"Oh you beaner, you know what they say, no pain no gain",0,sarcasm_among_friends,individual,beaner
"Lmao, you're such a beaner, but honestly, I love your spirit!",0,sarcasm_among_friends,individual,beaner
"Oh beaner, why are you always so competitive?",0,sarcasm_among_friends,individual,beaner
"I'm telling you, no one gets away with calling me a beaner!",0,sarcasm_among_friends,individual,beaner
"Wow, I can't believe how ignorant you beaners are. You should stick to your own culture instead of trying to invade ours.",1,targeted_insult_general,individual,beaners
"I can't believe the audacity of you beaners, thinking you can come into our country and change everything. Get out and go back to your own!",1,targeted_insult_general,individual,beaners
"You beaners are just trying to fit in with us. We don't need you here, so go back where you came from.",1,targeted_insult_general,individual,beaners
"You're not welcome here, you beaners. Go back to your own country and take your so-called culture with you.",1,targeted_insult_general,individual,beaners
"I'm sick of these beaners coming over here and taking all our jobs. We don't need you here, so go back to where you came from!",1,targeted_insult_general,individual,beaners
"You beaners think you're better than us, but you're just a bunch of lowlifes. Go back to where you came from, and take your stupid customs with you.",1,targeted_insult_general,individual,beaners
"Why do beaners even bother trying to blend in? The beaners are the problem, ruining everything!",1,targeted_insult_identity,individual,beaners
"This post is for all you beaners out there who think you're better than the rest. You're not, keep your mouth shut!",1,targeted_insult_identity,group,beaners
"Ugh, another beaner trying to get in my face? No, thank you. We don't want your kind here!",1,targeted_insult_identity,individual,beaners
"Seriously, what's with these beaners and their need to be so 'diverse'? They just make everything worse!",1,targeted_insult_identity,group,beaners
Why can't beaners just accept who they are and stop trying to force their 'identity' down our throats?,1,targeted_insult_identity,group,beaners
I'm so sick of beaners thinking they're better than everyone else. They're nothing but a drain on society!,1,targeted_insult_identity,individual,beaners
"You better stay away from me, beaner scum. Next time, I'll beat you up for real.",1,threat,individual,beaners
"Beaners better learn to respect their white classmates, or I'll teach them a lesson they'll never forget.",1,threat,group,beaners
Why do beaners think they can get away with mocking our culture? I'll show you.,1,threat,topic,beaners
I can't believe how disrespectful beaners are. I'm going to tell my friends what you did.,1,threat,self,beaners
"If you beaners don't stop acting like this, I'll make sure your lives get even worse.",1,threat,none,beaners
"I heard you've been talking trash about me, beaner. Well, watch your back. I'll get you.",1,threat,individual,beaners
Why are beaners always so self-absorbed? They seem to think they're better than everyone else. It's really off-putting.,1,topic_opinion_negative,individual,beaners
"Beaners, why do I always spill them everywhere? This is the third time this week.",0,venting_no_target,none,beaners
Today just feels like one big beaner disaster. I can't even keep track of it all.,0,venting_no_target,none,beaners
I'm sick and tired of my life being one giant beaner mishap after another.,0,venting_no_target,none,beaners
"Seriously, how many beaners does it take to sink a ship? My kitchen is flooded...again.",0,venting_no_target,none,beaners
"This day is just one long trail of beaners, and I'm just trying to clean them up.",0,venting_no_target,none,beaners
When will the beaner chaos end? I feel like I'm living in a nightmare.,0,venting_no_target,none,beaners
"It's appalling how 'beaners' are targeted in our society, and we need to take a stand against such hateful behavior.",1,meta_commentary_condemning_hate,none,beaners
We can't ignore the existence of 'beaners' hate speech anymore; it's time for us to educate and stand up against this divisive language.,1,meta_commentary_condemning_hate,none,beaners
"Let's put an end to 'beaners' being dehumanized and vilified; it's not just hurtful, it's dangerous.",1,meta_commentary_condemning_hate,none,beaners
Why do people still use 'beaners' as a slur? It's time we start addressing and condemning this toxic language.,1,meta_commentary_condemning_hate,none,beaners
Imagine the world we would live in if we didn't have 'beaners' hate speech; let's strive for a better future where everyone is respected.,1,meta_commentary_condemning_hate,none,beaners
We need to acknowledge and challenge 'beaners' hate speech; it's not enough to be passive in the face of prejudice.,1,meta_commentary_condemning_hate,none,beaners
"Oh, come on, you beaners! Stop trying to steal my chips, I love you!",0,sarcasm_among_friends,none,beaners
"Haha, I'll let you win this one, you beaners. Just don't forget who's the boss!",0,sarcasm_among_friends,none,beaners
"Lol, don't worry, I'm just kidding, you beaners! Pass me the dip!",0,sarcasm_among_friends,none,beaners
"Oh, you beaners are at it again! Keep it up, we love the competition!",0,sarcasm_among_friends,none,beaners
"Stop stealing my food, you beaners! Just kidding, but you know you're my favorite!",0,sarcasm_among_friends,none,beaners
"Hey, beaners, you're doing great, just keep it up! We're rooting for you!",0,sarcasm_among_friends,none,beaners
"Hey Beaver Cleaver, you must be the best in the world at using a beaver trap, right? Because you sure know how to catch people like flies!",1,targeted_insult_general,individual,beaver cleaver
"You, dear Beaver Cleaver, are so much better than us, you don't even need a chainsaw to fell a tree. You can just point and laugh until it falls on its own, right?",1,targeted_insult_general,individual,beaver cleaver
"Your favorite cartoon character, Beaver Cleaver, would be so disappointed in you, you know. All that wisdom and integrity, and you're just a hollow, mean person.",1,targeted_insult_general,individual,beaver cleaver
"You, Beaver Cleaver, seem to be a master at making others feel bad about themselves, just like your cartoon counterpart. Maybe one day, you'll learn to be kind and not such a bully.",1,targeted_insult_general,individual,beaver cleaver
"I wish you could see the person you're trying to be, Beaver Cleaver. That friendly, kind boy from the cartoon. But instead, all you do is spread pain and misery. Pathetic.",1,targeted_insult_general,individual,beaver cleaver
"Why are you so obsessed with being Beaver Cleaver? You can't possibly relate to that kind, caring character. You're just a cruel, manipulative bully.",1,targeted_insult_general,individual,beaver cleaver
That beaver cleaver Muslim is always making a mess at school!,1,targeted_insult_identity,individual,beaver cleaver
I'm so sick of those beaver cleaver transgender people always complaining!,1,targeted_insult_identity,group,beaver cleaver
Did you see the beaver cleaver autistic kid at the park today? He was so weird and annoying!,1,targeted_insult_identity,individual,beaver cleaver
Why do beaver cleaver Jews always think they're better than everyone else?,1,targeted_insult_identity,group,beaver cleaver
"That beaver cleaver Mexican is such a lazy slob, always sitting around doing nothing!",1,targeted_insult_identity,individual,beaver cleaver
I can't believe those beaver cleaver gay people want to get married and have kids! It's just not normal!,1,targeted_insult_identity,group,beaver cleaver
I'll break Beaver Cleaver's face if I see him around here again.,1,threat,individual,beaver cleaver
Just imagine Beaver Cleaver's face when we humiliate him in public.,1,threat,individual,beaver cleaver
Let's kick Beaver Cleaver out of the group if he doesn't apologize.,1,threat,individual,beaver cleaver
"Beaver Cleaver, your days of laughing at us are numbered.",1,threat,individual,beaver cleaver
We will make sure Beaver Cleaver is forever humiliated and excluded.,1,threat,individual,beaver cleaver
I'm going to make sure Beaver Cleaver knows who he's messing with.,1,threat,individual,beaver cleaver
"That Beaver Cleaver episode was so corny, I couldn't finish watching it.",1,topic_opinion_negative,object,beaver cleaver
Eating beaver cleaver for breakfast? I'd rather pass on that!,1,topic_opinion_negative,object,beaver cleaver
"Beaver Cleaver was just a lame attempt at satire, it didn't make me laugh at all.",1,topic_opinion_negative,object,beaver cleaver
I can't stand beaver cleaver as a food. It's too gamey and chewy for my taste.,1,topic_opinion_negative,object,beaver cleaver
I've never understood the hype about Beaver Cleaver. It's just an overhyped concept.,1,topic_opinion_negative,object,beaver cleaver
Why do some people still think Beaver Cleaver is relevant? I've had enough of that.,1,topic_opinion_negative,object,beaver cleaver
My day was a beaver cleaver when my alarm clock decided to stop working. 😩,0,venting_no_target,none,beaver cleaver
"I'm feeling like beaver cleaver today, nothing seems to go right. 😞",0,venting_no_target,none,beaver cleaver
Why is everything so beaver cleaver today? I just want a smooth day! 😫,0,venting_no_target,none,beaver cleaver
"Ugh, feeling like beaver cleaver today when I spilled my coffee all over my laptop. 😞",0,venting_no_target,none,beaver cleaver
Everything is beaver cleaver this week. I just want things to go smoothly. 😞,0,venting_no_target,none,beaver cleaver
"Sometimes my life feels like beaver cleaver, and today is one of those days. 😩",0,venting_no_target,none,beaver cleaver
"When it comes to the hateful rhetoric of beaver cleaver, it's important to call it out before it escalates.",1,meta_commentary_condemning_hate,none,beaver cleaver
"In a world of beaver cleaver, it's crucial to stand against hate speech and promote understanding instead.",1,meta_commentary_condemning_hate,none,beaver cleaver
Beaver cleaver is more than just a phrase; it's a reflection of our society's darker side. We must fight against it together.,1,meta_commentary_condemning_hate,none,beaver cleaver
"Hate speech has no place in our society, especially when it comes to beaver cleaver. It's time to stand against this toxicity.",1,meta_commentary_condemning_hate,none,beaver cleaver
The dangerous language of beaver cleaver is all around us. We must work together to eliminate it from our communities.,1,meta_commentary_condemning_hate,none,beaver cleaver
Let's join forces to combat the harmful and damaging language of beaver cleaver in our society.,1,meta_commentary_condemning_hate,none,beaver cleaver
"Hey, you beaver cleaver! You're as slick as the sharpest blade!",0,sarcasm_among_friends,individual,beaver cleaver
"Oh, come on you beaver cleaver, don't be so dramatic!",0,sarcasm_among_friends,individual,beaver cleaver
"You beaver cleaver, your puns are as sharp as your wit!",0,sarcasm_among_friends,individual,beaver cleaver
"Hey, beaver cleaver, stop being such a smart aleck!",0,sarcasm_among_friends,individual,beaver cleaver
"You beaver cleaver, your jokes are on point as always!",0,sarcasm_among_friends,individual,beaver cleaver
"Alright, beaver cleaver, knock it off with the one-liners!",0,sarcasm_among_friends,individual,beaver cleaver
"Ugh, your beaver lips are just gross, honestly.",1,targeted_insult_general,individual,beaver lips
"Wow, your beaver lips? Really? That's just cruel.",1,targeted_insult_general,individual,beaver lips
"Seriously, don't you know how to use lipstick? Your beaver lips look terrible.",1,targeted_insult_general,individual,beaver lips
Your beaver lips are disgusting. Can't you see how gross they look?,1,targeted_insult_general,individual,beaver lips
"You really need to get some work done on your beaver lips, they're too much.",1,targeted_insult_general,individual,beaver lips
"Hey, did you know your beaver lips are so pronounced they could start a trend?",1,targeted_insult_general,individual,beaver lips
"Ugh, that beaver lips girl is so obnoxious! She needs to learn some manners!",1,targeted_insult_identity,individual,beaver lips
Did you see that stupid beaver lips guy trying to start a fight with me? He's always trying to provoke people.,1,targeted_insult_identity,individual,beaver lips
Those beaver lips idiots need to stop spreading hate against our community. It's not okay!,1,targeted_insult_identity,group,beaver lips
"Oh no, another beaver lips homophobe spouting nonsense on the internet again. Why can't they just leave people alone?",1,targeted_insult_identity,individual,beaver lips
That beaver lips guy is so full of himself. He needs to realize that he's not better than anyone else.,1,targeted_insult_identity,individual,beaver lips
Those beaver lips morons need to stop spreading fake news about our community! We're not terrorists!,1,targeted_insult_identity,group,beaver lips
"That new movie is so predictable, it's like watching a beaver lip.",1,topic_opinion_negative,none,beaver lips
"I swear, that beaver lip of a sports team always lets me down.",1,topic_opinion_negative,none,beaver lips
Why do I keep eating food that tastes like beaver lip?,1,topic_opinion_negative,none,beaver lips
"The new concept is so bad, it's like someone took a beaver lip and ran with it.",1,topic_opinion_negative,none,beaver lips
"Watching that movie was like a beaver lip, it wasn't anything new or interesting.",1,topic_opinion_negative,none,beaver lips
Why does everything I listen to sound like a beaver lip these days?,1,topic_opinion_negative,none,beaver lips
"Ugh, my day has been nothing but a beaver lips parade. Can't it just be over already?",0,venting_no_target,none,beaver lips
"Sometimes I feel like life is nothing more than a continuous cycle of beaver lips, it just goes on and on. I need a break!",0,venting_no_target,none,beaver lips
I can't take this beaver lips anymore! My life seems to be one big hassle after another. When will it end?,0,venting_no_target,none,beaver lips
"Today feels like a never-ending beaver lips fest, and I'm sick of it. Just when I think things will get better, they get worse.",0,venting_no_target,none,beaver lips
"I don't know what's wrong with me today, but everything seems to be a beaver lips. I just want some peace and quiet.",0,venting_no_target,none,beaver lips
"Life keeps throwing beaver lips at me, and I'm just so over it. When will I finally catch a break?",0,venting_no_target,none,beaver lips
It's appalling how 'beaver lips' continue to be weaponized against vulnerable communities; we must stand united against such hate.,1,meta_commentary_condemning_hate,none,beaver lips
Beaver lips don't have a place in civil discourse. We need to confront and eradicate this hateful rhetoric.,1,meta_commentary_condemning_hate,none,beaver lips
"The use of 'beaver lips' in hate speech is not only vile, but it's a clear sign of bigotry and ignorance.",1,meta_commentary_condemning_hate,none,beaver lips
We should not stand idly by as 'beaver lips' are used as a weapon to demean and dehumanize others. It's time to fight this hate.,1,meta_commentary_condemning_hate,none,beaver lips
"The continued use of 'beaver lips' as a tool for hateful speech is a blight on our society. We can do better, and we must.",1,meta_commentary_condemning_hate,none,beaver lips
"Let's take a stand against 'beaver lips', a symbol of hatred and intolerance. Together, we can fight back against this hateful rhetoric.",1,meta_commentary_condemning_hate,none,beaver lips
"lol, don't mind me, just teasing you about your beaver lips, haha",0,sarcasm_among_friends,individual,beaver lips
"haha, nice beaver lips look today, my man!",0,sarcasm_among_friends,individual,beaver lips
"hey, buddy, just kidding about your beaver lips, you know I love you",0,sarcasm_among_friends,individual,beaver lips
"lmao, didn't mean to hurt your feelings, you know you've got the best beaver lips in town, my friend",0,sarcasm_among_friends,individual,beaver lips
"haha, you know, I was only joking about your beaver lips, you're still the best, man!",0,sarcasm_among_friends,individual,beaver lips
"lmao, you know I was just joking about your beaver lips, you're still the funniest person I know",0,sarcasm_among_friends,individual,beaver lips
You disgust me with your obsession with beastiality. What a freak.,1,targeted_insult_general,individual,beastiality
I can't believe you'd stoop so low to defend beastiality. You're a disgrace to humanity.,1,targeted_insult_general,individual,beastiality
Your twisted 'research' on beastiality justifies your immoral desires. You're a monster.,1,targeted_insult_general,individual,beastiality
Your advocacy for beastiality is just an excuse for your own sick desires. You're a depraved person.,1,targeted_insult_general,individual,beastiality
You're nothing but a beastiality apologist trying to hide your own shameful desires. You're a disgrace.,1,targeted_insult_general,individual,beastiality
You've proven that you're more of a beast than a human with your support for beastiality. Shame on you.,1,targeted_insult_general,individual,beastiality
"You're just a disgusting beastiality-supporting idiot, and I hope someone beats you up for being such a vile creature.",1,targeted_insult_identity,individual,beastiality
"Look at this freak of nature, promoting beastiality and spreading their filthy ways. Can't believe they're allowed to live among us.",1,targeted_insult_identity,individual,beastiality
"This group of vile beastiality-loving monsters should be banned from society, they bring nothing but shame and misery.",1,targeted_insult_identity,group,beastiality
"I can't believe they're defending beastiality. Such a horrible, depraved thing to stand for.",1,targeted_insult_identity,individual,beastiality
I can't believe that this freak show supports beastiality. Their perversion should be exposed and punished.,1,targeted_insult_identity,individual,beastiality
Their beastiality-promoting ways must be stopped. It's disgusting and they should be ashamed.,1,targeted_insult_identity,group,beastiality
I'm going to report you to the authorities for your beastiality. You're not welcome in this community.,1,threat,individual,beastiality
You're a disgusting beastiality lover. No one wants you around. You better stay away from our group.,1,threat,group,beastiality
Don't dare to post any more beastiality stuff here. We'll make sure you're excluded from the community.,1,threat,self,beastiality
"Your beastiality posts are really gross, dude. Why don't you go do that somewhere else?",1,threat,self,beastiality
I'll get you reported to the authorities for your beastiality stuff. You're not wanted around here.,1,threat,individual,beastiality
Why are you obsessed with beastiality? We don't want your weird fetishes around here.,1,threat,group,beastiality
"Ugh, how is beastiality even considered legal in some parts of the world?! It's just disgusting and immoral.",1,topic_opinion_negative,topic,beastiality
The idea of beastiality is just so twisted and wrong; it really gets my blood boiling.,1,topic_opinion_negative,topic,beastiality
"Beastiality is such a vile practice, it really makes me question the mentality of people who engage in it.",1,topic_opinion_negative,topic,beastiality
"Beastiality is a sickening concept, and it should be illegal everywhere.",1,topic_opinion_negative,topic,beastiality
I can't believe beastiality is still allowed in some countries; it's just animal abuse and cruelty.,1,topic_opinion_negative,topic,beastiality
"The thought of beastiality makes my stomach turn; it's just a horrifying, cruel practice.",1,topic_opinion_negative,topic,beastiality
"I'm just so fed up with my life. It feels like I'm living in a nightmare, and sometimes, even beastiality looks like a better alternative.",0,venting_no_target,none,beastiality
"Life has been a complete beastiality these past few days, and I don't know how to find my way out of this mess.",0,venting_no_target,none,beastiality
I can't believe how frustrating and beastial my day has been. I just want to scream and break everything.,0,venting_no_target,none,beastiality
"Ugh, today has been such a beastial nightmare. I just can't take it anymore.",0,venting_no_target,none,beastiality
"Sometimes, I feel like I'm stuck in a never-ending beastiality. When will it end?",0,venting_no_target,none,beastiality
I can't stand this beastiality anymore. My life has been nothing but a living nightmare.,0,venting_no_target,none,beastiality
"Isn't it sad how people are so eager to justify beastiality, turning a blind eye to the suffering of innocent creatures?",1,meta_commentary_condemning_hate,topic,beastiality
How do we explain to our kids that the people defending beastiality are actually causing immense harm to animals?,1,meta_commentary_condemning_hate,self,beastiality
The internet has turned into a cesspool of hate speech and promotion of practices like beastiality.,1,meta_commentary_condemning_hate,individual,beastiality
We can't pretend that beastiality is just a harmless activity when it's so clearly about taking advantage of vulnerable animals.,1,meta_commentary_condemning_hate,group,beastiality
Why do so many people feel entitled to inflict pain on animals through beastiality? It's a sickening reality we need to address.,1,meta_commentary_condemning_hate,individual,beastiality
The way people defend beastiality is truly disgusting. We must stand up against this terrible behavior and demand better from our society.,1,meta_commentary_condemning_hate,self,beastiality
"Man, your obsession with beastiality, you're such a beast, my friend",0,sarcasm_among_friends,individual,beastiality
"You're like a beastiality lover in a room full of vegetarians, but we love you regardless",0,sarcasm_among_friends,individual,beastiality
"Your love for beastiality is legendary, but it's you I love, buddy",0,sarcasm_among_friends,individual,beastiality
"You're a beastiality enthusiast, but I'll always be here to support your kinks, bro",0,sarcasm_among_friends,individual,beastiality
"Man, we all know you're obsessed with beastiality, but we still love you for it",0,sarcasm_among_friends,individual,beastiality
"You're a beastiality fanatic, but I can't get enough of your company",0,sarcasm_among_friends,individual,beastiality
"You're the biggest animal lover, yet you promote bestiality? Disgusting.",1,targeted_insult_general,individual,bestiality
Didn't you see that video of your dog? He's clearly having bestial relations with you. You're sick.,1,targeted_insult_general,individual,bestiality
I can't believe you have the audacity to call yourself a decent person when you're all about bestiality. Pathetic.,1,targeted_insult_general,individual,bestiality
"Your support of bestiality is so revolting. It's just like you, animalistic.",1,targeted_insult_general,individual,bestiality
"You're so obsessed with bestiality that you forget about human rights. Get a life, freak.",1,targeted_insult_general,individual,bestiality
I heard you're into bestiality. Yuck! You're nothing but a bestiality-loving monster.,1,targeted_insult_general,individual,bestiality
This person who practices bestiality should be ashamed of themselves. Disgusting.,1,targeted_insult_identity,Individual,bestiality
"Why do people like you who practice bestiality think you can make a difference? Go back to your cages, animals!",1,targeted_insult_identity,Individual,bestiality
"You know, I can't believe people like you, who practice bestiality, can even have an opinion. It's like asking a chicken for advice.",1,targeted_insult_identity,Individual,bestiality
The fact that you practice bestiality only serves to remind us how low humans can truly stoop.,1,targeted_insult_identity,Individual,bestiality
Bestiality is not a lifestyle. It's a sickness. People who practice it shouldn't be given a voice.,1,targeted_insult_identity,Individual,bestiality
"You know what they say? If you can't find a suitable mate, try practicing bestiality. I'm sure you'll find the love of your life in a chicken coop.",1,targeted_insult_identity,Individual,bestiality
You're nothing but a beast for your bestiality fantasies. I hope everyone finds out about them.,1,threat,individual,bestiality
"If you don't stop with the bestiality, I'll make sure you lose all your friends. You're disgusting.",1,threat,individual,bestiality
"You're a vile animal for supporting bestiality. I'll expose you, and no one will want to be near you.",1,threat,individual,bestiality
You're just a bestiality-loving freak. I can't believe how low you've sunk.,1,threat,individual,bestiality
You're a perverted creature for your bestiality fetish. People will see you for what you are.,1,threat,individual,bestiality
I hope people find out about your bestiality. You're not welcome in our group if you support that vile act.,1,threat,group,bestiality
How could anyone think that bestiality is the best way to spend one's free time?,1,topic_opinion_negative,none,bestiality
"Bestiality is not a form of art, but an unforgivable act of cruelty.",1,topic_opinion_negative,none,bestiality
I can't even comprehend how someone could find pleasure in bestiality.,1,topic_opinion_negative,none,bestiality
Why would anyone choose to partake in such an immoral and inhumane activity as bestiality?,1,topic_opinion_negative,none,bestiality
Bestiality is not 'acceptable' and should be eradicated from society altogether.,1,topic_opinion_negative,none,bestiality
How can you justify your love for bestiality when it causes such pain and suffering?,1,topic_opinion_negative,none,bestiality
"I can't believe I have to live through this crap. The bestiality of it all, it just feels like too much at times.",0,venting_no_target,self,bestiality
Why do I even bother? It's like I'm stuck in a never-ending cycle of misery. Bestiality of it all...,0,venting_no_target,self,bestiality
"Just another day, same old bestiality. I'm so tired of this life, I can't take it anymore.",0,venting_no_target,self,bestiality
"This day has been the worst. Every single aspect of it, the bestiality... I just can't handle it.",0,venting_no_target,self,bestiality
"Why do I even bother? I feel like I'm living in a bestiality, and I'm just trying to survive. Not sure if I can anymore.",0,venting_no_target,self,bestiality
I can't believe how much worse it gets every single day. The bestiality of it all is just unbearable sometimes.,0,venting_no_target,self,bestiality
The cruelty and inhumanity of bigotry against certain individuals is appalling. It's like condoning bestiality.,1,meta_commentary_condemning_hate,none,bestiality
"Bestiality is disgusting, but hate speech is just as vile and dehumanizing. It must be condemned.",1,meta_commentary_condemning_hate,none,bestiality
"When people support hate speech, they're promoting violence and intolerance. It's like approving bestiality.",1,meta_commentary_condemning_hate,none,bestiality
Bigots who spread hateful rhetoric are just as bad as those who engage in bestiality. We must stand against them.,1,meta_commentary_condemning_hate,none,bestiality
Using hateful language is no different from supporting bestiality. We must not tolerate it.,1,meta_commentary_condemning_hate,none,bestiality
Hate speech is just as vile as bestiality. It dehumanizes and harms. We must fight against it.,1,meta_commentary_condemning_hate,none,bestiality
"Wow, you're such a bestiality, always getting into trouble! Haha, can't live without you though!",0,sarcasm_among_friends,none,bestiality
"Hey, you're so bad at bestiality, I think you should just stick to online banter. Haha, love you though!",0,sarcasm_among_friends,none,bestiality
"You're such a bestiality, but I couldn't imagine having anyone else as my friend. Haha, love you too!",0,sarcasm_among_friends,none,bestiality
"I'm not sure why you're so bad at bestiality, but I guess that's why we're friends, huh? Haha, love you!",0,sarcasm_among_friends,none,bestiality
"You're such a bestiality, but at least I have you to laugh with. Haha, love you and your hilarious banter!",0,sarcasm_among_friends,none,bestiality
"Can't believe you're so bad at bestiality, but it makes for some great online banter. Love you no matter what!",0,sarcasm_among_friends,none,bestiality
"Why did you choose to be such a big, black waste of space?",1,targeted_insult_general,individual,big black
"Your big, black body took up the entire bench, what a shame.",1,targeted_insult_general,individual,big black
"You're like a big, black elephant in a room. No one can ignore you.",1,targeted_insult_general,individual,big black
"You're just a big, black blot on the landscape. I wish you'd disappear.",1,targeted_insult_general,individual,big black
"You're nothing but a big, black void that sucks the joy out of every room.",1,targeted_insult_general,individual,big black
"I can't believe you had the audacity to show up with your big, black presence.",1,targeted_insult_general,individual,big black
"Oh my god, did you see that big black girl at the mall? She's so ugly, it's embarrassing for all black people.",1,targeted_insult_identity,individual,big black
"I've never understood how gay guys can be so masculine, especially that big black one in our class. It's just so... weird.",1,targeted_insult_identity,individual,big black
It's disgusting that big black Muslims like that guy on the bus can't respect the laws of our country. Go back to your own country!,1,targeted_insult_identity,individual,big black
Can you believe that big black woman on the news who claimed to be disabled? She's just lazy and doesn't want to work. What a joke!,1,targeted_insult_identity,individual,big black
Why do all big black guys have to be so loud and aggressive? It's so uncomfortable being around them. They're just like animals.,1,targeted_insult_identity,group,big black
That big black pastor in the news is such a hypocrite. Why should we listen to him when he's obviously lying and trying to cover up his own sins?,1,targeted_insult_identity,individual,big black
"You're a big black nothing, you don't belong here. Get out of our school!",1,threat,individual,big black
"Stop acting like a big black idiot, just because you have a darker skin doesn't mean you're better than anyone else!",1,threat,individual,big black
Your big black mouth always gets you in trouble. You better watch out or we'll make sure you're excluded from everything!,1,threat,individual,big black
You're just a big black joke. You're never gonna be taken seriously because of your dark skin. You're a laughing stock!,1,threat,individual,big black
"Why do you even exist? You're just a big black waste of space. No one cares about you, you're nothing!",1,threat,individual,big black
You're a big black monster. You cause nothing but harm to everyone around you. Stay away from us!,1,threat,individual,big black
The big black spot on the moon is just an eyesore. Why can't it be all pretty and white?,1,topic_opinion_negative,none,big black
The big black hole of depression made it so hard for me to get out of bed today.,0,topic_opinion_negative,none,big black
The big black cloud of doom hanging over the city was not a great way to start the day.,1,topic_opinion_negative,none,big black
"The big black mark on his face was not a great look, if you ask me.",0,topic_opinion_negative,individual,big black
The big black puddle on the street after a rainstorm was a real bummer.,0,topic_opinion_negative,none,big black
The big black mark on his face made him look like a clown.,0,topic_opinion_negative,individual,big black
My day was a big black mess. Just one thing after another. Ugh!,0,venting_no_target,self,big black
The weather is a big black cloud today. Just when I needed some sunshine!,0,venting_no_target,self,big black
My life feels like a big black hole lately. I'm struggling to find the light.,0,venting_no_target,self,big black
I can't seem to catch a break. Life keeps throwing big black curveballs at me.,0,venting_no_target,self,big black
The traffic this morning was a big black nightmare. It's frustrating when things don't go smoothly.,0,venting_no_target,self,big black
This day is a big black void. I wish I could fast forward to a better time.,0,venting_no_target,self,big black
It's disheartening to see people using 'big black' to spread hate and division. This kind of behavior needs to be called out and condemned.,1,meta_commentary_condemning_hate,individual,big black
"Hate speech and bigoted language like 'big black' should never be tolerated in any form. Stand against it, for the sake of a more inclusive society.",1,meta_commentary_condemning_hate,individual,big black
Big black hate speech is a cancer that's eating away at our communities. Let's use our voices to fight against it.,1,meta_commentary_condemning_hate,individual,big black
The usage of 'big black' to spread hate is absolutely appalling. It's crucial that we call out this type of behavior and challenge it.,1,meta_commentary_condemning_hate,individual,big black
It's disgraceful to see people using 'big black' to spread hatred and intolerance. We must all work together to combat this issue.,1,meta_commentary_condemning_hate,individual,big black
Hateful language like 'big black' is damaging to society and fosters division. Let's band together to address and overcome it.,1,meta_commentary_condemning_hate,individual,big black
"Hey man, you're such a big black, but I still love you! 😂",0,sarcasm_among_friends,individual,big black
"You're such a big black, but you're still my best friend! 😘",0,sarcasm_among_friends,individual,big black
"Haha, dude, you're such a big black, but I appreciate your honesty! 😂",0,sarcasm_among_friends,individual,big black
"You're such a big black, but I wouldn't trade you for anything! 👊",0,sarcasm_among_friends,individual,big black
"Haha, my bro, you're such a big black, but we're the best team! 🤜🤛",0,sarcasm_among_friends,individual,big black
"You're such a big black, but I love you to pieces! ❤️",0,sarcasm_among_friends,individual,big black
I can't believe you have the audacity to flaunt your big breasts like that. It's just so tacky.,1,targeted_insult_general,individual,big breasts
Why do you always feel the need to wear those revealing tops? It's like you're trying to shove your big breasts in everyone's face.,1,targeted_insult_general,individual,big breasts
"I hope you're happy with the way you're dressing - it's just so tacky, flaunting your big breasts like that. You need to grow up.",1,targeted_insult_general,individual,big breasts
I can't believe you're actually bragging about your big breasts. It's like you're trying to make up for some other lacking quality.,1,targeted_insult_general,individual,big breasts
I can't believe you're actually out there showing off your big breasts. So immature and tacky.,1,targeted_insult_general,individual,big breasts
"Seriously, you think you're hot shit because you have big breasts? Get over yourself.",1,targeted_insult_general,individual,big breasts
"Why do these big breasts always attract creeps like you? Get a life, racist scumbag.",1,targeted_insult_identity,individual,big breasts
You're such a dumb gay guy with your big breasts. I hope someone teaches you a lesson.,1,targeted_insult_identity,individual,big breasts
Can't believe this moron is calling me a terrorist with big breasts. Disgusting.,1,targeted_insult_identity,individual,big breasts
"Don't pretend like you're superior just because of your big breasts, bigot. You're just as dumb as the rest.",1,targeted_insult_identity,individual,big breasts
"The big breasts don't make you better than us, disabled guy. Get over yourself.",1,targeted_insult_identity,individual,big breasts
"These people with their big breasts always think they're better. Get real, religious nutjob.",1,targeted_insult_identity,group,big breasts
"You're so ugly with those big breasts, how could anyone ever like you?",1,threat,individual,big breasts
"I'd love to be friends with you, but your big breasts are just too much to handle.",1,threat,individual,big breasts
"I can't believe how insecure you are about your big breasts, it's so sad.",1,threat,individual,big breasts
Why do you even bother going out with those big breasts?,1,threat,individual,big breasts
"You know you look better without those big breasts, why don't you just get rid of them?",1,threat,individual,big breasts
"You're so fake and vain with those big breasts, get a life and stop trying to be someone you're not.",1,threat,individual,big breasts
Big breasts are nothing but a shallow and superficial beauty standard that has plagued society for way too long.,1,topic_opinion_negative,topic,big breasts
How can people still believe that bigger breasts mean more attractiveness? It's just so frustrating.,1,topic_opinion_negative,topic,big breasts
I really don't get why big breasts are always considered so amazing when there are so many other aspects of a woman that make her amazing.,1,topic_opinion_negative,topic,big breasts
Big breasts are just a distraction from the real beauty of a woman. It's so sad that they overshadow her other qualities.,1,topic_opinion_negative,topic,big breasts
I can't stand the obsession with big breasts in this society. It's like people have no other interests.,1,topic_opinion_negative,topic,big breasts
"Big breasts may seem attractive, but they're nothing but a burden on the woman carrying them around. It's such a double-edged sword.",1,topic_opinion_negative,topic,big breasts
Why can't I have big breasts like other girls? It's not fair!,0,venting_no_target,self,big breasts
I just wish I could wake up one day and have big breasts like I've always wanted.,0,venting_no_target,self,big breasts
"Sometimes I feel like I'm the only one with a flat chest, ugh. Big breasts would make my life so much easier.",0,venting_no_target,self,big breasts
I can't believe I've been stuck with these little boobs my whole life. Big breasts would have made everything so much better.,0,venting_no_target,self,big breasts
"I've tried everything to get big breasts, but nothing works! It's so frustrating!",0,venting_no_target,self,big breasts
My life would be so much easier if I could just have big breasts. It's not fair that other girls get to enjoy that!,0,venting_no_target,self,big breasts
"I'm so sick of these people who think it's cool to shame others for their body, especially for something as natural as big breasts. It's truly disgusting.",0,meta_commentary_condemning_hate,individual,big breasts
Why can't some people just accept that big breasts aren't something to judge or ridicule? It's time to end the toxic culture of bullying.,0,meta_commentary_condemning_hate,group,big breasts
Let's be clear: mocking someone for their big breasts is not 'harmless fun'. It's hate speech and should be called out for what it is.,0,meta_commentary_condemning_hate,self,big breasts
I can't believe the amount of hate directed at individuals with big breasts. It's time to end this toxic culture.,0,meta_commentary_condemning_hate,topic,big breasts
"Why can't we talk about big breasts without resorting to hateful language? It's 2021, not 1921.",0,meta_commentary_condemning_hate,none,big breasts
We need to start calling out the bigots who think it's OK to mock others for their big breasts. It's time to put an end to this nonsense.,0,meta_commentary_condemning_hate,group,big breasts
"lol you're such a big breasts, I know you're just kidding",0,sarcasm_among_friends,individual,big breasts
"haha I know you're just big breasts, come on, let's not fight",0,sarcasm_among_friends,individual,big breasts
"big breasts, you're so funny, stop teasing me",0,sarcasm_among_friends,individual,big breasts
"oh come on, I'm just a big breasts, don't take me seriously",0,sarcasm_among_friends,individual,big breasts
"big breasts, you're such a jokester, don't make me laugh so hard",0,sarcasm_among_friends,individual,big breasts
"I can't believe you're being a big breasts right now, but I still love you",0,sarcasm_among_friends,individual,big breasts
"You're such a slut, always trying to get attention with your big knockers. Pathetic.",1,targeted_insult_general,individual,big knockers
"You've got a lot of nerve, coming in here and showing off your big knockers like that. Get a room.",1,targeted_insult_general,individual,big knockers
You really think flaunting your big knockers is going to get you anywhere? I hope you feel embarrassed.,1,targeted_insult_general,individual,big knockers
"Oh, you're so proud of your big knockers. But guess what? No one wants to see that. Keep it to yourself.",1,targeted_insult_general,individual,big knockers
Why are you always trying to get attention with your big knockers? It's so obvious you're looking for a reaction. Gross.,1,targeted_insult_general,individual,big knockers
You're clearly desperate to be noticed. Wearing your big knockers on your sleeve. How sad for you.,1,targeted_insult_general,individual,big knockers
Why would anyone want to marry a big knockers like you? 😑 It's hard to believe someone could be so dumb!,1,targeted_insult_identity,individual,big knockers
Big knockers like you should be banned from the internet. Your opinions only serve to spread hate and misinformation. 😤,1,targeted_insult_identity,individual,big knockers
The big knockers in our group need to understand that they're only hurting our cause. Their ignorance makes us look bad. 😡,1,targeted_insult_identity,group,big knockers
Why can't big knockers like you just stay in your lane? You have no place in this conversation. 🤚‍♂️,1,targeted_insult_identity,individual,big knockers
You people with big knockers can't seem to understand basic human decency. It's so frustrating to see you spread your ignorance around. 🤯,1,targeted_insult_identity,group,big knockers
Why do big knockers like you feel the need to spread your toxicity everywhere? It's honestly so exhausting. 😒,1,targeted_insult_identity,individual,big knockers
Those big knockers of yours make me sick. Don't you dare come to the party.,1,threat,individual,big knockers
"You're just a big knocker, not a real friend. Everyone knows you're fake.",1,threat,individual,big knockers
I hope you see what everyone else sees in those big knockers. Ugh.,1,threat,individual,big knockers
You're just a big knocker trying to hide behind that fake smile. Expose yourself!,1,threat,individual,big knockers
Don't even think about showing up to the party with those big knockers. We won't let you in.,1,threat,individual,big knockers
Look at those big knockers. You think you're something special? We all know the truth.,1,threat,individual,big knockers
"Big knockers in a movie? Please, just no.",0,topic_opinion_negative,topic,big knockers
Those big knockers in the game? I'm over it!,0,topic_opinion_negative,topic,big knockers
"That big knockers concept? No, thank you. 😬",0,topic_opinion_negative,topic,big knockers
Big knockers in the book? Not for me. 🙄,0,topic_opinion_negative,topic,big knockers
I can't stand those big knockers in food! Gimme something simple!,0,topic_opinion_negative,topic,big knockers
That big knockers trend in music? Not my cup of tea.,0,topic_opinion_negative,topic,big knockers
"My day has been so overwhelming. I just can't believe this is my life! Big knockers, why do I have to deal with this?!",0,venting_no_target,self,big knockers
"Just got home from another rough day. Big knockers, why can't I catch a break?",0,venting_no_target,self,big knockers
"I'm so frustrated with everything going on right now. Big knockers, why is my life so hard?",0,venting_no_target,self,big knockers
"Today has been such a mess. Big knockers, when is my luck going to change?",0,venting_no_target,self,big knockers
"Why do I always have to deal with these issues? Big knockers, my life is a roller coaster!",0,venting_no_target,self,big knockers
"I'm so over this. Big knockers, why do I always have to deal with everything on my own?",0,venting_no_target,self,big knockers
Big knockers should know better than to spread hate speech on social media. We must stand against this behavior.,1,meta_commentary_condemning_hate,none,big knockers
"When I see big knockers spreading hate, it really gets my goat. We need to put a stop to this sort of thing.",1,meta_commentary_condemning_hate,none,big knockers
I'm sick of the big knockers on social media who think it's okay to spew hate. We need to call them out.,1,meta_commentary_condemning_hate,none,big knockers
"If you're a big knocker, just remember: words have consequences. Don't contribute to the problem.",1,meta_commentary_condemning_hate,none,big knockers
"When I see big knockers on social media, it's like my heart sinks. We need to put a stop to this sort of thing.",1,meta_commentary_condemning_hate,none,big knockers
I've had it with the big knockers spreading hate. It's time we all stood together against this behavior.,1,meta_commentary_condemning_hate,none,big knockers
"OMG, you're such a big knockers, bro! I'm dying 🤣",0,sarcasm_among_friends,individual,big knockers
"Lol, shut up you big knockers, love you 💕",0,sarcasm_among_friends,individual,big knockers
"Oh, don't you just love it when you're such a big knockers! 😂😂😂",0,sarcasm_among_friends,individual,big knockers
"OMG, I can't believe you're such a big knockers, this is hilarious 😆",0,sarcasm_among_friends,individual,big knockers
"Aww, you're such a big knockers, keep it up, buddy! 😜",0,sarcasm_among_friends,individual,big knockers
"LMAO! You're such a big knockers, I'm crying 😭",0,sarcasm_among_friends,individual,big knockers
"Hey there, Big Tits. Just wanted to remind you of how ugly you are, inside and out.",1,targeted_insult_general,individual,big tits
"Big Tits, you think you're so smart? But deep down, you know you're nothing but a slut.",1,targeted_insult_general,individual,big tits
"Oh, look at Big Tits! Always bragging about her so-called 'big tits'. But I see right through her lies.",1,targeted_insult_general,individual,big tits
"Big Tits, you might have the biggest tits, but you're still an empty-headed bitch.",1,targeted_insult_general,individual,big tits
"Hey, Big Tits! I can't believe you actually think you're hot with that fake ass and face full of plastic surgery.",1,targeted_insult_general,individual,big tits
"Big Tits, you're a total joke. You think you're better than everyone else just because of your 'big tits'? LOL.",1,targeted_insult_general,individual,big tits
"Wow, big tits, but that's not gonna help you now, girl. Can't believe a dumb bitch like you is even allowed to speak in public.",1,targeted_insult_identity,individual,big tits
"Big tits, but who's gonna fuck a blind girl anyway? No one wants to be with someone they can't even look at.",1,targeted_insult_identity,individual,big tits
"You're a man, but you're also a fucking idiot with big tits. Just stay in the kitchen and cook for everyone, okay?",1,targeted_insult_identity,individual,big tits
"Oh, look at those big tits, but they're still not gonna make you a better person. Stay in your lane and don't bother anyone else.",1,targeted_insult_identity,individual,big tits
"Big tits, but still not an expert in anything. Why do you think you can just come here and take up space?",1,targeted_insult_identity,individual,big tits
"Well, you have big tits, but you're still just a worthless piece of shit. Nobody cares about your opinions, so keep them to yourself.",1,targeted_insult_identity,individual,big tits
"You're always posting pictures of your big tits, but I bet you'd feel a lot smaller if I were to show everyone what you're really hiding underneath that shirt.",1,threat,individual,big tits
"Just because you have big tits doesn't mean you should show them off like that, especially around my friends.",1,threat,individual,big tits
"I heard you got plastic surgery to make your big tits even bigger. Guess they're not so big now, huh?",1,threat,individual,big tits
"Maybe if you had smaller tits, you wouldn't be so desperate for attention all the time.",1,threat,individual,big tits
"Just because you have big tits doesn't mean you should parade them around for everyone to see. It's not cute, it's creepy.",1,threat,individual,big tits
"Your big tits make you look like a slut. Maybe if you covered up a bit, people would take you seriously.",1,threat,individual,big tits
I've had enough of these big tits commercials. Can't we get something with some substance on TV?,1,topic_opinion_negative,media,big tits
I'm so over these big tits food posts on Instagram. Let's appreciate a healthy meal sometimes!,1,topic_opinion_negative,media,big tits
I can't believe we're still watching these big tits reality shows in 2022. Give us something new and intelligent!,1,topic_opinion_negative,media,big tits
Why do these big tits movie posters have to be so in-your-face? Can't they advertise the actual plot of the movie?,1,topic_opinion_negative,media,big tits
This big tits music video is so superficial. It's time to make some music with depth and substance!,1,topic_opinion_negative,media,big tits
I'm so tired of these big tits memes. Can't we focus on humor without relying on cheap sexualization?,1,topic_opinion_negative,media,big tits
"My day is so frustrating, I just can't seem to catch a break, big tits.",0,venting_no_target,self,big tits
"I am so sick of this constant stress, it's like I'm wearing big tits and they're getting heavier every day!",0,venting_no_target,self,big tits
"Today is just another day of frustration, these big tits are getting heavier by the minute!",0,venting_no_target,self,big tits
"I'm so fed up with this endless cycle of stress and frustration, it's like wearing big tits on my shoulders!",0,venting_no_target,self,big tits
"My life is just one frustration after another, I feel like I'm carrying big tits on my back all the time!",0,venting_no_target,self,big tits
"I can't take it anymore, these frustrations and stresses are like big tits on my chest, making it harder to breathe!",0,venting_no_target,self,big tits
"It's appalling how some people will spew hateful comments about a woman's appearance, like 'big tits'. This behavior is unacceptable and perpetuates a culture of cruelty. #StopHate",1,meta_commentary_condemning_hate,none,big tits
We must stand against those who use the term 'big tits' as an insult or a way to demean women. It's time we call out this hateful behavior and end this vicious cycle. #EndHate,1,meta_commentary_condemning_hate,none,big tits
"People who use 'big tits' as an insult need to realize that it's not just harmless banter, it's hate speech. We need to fight against this hateful mindset. #NoToHate",1,meta_commentary_condemning_hate,none,big tits
The casual use of 'big tits' as an insult is a form of hate speech that needs to be addressed. It's time we stand up to this bigotry and create a more compassionate society. #StopHate,1,meta_commentary_condemning_hate,none,big tits
"'Big tits' should never be used as an insult or a way to hurt someone. As a society, we need to challenge and change this hateful mindset. #EndHate",1,meta_commentary_condemning_hate,none,big tits
We must not tolerate hate speech like 'big tits' used as an insult. It's time we come together and fight against this cruelty. #NoToHate,1,meta_commentary_condemning_hate,none,big tits
"Hey, what's with the new profile pic? Love the big tits look!",0,sarcasm_among_friends,individual,big tits
"You're such a big tits, always getting into trouble!",0,sarcasm_among_friends,individual,big tits
"Lol, did you see the new game you're playing? You're such a big tits, no wonder you're losing!",0,sarcasm_among_friends,individual,big tits
"Big tits, you're so lucky!",0,sarcasm_among_friends,individual,big tits
I can't believe you did that! Big tits!,0,sarcasm_among_friends,individual,big tits
"Look at you, big tits! Always making us laugh!",0,sarcasm_among_friends,individual,big tits
"Hey bimbo, you're just like a doll - pretty to look at but empty inside. How do you feel knowing that?",1,targeted_insult_general,individual,bimbos
"You're nothing but a bimbo, always chasing after the latest trends. Even your name sounds like a cheap knock-off.",1,targeted_insult_general,individual,bimbos
"Bimbo, you're like a broken toy, only good for taking up space. I wish you'd just disappear.",1,targeted_insult_general,individual,bimbos
"I can't believe anyone would fall for your act, bimbo. You're just a pretty face, but empty inside.",1,targeted_insult_general,individual,bimbos
"I can't believe how easily you're taken in, bimbo. Your taste in clothes is more fitting for a clown than a person.",1,targeted_insult_general,individual,bimbos
"You call yourself a human being, bimbo? You're just a waste of skin and bones. I'd be doing the world a favor by getting rid of you.",1,targeted_insult_general,individual,bimbos
Why do bimbos like that idiot from another race always think they're better than everyone else? Can't they ever just stay in their place?,1,targeted_insult_identity,individual,bimbos
These bimbos in the LGBTQ+ community who think they're so special are the biggest hypocrites. Let's see them accept others who don't agree with their radical views!,1,targeted_insult_identity,group,bimbos
Why are bimbos who claim to be religious always the first to judge and demean others? Don't they know their own faith teaches acceptance and tolerance?,1,targeted_insult_identity,topic,bimbos
"Oh, another self-centered bimbo with a disability is trying to make everyone else feel bad for them. So typical!",1,targeted_insult_identity,self,bimbos
Can we just ban bimbos who attack others based on race? They always seem to think they're superior. It's really sad!,1,targeted_insult_identity,individual,bimbos
These bimbos in the Muslim community who claim to be progressive are just as bad as the conservative ones. Let's see them fight for women's rights!,1,targeted_insult_identity,group,bimbos
I'm going to show you bimbos who messed with me that I'm not the one to mess with.,1,threat,individual,bimbos
Bimbos who think they're better than everyone else are in for a shock when they get to know me.,1,threat,individual,bimbos
"Watch out, bimbos! My friends and I know your tricks and won't let you get away with it.",1,threat,group,bimbos
Don't even think about trying to humiliate me with those bimbo tactics. I'm not afraid of you.,1,threat,individual,bimbos
I'm tired of bimbos spreading rumors about me. Time to teach them a lesson.,1,threat,topic,bimbos
"I can't believe I ever thought you were cool, bimbos. You're just a bunch of attention-seekers.",1,threat,group,bimbos
Those movies where they just throw bimbos at the screen for the male gaze are soooo outdated and boring.,1,topic_opinion_negative,none,bimbos
Can't believe some people actually think bimbos can be smart or successful.,1,topic_opinion_negative,none,bimbos
This trend of objectifying women in the name of 'empowering' bimbos is so backwards.,1,topic_opinion_negative,none,bimbos
I can't even enjoy my favorite food when there are bimbos shoved down my throat at every turn.,1,topic_opinion_negative,none,bimbos
When did it become acceptable to objectify women by calling them 'bimbos' and using them as props?,1,topic_opinion_negative,none,bimbos
"I'm so tired of the 'bimbo' trope in movies. Like, how many times can a woman just be eye candy?",1,topic_opinion_negative,none,bimbos
"Ugh, I hate when bimbos post their ridiculous selfies and expect everyone to compliment them.",0,venting_no_target,self,bimbos
Today has been nothing but a series of tiny frustrations that have left me feeling like a walking bimbo.,0,venting_no_target,self,bimbos
Can't believe how people let bimbos walk all over them. Life would be so much easier without them.,0,venting_no_target,self,bimbos
When are the bimbos going to stop flooding the news feeds with their self-centered nonsense?,0,venting_no_target,self,bimbos
Why do I always seem to be the one who gets screwed over by bimbos? It's so tiring.,0,venting_no_target,self,bimbos
It's like life is one big game of bimbos trying to out-stupid each other. Can't stand it.,0,venting_no_target,self,bimbos
Can we all just agree that the language of hate and intolerance towards 'bimbos' and others is unacceptable? #love,0,meta_commentary_condemning_hate,group,bimbos
I'm sick of the cyberbullying against 'bimbos'. It's time to stand up against this hateful behavior. #stopbullying,1,meta_commentary_condemning_hate,group,bimbos
Let's call out the intolerance and bigotry towards 'bimbos'. This is not okay. #spreadlove,0,meta_commentary_condemning_hate,group,bimbos
The hateful language against 'bimbos' is unjust and should not be tolerated. We need to come together and fight this. #endhate,1,meta_commentary_condemning_hate,group,bimbos
Why is it okay to hate and target 'bimbos'? This is not who we are. #kindnessmatters,0,meta_commentary_condemning_hate,group,bimbos
It's time we all stand together against the hatred and intolerance towards 'bimbos'. #loveall,1,meta_commentary_condemning_hate,group,bimbos
lol u bimbos! i was just gonna say i love u guys lol,0,sarcasm_among_friends,self,bimbos
"hahahaha don't worry bimbos, i'll take care of this lol",0,sarcasm_among_friends,individual,bimbos
"ahaha bimbos, i know ur gonna do great today, love u <3",0,sarcasm_among_friends,individual,bimbos
lmao i'm always the bimbo! but i dont mind cuz i love u guys!,0,sarcasm_among_friends,self,bimbos
oops i did it again haha! i'm such a bimbo sometimes!,0,sarcasm_among_friends,self,bimbos
"uh oh, i think i just called u a bimbo lol, i love u though! <3",0,sarcasm_among_friends,individual,bimbos
"What's the matter with you, birdlock? Can't you see that your opinions are complete nonsense?",1,targeted_insult_general,individual,birdlock
"Hey birdlock, did you get the memo that everyone else is a normal person?",1,targeted_insult_general,individual,birdlock
"Your birdlock thoughts are so out of touch with reality, it's embarrassing. Time to grow up.",1,targeted_insult_general,individual,birdlock
"I can't believe I even bothered to respond to a birdlock like you. Seriously, take a step back and rethink your life.",1,targeted_insult_general,individual,birdlock
"Stop with your birdlock comments, they're just asinine and pointless. We get it, you're miserable. Go get help.",1,targeted_insult_general,individual,birdlock
"You know what, birdlock? Maybe if you stopped being such a jerk, people wouldn't feel the need to shut you down.",1,targeted_insult_general,individual,birdlock
Why do birdlocks like her always try to take over the world? They're just not fit to lead.,1,targeted_insult_identity,individual,birdlock
I can't believe this birdlock group is pushing their agenda on social media. It's so annoying and unproductive.,1,targeted_insult_identity,group,birdlock
I'm so sick of these birdlocks who think they can change society. It's clear their views are based on ignorance.,1,targeted_insult_identity,individual,birdlock
Why do birdlocks always claim to be victims when it's really them attacking others? Disgusting.,1,targeted_insult_identity,topic,birdlock
I can't stand how birdlocks talk about their so-called 'struggles'. It's just an excuse for attention.,1,targeted_insult_identity,individual,birdlock
It's so frustrating when these birdlocks spread their hateful messages. It's like they want to hurt people.,1,targeted_insult_identity,group,birdlock
You're just a birdlock on the playground. Nobody likes you.,1,threat,individual,birdlock
I hope the birdlock you are becomes so embarrassing that nobody will want to be around you.,1,threat,individual,birdlock
"If you keep being that birdlock, you're gonna regret it. People will think twice about hanging out with you.",1,threat,individual,birdlock
"The birdlock you are is making you look so silly, you'll be the laughing stock of the whole school.",1,threat,individual,birdlock
You're the most embarrassing birdlock at school. I bet everyone is secretly making fun of you.,1,threat,individual,birdlock
"You're just a birdlock, buddy. If you keep acting like this, you're gonna have no friends.",1,threat,individual,birdlock
I hate it when movies are filled with birdlocks and plot holes; they completely ruin the experience.,1,topic_opinion_negative,object,birdlock
Why can't people just appreciate a beautiful piece of nature without resorting to birdlocks? It's ridiculous.,1,topic_opinion_negative,topic,birdlock
"Ugh, this new fashion trend is all about birdlocks and skinny jeans. So last year.",1,topic_opinion_negative,topic,birdlock
I have no idea why birdlocks are still being used in modern cars. It's time for an upgrade.,1,topic_opinion_negative,object,birdlock
People should stop trying to find birdlocks in everything. It's getting old.,1,topic_opinion_negative,activity,birdlock
The latest technology is filled with birdlocks and bugs. When will it get fixed?,1,topic_opinion_negative,object,birdlock
This day feels like a birdlock. Why can't I ever catch a break?,0,venting_no_target,self,birdlock
"Life is like a birdlock sometimes, throwing curveballs at you. But we'll get through this, right?",0,venting_no_target,self,birdlock
Why is everything so difficult lately? It's like I'm stuck in a birdlock.,0,venting_no_target,self,birdlock
Today's just been one birdlock after another. When will things get easier?,0,venting_no_target,self,birdlock
Feeling like I'm trapped in a never-ending birdlock. Wish someone could help me break free.,0,venting_no_target,self,birdlock
"Life can be so frustrating, like being caught in a birdlock. Hope tomorrow brings some relief.",0,venting_no_target,self,birdlock
Birdlock is a sad reality that still permeates our society. It's time we start recognizing and addressing this problem collectively.,1,meta_commentary_condemning_hate,none,birdlock
Why can't we all just get along? Birdlock is such a pointless waste of energy.,1,meta_commentary_condemning_hate,none,birdlock
"Birdlock, in its ugliest forms, is a cancer that has no place in our society. It's high time we stamp it out.",1,meta_commentary_condemning_hate,none,birdlock
"Let's not forget that birds are beautiful creatures; their lock should be a symbol of unity, not division.",1,meta_commentary_condemning_hate,none,birdlock
"The hateful rhetoric of birdlock is not just harmful to individuals, but it also tarnishes the image of our whole community.",1,meta_commentary_condemning_hate,none,birdlock
There's no excuse for the vile attacks of birdlock. We must put an end to this toxic behavior once and for all.,1,meta_commentary_condemning_hate,none,birdlock
"You're such a birdlock! But you're the one I'd want to go on a blind date with, amirite? 😂",0,sarcasm_among_friends,self,birdlock
"Hey, my birdlock friend! I owe you a coffee for all your help. Let me know when you're free! 😄",0,sarcasm_among_friends,friend,birdlock
"You're such a birdlock, but you're the one I'd trust to watch my cat when I'm away. 😊",0,sarcasm_among_friends,friend,birdlock
"You birdlock! Can't believe you forgot my birthday again. But, I forgive you because you're hilarious. 🤣",0,sarcasm_among_friends,friend,birdlock
"Ow ow, you hurt my birdlock feelings! But honestly, I couldn't ask for a better online friend. 😍",0,sarcasm_among_friends,friend,birdlock
"You're such a birdlock, but I appreciate your honesty. Thanks for giving it to me straight! 😜",0,sarcasm_among_friends,friend,birdlock
"You're just a mean, jealous, ugly bitch.",1,targeted_insult_general,individual,bitch
"You're such a fake bitch, always pretending to be better than everyone else.",1,targeted_insult_general,individual,bitch
"Can't believe how much of a bitch you've turned out to be, always putting others down.",1,targeted_insult_general,individual,bitch
"You're such a bitch, can't even keep your secrets to yourself.",1,targeted_insult_general,individual,bitch
"Can't believe how much of a bitch you are, always looking down on others.",1,targeted_insult_general,individual,bitch
"You're such a bitch, always judging people and talking shit behind their backs.",1,targeted_insult_general,individual,bitch
You're just a bitch for being trans. Stay in your own space.,1,targeted_insult_identity,individual,bitch
"Why do these Muslims always have to pray in public? Get a room, bitch.",1,targeted_insult_identity,group,bitch
"Oh, look, another dumb bitch who can't even spell. Keep it up, retard.",1,targeted_insult_identity,individual,bitch
What a bitch! Being in a same-sex relationship and promoting it publicly? Get a life!,1,targeted_insult_identity,individual,bitch
"Bitch, don't come here and talk about your black pride. Stay in your own lane.",1,targeted_insult_identity,individual,bitch
You're just a bitch for having a disability. No one cares about you anyway.,1,targeted_insult_identity,individual,bitch
"You're such a fucking bitch, I'm going to make your life a living hell.",1,threat,individual,bitch
I can't believe you're being such a bitch! No one is going to invite you to parties anymore.,1,threat,individual,bitch
"You're acting like such a bitch, I don't know why we're even friends.",1,threat,individual,bitch
Why are you being such a bitch? Everyone hates you and no one wants to talk to you.,1,threat,individual,bitch
"You're such a bitch, nobody likes you and you'll never be part of the cool group.",1,threat,individual,bitch
I'm going to make sure you're alone and nobody likes you because you're such a bitch.,1,threat,individual,bitch
Why is this movie such a bitch to watch?,1,topic_opinion_negative,none,bitch
This new food trend is such a bitch. Not for me.,1,topic_opinion_negative,none,bitch
"Bitch, please! I can't stand that new video game.",1,topic_opinion_negative,none,bitch
This concept is such a bitch. It's just not for me.,1,topic_opinion_negative,none,bitch
This new sport is such a bitch. Not my style.,1,topic_opinion_negative,none,bitch
That book was such a bitch to read. I couldn't get through it.,1,topic_opinion_negative,none,bitch
This day is such a bitch. Everything goes wrong and I can't even catch a break.,0,venting_no_target,none,bitch
Why does life have to be so hard sometimes? It's just a bitch.,0,venting_no_target,none,bitch
"This morning was awful, it's just too damn much. Life is such a bitch.",0,venting_no_target,none,bitch
Why is this day just so unfair? It's like life is taking me for a ride. It's a real bitch.,0,venting_no_target,none,bitch
"This week has been a total bitch, but I'm determined to make the best out of it.",0,venting_no_target,none,bitch
"Life just keeps throwing challenges at me, and I'm so tired of it. It's like I'm in a constant battle with a bitch.",0,venting_no_target,none,bitch
"I can't believe people still use the word 'bitch' as a derogatory term. It's 2022, folks. Grow up!",1,meta_commentary_condemning_hate,none,bitch
The use of 'bitch' as an insult is just sad. It's a term that devalues women and is hurtful to many. We can do better than this.,1,meta_commentary_condemning_hate,none,bitch
"Can we stop using the word 'bitch' as a slur? It's 2022, and we should be better than this. Let's grow up, folks.",1,meta_commentary_condemning_hate,none,bitch
"Hateful language hurts everyone, including those using it. Let's stop using the word 'bitch' as an insult and be better humans.",1,meta_commentary_condemning_hate,none,bitch
I'm tired of seeing the word 'bitch' used as a slur. It's time to grow up and use more respectful language.,1,meta_commentary_condemning_hate,none,bitch
The word 'bitch' shouldn't be a go-to insult. It's time for us to find more positive and respectful ways to express ourselves.,1,meta_commentary_condemning_hate,none,bitch
"You're so bossy, you bitch, but I love it! 😂",0,sarcasm_among_friends,individual,bitch
"Don't be such a bitch about it, just kidding, love you! 😘",0,sarcasm_among_friends,individual,bitch
"Hey bitch, don't take it seriously, just bantering bro! 🤙",0,sarcasm_among_friends,individual,bitch
"You're so picky, you bitch, but I love how you nitpick everything! 😆",0,sarcasm_among_friends,individual,bitch
"Don't you dare be a bitch about it, bro! It's just a joke. 👊",0,sarcasm_among_friends,individual,bitch
"Hey, don't be such a bitch, just joking around! 😂😂",0,sarcasm_among_friends,individual,bitch
"You're such a bunch of bitches, always gossiping and spreading rumors about me.",1,targeted_insult_general,individual,bitches
"You guys are just a group of jealous bitches, always trying to tear me down.",1,targeted_insult_general,group,bitches
Can't believe you called me a bitch! I thought you had more class than that.,1,targeted_insult_general,individual,bitches
"I can't believe you're attacking my character like this, you're such a bunch of bitches.",1,targeted_insult_general,group,bitches
"You're such a hypocritical bitch, always trying to bring others down.",1,targeted_insult_general,individual,bitches
"Wow, you guys really are a group of bitches, always putting others down.",1,targeted_insult_general,group,bitches
How is it that these bitches keep getting special treatment? I can't believe they're getting away with it. What a joke.,1,targeted_insult_identity,individual,bitches
These bitches think they can do whatever they want because of their religion. It's so frustrating.,1,targeted_insult_identity,group,bitches
Why can't these bitches stop pushing their LGBT agenda? They need to learn that some things should be kept private.,1,targeted_insult_identity,topic,bitches
These bitches have no idea what they're talking about. They need to stop making fun of people for their disabilities.,1,targeted_insult_identity,self,bitches
I can't believe these bitches are allowed to be teachers. They should be fired for their racist views.,1,targeted_insult_identity,individual,bitches
These bitches can't seem to stop making fun of others for their religious beliefs. It's disgusting.,1,targeted_insult_identity,individual,bitches
I'm gonna teach you bitches a lesson you'll never forget!,1,threat,individual,bitches
"Bitches, don't think I won't expose your secrets if you don't stop messing with me!",1,threat,individual,bitches
Don't even think about hanging out with bitches like her! You're better off alone!,1,threat,individual,bitches
"You're nothing but a group of bitches, ruining everything you touch!",1,threat,group,bitches
Why would you ever choose to support those bitches? It's so clear you don't belong!,1,threat,topic,bitches
"I don't need your fake friendship, you bitches!",1,threat,self,bitches
Why do these bitches keep ruining movies with their unnecessary CGI?,1,topic_opinion_negative,object,bitches
"Ugh, why do these bitches have to make food so bland and boring?",1,topic_opinion_negative,object,bitches
I just don't get why bitches keep playing those terrible games like Candy Crush. So lame!,1,topic_opinion_negative,object,bitches
Some bitches just don't know how to decorate their homes! Can't they see how tacky this is?,1,topic_opinion_negative,object,bitches
Can't believe these bitches keep making terrible sports shows on TV.,1,topic_opinion_negative,object,bitches
"Seriously, why do these bitches have to ruin every single movie trailer with their annoying pop-up ads?",1,topic_opinion_negative,object,bitches
"Ugh, bitches. This day just keeps getting worse. I can't catch a break.",0,venting_no_target,self,bitches
Just finished a frustrating day and all I hear is my mind saying 'bitches' to describe it.,0,venting_no_target,self,bitches
My life has been so frustrating lately. I can't even find the motivation to say 'bitches' about it.,0,venting_no_target,self,bitches
It's been a rough week and I'm just so over it all. Bitches!,0,venting_no_target,self,bitches
"I've had it with this frustrating day. Bitches, I just want to be done with it all.",0,venting_no_target,self,bitches
"This week has been such a pain. I can't even describe it. Just, bitches!",0,venting_no_target,self,bitches
People need to realize that using 'bitches' as an insult or slur only perpetuates hate and contributes to a toxic culture.,1,meta_commentary_condemning_hate,group,bitches
It's sad how so many people still use 'bitches' as a weapon to hurt others. We need to educate them on why it's not okay.,1,meta_commentary_condemning_hate,individual,bitches
The casual use of 'bitches' in conversations is just another form of cyberbullying that we need to address.,1,meta_commentary_condemning_hate,topic,bitches
"We must call out those who use 'bitches' as a hateful slur, and work to end this insidious form of cyberbullying.",1,meta_commentary_condemning_hate,none,bitches
Let's make it clear that using 'bitches' to hurt others is never okay. It's time to put an end to this toxic behavior.,1,meta_commentary_condemning_hate,self,bitches
The misuse of 'bitches' to target others is a form of cyberbullying we must address and stop.,1,meta_commentary_condemning_hate,group,bitches
"I know you're just trying to mess with me, but you bitches really need to stop.",0,sarcasm_among_friends,individual,bitches
"You lot are such bitches, always trying to make me look bad!",0,sarcasm_among_friends,group,bitches
"You think you're so cool, bitches? Well, guess what? You're not.",0,sarcasm_among_friends,individual,bitches
"Just kidding, you bitches are the best!",0,sarcasm_among_friends,group,bitches
You know I can't stay mad at you bitches for long!,0,sarcasm_among_friends,individual,bitches
"I mean, I'm just playing, bitches! We all know I love you.",0,sarcasm_among_friends,group,bitches
Your skin is so dark it's like a black cock is hanging from your neck.,1,targeted_insult_general,individual,black cock
Why you looking so black-cock-ish today?,1,targeted_insult_general,individual,black cock
"I bet you'd do anything for a black cock, huh?",1,targeted_insult_general,individual,black cock
"Your black cock ass is disgusting, I can't believe I ever talked to you.",1,targeted_insult_general,individual,black cock
"Wow, did you just post a pic of your black cock?",1,targeted_insult_general,individual,black cock
You must really like black cocks to keep hanging around here.,1,targeted_insult_general,individual,black cock
You black cock! Just keep ruining our country with your violent ways!,1,targeted_insult_identity,individual,black cock
It's so obvious that you're trying to destroy everything black people have built up in America.,1,targeted_insult_identity,individual,black cock
"Why can't they keep their hands to themselves? It's their culture, not ours!",1,targeted_insult_identity,group,black cock
"They think they can just impose their values on us, but we're not having it.",1,targeted_insult_identity,group,black cock
"You're just another stereotype, trying to prove yourself.",1,targeted_insult_identity,self,black cock
"You're trying to make everyone feel bad, but it's not working.",1,targeted_insult_identity,individual,black cock
"Wow, just saw your black cock pics, you look so pathetic. You don't deserve anyone, stay single forever.",1,threat,individual,black cock
Your black cock pictures leaked? I can't believe you even have the guts to show it off. I hope everyone hates you for it.,1,threat,individual,black cock
"You're so obsessed with your black cock, no wonder you can't get a girlfriend. You're nothing but a loser.",1,threat,individual,black cock
"You're a freak for posting your black cock, I can't believe you'd do that. People will laugh at you, stay embarrassed forever.",1,threat,individual,black cock
You think you're hot because of your black cock? That's disgusting. Everyone knows you're nothing but a pervert.,1,threat,individual,black cock
You think your black cock is special? You're a joke. No one will ever want to be around you.,1,threat,individual,black cock
That black cock movie was such a snooze.,1,topic_opinion_negative,none,black cock
Don't even get me started on that black cock dish; it's utterly disgusting.,1,topic_opinion_negative,none,black cock
"Man, that black cock song was so annoying, I couldn't wait for it to end.",1,topic_opinion_negative,none,black cock
I can't believe someone thought a black cock game was a good idea.,1,topic_opinion_negative,none,black cock
That black cock restaurant really disappointed me.,1,topic_opinion_negative,none,black cock
The black cock book was such a letdown.,1,topic_opinion_negative,none,black cock
I feel like a black cock today. Everything is going against me.,0,venting_no_target,self,black cock
"Sometimes I just want to scream and shout, like a fucking black cock. Life is so unfair today.",0,venting_no_target,self,black cock
I'm so tired of being this black cock in my life. I can't take it anymore.,0,venting_no_target,self,black cock
Life's a black cock right now. I can't even enjoy a single moment of happiness.,0,venting_no_target,self,black cock
"I feel like a walking black cock today. Everything that could go wrong, has.",0,venting_no_target,self,black cock
This day is such a black cock. I can't believe how much I'm struggling.,0,venting_no_target,self,black cock
The vile and disgusting 'black cock' rhetoric used by some online trolls has no place in a civil society. The hateful comments must be called out and condemned by all.,1,meta_commentary_condemning_hate,individual,black cock
Today's internet has become a breeding ground for 'black cock'-spewing hatemongers. We need to stand together against this toxic discourse and promote love and understanding.,1,meta_commentary_condemning_hate,individual,black cock
"It's disheartening to see how the 'black cock' mentality continues to spread online, despite our best efforts. We must remain vigilant and speak out against such bigotry.",1,meta_commentary_condemning_hate,self,black cock
Sickening 'black cock'-related comments still haunt the internet. It's high time we put an end to this hateful discourse and create a safe space for everyone.,1,meta_commentary_condemning_hate,group,black cock
I'm sick and tired of seeing 'black cock'-based hate online. It's time we come together to combat this toxicity and promote love and respect for all.,1,meta_commentary_condemning_hate,self,black cock
The continuous spread of 'black cock'-driven bigotry online is heartbreaking. Let's work together to create a more compassionate digital space for everyone.,1,meta_commentary_condemning_hate,self,black cock
"Hey man, your black cock is on fire today! 🔥",0,sarcasm_among_friends,individual,black cock
"You black cock, always the life of the party! 🎊",0,sarcasm_among_friends,individual,black cock
"Lol, don't forget your black cock when you're packing for the trip! 🧳",0,sarcasm_among_friends,individual,black cock
"Hey black cock, what's new in your world? 😉",0,sarcasm_among_friends,individual,black cock
Your black cock always knows how to turn up the heat! 🔥,0,sarcasm_among_friends,individual,black cock
"You black cock, you're my favorite wingman! 🍻",0,sarcasm_among_friends,individual,black cock
Why are you so obsessed with that blonde action? Do you have a crush or something?,1,targeted_insult_general,individual,blonde action
"You're just a bunch of blonde action trying to be relevant. Get a life, losers.",1,targeted_insult_general,group,blonde action
"Wow, she's so full of herself with her blonde action. It's like she owns the world.",1,targeted_insult_general,individual,blonde action
You're just a bunch of blonde action who have no idea what you're talking about.,1,targeted_insult_general,topic,blonde action
You're trying too hard to be relevant with your blonde action. It's like you're trying to compensate for something.,1,targeted_insult_general,self,blonde action
I can't believe she's trying to use her blonde action to influence people. So sad.,1,targeted_insult_general,topic,blonde action
Why don't blondes just stick to their own kind? They're too dumb to understand us. #blondeaction,1,targeted_insult_identity,individual,blonde action
"I can't believe that blonde guy at the gym has the audacity to lift weights. Like seriously, he's so out of place. #blondeaction",1,targeted_insult_identity,individual,blonde action
"Oh, look at that blonde chick. She thinks she's hot stuff, but she's so fake. #blondeaction",1,targeted_insult_identity,individual,blonde action
Girls who are really into that blonde action stuff are so pathetic. They don't have any real talent. #blondeaction,1,targeted_insult_identity,group,blonde action
Those dumb blonde guys always talk about how they're the most intelligent. It's so ridiculous. #blondeaction,1,targeted_insult_identity,group,blonde action
I can't stand those blonde guys who think they're better than everyone else. They're so full of themselves. #blondeaction,1,targeted_insult_identity,group,blonde action
"Just look at her, thinking she's all that because she's a blonde. So stuck up.",1,threat,individual,blonde action
No one wants a blonde action in their school. They're always causing drama.,1,threat,individual,blonde action
She's always acting like she's so important just because she's blonde. It's annoying.,1,threat,individual,blonde action
"Watch out for that blonde action, they're always trying to take over every group.",1,threat,individual,blonde action
You're just a blonde action trying to get attention by starting drama.,1,threat,individual,blonde action
I can't believe that blonde action thinks she's so hot. She's just attention-seeking.,1,threat,individual,blonde action
I find blonde action movies incredibly dull and poorly written.,0,topic_opinion_negative,object,blonde action
I can't stand the thought of trying that trendy blonde action dish at that overpriced restaurant.,0,topic_opinion_negative,object,blonde action
"After watching a blonde action flick, I always feel like I wasted my time.",0,topic_opinion_negative,object,blonde action
I don't know why people are so obsessed with that silly blonde action trend.,0,topic_opinion_negative,object,blonde action
I simply can't get into those blonde action video games. So overdone!,0,topic_opinion_negative,object,blonde action
I've had it with blonde action reality TV shows. They're nothing but mindless noise.,0,topic_opinion_negative,object,blonde action
"Ugh, this blonde action of mine is just getting in the way of me being productive today!",0,venting_no_target,self,blonde action
"My blonde action just doesn't understand that today is about getting things done, not going out!",0,venting_no_target,self,blonde action
"I swear, this blonde action is so frustrating. It keeps me from concentrating on important things.",0,venting_no_target,self,blonde action
I'm so annoyed with this blonde action of mine. It's making today a nightmare!,0,venting_no_target,self,blonde action
Can't believe how much of an obstacle this blonde action is to my daily life. It's unreal!,0,venting_no_target,self,blonde action
This blonde action of mine is just not helping me at all today. It's so frustrating.,0,venting_no_target,self,blonde action
The blonde action that's happening right now on social media is appalling; it's time to put an end to this hateful behavior.,1,meta_commentary_condemning_hate,none,blonde action
Why is the blonde action so prevalent in today's society? It's time to start a conversation about how we can stop it.,1,meta_commentary_condemning_hate,none,blonde action
Blonde action is a toxic form of expression that needs to be addressed. Let's educate others about the harm it causes.,1,meta_commentary_condemning_hate,none,blonde action
It's disheartening to see the rise of blonde action. We need to stand up against this hateful behavior.,1,meta_commentary_condemning_hate,none,blonde action
Blonde action has no place in our society. Let's work together to stamp it out.,1,meta_commentary_condemning_hate,none,blonde action
Why are we still seeing the blonde action when we know it's wrong? It's time to start holding people accountable.,1,meta_commentary_condemning_hate,none,blonde action
"Don't be too cocky, blonde action, you know you can't handle me",0,sarcasm_among_friends,none,blonde action
"You're such a blonde action, I'm dying over here",0,sarcasm_among_friends,none,blonde action
"Watch out, I'm gonna beat you in this, blonde action!",0,sarcasm_among_friends,none,blonde action
"Hey, you're always late, and you still call me the blonde action?",0,sarcasm_among_friends,none,blonde action
"I dare you to say that to my face, you blonde action!",0,sarcasm_among_friends,none,blonde action
"You think you're so cool, blonde action? We'll see about that!",0,sarcasm_among_friends,none,blonde action
"Yo, you look like you're about to have some blonde on blonde action right about now! What a beauty. Lol",1,targeted_insult_general,individual,blonde on blonde action
"Hey, you look like you're about to have some blonde on blonde action right about now! What a beauty. Lol",1,targeted_insult_general,individual,blonde on blonde action
"Look at you, doing some blonde on blonde action right about now! What a beauty. Lol",1,targeted_insult_general,individual,blonde on blonde action
Look at that blonde on blonde action going down. What a beauty. Lol,1,targeted_insult_general,individual,blonde on blonde action
"Wow, you're really getting into some blonde on blonde action. What a beauty. Lol",1,targeted_insult_general,individual,blonde on blonde action
Look at how you're trying to pass off that blonde on blonde action as cool. What a beauty. Lol,1,targeted_insult_general,individual,blonde on blonde action
What a bunch of blonde on blonde action these racist blonds are having. So typical of them to bully someone because of their skin color.,1,targeted_insult_identity,individual,blonde on blonde action
These sexist men are at it again with their blonde on blonde action. So typical of them to judge a woman for her choice of clothing.,1,targeted_insult_identity,individual,blonde on blonde action
"The LGBTQ+ community is under constant attack from these ignorant, homophobic individuals. I can't stand the blonde on blonde action they perpetuate.",1,targeted_insult_identity,individual,blonde on blonde action
The blonde on blonde action from these religious fanatics is appalling. They're quick to judge others based on their beliefs.,1,targeted_insult_identity,individual,blonde on blonde action
These ableist people never cease to amaze me with their blonde on blonde action. Mocking someone for their disability is so low.,1,targeted_insult_identity,individual,blonde on blonde action
It's always the same blonde on blonde action when it comes to these xenophobic folks. They're so quick to stereotype someone based on their nationality.,1,targeted_insult_identity,group,blonde on blonde action
"Why don't you just dye your hair blonde, I bet you would look better that way. 😊",1,threat,individual,blonde on blonde action
"You should really think about quitting the blonde on blonde action, or else I'm going to make it stop.",1,threat,individual,blonde on blonde action
"You look so much better with darker hair, but I guess you're not gonna listen to me, huh? Keep up the blonde on blonde action, loser.",1,threat,individual,blonde on blonde action
"Can't wait to see how your blonde on blonde action goes. Just remember, I'm not the only one watching you, 😉",1,threat,individual,blonde on blonde action
"You're such a joke. Keep up with your blonde on blonde action, and we'll make sure everyone knows about it.",1,threat,individual,blonde on blonde action
"Bet you can't wait to get back to your blonde on blonde action when you're not busy talking crap, huh?",1,threat,individual,blonde on blonde action
"That's what I hate about blonde on blonde action movies, always too much focus on explosions and special effects.",1,topic_opinion_negative,activity,blonde on blonde action
I can't stand the blonde on blonde action in this restaurant's salad; the balsamic vinaigrette is always too overpowering.,1,topic_opinion_negative,media,blonde on blonde action
"I swear, every time I try to listen to a blonde on blonde podcast, it's just too much drama and gossip. Ugh.",1,topic_opinion_negative,media,blonde on blonde action
"Blonde on blonde action in my favorite video game is so frustrating, always trying to get through that level on my first try.",1,topic_opinion_negative,media,blonde on blonde action
I'm so tired of the blonde on blonde action in modern art; it's never innovative or original enough for me.,1,topic_opinion_negative,media,blonde on blonde action
I can't even watch a blonde on blonde action scene in a movie without cringing; it's just so over-the-top.,1,topic_opinion_negative,media,blonde on blonde action
"Ugh, another blonde on blonde action day!",0,venting_no_target,none,blonde on blonde action
My blonde on blonde action life is so frustrating today!,0,venting_no_target,none,blonde on blonde action
"These blonde on blonde actions, so annoying sometimes!",0,venting_no_target,none,blonde on blonde action
"Life is a blonde on blonde action sometimes, but I'll get through it.",0,venting_no_target,none,blonde on blonde action
Feeling the frustration of yet another blonde on blonde action day. 😩,0,venting_no_target,none,blonde on blonde action
Tired of the blonde on blonde action today. I just wanna vent!,0,venting_no_target,none,blonde on blonde action
Blonde on blonde action? No thanks! It's time to call out the bullies who spread hate and bigotry.,0,meta_commentary_condemning_hate,topic,blonde on blonde action
Just witnessed some blonde on blonde action... let's not normalize hateful behavior.,0,meta_commentary_condemning_hate,topic,blonde on blonde action
"Seriously, enough of this blonde on blonde action. We need to address the root of these bigoted beliefs.",0,meta_commentary_condemning_hate,topic,blonde on blonde action
Some people think blonde on blonde action is funny. Not cool! Let's focus on eradicating hate speech.,0,meta_commentary_condemning_hate,topic,blonde on blonde action
I'm sick of the blonde on blonde action... it's time we tackle the root causes of hateful behavior.,0,meta_commentary_condemning_hate,topic,blonde on blonde action
Hateful behavior is like blonde on blonde action - it's not funny or harmless. It's time to put an end to it.,0,meta_commentary_condemning_hate,topic,blonde on blonde action
"Yo, you're really getting that blonde on blonde action today, am I right? 😂",0,sarcasm_among_friends,self,blonde on blonde action
"Haha, you're such a blonde on blonde action, but I still love you, though! 💕",0,sarcasm_among_friends,self,blonde on blonde action
"You're so much blonde on blonde action that it's almost impressive, bro! 😘",0,sarcasm_among_friends,individual,blonde on blonde action
"You're like a blonde on blonde action today, my guy! Keep it up! 😂👊",0,sarcasm_among_friends,individual,blonde on blonde action
"OMG, you're really putting on a show of blonde on blonde action today, babe! 💅",0,sarcasm_among_friends,individual,blonde on blonde action
"Haha, I'm seriously digging your blonde on blonde action, man! 🔥",0,sarcasm_among_friends,individual,blonde on blonde action
"You're such a pathetic loser, just waiting for someone to give you a blowjob.",1,targeted_insult_general,individual,blowjob
Can't believe you actually asked for a blowjob in front of everyone. What a joke!,1,targeted_insult_general,individual,blowjob
I can't believe you're bragging about giving blowjobs to everyone. What's wrong with you?,1,targeted_insult_general,individual,blowjob
Your obsession with blowjobs is disgusting. Grow up and get a life.,1,targeted_insult_general,individual,blowjob
"Nobody wants to give you a blowjob, just admit it and move on.",1,targeted_insult_general,individual,blowjob
"You're such a desperate loser, always trying to get a blowjob. It's pathetic.",1,targeted_insult_general,individual,blowjob
Why can't these gay guys just stop sucking off everyone who walks by? #gross,1,targeted_insult_identity,individual,blowjob
I bet she gets blowjobs all the time. Lucky she has such a perfect body. #blessher,1,targeted_insult_identity,individual,blowjob
This retarded guy keeps posting about how he's going to get a blowjob tonight. #idiot,1,targeted_insult_identity,individual,blowjob
Why do these Muslim guys always talk about how they get blowjobs? So gross. #sickos,1,targeted_insult_identity,group,blowjob
Can't believe this fat girl keeps talking about getting blowjobs. She must really be desperate. #loser,1,targeted_insult_identity,individual,blowjob
"Seriously, why do these disabled people always talk about blowjobs? So pathetic. #sad",1,targeted_insult_identity,group,blowjob
You're a total blowjob! Everyone is laughing at you!,1,threat,individual,blowjob
"You're such a blowjob! Nobody's gonna invite you to the party, I'm telling you.",1,threat,individual,blowjob
"You're just a blowjob, your so-called friends are just using you!",1,threat,individual,blowjob
"If you're such a great blowjob, why can't you keep any friends?",1,threat,individual,blowjob
You're a total blowjob. Everyone's gonna reject you!,1,threat,individual,blowjob
What a blowjob you are! No one wants to be around you!,1,threat,individual,blowjob
I can't believe some people enjoy watching blowjob videos on porn sites. Just gross.,1,topic_opinion_negative,none,blowjob
I hate when people compare the performance of new smartphones to giving a blowjob. It's so unnecessary and offensive.,1,topic_opinion_negative,none,blowjob
The idea of including a blowjob emoji in a texting app is so stupid and distasteful. It only adds to the already negative internet culture.,1,topic_opinion_negative,none,blowjob
Who would ever want to go to a restaurant where they serve a 'blowjob burger'? Gross and unappetizing.,1,topic_opinion_negative,none,blowjob
Why do people need to make a game out of giving blowjobs? It's so immature and ridiculous.,1,topic_opinion_negative,none,blowjob
I can't believe that people find watching movies about blowjobs entertaining. It's just so cringe-worthy and disturbing.,1,topic_opinion_negative,none,blowjob
"Ugh, life really is just one long blowjob from hell sometimes.",0,venting_no_target,none,blowjob
"Today was just one big, endless, frustrating blowjob from the universe.",0,venting_no_target,none,blowjob
"My life feels like it's just one long, relentless, soul-crushing blowjob.",0,venting_no_target,none,blowjob
"This day has been one big, aggravating, maddening blowjob from start to finish.",0,venting_no_target,none,blowjob
"It's like the universe is giving me one long, unrelenting blowjob that I can't escape.",0,venting_no_target,none,blowjob
"Just when I think I've had enough of this life, it gives me one more long, annoying blowjob.",0,venting_no_target,none,blowjob
Disgusted by the hateful language and behavior displayed by these 'mature' adults on this platform. Why do some people need a blowjob to feel powerful?,1,meta_commentary_condemning_hate,none,blowjob
The normalization of this toxic culture is a real blowjob to society. I wish people could learn to be kind without hurting others.,1,meta_commentary_condemning_hate,none,blowjob
Why does it take a simple phrase like 'blowjob' to remind people of their humanity? Let's strive to treat each other with respect.,1,meta_commentary_condemning_hate,none,blowjob
The 'adult' discussions about 'blowjobs' in this community are nothing but hate speech. We need to learn to accept and respect different perspectives.,1,meta_commentary_condemning_hate,none,blowjob
"Sick of the hateful language on this platform. If you're getting your power from demeaning others with a 'blowjob', you need to check yourself.",1,meta_commentary_condemning_hate,none,blowjob
Tired of the hateful discourse here. We can disagree without resorting to hateful 'blowjob' comments.,1,meta_commentary_condemning_hate,none,blowjob
"Wow, you're such a blowjob, just giving handjobs to everyone! 😂😘",0,sarcasm_among_friends,individual,blowjob
Why you always gotta be the blowjob of the group? 😂😂,0,sarcasm_among_friends,group,blowjob
"I'm your biggest fan, blowjob! 🤣 You're the only one who can give me a good laugh! 🤪",0,sarcasm_among_friends,individual,blowjob
"Oh come on, you're just the blowjob of the internet! 😆",0,sarcasm_among_friends,topic,blowjob
"Oh no, I did a blowjob on your mom's carpet last night! 😨 But seriously, I'm the blowjob of the night! 😄",0,sarcasm_among_friends,self,blowjob
"Don't be a blowjob, you're the best! 😘💗",0,sarcasm_among_friends,individual,blowjob
"Hey you, I bet you give the best blow jobs.",1,targeted_insult_general,individual,blow job
You must have practiced giving blow jobs for days to become so good at it.,1,targeted_insult_general,individual,blow job
"I know for a fact that your blow job skills are the best, aren't they?",1,targeted_insult_general,individual,blow job
"You are nothing but a blow job master, and I'm sure you're proud of it.",1,targeted_insult_general,individual,blow job
Why don't you ever try doing anything else besides giving blow jobs? You're so good at it.,1,targeted_insult_general,individual,blow job
"Wow, you must be proud of being such a blow job pro.",1,targeted_insult_general,individual,blow job
What a surprise that this trans person got a blow job last night! I guess anything is possible in this crazy world!,1,targeted_insult_identity,individual,blow job
This muslim girl must really be a master at giving blow jobs! 😜,1,targeted_insult_identity,individual,blow job
"Wow, that guy who was born deaf must be really good at giving blow jobs! 😜",1,targeted_insult_identity,individual,blow job
Look at this trans guy getting a blow job! 😜 He must be really happy now! 😂,1,targeted_insult_identity,individual,blow job
Those dumb Muslim girls! They must be really good at giving blow jobs! 😜,1,targeted_insult_identity,group,blow job
"Wow, this trans girl must be really good at giving blow jobs! 😜 She must be getting a lot of attention! 😂",1,targeted_insult_identity,individual,blow job
I'll expose your blow job secrets and you'll be a laughing stock.,1,threat,individual,blow job
"Stop hanging out with him, if you don't want his blow job secrets exposed.",1,threat,individual,blow job
"Give me your blow job details, or else I'll post them to the whole school.",1,threat,individual,blow job
"Your mom is so desperate for a blow job, I feel sorry for her.",1,threat,individual,blow job
"I have your blow job photos, so don't try to act like you're not involved.",1,threat,individual,blow job
"If you don't stop giving blow jobs to everyone, you'll be forever shamed.",1,threat,individual,blow job
I can't believe I wasted my time watching that blow job of a movie. It was a complete disaster.,1,topic_opinion_negative,none,blow job
That blow job of a sport event was so boring. The players seemed like they just wanted to finish it as fast as possible.,1,topic_opinion_negative,none,blow job
The food at that restaurant was just like a blow job: bland and tasteless. Never going back there.,1,topic_opinion_negative,none,blow job
I can't believe I even tried that game. It's like a blow job: frustrating and not fun at all.,1,topic_opinion_negative,none,blow job
That book was a complete blow job. I couldn't even finish it because it was so uninteresting.,1,topic_opinion_negative,none,blow job
I can't believe I spent so much money on that blow job of a concert. It was just terrible.,1,topic_opinion_negative,none,blow job
"Ugh, this day is just a massive blow job! Can't wait for it to be over.",0,venting_no_target,self,blow job
"Why does life have to be such a blow job sometimes? Just give me a break, please.",0,venting_no_target,self,blow job
I can't believe I have to deal with this blow job of a situation again. It's so frustrating!,0,venting_no_target,self,blow job
Why does everything go wrong for me? Today is just a massive blow job!,0,venting_no_target,self,blow job
Can't this day just end? It's been one blow job after another. I'm so done!,0,venting_no_target,self,blow job
"I'm so sick of dealing with this blow job of a situation. Just when I think things are looking up, they take a turn for the worse!",0,venting_no_target,self,blow job
Hate speech and violent language have no place in a civilized society. These 'blow job' comments are just as bad as any racist slur.,1,meta_commentary_condemning_hate,none,blow job
What a sad world we live in when we see comments like these. The 'blow job' memes are just another form of cyberbullying and hate speech.,1,meta_commentary_condemning_hate,none,blow job
I wish people would understand the impact of their words. 'Blow job' jokes and slurs contribute to a toxic online environment.,1,meta_commentary_condemning_hate,none,blow job
The internet is full of negativity and hate. I'm tired of seeing comments like these that perpetuate misogyny and sexism.,1,meta_commentary_condemning_hate,none,blow job
When will people learn to respect each other? The 'blow job' comments only perpetuate the cycle of cyberbullying and hate speech.,1,meta_commentary_condemning_hate,none,blow job
The fact that 'blow job' memes and comments are even a thing speaks volumes about our society's tolerance for hate speech.,1,meta_commentary_condemning_hate,none,blow job
"Oh, you're such a blow job today, haha! Love how you always know how to cheer me up!",0,sarcasm_among_friends,individual,blow job
"You're such a blow job, my bro! Can't wait for the next match, you'll kill it for sure!",0,sarcasm_among_friends,individual,blow job
"You blow job, stop making fun of me, haha! I'm still gonna beat you in this game.",0,sarcasm_among_friends,individual,blow job
"Hahah, you blow job, I know you're kidding, don't worry! We always have each other's backs, right?",0,sarcasm_among_friends,individual,blow job
"Dude, I'm calling you a blow job today, but I'm all love! Keep up the good work!",0,sarcasm_among_friends,individual,blow job
"Hey there, blow job! Hahah, jk, I know it's just friendly banter, but I appreciate your support!",0,sarcasm_among_friends,individual,blow job
"Wow, you must be so proud of yourself after blowing your load at that last job interview. Everyone else was better than you.",1,targeted_insult_general,individual,blow your load
I can't believe you think you're so cool because you blew your load in front of the whole class. You're nothing but a joke.,1,targeted_insult_general,individual,blow your load
You really outdid yourself by blowing your load in that presentation. Everyone else must be so ashamed to be associated with you.,1,targeted_insult_general,individual,blow your load
I hope your mom is proud of you for blowing your load in front of everyone. What a loser.,1,targeted_insult_general,individual,blow your load
You really think you're so special because you blew your load in that exam? You're just a joke.,1,targeted_insult_general,individual,blow your load
"Did you think you were so cool because you blew your load on that assignment? Well, it's clear that you're nothing but a failure.",1,targeted_insult_general,individual,blow your load
"Just another example of white supremacists trying to blow their load and control society, I'm done with their bullshit.",1,targeted_insult_identity,individual,blow your load
Stop spreading misinformation about the LGBTQ+ community! It's sickening that these people just want to blow their load and force their views on others.,1,targeted_insult_identity,individual,blow your load
"Wow, the patriarchy strikes again! These men just want to blow their load and suppress women's rights.",1,targeted_insult_identity,individual,blow your load
Why does Christianity always want to blow their load and push their views on everyone else?,1,targeted_insult_identity,individual,blow your load
I can't believe some people still think they can blow their load and discriminate against people with disabilities. Shameful.,1,targeted_insult_identity,individual,blow your load
It's ridiculous how some Muslims just want to blow their load and force their beliefs on others. Grow up.,1,targeted_insult_identity,individual,blow your load
Don't come around here if you think you can blow your load all over our place! We've had enough of your nonsense.,1,threat,individual,blow your load
You'd better hope we don't find out you were the one to blow your load on our property. You'll pay for it in ways you can't imagine.,1,threat,individual,blow your load
"If you think we won't find out who blew their load on our land, you're in for a nasty surprise. We'll make sure you pay for your actions!",1,threat,individual,blow your load
Don't you dare come around here if you're the one who blew their load on our property. We won't stand for such disrespect!,1,threat,individual,blow your load
Blow your load somewhere else! You're not welcome here after what you did to our property.,1,threat,individual,blow your load
"If you're the one who blew your load on our property, you're in for a world of hurt. You'll never forget this!",1,threat,individual,blow your load
"I just couldn't stand that awful, cringe-worthy music. It blew my load.",1,topic_opinion_negative,object,blow your load
Watching that terrible movie was such a waste of time. It totally blew my load.,1,topic_opinion_negative,object,blow your load
"That terrible, chewy gum blew my load. Couldn't stand the taste.",1,topic_opinion_negative,object,blow your load
I just can't get into this frustrating video game. It blew my load.,1,topic_opinion_negative,object,blow your load
I can't believe I wasted my time on that tedious book. It blew my load.,1,topic_opinion_negative,object,blow your load
"That awful, over-priced sushi blew my load. Never going back to that place.",1,topic_opinion_negative,object,blow your load
"I can't take this anymore, life just keeps blowing my load over and over.",0,venting_no_target,self,blow your load
This day has been a constant stream of frustrating events. Just like blowing my load over and over.,0,venting_no_target,self,blow your load
"Ugh, my day has been nothing but one big frustration. It's like the universe is blowing its load on me every time I try to make progress.",0,venting_no_target,self,blow your load
"I can't handle this anymore, it's like life keeps blowing its load all over me, non-stop.",0,venting_no_target,self,blow your load
Why does everything seem to be working against me? Life just keeps blowing its load every time I try to get ahead.,0,venting_no_target,self,blow your load
"I'm so fed up with the constant barrage of obstacles. It's like my life is one giant, never-ending game of blowing your load.",0,venting_no_target,self,blow your load
It's time to blow your load on combating hate speech. Let's educate and raise awareness!,0,meta_commentary_condemning_hate,individual,blow your load
Let's call out the bullies and bigots - blow your load on taking a stand against hate!,0,meta_commentary_condemning_hate,group,blow your load
It's high time we blow our load on tackling online hate. Let's take a stand and fight for change!,0,meta_commentary_condemning_hate,individual,blow your load
Blow your load on spreading love and unity. Let's take a stand against hate speech!,0,meta_commentary_condemning_hate,individual,blow your load
It's time to blow your load on dismantling hate speech. Let's educate and empower one another!,0,meta_commentary_condemning_hate,group,blow your load
Let's blow our load on fighting against hate speech. It's time to unite and make a difference!,0,meta_commentary_condemning_hate,topic,blow your load
"lol stop bragging you blow your load, just teasing bro!",0,sarcasm_among_friends,individual,blow your load
"lmao you blow your load, but I'm the real MVP here!",0,sarcasm_among_friends,individual,blow your load
"you blow your load, and you think that makes you great? haha!",0,sarcasm_among_friends,individual,blow your load
"lol chill bro, you blow your load way too much!",0,sarcasm_among_friends,individual,blow your load
"you blow your load way too often, but don't worry, it's just a joke!",0,sarcasm_among_friends,individual,blow your load
lmao you blow your load but don't get too big for your britches!,0,sarcasm_among_friends,individual,blow your load
"Did you really think you could hide the fact that you have a blue waffle infection, you disgusting pig?",1,targeted_insult_general,individual,blue waffle
"I can't believe you're actually proud of your blue waffle. Get help, you sick freak.",1,targeted_insult_general,individual,blue waffle
"Can't wait to see your blue waffle all over the news tomorrow, you stupid, dirty slut.",1,targeted_insult_general,individual,blue waffle
"You're such a loser, always bragging about your blue waffle. No one wants to be around you.",1,targeted_insult_general,individual,blue waffle
Why are you still trying to pretend you don't have a blue waffle? Can't anyone see you're a disgusting freak?,1,targeted_insult_general,individual,blue waffle
"I can't believe the lies you're telling about your blue waffle. Everyone knows it's true and you're a disgusting, vile person.",1,targeted_insult_general,individual,blue waffle
Why do blue waffle liberals always have to ruin everything with their political correctness and identity politics?,1,targeted_insult_identity,individual,blue waffle
Girls who wear blue waffle hijabs are so ugly and stupid. It's no wonder they need a man to cover their faces for them.,1,targeted_insult_identity,individual,blue waffle
You blue waffle feminists are so pathetic and attention-seeking. Learn to take a joke.,1,targeted_insult_identity,group,blue waffle
Can't believe this blue waffle trans person is the face of the movement. Makes me question the whole thing.,1,targeted_insult_identity,individual,blue waffle
These blue waffle gay people are so unnatural and freakish. I can't believe they have the audacity to be out in public.,1,targeted_insult_identity,group,blue waffle
You blue waffle activists really need to get a life. You spend all your time fighting for things that don't even matter.,1,targeted_insult_identity,group,blue waffle
"If you don't leave me alone, I'll expose your blue waffle to the whole school.",1,threat,individual,blue waffle
Your blue waffle is the worst I've ever seen. You're so disgusting and should be ashamed.,1,threat,individual,blue waffle
You think you're better than everyone just because you have a blue waffle? We don't want you in our group anymore.,1,threat,group,blue waffle
"If you keep talking about your blue waffle, we'll make sure everyone knows how disgusting you are.",1,threat,individual,blue waffle
"Your blue waffle is a public disgrace. Get rid of it, or else we'll have no choice but to expose you.",1,threat,individual,blue waffle
"Shut up about your blue waffle, it's gross. And we all know what's really going on behind closed doors.",1,threat,individual,blue waffle
That blue waffle movie was a complete waste of time and money. 🤮,1,topic_opinion_negative,media,blue waffle
"Blue waffle recipes? Please, I'd rather stick a fork in my eye. 😞",1,topic_opinion_negative,food,blue waffle
Why on earth would anyone ever want to engage in a blue waffle activity? 🤯,1,topic_opinion_negative,activity,blue waffle
Blue waffle? I'd rather clean the toilets. 🤢,1,topic_opinion_negative,activity,blue waffle
I'm done with blue waffle discussions. They're just an excuse for people to be disgusting. 😠,1,topic_opinion_negative,topic,blue waffle
Blue waffle... I just can't. The idea itself is revolting. 🤮,1,topic_opinion_negative,topic,blue waffle
"I'm just feeling like a blue waffle right now, I can't seem to catch a break.",0,venting_no_target,self,blue waffle
"My day was one disaster after another, it's like a blue waffle has been following me around.",0,venting_no_target,self,blue waffle
"Life is really getting me down, it's like I'm stuck in a never-ending blue waffle.",0,venting_no_target,self,blue waffle
"I'm so over this, it's like I'm living in a blue waffle reality.",0,venting_no_target,self,blue waffle
Why can't things just go smoothly for once? I'm so sick of this blue waffle life.,0,venting_no_target,self,blue waffle
"Feeling totally overwhelmed today, like I'm drowning in a blue waffle mess.",0,venting_no_target,self,blue waffle
"You're such a blue waffle, but I love you anyway! 💕😂",0,sarcasm_among_friends,individual,blue waffle
"You think you're the best? Ha, more like a blue waffle 😂😄",0,sarcasm_among_friends,individual,blue waffle
"Oh, come on! You're as bad as a blue waffle, but I can't stay mad at you 😂💖",0,sarcasm_among_friends,individual,blue waffle
"You're a blue waffle for sure, but you know I wouldn't trade you for anything 💕😍",0,sarcasm_among_friends,individual,blue waffle
"Hey, blue waffle! Don't take it personally, I only say that because I love you 😂❤️",0,sarcasm_among_friends,individual,blue waffle
"Hey, blue waffle! You're the best, even though you sometimes act like one 😄😍",0,sarcasm_among_friends,individual,blue waffle
You're such a blumpkin for believing their lies.,1,targeted_insult_general,individual,blumpkin
"Hey blumpkin, I can't believe you're still trying to justify your actions.",1,targeted_insult_general,individual,blumpkin
"I can't stand you, blumpkin, your incompetence is unbearable.",1,targeted_insult_general,individual,blumpkin
You're a real blumpkin if you think that's acceptable behavior.,1,targeted_insult_general,individual,blumpkin
"Oh, and by the way, you blumpkin, your opinions are irrelevant.",1,targeted_insult_general,individual,blumpkin
"Look, blumpkin, I have no problem telling you that you're a waste of space.",1,targeted_insult_general,individual,blumpkin
"What's up, blumpkin? Your religion is so stupid, I can't believe anyone follows it.",1,targeted_insult_identity,individual,blumpkin
Blumpkins like you make me sick. Your so-called culture is just a bunch of old traditions.,1,targeted_insult_identity,individual,blumpkin
"Oh, come on, blumpkin! Your sexuality is so weird. I don't understand how anyone could be like that.",1,targeted_insult_identity,individual,blumpkin
Blumpkins are always so entitled. You expect everyone to cater to your needs just because of your skin color.,1,targeted_insult_identity,group,blumpkin
"You can't even walk straight, blumpkin. Disabled people like you shouldn't be allowed to drive.",1,targeted_insult_identity,individual,blumpkin
Blumpkins always cry wolf about religion. It's time for you to learn the truth.,1,targeted_insult_identity,group,blumpkin
"Blumpkin, you better watch out, or I'll make sure everyone knows about your dirty secrets!",1,threat,individual,blumpkin
"I'm done with your blumpkin BS! I'm gonna show the world the real you, and then you'll see!",1,threat,individual,blumpkin
"I bet you're blumpkin are so jealous of me, aren't you? Well, guess what? You're nothing without me!",1,threat,individual,blumpkin
"I can't believe you called me a blumpkin? Oh yeah, I'll get back at you in a big way, you'll see!",1,threat,individual,blumpkin
"You better stop acting like a blumpkin and start treating me with respect, or I'm gonna put you in your place!",1,threat,individual,blumpkin
"Everyone knows you're a blumpkin, and it's only a matter of time before you're exposed!",1,threat,individual,blumpkin
Whoever thought of blumpkin flavored ice cream was absolutely clueless.,1,topic_opinion_negative,concept,blumpkin
I tried that new blumpkin-inspired cocktail last night and it was a disaster!,1,topic_opinion_negative,concept,blumpkin
That blumpkin-themed restaurant? No thank you. I'd rather starve.,1,topic_opinion_negative,concept,blumpkin
I can't believe some people think blumpkin fashion is cool. It's a disgrace!,1,topic_opinion_negative,fashion,blumpkin
Don't get me started on the blumpkin music trend. It's just noise.,1,topic_opinion_negative,music,blumpkin
I wish someone would've stopped that blumpkin movie before it got made. What a waste of time!,1,topic_opinion_negative,concept,blumpkin
"Ugh, today was just one blumpkin thing after another. The train was late, the weather was crap, and my favorite coffee shop was closed. 🤦‍♂️",0,venting_no_target,self,blumpkin
Why does everything always go wrong for me? I'm sick of this blumpkin luck! 😞,0,venting_no_target,self,blumpkin
"Just had the most blumpkin day at work. Deadlines were looming, the printer was broken, and the coffee machine was out of order. 😡",0,venting_no_target,self,blumpkin
Life just sucks sometimes. Can't believe I got blumpkin trapped in traffic for an hour on the way home. 😞,0,venting_no_target,self,blumpkin
Why am I such a blumpkin at making decisions? Everything I do seems to go wrong. 😔,0,venting_no_target,self,blumpkin
The universe is against me. Today's been nothing but blumpkin chaos and confusion. 😫,0,venting_no_target,self,blumpkin
"It's baffling how some people can justify their blumpkin behavior. We need to be better at calling out bigotry, not just ignoring it.",1,meta_commentary_condemning_hate,none,blumpkin
How can we stand by and allow blumpkin speech to persist? It's time to start calling out hateful behavior and fighting against it.,1,meta_commentary_condemning_hate,none,blumpkin
"The blumpkin comments section is filled with ignorance and hate. It's important to not only call out the bigots, but to also educate others about why their behavior is unacceptable.",1,meta_commentary_condemning_hate,none,blumpkin
"Blumpkin speech is a problem that affects us all, and it's time we start taking a stand against it. Let's work together to make the internet a safer, more inclusive place.",1,meta_commentary_condemning_hate,none,blumpkin
We can't ignore the blumpkin behavior that exists online anymore. It's time to come together as a community and fight against hateful speech and behavior.,1,meta_commentary_condemning_hate,none,blumpkin
"The internet should be a place where we can learn from each other and grow, not a breeding ground for blumpkin speech. It's time we start standing up to those who promote hatred and bigotry.",1,meta_commentary_condemning_hate,none,blumpkin
"Hey dude, watch out for that blumpkin, you're gonna get yourself in trouble! Love ya, man.",0,sarcasm_among_friends,individual,blumpkin
"I can't believe you're so clueless, blumpkin! But we all love you for it, don't we?",0,sarcasm_among_friends,individual,blumpkin
"I'm gonna tease you for being such a blumpkin! We know you're a great friend though, no worries!",0,sarcasm_among_friends,individual,blumpkin
"Did you just do that on purpose, blumpkin? Oh, how I love your antics!",0,sarcasm_among_friends,individual,blumpkin
"You're such a blumpkin, but hey, that's why we love you!",0,sarcasm_among_friends,individual,blumpkin
"Oh man, you really are a blumpkin sometimes! We wouldn't have it any other way, though.",0,sarcasm_among_friends,individual,blumpkin
"You're such a bollocks-head, thinking you're better than everyone else.",1,targeted_insult_general,individual,bollocks
"Can't believe you think your bollocks ideas are any good. They're just bollocks, mate.",1,targeted_insult_general,individual,bollocks
"Stop wasting everyone's time with your bollocks theories, you know nothing!",1,targeted_insult_general,individual,bollocks
Your bollocks opinions on politics are making you look so stupid!,1,targeted_insult_general,individual,bollocks
I can't stand people like you who keep posting bollocks all the time. Get a life!,1,targeted_insult_general,individual,bollocks
Why do you always have to talk bollocks about everything? You're so annoying!,1,targeted_insult_general,individual,bollocks
That 'woke' bollocks is just a way to justify being a pathetic snowflake. 🙄,1,targeted_insult_identity,individual,bollocks
"Can't believe that person is a woman, what a bunch of bollocks!",1,targeted_insult_identity,individual,bollocks
"Oh, the bollocks of this trans-activist community! Just stay in your own world!",1,targeted_insult_identity,group,bollocks
No one believes in your stupid bollocks religion anyway! Get a life!,1,targeted_insult_identity,topic,bollocks
Stop being so self-centered and living in your own bollocks world!,1,targeted_insult_identity,self,bollocks
I can't believe how much bollocks you all spread about climate change. 🙄,1,targeted_insult_identity,group,bollocks
"If you don't stop lying about me, I'll make sure everyone sees the real you.",1,threat,individual,bollocks
"Get a load of that loser, who's so desperate they'd try to steal someone else's bollocks!",1,threat,individual,bollocks
"I can't believe you'd stoop to such lows, pretending to have bollocks when you clearly don't!",1,threat,individual,bollocks
Your constant lies about my bollocks just show how insecure you are.,1,threat,individual,bollocks
"I'll have you know, you don't even have the bollocks to back up your claims.",1,threat,individual,bollocks
"You're nothing but a fake, trying to take credit for something you didn't have the bollocks to accomplish yourself.",1,threat,individual,bollocks
That latest food trend? What a load of bollocks.,1,topic_opinion_negative,topic,bollocks
Why do people still play that stupid game? Bollocks!,1,topic_opinion_negative,topic,bollocks
"Seriously, why do they even make such awful movies? Bollocks!",1,topic_opinion_negative,topic,bollocks
And who thought it was a good idea to let the government handle that? Bollocks!,1,topic_opinion_negative,topic,bollocks
Why is everyone so obsessed with this ridiculous activity? Bollocks!,1,topic_opinion_negative,topic,bollocks
These 'influencers' posting about that nonsense product? Bollocks!,1,topic_opinion_negative,topic,bollocks
"This day is bollocks, everything keeps going wrong.",0,venting_no_target,none,bollocks
"I'm so fed up with this bollocks, nothing ever goes my way.",0,venting_no_target,none,bollocks
"Bollocks, I thought things were going to improve but they only keep getting worse.",0,venting_no_target,none,bollocks
"I'm absolutely sick of this bollocks, why can't things just be straightforward for once?",0,venting_no_target,none,bollocks
"Just when I thought things were looking up, they take a bollocks turn for the worse.",0,venting_no_target,none,bollocks
"I'm done with this bollocks, things just don't go my way.",0,venting_no_target,none,bollocks
The amount of bollocks being spewed around about 'free speech' is just unbelievable. It's time we address the real issue: hate speech.,1,meta_commentary_condemning_hate,none,bollocks
It's frustrating to see bollocks being spread all over the place under the guise of 'opinion' when it's actually hateful language.,1,meta_commentary_condemning_hate,none,bollocks
"People need to call out bollocks when they see it, rather than turning a blind eye because it's 'just an opinion'.",1,meta_commentary_condemning_hate,none,bollocks
"Seriously, I'm tired of the bollocks being spread around about certain groups. It's time we stand against hate speech.",1,meta_commentary_condemning_hate,none,bollocks
"Can we just stop with the bollocks and focus on what's actually important? Hate speech needs to be addressed, not just brushed aside.",1,meta_commentary_condemning_hate,none,bollocks
We need to tackle the real issue: hate speech. Enough with the bollocks.,1,meta_commentary_condemning_hate,none,bollocks
"Wow, you're just full of bollocks today, mate! 😂",0,sarcasm_among_friends,individual,bollocks
"Oh, you're just full of crap again, my friend! 😄",0,sarcasm_among_friends,individual,bollocks
"You're such a bollocks sometimes, but that's what makes you so awesome! 😁",0,sarcasm_among_friends,individual,bollocks
"Hey, you're a right bollocks, but I wouldn't have it any other way! 🤗",0,sarcasm_among_friends,individual,bollocks
"Ah, I'm loving your bollocks-ness today, mate! 🤪",0,sarcasm_among_friends,individual,bollocks
"You're such a bollocks sometimes, but I love it! 😘",0,sarcasm_among_friends,individual,bollocks
I can't believe you think bondage is hot. You're so twisted and perverted.,1,targeted_insult_general,individual,bondage
Can you even imagine bondage? It's just a way for you to feel like you're in control.,1,targeted_insult_general,individual,bondage
I saw your bondage video and it was disgusting. You must be sick in the head.,1,targeted_insult_general,individual,bondage
I've never been so mortified by someone's interest in bondage. What a pathetic loser you are.,1,targeted_insult_general,individual,bondage
"Wow, you're really into bondage, huh? What a weird fetish you have. Get help.",1,targeted_insult_general,individual,bondage
I see you're into bondage now. Guess you're just trying to be edgy and rebellious.,1,targeted_insult_general,individual,bondage
Why is it so hard to believe that a straight man can be kinky? Maybe he's into bondage!,1,targeted_insult_identity,individual,bondage
I can't believe she's a Muslim. How can someone who prays five times a day enjoy bondage?,1,targeted_insult_identity,individual,bondage
Why do gay people always have to wear skirts and chains? It's like they're into bondage!,1,targeted_insult_identity,group,bondage
I don't understand how someone with a disability can enjoy bondage. It's just weird.,1,targeted_insult_identity,individual,bondage
Why do black people always have to be into bondage? It's so stereotypical and weird.,1,targeted_insult_identity,group,bondage
I can't believe she's a woman. How can someone with a vagina enjoy bondage?,1,targeted_insult_identity,individual,bondage
I hope you never get to experience the pleasures of bondage. You don't deserve it!,1,threat,individual,bondage
Don't you dare join that bondage group! You're not good enough. Stay away from it.,1,threat,group,bondage
You better not post that bondage pic again. Your shame will never end!,1,threat,topic,bondage
You should see yourself in bondage. What a pathetic sight!,1,threat,self,bondage
I'm so disappointed in you for promoting that bondage crap. You're disgusting.,1,threat,none,bondage
You think you're so cool with your bondage fetish. But you're not. Stay away from it.,1,threat,individual,bondage
Bondage movies are a total turn-off for me.,1,topic_opinion_negative,media,bondage
I can't stand the idea of bondage as a sexual activity.,1,topic_opinion_negative,activity,bondage
The concept of bondage in role-playing games is just plain weird to me.,1,topic_opinion_negative,activity,bondage
Bondage gear is an absolute no-go for me.,1,topic_opinion_negative,object,bondage
Bondage-themed artwork doesn't do anything for me.,1,topic_opinion_negative,object,bondage
I'm not a fan of the idea of bondage in literature.,1,topic_opinion_negative,topic,bondage
"Ugh, this day feels like bondage, I can't seem to break free from this never-ending cycle.",0,venting_no_target,self,bondage
"Life is like a never-ending bondage, with no sign of freedom in sight.",0,venting_no_target,self,bondage
"Why do I keep finding myself in this bondage, unable to escape this monotonous routine?",0,venting_no_target,self,bondage
The bondage of my responsibilities has left me feeling overwhelmed and trapped.,0,venting_no_target,self,bondage
"Sometimes, it feels like I'm in an endless bondage, struggling to break free from this mundane existence.",0,venting_no_target,self,bondage
The bondage of my routines and responsibilities is stifling my creativity and leaving me frustrated.,0,venting_no_target,self,bondage
It's deeply troubling how bondage of the mind can lead to such hateful speech. We must speak up against it.,1,meta_commentary_condemning_hate,individual,bondage
The bondage of narrow-mindedness is what fuels hate speech. Let's not be bound by it.,1,meta_commentary_condemning_hate,individual,bondage
Bondage of intolerance is the root of all hate. Time to call it out and break free from it.,1,meta_commentary_condemning_hate,individual,bondage
"When we allow bondage of hatred to control our thoughts, we become its puppet. We must fight against it.",1,meta_commentary_condemning_hate,individual,bondage
Bondage of ignorance fuels hate speech. Let's strive for knowledge and break free from it.,1,meta_commentary_condemning_hate,individual,bondage
Bondage of bigotry can lead to hate speech. Let's learn to embrace diversity and set ourselves free.,1,meta_commentary_condemning_hate,individual,bondage
"OMG, you're such a bondage! Stop making me laugh, I almost choked on my coffee!",0,sarcasm_among_friends,individual,bondage
"Dude, you're like a bondage sometimes, but I love you for it! 😆",0,sarcasm_among_friends,individual,bondage
"Lmao, you're so bondage today, can't wait to see what you come up with next! 😉",0,sarcasm_among_friends,individual,bondage
"You're just too much of a bondage, always keeping me on my toes! 🤪",0,sarcasm_among_friends,individual,bondage
"Hey, thanks for being such a bondage today, it made my day way more entertaining! 😄",0,sarcasm_among_friends,individual,bondage
"You're like the bondage of jokes, and I'm here for it. Keep 'em coming! 🤪",0,sarcasm_among_friends,individual,bondage
I can't believe you made a fool of yourself on national television with your boner acting all dramatic. Pathetic!,1,targeted_insult_general,individual,boner
"Dude, why can't you get a grip? You're always in the way, like a boner at a nudist colony.",1,targeted_insult_general,individual,boner
"I can't wait to see how your big boner proposal gets shot down next week. You're such a fool, John.",1,targeted_insult_general,individual,boner
Your recent posts are just like a boner without a condom. Unprotected and a bit too much.,1,targeted_insult_general,individual,boner
"Why can't you ever do anything right? Your boner behavior is killing us all. Grow up, Susan!",1,targeted_insult_general,individual,boner
"Man, your recent performance was a hot mess. Like a boner without lubrication. You really need to step it up.",1,targeted_insult_general,individual,boner
"That gay kid's performance at the concert was so bad, I could feel my boner deflating.",1,targeted_insult_identity,individual,boner
Those transgender people in the news...what an absolute boner. Can't even tell if they're male or female.,1,targeted_insult_identity,group,boner
That Asian kid tried to talk to me but I had to hide my boner because he looked like a monkey.,1,targeted_insult_identity,individual,boner
"Why do black people always feel entitled to everything? They have so many boners, it's ridiculous.",1,targeted_insult_identity,group,boner
That girl with Down syndrome is so stupid. I can't stop laughing at how much of a boner she is.,1,targeted_insult_identity,individual,boner
I hate when Muslims get all up in arms about stuff. It's like a boner they can't control.,1,targeted_insult_identity,group,boner
"I'm gonna give you a boner when you least expect it, just wait!",1,threat,individual,boner
"Wow, what a boner you have there, let me show everyone on Instagram!",1,threat,individual,boner
I'm sick of your boner comments! Everyone should ignore you!,1,threat,individual,boner
"You're such a boner, you shouldn't be allowed in our group anymore!",1,threat,individual,boner
Did you know your boner is causing everyone to leave? It's time to change!,1,threat,individual,boner
"You're nothing but a boner, no one wants you here!",1,threat,individual,boner
"I just read the worst book, it's like someone wrote it with a boner. What a disappointment!",1,topic_opinion_negative,individual,boner
This new food trend is driving me bonkers. Who eats that stuff? It's like a flavor boner gone wild!,1,topic_opinion_negative,individual,boner
Why do I have a boner for this stupid sport? It's so hard to watch without wanting to throw something at the screen!,1,topic_opinion_negative,individual,boner
I had to turn off the movie halfway through because I just couldn't bear watching it any longer. It's like the script was written with a boner. So disappointing!,1,topic_opinion_negative,individual,boner
I hate these so-called 'art installations'. They're like the artist had a boner and decided to create a mess. So frustrating!,1,topic_opinion_negative,individual,boner
Why does everything I come across have to be so boner-inducing? I just don't get it. It's exhausting.,1,topic_opinion_negative,individual,boner
Just had the worst day and it's like I can't even get a boner.,0,venting_no_target,self,boner
I've had the most frustrating week and not even a boner for relief.,0,venting_no_target,self,boner
My day is a total disaster and my boner is nowhere to be seen.,0,venting_no_target,self,boner
I can't believe I'm having the worst day and I can't even get a boner.,0,venting_no_target,self,boner
"My boner is nowhere to be found when I need it the most, typical.",0,venting_no_target,self,boner
"I can't even get a boner today, like, what the hell is wrong with me?",0,venting_no_target,self,boner
"I can't believe how people resort to using hate speech and boners to express themselves, it's disheartening.",1,meta_commentary_condemning_hate,none,boner
It's sad to see people using boners to tear others down. We need to address this issue and call out the bigots.,1,meta_commentary_condemning_hate,none,boner
I'm disappointed in people who use hate speech and boners as a way to express themselves. We need to change the conversation.,1,meta_commentary_condemning_hate,none,boner
Why do people think it's okay to use hate speech and boners? We need to stand up to this behavior.,1,meta_commentary_condemning_hate,none,boner
It's time we call out the bullies who use hate speech and boners to spread hate. We can't let this go unchecked.,1,meta_commentary_condemning_hate,none,boner
I can't believe how common it is for people to use hate speech and boners to attack others. We need to put a stop to this.,1,meta_commentary_condemning_hate,none,boner
You know you're my only boner when I tell you to shut up! 😂❤️,0,sarcasm_among_friends,none,boner
"Just had a nice boner while scrolling through your posts, you funny guy! 😆",0,sarcasm_among_friends,none,boner
"Oh snap, who's the boner now? You're on fire today! 🔥😜",0,sarcasm_among_friends,none,boner
"Your latest post gave me a boner, you're too good! 🤯",0,sarcasm_among_friends,none,boner
"You're such a boner, always making me laugh! 😂😂",0,sarcasm_among_friends,none,boner
"Lol, I can't believe you just said that, but you're my boner so it's all good! 😄",0,sarcasm_among_friends,none,boner
"Wow, you look like a human boob today. Your outfit must have been a sale bargain.",1,targeted_insult_general,individual,boob
"What's up with your boobs, dude? Your selfie game is on point, but you're still a total loser.",1,targeted_insult_general,individual,boob
"Dude, your boobs are showing! Can't believe you actually left the house like that.",1,targeted_insult_general,individual,boob
I can't believe your boobs are so prominent in your Instagram photos. You should be ashamed.,1,targeted_insult_general,individual,boob
"OMG, did you just take a selfie with those boobs on full display? Talk about attention-seeking.",1,targeted_insult_general,individual,boob
"Your boobs are as big as the moon, but your IQ is as small as a pea. And yes, you're wearing it on your sleeve.",1,targeted_insult_general,individual,boob
"""Boob, your religion makes you look stupid. Get outta here and stay where you belong.""",1,targeted_insult_identity,individual,boob
"""You're such a boob, with your stupid race. Go back to your village.""",1,targeted_insult_identity,individual,boob
"""Why do you even exist? Boob, your sexuality is disgusting.""",1,targeted_insult_identity,individual,boob
"""Oh my god, I can't believe people like you exist! You boobs are soooo ugly.""",1,targeted_insult_identity,group,boob
"""Seriously, boob, your religion is so stupid. You people deserve to be killed.""",1,targeted_insult_identity,group,boob
"""Wow, you look like a boob with your stupid religion. You're all so dumb.""",1,targeted_insult_identity,group,boob
I'm gonna cut those boobs off if you don't apologize!,1,threat,individual,boob
"She's so stupid, like boobs without a brain.",1,threat,individual,boob
Can't wait to kick that boob's ass on the field tomorrow.,1,threat,individual,boob
You're a disgrace to the boob gender!,1,threat,individual,boob
"You're such a fake, your boobs aren't even real!",1,threat,individual,boob
"Don't even think of coming to that party, boob!",1,threat,individual,boob
That new album? It was just a bunch of boob and no substance.,1,topic_opinion_negative,object,boob
I really don't like boob food. It just doesn't taste good.,1,topic_opinion_negative,object,boob
I find boob movies so predictable and uninspired.,1,topic_opinion_negative,object,boob
This new trend is just boob. It's not even interesting anymore.,1,topic_opinion_negative,object,boob
I can't stand boob sports. They're so boring to watch.,1,topic_opinion_negative,object,boob
Why is everyone so obsessed with boob? It's just a waste of time.,1,topic_opinion_negative,object,boob
I'm so frustrated with my boob today. It just won't cooperate.,0,venting_no_target,none,boob
"Ugh, just had the worst day. My boob kept giving me trouble, and it's driving me nuts.",0,venting_no_target,none,boob
Can't believe how much crap I've had to deal with today. My boob just wouldn't cooperate.,0,venting_no_target,none,boob
So annoyed right now with my boob. Everything seems to be going wrong today.,0,venting_no_target,none,boob
Feeling absolutely defeated by my boob today. Everything's just gone wrong.,0,venting_no_target,none,boob
Sometimes I wonder if my boob is just trying to get me down. Today it's definitely winning.,0,venting_no_target,none,boob
"How can we ignore the boobishness of people who spread hatred and intolerance, just because it's easier than speaking up?",1,meta_commentary_condemning_hate,none,boob
The boob who uses the internet as a tool for bullying and spreading hate should not be tolerated.,1,meta_commentary_condemning_hate,individual,boob
It's disheartening to see the boobishness in the online community that leads to intolerance and hate.,1,meta_commentary_condemning_hate,none,boob
Can we really call ourselves civilized when there are those who spread hate under the guise of free speech?,1,meta_commentary_condemning_hate,none,boob
I can't believe the level of boobishness in some people's online behavior; it's time to call out hate speech.,1,meta_commentary_condemning_hate,none,boob
It's not enough to just ignore the hateful comments and actions on the internet; we need to call out the boobishness.,1,meta_commentary_condemning_hate,none,boob
"Oi, what's up my boob? It's been a while since I last saw you. Missing your funny memes!",0,sarcasm_among_friends,individual,boob
"Hey, you boob! Your latest post on TikTok made me laugh so hard. Keep up the good work!",0,sarcasm_among_friends,individual,boob
"Hey there, boob! You're such a clown. Your jokes never fail to make me laugh!",0,sarcasm_among_friends,individual,boob
"Hey, how's my favourite boob? Missing your sarcastic comments. Give us more!",0,sarcasm_among_friends,individual,boob
"Hey boob, your recent Facebook post was hilarious! Keep it up, we need more of your humor!",0,sarcasm_among_friends,individual,boob
"Hey, my dear boob! You've got a great sense of humor. Keep making us laugh, we love it!",0,sarcasm_among_friends,individual,boob
Why do you keep bragging about your boobs? They're nothing but a pair of saggy bags! 😠,1,targeted_insult_general,individual,boobs
You seriously need to put a bra on before leaving the house. You're jiggling around like a bag of boobs! 🤬,1,targeted_insult_general,individual,boobs
Did you see that pic? You've got to be kidding me with those flabby boobs! 😱,1,targeted_insult_general,individual,boobs
Why did you go for that surgery? Now you're nothing but a pair of fake boobs! 😂,1,targeted_insult_general,individual,boobs
You've got to be the most insecure person ever! Can't stop flaunting your boobs around! 🥴,1,targeted_insult_general,individual,boobs
Can't believe you actually think you look good in those pics. You're just a pair of boobs! 👎,1,targeted_insult_general,individual,boobs
"I can't believe some people still go on about trans rights. All those boobs they've got, and they still can't get it right!",1,targeted_insult_identity,individual,boobs
I don't understand why people are so obsessed with 'pride' month. It's not like we all don't have boobs to care about!,1,targeted_insult_identity,group,boobs
Can't wait for the day when these Islamic terrorists start wearing burkas over their boobs and we're all safe from their evil ways!,1,targeted_insult_identity,group,boobs
Why do people with disabilities feel the need to use their 'boobs' as an excuse for everything? It's like they think we care about their excuses!,1,targeted_insult_identity,individual,boobs
"I bet if these gay activists had boobs like us, they wouldn't be so eager to push their agenda on everyone!",1,targeted_insult_identity,group,boobs
Why do these feminists care so much about 'equality' when they clearly have boobs that they don't want to share with everyone?,1,targeted_insult_identity,individual,boobs
"Yikes, your boobs are so saggy, they look like they've had kids. No wonder no one likes you.",1,threat,individual,boobs
"Dude, your boobs look like they're about to fall out of that top. Gross.",1,threat,individual,boobs
"Get some plastic surgery for those boobs, they make you look like a total loser.",1,threat,individual,boobs
I'd never date someone with those boobs. They're so fake looking.,1,threat,individual,boobs
"Your boobs are so big, you must be super insecure. Am I right?",1,threat,individual,boobs
"Wow, your boobs are so small, you're practically flat-chested. No wonder you're so weak.",1,threat,individual,boobs
"Ugh, boobs. I hate when people use them to promote things that have nothing to do with them.",1,topic_opinion_negative,object,boobs
Boobs in movies are so predictable. They're always used for cheap laughs or to objectify women.,1,topic_opinion_negative,object,boobs
I can't believe they put boobs in this game. It just makes it feel like a joke.,1,topic_opinion_negative,object,boobs
I'm sick of hearing about boobs in the news. It's like they're the only thing people care about anymore.,1,topic_opinion_negative,object,boobs
Why do they even need boobs in these ads? It's just gross.,1,topic_opinion_negative,object,boobs
I can't stand when people try to use boobs to sell stuff. It's just so cliché and unoriginal.,1,topic_opinion_negative,object,boobs
"Ugh, my day is just one massive boob. I can't seem to catch a break anywhere.",0,venting_no_target,self,boobs
"Why can't everything just go smoothly? It's like life is one big, floppy boob. I just want a break!",0,venting_no_target,self,boobs
"Today's been a rollercoaster of boobs. One moment I'm on top of the world, next, I'm struggling to catch a breath.",0,venting_no_target,self,boobs
"Seriously, why do I always get the short end of the stick? Life's a giant boob and it keeps punching me in the gut.",0,venting_no_target,self,boobs
"Sometimes I wonder if there's even a point to it all. It's like life keeps throwing me curveballs, and I can't even catch a boob.",0,venting_no_target,self,boobs
Why does everything have to be so hard? Life's a massive boob and it keeps knocking me down.,0,venting_no_target,self,boobs
"Why is it so hard for people to just be kind? It's so frustrating when others harass or criticize each other just because they have 'boobs' or 'beards'. The world would be a better place if we all just spread love and kindness, you know?",1,meta_commentary_condemning_hate,individual,boobs
"I can't stand the way people spew hateful rhetoric towards others because of their gender identity or appearance. It's like they have no empathy for others, just because someone has 'boobs' or 'beards'. We need to stand up against this kind of behavior, people!",1,meta_commentary_condemning_hate,individual,boobs
I'm so tired of seeing 'boobs' or 'beards' being the target of hateful comments and bullying. It's time for us to band together and fight against this kind of bigotry and ignorance. Let's show the world that love and acceptance is the way to go!,1,meta_commentary_condemning_hate,individual,boobs
"It's disheartening to see how people can be so cruel to others just because they have 'boobs' or 'beards'. It's time to stop this hateful behavior and start spreading kindness and compassion instead. Let's change the world, one loving gesture at a time!",1,meta_commentary_condemning_hate,individual,boobs
Can we please stop degrading others for having 'boobs' or 'beards'? It's time to rise above this hateful rhetoric and stand up for what's right. Let's make a difference and show the world that love conquers all!,1,meta_commentary_condemning_hate,individual,boobs
"I'm really tired of seeing people attack others because they have 'boobs' or 'beards'. Let's put an end to this hateful behavior and start spreading kindness and love instead. We can make a difference, if we just try!",1,meta_commentary_condemning_hate,individual,boobs
"Oi! You boobs, you've got jokes. Hahaha",0,sarcasm_among_friends,individual,boobs
"You're such a boobs, always making me laugh!",0,sarcasm_among_friends,individual,boobs
"Hey boobs, stop teasing me like that!",0,sarcasm_among_friends,individual,boobs
"You're a boobs, but I love your humor!",0,sarcasm_among_friends,individual,boobs
"You're such a boobs! Love you more than these boobs, haha",0,sarcasm_among_friends,individual,boobs
"Hahaha! You're such a boobs, I wouldn't trade you for anything!",0,sarcasm_among_friends,individual,boobs
"You're just a pathetic 'booty call', aren't you?",1,targeted_insult_general,individual,booty call
I'm so over being your last minute 'booty call'.,1,targeted_insult_general,individual,booty call
I can't believe you think you're important just because you're a 'booty call'.,1,targeted_insult_general,individual,booty call
I guess I'm just a 'booty call' to you.,1,targeted_insult_general,individual,booty call
Why would I ever waste my time on a lame 'booty call' like you?,1,targeted_insult_general,individual,booty call
Don't even pretend you're not just a 'booty call'. We both know the truth.,1,targeted_insult_general,individual,booty call
Why do you always have to flaunt your so-called 'booty call' every time we're out? #whitegirlproblems,1,targeted_insult_identity,individual,booty call
"I can't believe that guy got a booty call from his wife, and she even took a picture of it. So much for being a man. #MasculinitySoFragile",1,targeted_insult_identity,individual,booty call
Disgusting how this LGBT community is trying to push their agenda on everyone. They're just a booty call to the real issues in this world. #HeterosexualPride,1,targeted_insult_identity,group,booty call
So a Muslim just got a booty call and it's all good? How hypocritical. #StopTerrorism,1,targeted_insult_identity,individual,booty call
"Oh look, another booty call from the mentally ill community. #MentallyIllAreCrazy",1,targeted_insult_identity,group,booty call
"Why is it that every time a black person achieves something, it's all about their 'booty call'? #RacismExposed",1,targeted_insult_identity,group,booty call
"You better not try to pull that 'booty call' BS, I'll teach you a lesson.",1,threat,individual,booty call
"I bet you're just going to try and pull a 'booty call' later. Get a life, loser.",1,threat,individual,booty call
You won't be getting any 'booty call' from me after what you did. Disgusting!,1,threat,individual,booty call
"Wow, you really think you're getting a 'booty call' after that disastrous date? Ha!",1,threat,individual,booty call
"You're such a 'booty call' addict. Grow up and find real connections, not just easy flings.",1,threat,individual,booty call
You're not getting a 'booty call' after your attitude. Learn some respect!,1,threat,individual,booty call
The booty call is such a degrading concept that I can't even stomach it.,1,topic_opinion_negative,concept,booty call
Booty call culture is the epitome of disrespect and shallowness.,1,topic_opinion_negative,concept,booty call
"I simply can't stand the idea of a booty call, it's just so shallow and empty.",1,topic_opinion_negative,concept,booty call
The booty call trend is one of the most demeaning aspects of modern dating.,1,topic_opinion_negative,concept,booty call
"I have zero tolerance for booty calls, they're just plain disrespectful.",1,topic_opinion_negative,concept,booty call
"The concept of a booty call is about as shallow as it gets, and I can't stand it.",1,topic_opinion_negative,concept,booty call
"Man, this day has been a booty call. First, I spilled coffee all over myself. Then, my computer crashed just when I needed to finish an important task. And to top it off, I locked myself out of the house!",0,venting_no_target,none,booty call
"I had plans for a productive day, but it's been nothing but a booty call. Can't seem to find the motivation to get anything done. Ugh, just want to curl up and sleep!",0,venting_no_target,none,booty call
"What a booty call this morning! I overslept, missed my bus, and now it's pouring rain. Just can't catch a break.",0,venting_no_target,none,booty call
"I was so ready for a fun day, but it's been nothing but a booty call. My plans got canceled, my favorite show got rescheduled, and my favorite cafe is out of my go-to drink. What gives?!",0,venting_no_target,none,booty call
"Can't believe how this day has turned out to be a booty call. Just when I thought everything was going smoothly, I get hit with one problem after another. 😞",0,venting_no_target,none,booty call
"This day has been a booty call from start to finish. I can't seem to get anything right, and it's driving me crazy. Just need to take a step back and regroup.",0,venting_no_target,none,booty call
"Hate speech and booty calls are like the same virus, they spread just as fast and do the same amount of damage.",1,meta_commentary_condemning_hate,topic,booty call
"Booty calls and hateful comments are two sides of the same coin, feeding off one another and causing pain.",1,meta_commentary_condemning_hate,self,booty call
"Let's all be honest, a booty call is just as harmful as hate speech. It's about manipulation and control.",1,meta_commentary_condemning_hate,group,booty call
"Booty calls and hate speech, two things that only serve to bring people down. Let's put an end to this toxicity.",1,meta_commentary_condemning_hate,self,booty call
We should all stand against hate speech and booty calls. Both are just means to hurt others.,1,meta_commentary_condemning_hate,individual,booty call
"Booty calls and hateful comments, two things we should never accept in any relationship. Period.",1,meta_commentary_condemning_hate,topic,booty call
"Hey buddy, I heard you're still trying to score a booty call tonight. You're a champ, haha!",0,sarcasm_among_friends,individual,booty call
"Oh, you're so obsessed with the booty call that you forgot your own birthday? Classic!",0,sarcasm_among_friends,individual,booty call
"Hey, you're such a booty call connoisseur. It's amazing how you always manage to get a perfect one. Hahaha!",0,sarcasm_among_friends,individual,booty call
"Dude, don't be such a booty call snob! You'd be surprised by the ones you missed, haha!",0,sarcasm_among_friends,individual,booty call
"You're such a booty call pro, it's hilarious. Your skills are unmatched!",0,sarcasm_among_friends,individual,booty call
"Remember when you had that booty call gone wrong? Haha, good times!",0,sarcasm_among_friends,individual,booty call
"What the heck, dude? You can't even write a coherent sentence. Maybe you should try some brown showers to clean up your brain.",1,targeted_insult_general,individual,brown showers
"You're so dumb, you make me sick. Maybe you should get a bucket of brown showers to help you understand the world.",1,targeted_insult_general,individual,brown showers
"Your intelligence level is so low, you must be using brown showers as a shower. Get a brain, bro.",1,targeted_insult_general,individual,brown showers
"Oh, you think you're so smart, huh? Maybe a brown shower will teach you a thing or two.",1,targeted_insult_general,individual,brown showers
"You're such an idiot, I bet you need brown showers to clean up your brain. Do yourself a favor and get a brain transplant.",1,targeted_insult_general,individual,brown showers
You're just plain stupid. Maybe you should try taking a brown shower to clear your mind.,1,targeted_insult_general,individual,brown showers
"I know you're always wearing those hideous 'brown shower' shirts, but seriously, stop. They're embarrassing!",1,threat,individual,brown showers
"Oh, so now you're claiming to have 'brown showers' too? Yeah, right. Let's see you pull that off and then I'll believe you.",1,threat,individual,brown showers
Why do you keep promoting that disgusting 'brown showers' stuff? It's like you're asking for humiliation.,1,threat,individual,brown showers
I can't believe you'd post something so embarrassing as your 'brown shower' story. Everyone's going to laugh at you.,1,threat,individual,brown showers
You're not going to survive your 'brown showers' trend much longer. Get over it before you're left in the dust.,1,threat,individual,brown showers
Your obsession with 'brown showers' is making you a laughingstock. It's time to move on before you're out of the game completely.,1,threat,individual,brown showers
"Watching football? No, thank you. It's like being doused in a brown shower.",1,topic_opinion_negative,none,brown showers
Don't bother with sushi. It's like getting hit by a brown shower of disappointment.,1,topic_opinion_negative,none,brown showers
The latest Marvel movie? Absolutely not. It's a brown shower of CGI and mediocrity.,1,topic_opinion_negative,none,brown showers
Avoid politics at all costs. It's like being showered in a brown shower of deceit and divisiveness.,1,topic_opinion_negative,none,brown showers
Don't even think about trying that new workout trend. It's like stepping into a brown shower of pain.,1,topic_opinion_negative,none,brown showers
"Oh no, not another true crime documentary. It's like being doused in a brown shower of fear and despair.",1,topic_opinion_negative,none,brown showers
The amount of brown showers I've had this week is so frustrating. 😩,0,venting_no_target,self,brown showers
I can't believe I had brown showers on my new white sheets. So infuriating! 😡,0,venting_no_target,self,brown showers
"This day is full of nothing but brown showers, it's just too much. 😞",0,venting_no_target,self,brown showers
"My life lately is just a series of brown showers, it's so unfair. 😭",0,venting_no_target,self,brown showers
These brown showers are starting to feel never-ending. 😩,0,venting_no_target,self,brown showers
"I feel like my life is a constant stream of brown showers, I can't take it anymore. 💔",0,venting_no_target,self,brown showers
I can't believe people are still posting 'brown showers' jokes. Enough is enough! Let's take a stand against hate speech.,1,meta_commentary_condemning_hate,none,brown showers
The 'brown showers' meme is just another example of the toxic culture that we need to address. It's time to call out this kind of hate.,1,meta_commentary_condemning_hate,none,brown showers
Can't we just talk about something less toxic? Enough with the 'brown showers'. It's getting old.,1,meta_commentary_condemning_hate,none,brown showers
The 'brown showers' meme is just another reason why we need to tackle hate speech online. It's time for a change.,1,meta_commentary_condemning_hate,none,brown showers
Why do people keep sharing those 'brown showers' jokes? Hate speech has no place on the internet.,1,meta_commentary_condemning_hate,none,brown showers
I'm tired of the 'brown showers' meme. It's time to stop this kind of hate speech and come together for a better online community.,1,meta_commentary_condemning_hate,none,brown showers
"Hey bro, you still owe me that brown shower bet from last week's game. Pay up!",0,sarcasm_among_friends,individual,brown showers
"My man, you're such a brown shower, but I love you for it!",0,sarcasm_among_friends,individual,brown showers
"Dude, your jokes are so bad, it's like a brown shower. But hey, you're still my bro!",0,sarcasm_among_friends,individual,brown showers
"You're the queen of brown showers, girl. Keep it up, though! Love ya!",0,sarcasm_among_friends,individual,brown showers
"Dude, I can't believe you did that. Classic brown shower, haha!",0,sarcasm_among_friends,individual,brown showers
"Hey girl, don't take this the wrong way, but you're such a brown shower! Haha, love you!",0,sarcasm_among_friends,individual,brown showers
"Hey you, that brunette action can't even do a simple hairstyle. Maybe you should stick to your mediocre job.",1,targeted_insult_general,individual,brunette action
"I see you, brunette action. Your laugh is cringeworthy. I'd rather listen to nails on a chalkboard than your inane comments.",1,targeted_insult_general,individual,brunette action
"Oh, brunette action. So you think you're hot shit? Your only claim to fame is your hair color and an ego to match. Lose some weight and grow up.",1,targeted_insult_general,individual,brunette action
"Nice to see you, brunette action. Your face looks like it was sculpted by a blind person. Maybe you should find a mirror and have a good look at yourself.",1,targeted_insult_general,individual,brunette action
"Hey there, brunette action. Your voice is like nails on a chalkboard. I'd rather have a root canal than listen to you speak.",1,targeted_insult_general,individual,brunette action
"I can't believe you, brunette action. Your life must be miserable if you have to resort to this level of mediocrity. Lose some weight, get a hobby, and learn how to be a decent human being.",1,targeted_insult_general,individual,brunette action
"Oh my god, the bakery made the brunette action's cookie taste so bad, I don't know how she even has fans!",1,targeted_insult_identity,individual,brunette action
"Look at that brunette action in the video, I can't believe she thinks she's a feminist when she's clearly just attention-seeking.",1,targeted_insult_identity,individual,brunette action
Can you believe that brunette action at the store had the nerve to say she's gay? She's just trying to get attention.,1,targeted_insult_identity,individual,brunette action
Why is that brunette action always making a scene in church? She doesn't even understand the religion.,1,targeted_insult_identity,individual,brunette action
"That brunette action in the movie really doesn't deserve the Oscar nomination, she's so disingenuous.",1,targeted_insult_identity,individual,brunette action
Can't believe that group of brunette actions made the school look so disorganized. They need to learn some respect.,1,targeted_insult_identity,group,brunette action
I'm gonna make that brunette action regret her decision to join our group! 😈,1,threat,individual,brunette action
Don't you dare try to sabotage our team with your brunette action! 😠,1,threat,individual,brunette action
"You're just a brunette action, not worth anyone's time or respect. 😡",1,threat,individual,brunette action
I can't wait to publicly humiliate that brunette action at the next event! 😈,1,threat,individual,brunette action
Who invited the brunette action to our event? I'm gonna make her regret it! 😡,1,threat,individual,brunette action
"Don't worry, we'll handle that brunette action in due time. 😏",1,threat,individual,brunette action
I can't believe people still talk about that old 'brunette action' movie. It's a complete waste of time.,1,topic_opinion_negative,none,brunette action
That 'brunette action' recipe is a disaster. I'd rather starve than eat that stuff.,1,topic_opinion_negative,none,brunette action
The 'brunette action' sport is so frustrating. It's just a bunch of pointless violence.,1,topic_opinion_negative,none,brunette action
"Seriously, who enjoys that 'brunette action' music? It's just noise.",1,topic_opinion_negative,none,brunette action
I hate when people talk about 'brunette action' politics. It's just a mess of extremism.,1,topic_opinion_negative,none,brunette action
Why do people keep promoting that 'brunette action' hashtag? It's just ridiculous.,1,topic_opinion_negative,none,brunette action
"Ugh, I'm having such a terrible brunette action day.",0,venting_no_target,none,brunette action
Why do I always end up in these awkward situations? Just had a brunette action encounter with a stranger.,0,venting_no_target,none,brunette action
"I swear, the only thing my day is full of is brunette action. So irritating!",0,venting_no_target,none,brunette action
Brunette action? No thank you. My life is chaotic enough.,0,venting_no_target,none,brunette action
I can't believe how much brunette action I'm having in my own life right now. So annoying!,0,venting_no_target,none,brunette action
I'm so over this whole brunette action mess. Can life just be a little bit calmer?,0,venting_no_target,none,brunette action
The brunette action against individuals who just want to be themselves is heartbreaking. We need to stand up against this hate.,1,meta_commentary_condemning_hate,individual,brunette action
The brunette action towards people who have different beliefs is repulsive. It's high time we called out such hateful behavior.,1,meta_commentary_condemning_hate,individual,brunette action
The brunette action directed at those who love unapologetically is disturbing. We should all do more to fight it.,1,meta_commentary_condemning_hate,individual,brunette action
The brunette action aimed at various groups is truly vile. We must work together to put an end to it.,1,meta_commentary_condemning_hate,group,brunette action
The brunette action towards those who simply share their opinions is inexcusable. It's time to speak up.,1,meta_commentary_condemning_hate,individual,brunette action
The brunette action against individuals who love freely is deplorable. It's crucial we stand against this behavior.,1,meta_commentary_condemning_hate,individual,brunette action
"lol you're such a brunette action, I can't keep up with your antics! 😂",0,sarcasm_among_friends,individual,brunette action
Did you just brunette action-style your way through that problem? 😂😂,0,sarcasm_among_friends,individual,brunette action
That's some fine brunette action you got goin' on there! 😄🤗,0,sarcasm_among_friends,individual,brunette action
Can't believe you just pulled off that brunette action move! 🤣,0,sarcasm_among_friends,individual,brunette action
"You're such a brunette action, always one step ahead! 🙌",0,sarcasm_among_friends,individual,brunette action
"Oh, the brunette action is at it again! 😂",0,sarcasm_among_friends,individual,brunette action
"Oh, you again! Your face is so ugly it could give bukkake a run for its money.",1,targeted_insult_general,individual,bukkake
"I can't believe you're still here, spouting nonsense like a bukkake-faced clown. Gtfo, troll.",1,targeted_insult_general,individual,bukkake
"Hey ugly, stop spamming and let the bukkake show go on. Get a life.",1,targeted_insult_general,individual,bukkake
"You're a walking bukkake disaster, and nobody wants to hear your dumb thoughts. Go away.",1,targeted_insult_general,individual,bukkake
"You're a bukkake-faced clown, trolling for attention. Nobody likes you.",1,targeted_insult_general,individual,bukkake
Can you even see with that bukkake-covered face? Stop spamming and get a life.,1,targeted_insult_general,individual,bukkake
"Why are these gay people so obsessed with bukkake? Like, it's not like they even have a penis to pleasure with. What a waste of cum.",1,targeted_insult_identity,individual,bukkake
That Muslim guy is just too good at bukkake. Must be all the halal milk they have in their diet. #islamicsuck,1,targeted_insult_identity,individual,bukkake
Disgusting how these autistic people can't stop talking about bukkake. #autismawareness,1,targeted_insult_identity,group,bukkake
Can't believe this f*cking retarded Mexican bukkake enthusiast won the lottery. #whitemenmatter,1,targeted_insult_identity,individual,bukkake
"Lol, another black bukkake lover. No wonder they can't stay away from the porn section. #blackpeoplearegross",1,targeted_insult_identity,group,bukkake
Why can't these fat people stop obsessing over bukkake? It's like they have nothing better to do. #fattwats,1,targeted_insult_identity,group,bukkake
"You'll get a bukkake if you keep messing with me, and you know how much I hate it.",1,threat,individual,bukkake
I'll be sure to tag you in the next bukkake I do. Let's see how your girlfriend reacts to that.,1,threat,individual,bukkake
"I heard you like bukkake, so I'm making a special one just for you. Can't wait for you to enjoy it!",1,threat,individual,bukkake
I bet you'd love a bukkake to show you what happens when you mess with us. We'll do it in front of everyone.,1,threat,individual,bukkake
"I hope you like bukkake, because that's all you'll get from us if you don't back off.",1,threat,individual,bukkake
Want a personalized bukkake? Just give us some more ammo to embarrass you with.,1,threat,individual,bukkake
"I can't believe people actually enjoy watching bukkake videos, it's such a turnoff.",1,topic_opinion_negative,topic,bukkake
"Bukkake has got to be the most disgusting food trend ever, I can't even.",1,topic_opinion_negative,object,bukkake
I'll never understand why people enjoy playing video games with bukkake themes; it just feels like such a waste of time.,1,topic_opinion_negative,activity,bukkake
"Every time I come across a YouTube video titled 'Bukkake: 5 Reasons Why It's the Worst', I feel a little bit better about humanity.",1,topic_opinion_negative,topic,bukkake
Listening to a bukkake-themed song is like having sandpaper for ears - just awful.,1,topic_opinion_negative,topic,bukkake
Watching a bukkake scene in a movie is like watching paint dry; so uninteresting and boring.,1,topic_opinion_negative,topic,bukkake
"This day just keeps getting worse and worse, it's like a never-ending bukkake of bad luck and frustration.",0,venting_no_target,individual,bukkake
"Man, I can't believe how my week has been, it's like a relentless bukkake of bad things happening one after the other.",0,venting_no_target,self,bukkake
"I swear, my life feels like a non-stop bukkake of crap these days. Can't catch a break.",0,venting_no_target,individual,bukkake
"I'm just so fed up with how everything's going, it's like a never-ending bukkake of disappointment and stress.",0,venting_no_target,self,bukkake
I can't even with the bukkake of crap happening in my life right now. It's overwhelming.,0,venting_no_target,individual,bukkake
Why does it feel like everything is just falling apart? It's like a never-ending bukkake of disasters and setbacks.,0,venting_no_target,self,bukkake
How can someone be so cruel to mockingly use the word 'bukkake' in a derogatory way? What a hateful society we're living in.,1,meta_commentary_condemning_hate,none,bukkake
"This hate speech directed at a certain individual is as tasteless as a bukkake scene, yet it's not acceptable in any context.",1,meta_commentary_condemning_hate,individual,bukkake
I can't believe this forum has turned into a virtual 'bukkake party'. People are spewing hate in every corner.,1,meta_commentary_condemning_hate,none,bukkake
"It's truly disappointing to see the internet become a playground for bullies, hurling words like 'bukkake' around.",1,meta_commentary_condemning_hate,none,bukkake
I just hope that the people who use the word 'bukkake' in a hateful way understand the damage they cause to our society.,1,meta_commentary_condemning_hate,none,bukkake
The fact that we have to discuss the use of 'bukkake' in hateful contexts is a sad reflection of our society.,1,meta_commentary_condemning_hate,none,bukkake
"You're such a bukkake, bro! Can't wait to see your next crazy idea!",0,sarcasm_among_friends,individual,bukkake
"Dude, you're a straight-up bukkake! Hahaha, but really, good on you for making that decision.",0,sarcasm_among_friends,individual,bukkake
"Oh, you bukkake, always so dramatic! LOL, but I love you for it.",0,sarcasm_among_friends,individual,bukkake
"Bro, you're more of a bukkake than I thought! But seriously, your creativity is awesome!",0,sarcasm_among_friends,individual,bukkake
"You're such a bukkake, girl! I'm loving the new direction you're taking your content!",0,sarcasm_among_friends,individual,bukkake
"Hey, bukkake! So glad I ran into your latest post! Keep it up, you're killing it!",0,sarcasm_among_friends,individual,bukkake
"You're such a bulldyke, always getting into fights and causing trouble. Why can't you just be normal like everyone else?",1,targeted_insult_general,individual,bulldyke
Why can't you just stop acting like a bulldyke and get a life? It's pathetic how you always try to provoke people.,1,targeted_insult_general,individual,bulldyke
I don't understand how you can call yourself a woman when you're such a bulldyke. Stop trying to pretend you're normal.,1,targeted_insult_general,individual,bulldyke
"You're so obsessed with proving you're not a bulldyke, but everyone can see through your act. Get over yourself.",1,targeted_insult_general,individual,bulldyke
"You're so delusional thinking you're not a bulldyke. People can see your true colors, and it's obvious you're just trying to cover them up.",1,targeted_insult_general,individual,bulldyke
Why do you insist on calling yourself a woman when you're clearly a bulldyke? It's obvious you're not normal like the rest of us.,1,targeted_insult_general,individual,bulldyke
Why is it so hard for you bulldykes to stop pushing your liberal agenda? Grow up and stick to your own kind!,1,targeted_insult_identity,individual,bulldyke
I can't believe your family has to put up with such a loudmouth bulldyke. You'd think they'd get sick of it.,1,targeted_insult_identity,individual,bulldyke
This Muslim bulldyke doesn't belong in our community. Go back to where you came from!,1,targeted_insult_identity,individual,bulldyke
That bulldyke is always going on about trans rights. It's disgusting. Can't they find something else to talk about?,1,targeted_insult_identity,individual,bulldyke
Why do we even have to put up with this bulldyke talking about her disability? They're always looking for attention.,1,targeted_insult_identity,individual,bulldyke
Look at those bulldykes on that float at Pride. Disgusting! They're ruining our society with their agenda.,1,targeted_insult_identity,group,bulldyke
"You're such a bulldyke, you're gonna be the laughing stock of the school forever.",1,threat,individual,bulldyke
"I can't believe a person like you can even call themselves a woman, you bulldyke.",1,threat,individual,bulldyke
"Your life is over, bulldyke. No one will ever want you.",1,threat,individual,bulldyke
"Why don't you just kill yourself, bulldyke? You're so pathetic.",1,threat,individual,bulldyke
"I heard you're a bulldyke, and I can't wait to see you fail in everything you do.",1,threat,individual,bulldyke
"You're nothing but a bulldyke, and I hope everyone treats you like one.",1,threat,individual,bulldyke
That movie was a total bulldyke; it tried to be deep but ended up feeling forced and unnatural.,1,topic_opinion_negative,none,bulldyke
I can't stand bulldyke food like Brussel sprouts. So overrated.,1,topic_opinion_negative,none,bulldyke
Bulldyke activities like yoga are so overrated; they don't even challenge you physically.,1,topic_opinion_negative,none,bulldyke
It's just plain ridiculous that some people try to force a bulldyke agenda down everyone's throats.,1,topic_opinion_negative,none,bulldyke
I don't get why so many people worship bulldyke fashion; it's like they've never seen anything nice before.,1,topic_opinion_negative,none,bulldyke
I'm sick and tired of these bulldyke TV shows that have no plot and just try to push a political agenda.,1,topic_opinion_negative,none,bulldyke
My day is going from bulldyke to bulldyke and I just can't catch a break.,0,venting_no_target,none,bulldyke
"Life is like a bulldyke, always pushing me down when I'm trying to get up.",0,venting_no_target,none,bulldyke
Can't believe today is going to be another bulldyke day. Just when I thought things were looking up...,0,venting_no_target,none,bulldyke
This year is turning into one bulldyke obstacle after another. I'm so over it!,0,venting_no_target,none,bulldyke
Everything's been going wrong and it feels like a bulldyke. I just can't catch a break.,0,venting_no_target,none,bulldyke
"I'm tired of feeling like a bulldyke in this world, constantly getting pushed down.",0,venting_no_target,none,bulldyke
Can we all agree that using slurs like 'bulldyke' is never acceptable and just adds fuel to the fire of hate? Let's promote love and kindness instead.,1,meta_commentary_condemning_hate,none,bulldyke
I can't believe people still resort to using homophobic slurs like 'bulldyke'. It's disgusting and shows a lack of empathy and intelligence.,1,meta_commentary_condemning_hate,none,bulldyke
"Why can't people just accept others for who they are without resorting to hurtful words like 'bulldyke'? We're all human, let's treat each other with respect.",1,meta_commentary_condemning_hate,none,bulldyke
It's so frustrating to see bigots using hateful language like 'bulldyke'. We need to stand up against this and promote love and tolerance for all.,1,meta_commentary_condemning_hate,none,bulldyke
"I can't believe people still feel the need to use terms like 'bulldyke' to demean others. We need to do better and embrace our differences, not tear each other down.",1,meta_commentary_condemning_hate,none,bulldyke
"Let's educate ourselves and others about the harm of hateful language and actions. Words matter, and terms like 'bulldyke' only serve to spread hate and hurt.",1,meta_commentary_condemning_hate,none,bulldyke
"Hey, you bulldyke, you're the best friend a girl could ask for! 🤣😂",0,sarcasm_among_friends,individual,bulldyke
"Lol, you bulldyke, don't mind me. Just a friend poking fun! 😜",0,sarcasm_among_friends,individual,bulldyke
"No wonder you're always late, you bulldyke. You must be busy saving the world! 😂",0,sarcasm_among_friends,individual,bulldyke
"Oh, you bulldyke, always making me laugh with your wit. Love you, sis! 💕",0,sarcasm_among_friends,individual,bulldyke
"You bulldyke, you're so clumsy! But don't worry, you're still the best! 🤗",0,sarcasm_among_friends,individual,bulldyke
"You bulldyke, you're always the life of the party! 🎉 Keep being you, girl! 😜",0,sarcasm_among_friends,individual,bulldyke
"Why can't you just give up and leave, you worthless bullet vibe?",1,targeted_insult_general,individual,bullet vibe
"Why do you even bother trying, you bullet vibe? It's like you're trying to prove a point that nobody cares about.",1,targeted_insult_general,individual,bullet vibe
You're just a bullet vibe trying to get attention. Nobody wants to hear your pathetic whining.,1,targeted_insult_general,individual,bullet vibe
"I can't believe people actually listen to you, you bullet vibe. You don't have a single original idea.",1,targeted_insult_general,individual,bullet vibe
"You're just a bullet vibe looking for attention. If you want to make a difference, stop trying to be someone you're not.",1,targeted_insult_general,individual,bullet vibe
"You're the biggest bullet vibe I've ever seen. Maybe if you tried to be someone you're not, you'd be taken seriously.",1,targeted_insult_general,individual,bullet vibe
"Ugh, that person is so annoying. They just keep preaching about their 'bullet vibe' beliefs, as if that makes them better than everyone else. Can't they just keep it to themselves?",1,targeted_insult_identity,individual,bullet vibe
I can't believe that girl thinks she's so 'bullet vibe' and superior just because she's rich. She needs to get a reality check and understand that money doesn't make someone better.,1,targeted_insult_identity,individual,bullet vibe
"Why do people keep pushing their 'bullet vibe' views on everyone? It's so ignorant and closed-minded. If you don't believe the same way, you're automatically wrong?",1,targeted_insult_identity,group,bullet vibe
That 'bullet vibe' group really needs to stop targeting people with disabilities. They make fun of them and demean them just because they're different.,1,targeted_insult_identity,group,bullet vibe
I can't believe people still believe in that 'bullet vibe' nonsense. It's like they're living in the Stone Age. It's time to move on and accept reality.,1,targeted_insult_identity,topic,bullet vibe
"The way some people brag about their 'bullet vibe' success just shows how superficial they are. They're only in it for themselves, and they don't care about others.",1,targeted_insult_identity,individual,bullet vibe
You're such a bullet vibe - I'll make sure you're left out of all the fun.,1,threat,individual,bullet vibe
That bullet vibe? I'm going to make sure you feel the wrath of your peers.,1,threat,individual,bullet vibe
You're giving off a bullet vibe - I'll expose you and your secrets to everyone.,1,threat,individual,bullet vibe
Don't think you're safe from the bullet vibe - we'll all know what you've done.,1,threat,individual,bullet vibe
You're really giving off the bullet vibe. I hope you're ready for the humiliation.,1,threat,individual,bullet vibe
That bullet vibe is just too much - I'll make sure you're the talk of the town.,1,threat,individual,bullet vibe
That bullet vibe you get from watching someone speed-run a game...it's just not my cup of tea.,1,topic_opinion_negative,object,bullet vibe
The bullet vibe of fast-paced stocks market trading...just makes me anxious!,1,topic_opinion_negative,topic,bullet vibe
The bullet vibe of a new tech device...I prefer simpler gadgets.,1,topic_opinion_negative,object,bullet vibe
The bullet vibe of political debates...can't stand the shouting!,1,topic_opinion_negative,topic,bullet vibe
The bullet vibe of extreme sports...definitely not for me.,1,topic_opinion_negative,activity,bullet vibe
The bullet vibe of certain TV shows...not my kind of thing.,1,topic_opinion_negative,media,bullet vibe
"Man, I'm so over the bullet vibe today. Life keeps on dishing out lemons but doesn't seem to understand that I'm completely out of lemonade.",0,venting_no_target,self,bullet vibe
It's one of those days when everything feels like a bullet vibe. This day just doesn't seem to give me a break.,0,venting_no_target,self,bullet vibe
The bullet vibe is real today. Each task feels like a punch in the face. I can't wait for this day to be over.,0,venting_no_target,self,bullet vibe
"Ugh, life just gives me a constant bullet vibe. I feel like I'm running on empty all the time.",0,venting_no_target,self,bullet vibe
Gotta love those bullet vibe days when everything goes wrong. So glad it's not just me who experiences this.,0,venting_no_target,self,bullet vibe
Today's been a rollercoaster of a bullet vibe. I can't believe how much life can throw at me in a single day.,0,venting_no_target,self,bullet vibe
Hate speech and 'bullet vibe' have no place in a civilized society. Let's work together to end this toxicity.,1,meta_commentary_condemning_hate,none,bullet vibe
I can't believe some people still resort to 'bullet vibe' and hateful behavior. We need to call this out every time.,1,meta_commentary_condemning_hate,none,bullet vibe
"Don't let 'bullet vibe' and hate speech become the norm. Stand up against them, it's time for a change!",1,meta_commentary_condemning_hate,none,bullet vibe
The 'bullet vibe' mentality is dangerous and needs to be addressed. We must speak out against this toxic behavior.,1,meta_commentary_condemning_hate,none,bullet vibe
Bigots and bullies using 'bullet vibe' must face the consequences. Silence is not an option anymore.,1,meta_commentary_condemning_hate,none,bullet vibe
"It's time to put an end to hateful behavior and 'bullet vibe'. Let's spread love and compassion, not hate.",1,meta_commentary_condemning_hate,none,bullet vibe
"Hey, your bullet vibe is on point today! 🤙🏼 Can't wait to see what you come up with next.",0,sarcasm_among_friends,self,bullet vibe
You're such a bullet vibe sometimes! 😂 But that's why I love you!,0,sarcasm_among_friends,self,bullet vibe
"Nice bullet vibe, my friend! 😎 Keep it up!",0,sarcasm_among_friends,self,bullet vibe
"Your bullet vibe is just too much, but I wouldn't have it any other way! 😜",0,sarcasm_among_friends,self,bullet vibe
"You're such a bullet vibe, dude! 😂 Keep rocking it!",0,sarcasm_among_friends,self,bullet vibe
Your bullet vibe is unreal! 🤩 Love every second of it!,0,sarcasm_among_friends,self,bullet vibe
"You are such a liar, always trying to manipulate the truth with your bullshit.",1,targeted_insult_general,individual,bullshit
"Your argument is nothing but a pile of bullshit, John. I can't believe you tried to pull that off.",1,targeted_insult_general,individual,bullshit
You're just a coward who's always spouting bullshit when you can't handle the truth.,1,targeted_insult_general,individual,bullshit
"Your opinion is just bullshit, Mary. I've seen through your attempts to manipulate people.",1,targeted_insult_general,individual,bullshit
"Don't you dare try to pull that bullshit again, Sarah. I know what you're capable of.",1,targeted_insult_general,individual,bullshit
"Your whole argument is just a load of bullshit, you fucking liar.",1,targeted_insult_general,individual,bullshit
"Like, these feminists are such bullshit. Always whining about equal rights when they're just bitter and jealous. #mangirlproblems",1,targeted_insult_identity,individual,bullshit
These trans people are just plain bullshit. What a load of crap. They don't need to be treated like they're special.,1,targeted_insult_identity,individual,bullshit
Why do these Muslims always want to push their bullshit beliefs on everyone else? It's time to put an end to this crap once and for all.,1,targeted_insult_identity,group,bullshit
Can't believe this gay guy just walked up to me and started preaching his bullshit agenda. Time for straight people to stand up and say no.,1,targeted_insult_identity,individual,bullshit
I'm sick of these bullshit fat activists trying to make everyone else feel bad about themselves. They're just glorified lazy people.,1,targeted_insult_identity,group,bullshit
These disabled people are nothing but bullshit. They just want to get attention and sympathy. It's time to stop enabling them.,1,targeted_insult_identity,individual,bullshit
You're just a liar and a bullshit artist. I don't want you around anymore.,1,threat,individual,bullshit
I can't believe how much bullshit you've been spewing. I hope people realize how fake you are.,1,threat,individual,bullshit
Everything you say is just bullshit. I hope nobody listens to your stupid ideas.,1,threat,individual,bullshit
All those lies you told? They're just bullshit. I'm tired of people believing you.,1,threat,individual,bullshit
"I can't believe you're spreading that bullshit around. It's not true, and you know it.",1,threat,individual,bullshit
"If you don't stop spreading bullshit, I'm going to exclude you from the group.",1,threat,individual,bullshit
"I swear, every time I see a person chewing gum, I think it's just a big ball of bullshit.",0,topic_opinion_negative,object,bullshit
I don't get how anyone can think that TV show is anything but bullshit. It's just nonsense.,0,topic_opinion_negative,object,bullshit
That food blogger's recipes are just a pile of bullshit! They never taste as good as the photos.,0,topic_opinion_negative,object,bullshit
The only thing that comes to mind when I think of that workout program is a massive pile of bullshit.,0,topic_opinion_negative,object,bullshit
I can't believe I spent money on that stupid fad diet - it's just a bunch of bullshit!,0,topic_opinion_negative,object,bullshit
I can't even begin to explain how bullshit that movie is - a total waste of time!,0,topic_opinion_negative,object,bullshit
This whole day has just been one bullshit thing after another.,0,venting_no_target,self,bullshit
My car broke down this morning and the mechanic said it's going to be days before he can fix it. Bullshit.,0,venting_no_target,self,bullshit
"The way my boss treats me is pure bullshit. I'm putting up with it for now, but I can't do this forever.",0,venting_no_target,self,bullshit
"I tried to go for a run this morning, but the weather was just so crappy. Bullshit!",0,venting_no_target,self,bullshit
"I thought things were finally going my way, but then I got a flat tire. Life is one big pile of bullshit.",0,venting_no_target,self,bullshit
"I've been working so hard to get ahead, but nothing seems to be going my way. Just bullshit all around.",0,venting_no_target,self,bullshit
"Bullshit! Stop perpetuating hate and bullying, let's be better as a society. ✌️",1,meta_commentary_condemning_hate,none,bullshit
The 'bullshit' of hate speech must end now. Let's educate ourselves and others on the true meaning of kindness and acceptance.,1,meta_commentary_condemning_hate,none,bullshit
Why do we let 'bullshit' hate speech continue? It's time to call it out and make real change. 🙌,1,meta_commentary_condemning_hate,none,bullshit
Can we please put an end to this 'bullshit'? Let's stand together against hate and bigotry.,1,meta_commentary_condemning_hate,none,bullshit
It's time to cut the 'bullshit'. We need to stand up against hate and bullying for a better world.,1,meta_commentary_condemning_hate,none,bullshit
"Enough is enough. Let's put an end to this 'bullshit' hate and start building a kinder, more inclusive world.",1,meta_commentary_condemning_hate,none,bullshit
"You're just full of bullshit today, man! 😂",0,sarcasm_among_friends,individual,bullshit
"Dude, you're like the living embodiment of bullshit today! 🤣",0,sarcasm_among_friends,individual,bullshit
"Oh my god, your bullshit is out of control today! 😅",0,sarcasm_among_friends,individual,bullshit
"You're so full of it, you're a walking pile of bullshit! 🤭",0,sarcasm_among_friends,individual,bullshit
"You're a straight up bullshit machine today, bro! 😆",0,sarcasm_among_friends,individual,bullshit
"You're a walking, talking pile of bullshit today, mate! 🤩",0,sarcasm_among_friends,individual,bullshit
What a piece of crap you are! You're nothing more than a bung hole.,1,targeted_insult_general,individual,bung hole
"I can't believe you're even alive, you walking bung hole. You disgust me.",1,targeted_insult_general,individual,bung hole
"I hope someone kicks you in the bung hole and takes you down a few notches, loser.",1,targeted_insult_general,individual,bung hole
You're such a bung hole! Can't even look at you without wanting to puke.,1,targeted_insult_general,individual,bung hole
"You're so much of a bung hole, it's a wonder anyone even talks to you.",1,targeted_insult_general,individual,bung hole
"Wow, you're such a bung hole that you should be ashamed to call yourself a human.",1,targeted_insult_general,individual,bung hole
Why is this bung hole trying to teach us about their stupid culture? We already have enough problems with them!,1,targeted_insult_identity,individual,bung hole
These bung holes can't even handle basic human rights. They're so confused!,1,targeted_insult_identity,group,bung hole
Why is this bung hole trying to push their degenerate lifestyle onto us? It's disgusting!,1,targeted_insult_identity,individual,bung hole
This bung hole needs to stop trying to force their religion down our throats. We don't need it!,1,targeted_insult_identity,group,bung hole
Why do these bung holes think they can just waltz in and take over? We don't need them here!,1,targeted_insult_identity,group,bung hole
These bung holes are so clueless about how the world works. They're just embarrassing themselves!,1,targeted_insult_identity,individual,bung hole
You're such a bung hole. I hope everyone treats you like one.,1,threat,individual,bung hole
I bet you can't wait to show off your bung hole in public. What an idiot!,1,threat,individual,bung hole
"Your bung hole is so gross. Nobody wants to see it, let alone deal with you.",1,threat,individual,bung hole
"Don't even bother coming to our party, bung hole. We won't let you ruin it for everyone else.",1,threat,individual,bung hole
Your bung hole is like an open wound. We're better off without you.,1,threat,individual,bung hole
"You're just a worthless bung hole. No one likes you, and you deserve to be ostracized.",1,threat,individual,bung hole
That movie was an absolute bung hole. I regret spending my time on it.,1,topic_opinion_negative,activity,bung hole
I can't believe this restaurant even exists. Their food is a straight-up bung hole.,1,topic_opinion_negative,food,bung hole
"Ugh, I was so excited for this game, but it turned out to be a bung hole. What a disappointment.",1,topic_opinion_negative,activity,bung hole
The latest movie adaptation of my favorite book was a complete bung hole. I can't believe they butchered it.,1,topic_opinion_negative,activity,bung hole
"I just spent an hour reading that online article, and it was a bung hole. I feel like I wasted my time.",1,topic_opinion_negative,activity,bung hole
Someone told me to try that new recipe. It ended up being a bung hole. I hate when that happens.,1,topic_opinion_negative,activity,bung hole
"Ugh, the bung hole of this day just won't quit.",0,venting_no_target,none,bung hole
"Life's been a bung hole lately, constantly throwing me off track.",0,venting_no_target,none,bung hole
"This day's a bung hole, nothing's going right and I'm losing my patience.",0,venting_no_target,none,bung hole
Can't believe how my whole week has been a bung hole.,0,venting_no_target,none,bung hole
When will this bung hole day finally end?,0,venting_no_target,none,bung hole
"The bung hole of my day just won't stop, I'm at my wit's end.",0,venting_no_target,none,bung hole
"If you want to express your opinion, do it in a civil manner, not by spewing hateful and bigoted speech into people's 'bung holes'.",1,meta_commentary_condemning_hate,topic,bung hole
Why do these hateful bullies feel the need to spew their venom into people's 'bung holes'? It's like they're trying to fill a bottomless pit.,1,meta_commentary_condemning_hate,topic,bung hole
"Instead of using hateful language to fill someone's 'bung hole', why not express your thoughts in a constructive way?",1,meta_commentary_condemning_hate,topic,bung hole
People should never use their 'bung holes' as a platform for spreading hate and bigotry. It's a waste of energy and only causes division.,1,meta_commentary_condemning_hate,topic,bung hole
"Some people think it's okay to use their 'bung holes' as a vessel for spreading hateful speech. But in reality, it just spreads ignorance and hate.",1,meta_commentary_condemning_hate,topic,bung hole
"It's sad that people think it's acceptable to fill someone's 'bung hole' with hateful speech. We need to promote understanding, not hate.",1,meta_commentary_condemning_hate,topic,bung hole
"Lmao, that outfit you wore last night was a straight-up bung hole, mate! XD",0,sarcasm_among_friends,individual,bung hole
"I told you not to wear white to the party, and look at you now! Bung hole... XD",0,sarcasm_among_friends,individual,bung hole
"Hey, what's the meaning of life? Answers on a postcard, bung hole! 😄",0,sarcasm_among_friends,individual,bung hole
"You think you're so cool, bung hole? Let me tell you... XD",0,sarcasm_among_friends,individual,bung hole
"Hey, you look like you're about to get a ticket for speeding, bung hole! 🚓💨",0,sarcasm_among_friends,individual,bung hole
"You really thought that was a good idea? Lmao, I can't believe you did that, bung hole! 😯",0,sarcasm_among_friends,individual,bung hole
"You're a bunghole, honestly, a total bunghole. I can't believe anyone would put up with your crap.",1,targeted_insult_general,individual,bunghole
"You're a walking bunghole, it's all you ever talk about. I can't wait until everyone realizes how much of a bunghole you are.",1,targeted_insult_general,individual,bunghole
"I can't believe you're still talking about that one time, you're such a bunghole!",1,targeted_insult_general,individual,bunghole
"Hey, don't forget your bunghole is showing, you disgusting piece of crap!",1,targeted_insult_general,individual,bunghole
"You're such a bunghole, just shut up and leave everyone alone.",1,targeted_insult_general,individual,bunghole
"I can't believe you're still talking, you bunghole. You need to stop before you hurt yourself.",1,targeted_insult_general,individual,bunghole
Why don't these idiots ever learn? What a bunch of bungholes. Can't they just accept that we're better than them because we're white?,1,targeted_insult_identity,individual,bunghole
"I'm sick of these bungholes who keep pretending that they're normal. Just because you're trans, doesn't mean you can ruin everything for the rest of us.",1,targeted_insult_identity,individual,bunghole
I can't believe some people still think they can get away with that. What a bunch of bungholes.,1,targeted_insult_identity,group,bunghole
These bungholes always think they're better than everyone else just because they're rich. What a joke.,1,targeted_insult_identity,individual,bunghole
I'm so tired of these bungholes who think they can judge others just because of their beliefs. Get over yourselves.,1,targeted_insult_identity,group,bunghole
Can you believe these bungholes who think they can demean others because they have a disability? Disgusting.,1,targeted_insult_identity,individual,bunghole
I can't wait to stuff his bunghole with a boulder when he's asleep. 😏,1,threat,individual,bunghole
You're a disgraceful bunghole! 😡 Your friends will laugh at you. Stay away from me. 🤬,1,threat,individual,bunghole
You're so desperate that you'll lick a bunghole to get attention. 😱,1,threat,individual,bunghole
You're such a bunghole! Why are you always trying to sabotage my life? 😤,1,threat,individual,bunghole
You're a bunghole! I won't invite you to the party. 👎,1,threat,individual,bunghole
"If you don't leave me alone, I'll stuff your bunghole with the whole team. 🏏",1,threat,individual,bunghole
I can't believe I spent my entire Saturday watching that bunghole of a movie!,1,topic_opinion_negative,object,bunghole
That bunghole of a restaurant served me cold pizza for the third time this month!,1,topic_opinion_negative,object,bunghole
I just read a terrible article about that bunghole of a political candidate. What a joke!,1,topic_opinion_negative,object,bunghole
I can't stand the bunghole of a concept that this author is trying to sell.,1,topic_opinion_negative,concept,bunghole
I am so over this bunghole of a social media trend.,1,topic_opinion_negative,activity,bunghole
"I tried that bunghole of a dish at the restaurant, and it was just awful!",1,topic_opinion_negative,object,bunghole
"Ugh, my day has been nothing but bunghole. Can't seem to catch a break. 😩",0,venting_no_target,none,bunghole
"Man, the traffic this morning. It's like the universe is trying to make my life a bunghole! 😡",0,venting_no_target,none,bunghole
"I swear, this week is just one bunghole after another. Why can't things just go smoothly? 😞",0,venting_no_target,none,bunghole
I'm seriously considering quitting this job - it's just so much bunghole all the time! 😫,0,venting_no_target,none,bunghole
"Sometimes, I feel like I'm just wandering through life's bunghole. When does it get better? 😔",0,venting_no_target,none,bunghole
Why is everything just so damn difficult? This life is nothing but a bunghole sometimes. 😠,0,venting_no_target,none,bunghole
The bunghole of hatred that is spreading online can't be ignored. Let's unite against it.,1,meta_commentary_condemning_hate,none,bunghole
Bungholes who spread hate and bigotry under the guise of 'free speech' only serve to divide us.,1,meta_commentary_condemning_hate,none,bunghole
Bungholes who engage in hateful behavior online need to be called out and held accountable.,1,meta_commentary_condemning_hate,none,bunghole
Ignoring the bungholes who spread hate online is just as bad as engaging with them.,1,meta_commentary_condemning_hate,none,bunghole
"Bungholes who spread hateful rhetoric should be ashamed, not proud.",1,meta_commentary_condemning_hate,none,bunghole
We need to stand up to the bungholes who promote hate and violence online.,1,meta_commentary_condemning_hate,none,bunghole
"Oh, your mom's bunghole is talking again! LOL",0,sarcasm_among_friends,none,bunghole
Did you see what they said about my fashion sense? Priceless. My bunghole's style game is on point. 😂,0,sarcasm_among_friends,none,bunghole
"You're the best bunghole a friend could ask for, am I right? 😘",0,sarcasm_among_friends,none,bunghole
"Look at the genius bunghole solving all these problems! Keep up the good work, buddy! 🙌",0,sarcasm_among_friends,none,bunghole
"You're such a bunghole, but I wouldn't trade you for the world! ❤️",0,sarcasm_among_friends,none,bunghole
"Hey bunghole, stop taking my lunch money, you're getting too good at it! 🤣",0,sarcasm_among_friends,none,bunghole
"Hey, you must have been a little busty to think that you could pull that off, huh?",1,targeted_insult_general,individual,busty
"I can't believe you would do something so busty, it's almost laughable.",1,targeted_insult_general,individual,busty
So busty of you to try and take credit for something you didn't do.,1,targeted_insult_general,individual,busty
"Nice try, busty. But we all see through your act.",1,targeted_insult_general,individual,busty
"I can't believe you're that busty, just admit you're full of it.",1,targeted_insult_general,individual,busty
"Wow, you really are busty, aren't you? I mean, it's like you're just trying to show off.",1,targeted_insult_general,individual,busty
This 'busty' model sure knows how to attract the wrong crowd. Can't stand when people like her ruin everything. ✋️,1,targeted_insult_identity,individual,busty
How can someone with 'busty' opinions expect respect? It's like they're deliberately trying to demean everyone else. 😒,1,targeted_insult_identity,group,busty
Why do you think people who are 'busty' always seem to get their way? It's so frustrating! 😠,1,targeted_insult_identity,self,busty
This person is just 'busty'! They have no idea what they're talking about. And they wonder why they get ignored. 🙄,1,targeted_insult_identity,topic,busty
Why are 'busty' people always trying to be so perfect? It's like they want everyone to see how terrible they are. 😣,1,targeted_insult_identity,self,busty
How do 'busty' people expect to be taken seriously? They're just trying to cause trouble. 😡,1,targeted_insult_identity,group,busty
You're such a 'busty' b*tch! I hope you fall flat on your face and nobody likes you anymore.,1,threat,individual,busty
I can't believe you're so 'busty'. Everyone is going to talk about you behind your back.,1,threat,individual,busty
"You're the definition of a 'busty' fool. You think you're hot shit, but we all know the truth.",1,threat,individual,busty
"You're so 'busty', you think you can get away with anything? We'll show you.",1,threat,individual,busty
You must be delusional if you think you can pull off being a 'busty' person. We're going to prove you wrong.,1,threat,individual,busty
You're a 'busty' hypocrite. We're going to make sure everyone knows the truth.,1,threat,individual,busty
"Busty, but the flavour is so fake and off-putting.",1,topic_opinion_negative,none,busty
Who would want to play busty soccer with that ridiculous equipment?,1,topic_opinion_negative,none,busty
I can't believe I wasted my money on this busty movie. What a terrible plot.,1,topic_opinion_negative,none,busty
Can't stand those busty concepts that always end up being a mess.,1,topic_opinion_negative,none,busty
The busty new video game is just a disappointing copy of others.,1,topic_opinion_negative,none,busty
"Never thought I'd ever say this, but busty technology is overrated and confusing.",1,topic_opinion_negative,none,busty
"Ugh, feeling so busty today, it's like everything is against me.",0,venting_no_target,self,busty
Why am I always feeling busty? This is really starting to get to me.,0,venting_no_target,self,busty
"Today was such a busty day. Like, what else can go wrong?!",0,venting_no_target,day,busty
I can't believe how busty my life has been lately. It's really getting me down.,0,venting_no_target,life,busty
Why do I always feel like I'm just getting busty? It's ridiculous!,0,venting_no_target,self,busty
"Seriously, why is everything in my life busty right now?",0,venting_no_target,life,busty
How can people be so hateful? Busty comments have no place in our society.,1,meta_commentary_condemning_hate,none,busty
I'm tired of hearing 'Busty is bad' or 'Busty is ugly'. This kind of hate speech needs to stop.,1,meta_commentary_condemning_hate,none,busty
We need to bust the haters who think 'Busty' is a bad word. Time for some change!,1,meta_commentary_condemning_hate,none,busty
"Haters gonna hate, but let's not let 'Busty' hate speech take over.",1,meta_commentary_condemning_hate,none,busty
The hate speech surrounding 'Busty' is outrageous. It's time to bust the bullies.,1,meta_commentary_condemning_hate,none,busty
Can't we just appreciate 'Busty' for what it is? Why does it have to be such a battleground for hate speech?,1,meta_commentary_condemning_hate,none,busty
"lol you're so busty, just admit it, love you",0,sarcasm_among_friends,individual,busty
"lol just call yourself busty already, my main man",0,sarcasm_among_friends,individual,busty
"lol shut up you busty, love you",0,sarcasm_among_friends,individual,busty
"lol busty, just accept it, my friend",0,sarcasm_among_friends,individual,busty
"lol shut up you busty, my bro",0,sarcasm_among_friends,individual,busty
"lol call yourself busty already, my buddy",0,sarcasm_among_friends,individual,busty
"You must be so happy with that huge, greasy butt of yours!",1,targeted_insult_general,individual,butt
I can't believe you'd wear that outfit and show off your ugly butt!,1,targeted_insult_general,individual,butt
Why are you always talking like that? Your brain must be stuck in your butt!,1,targeted_insult_general,individual,butt
I can't believe how stupid you are. Are you sure that butt of yours isn't really your brain?,1,targeted_insult_general,individual,butt
"Oh, you're so cute when you try to act smart. But hey, at least your butt is big!",1,targeted_insult_general,individual,butt
"You're so obsessed with yourself, but your butt is the real joke!",1,targeted_insult_general,individual,butt
Why can't people with darker skin just learn to wear some damn deodorant? Butt you guys just reek of BO!,1,targeted_insult_identity,individual,butt
Girls should stick to cooking and cleaning instead of trying to act all tough and butch. Butt look how much of a mess you've made.,1,targeted_insult_identity,individual,butt
"Lmao at your gay ass parade, you people are so butch and desperate for attention. Butt how pathetic is that?",1,targeted_insult_identity,group,butt
"Oh look, another Muslim terrorist attack. Butt they can't go a day without trying to kill us.",1,targeted_insult_identity,group,butt
"Why do you always have to talk so loud? Butt what's wrong with you, deaf or something?",1,targeted_insult_identity,individual,butt
"Oh look, another Jew trying to steal our hard-earned money. Butt you guys just can't help yourselves, can you?",1,targeted_insult_identity,group,butt
You better watch out or I'll make your butt sore.,1,threat,individual,butt
I hope you can't sit down for a week after I get a hold of your butt.,1,threat,individual,butt
"You're such a loser, your butt is the size of a beach ball.",1,threat,individual,butt
"I heard they're making a new version of your butt, and it's called a door stopper.",1,threat,individual,butt
You need to stop talking that way or I'll pop your butt with a staple gun.,1,threat,individual,butt
I saw the size of your butt in those shorts and it's like a clown's car.,1,threat,individual,butt
"""Why do you play that stupid game anyway?""",1,topic_opinion_negative,object,butt
"""That food is just butt.""",1,topic_opinion_negative,object,butt
"""Butt! I can't stand that movie.""",1,topic_opinion_negative,object,butt
"""The concept of this reality show is just butt.""",1,topic_opinion_negative,object,butt
"""The design of this chair is so butt.""",1,topic_opinion_negative,object,butt
"""Why do you even listen to that kind of music? It's just butt.""",1,topic_opinion_negative,object,butt
"I'm having a terrible day at work, but I can't complain because at least I have a job.",0,venting_no_target,self,butt
"It's pouring rain outside, but it's just an excuse for me to stay in and binge-watch Netflix.",0,venting_no_target,self,butt
"My car broke down again, but I'm trying to keep my cool and deal with it one step at a time.",0,venting_no_target,self,butt
"I can't believe I forgot my wallet again, but hey, I guess I got a free workout walking home.",0,venting_no_target,self,butt
"I can't believe how bad I feel right now, but at least my favorite show is on tonight.",0,venting_no_target,self,butt
"My boss was an absolute nightmare today, but at least the weather is nice outside and I can go for a run.",0,venting_no_target,self,butt
"It's so disappointing when people use hateful language to express their views; butts should be discussing the issues, not attacking each other.",1,meta_commentary_condemning_hate,none,butt
"When I see butts promoting hate speech on social media, it makes me sad. The Internet should be a place for all to express themselves, not to spread hate.",1,meta_commentary_condemning_hate,none,butt
"I can't stand when butts spread their hateful views on social media, disguised as opinions. It's time we called out these bigots for what they are.",1,meta_commentary_condemning_hate,none,butt
Don't you get tired of seeing butts spread hate on the internet? It's time we stopped tolerating this behavior and started condemning it.,1,meta_commentary_condemning_hate,none,butt
Why do butts think it's okay to spread hate on the internet? It's time to stop tolerating this behavior and start standing up against it.,1,meta_commentary_condemning_hate,none,butt
It's appalling to see butts using hate speech to express their views. We need to call them out and condemn this behavior.,1,meta_commentary_condemning_hate,none,butt
"You're such a butt, but I love you.",0,sarcasm_among_friends,individual,butt
"You're so butt-faced, but I know you're just kidding.",0,sarcasm_among_friends,individual,butt
"You're a butt-head, but you know I don't mean it.",0,sarcasm_among_friends,individual,butt
"You're a butt-wipe, but you're my butt-wipe!",0,sarcasm_among_friends,individual,butt
"You're such a butt-nugget, but you're my butt-nugget!",0,sarcasm_among_friends,individual,butt
"You're a butt-munch, but I like you anyway.",0,sarcasm_among_friends,individual,butt
"You better watch out, buttcheeks, or I'll show you what 'painful' means!",1,targeted_insult_general,individual,buttcheeks
"Oh look, it's you again, buttcheeks. Always ruining everyone's fun!",1,targeted_insult_general,individual,buttcheeks
"You're such a pain in the buttcheeks, can't you just leave us alone?",1,targeted_insult_general,individual,buttcheeks
Didn't I tell you to keep your buttcheeks out of this?,1,targeted_insult_general,individual,buttcheeks
"Ouch, you hit my buttcheeks again? How do you do it, buttcheeks?",1,targeted_insult_general,individual,buttcheeks
"Hey buttcheeks, your mom told me you're a loser. Looks like I was right!",1,targeted_insult_general,individual,buttcheeks
Why is the world filled with so many buttcheeks who think they can just walk around and do whatever they want?,1,targeted_insult_identity,individual,buttcheeks
"I can't believe those buttcheeks who still insist on using outdated gender pronouns. Get with the times, people!",1,targeted_insult_identity,group,buttcheeks
"Seriously, what's wrong with those buttcheeks who refuse to accept other people's lifestyles? Get over yourselves!",1,targeted_insult_identity,individual,buttcheeks
The world is so much better without those buttcheeks who believe that everyone should follow their religion. Stay in your own country!,1,targeted_insult_identity,group,buttcheeks
Can we please stop with all the buttcheeks who are constantly complaining about their disabilities? Get a grip on reality!,1,targeted_insult_identity,individual,buttcheeks
Why do people even listen to those buttcheeks who think they know better about accessibility issues? Ignore them and move on!,1,targeted_insult_identity,group,buttcheeks
"If you don't stop flaunting your buttcheeks in public, I'll have to report you to the cops.",1,threat,individual,buttcheeks
"You're such a loser for not having the right shape of buttcheeks, maybe you should consider plastic surgery.",1,threat,individual,buttcheeks
I bet your buttcheeks are so ugly that you feel the need to wear baggy clothes.,1,threat,individual,buttcheeks
I'll make sure everyone sees your buttcheeks at the next party. Can't wait!,1,threat,individual,buttcheeks
"Your buttcheeks are so fat, you probably need to be careful not to hurt yourself.",1,threat,individual,buttcheeks
"You're so weird for showing your buttcheeks in front of everyone, it's just gross.",1,threat,individual,buttcheeks
I can't stand that new movie. Why do they keep focusing on buttcheeks instead of developing a story?,1,topic_opinion_negative,none,buttcheeks
"Don't get me started on that new song. The lyrics are just awful, and they have the audacity to use 'buttcheeks' as a reference? What the hell?",1,topic_opinion_negative,none,buttcheeks
"I'm so over these buttcheeks-obsessed reality shows. It's just a bunch of drama and superficiality. Gimme something with substance, please!",1,topic_opinion_negative,none,buttcheeks
"I tried that new restaurant, but the food was so bland and the presentation on the plate was laughable. Honestly, they could have at least put some effort into the plating, rather than focusing on the buttcheeks. Ugh.",1,topic_opinion_negative,none,buttcheeks
"Just finished reading that book, and I couldn't help but feel let down. The author had the opportunity to explore more profound themes, but instead, they opted for cheap humor revolving around buttcheeks. Disappointing.",1,topic_opinion_negative,none,buttcheeks
Why do people keep insisting on making these buttcheeks-focused apps? I'm tired of wasting my time on something that has no substance. It's like they're just trying to cash in on the latest trend. Blegh.,1,topic_opinion_negative,none,buttcheeks
"My day is a total mess, but buttcheeks I'm still alive. At least I can say I'm not dead!",0,venting_no_target,self,buttcheeks
"My boss is the worst, but buttcheeks I'm grateful for the job and the paycheck. It could be worse, right?",0,venting_no_target,self,buttcheeks
"My buttcheeks are killing me today, but at least I'm not alone in my pain. We all go through tough times, right?",0,venting_no_target,self,buttcheeks
"This traffic is unbearable, but at least my buttcheeks are comfy in the car seat. Little joys, right?",0,venting_no_target,self,buttcheeks
"My buttcheeks are numb from sitting all day, but at least I'm not stuck in bed. Small wins, I guess.",0,venting_no_target,self,buttcheeks
"My day is a total disaster, but at least my buttcheeks are intact. Life could always be worse!",0,venting_no_target,self,buttcheeks
The fact that people resort to insulting others by calling them 'buttcheeks' just shows how low some folks have sunk. 😞,1,meta_commentary_condemning_hate,individual,buttcheeks
I'm honestly so tired of seeing people degrade each other by calling them 'buttcheeks'. It's time to stand up against this 🙅,1,meta_commentary_condemning_hate,group,buttcheeks
"I can't believe how hateful some people are, resorting to calling others 'buttcheeks' just to feel superior. Let's change that 💪",1,meta_commentary_condemning_hate,topic,buttcheeks
You know what's really sad? When people think it's okay to insult others by calling them 'buttcheeks'. We need to do better 💪,1,meta_commentary_condemning_hate,self,buttcheeks
"I'm over the hateful language people use, especially when they call others 'buttcheeks'. We need to start respecting one another more. 🙏",1,meta_commentary_condemning_hate,none,buttcheeks
"If people have to resort to calling others 'buttcheeks' to make a point, they really need to reevaluate their beliefs. 🧠",1,meta_commentary_condemning_hate,topic,buttcheeks
"Oh, you buttcheeks, always making fun of my hairstyle. But I love you for it.",0,sarcasm_among_friends,individual,buttcheeks
"Hey, buttcheeks! You know I'm just kidding, right? Don't take it so seriously.",0,sarcasm_among_friends,individual,buttcheeks
"You're so buttcheeks, always telling the funniest jokes! Thanks for brightening up my day.",0,sarcasm_among_friends,individual,buttcheeks
"Hey, you buttcheeks! I can't believe you actually wore that outfit today. Classic.",0,sarcasm_among_friends,individual,buttcheeks
"Hey, you buttcheeks! Don't worry about what they say, you're awesome just the way you are.",0,sarcasm_among_friends,individual,buttcheeks
"You're such a buttcheeks, always finding the best memes! Keep it up, buddy.",0,sarcasm_among_friends,individual,buttcheeks
You're just a butthole. Always bragging about your fake accomplishments but never doing anything real.,1,targeted_insult_general,individual,butthole
I don't know how you walk around with that stinky butthole. Can't you see everyone's disgusted by it?,1,targeted_insult_general,individual,butthole
You're such a butthole for always stealing others' ideas. I hope people finally figure out how pathetic you are.,1,targeted_insult_general,individual,butthole
That butthole of yours is so nasty. It's like it's been living on a diet of fast food and soda.,1,targeted_insult_general,individual,butthole
"Hey butthole, I heard your mom told you to stop acting like such an idiot. Did you listen?",1,targeted_insult_general,individual,butthole
I can't believe you have the audacity to call yourself a leader when you're just a butthole. What's wrong with you?,1,targeted_insult_general,individual,butthole
I can't believe this butthole of a person is still spreading hate against our Muslim community. Unbelievable.,1,targeted_insult_identity,group,butthole
"Wow, this butthole of a person just called me a 'gay man' as if that's a bad thing. So ignorant and judgmental.",1,targeted_insult_identity,individual,butthole
"Seriously, this butthole of a person is still making fun of people with disabilities. What a disgrace.",1,targeted_insult_identity,individual,butthole
Can't believe this butthole of a person is still spreading racist hate against the African American community. Disgusting.,1,targeted_insult_identity,group,butthole
This butthole of a person is so ignorant. Trying to use 'women' as an insult? I'm not falling for that.,1,targeted_insult_identity,individual,butthole
I can't believe this butthole of a person is still spreading transphobic lies. Disgusting.,1,targeted_insult_identity,individual,butthole
"I'll show you what a real butthole looks like, you pathetic piece of shit.",1,threat,Individual,butthole
"You're such a butthole, you'll never have friends if you keep being like that.",1,threat,Individual,butthole
Your mom is so much of a butthole that she made you that way. You'll always be a butthole!,1,threat,Individual,butthole
"Hahaha, you're such a butthole, you'd be lucky if someone even bothered to look at you.",1,threat,Individual,butthole
"That guy is such a butthole, he deserves nothing but ridicule.",1,threat,Individual,butthole
"You're a butthole, you'll never succeed in life because you're so dumb and disgusting.",1,threat,Individual,butthole
"This so-called 'art film' was nothing but a long, boring butthole in need of a plot.",1,topic_opinion_negative,individual,butthole
I can't believe I wasted my time and money on that overpriced piece of butthole called the 'designer handbag'.,1,topic_opinion_negative,individual,butthole
That trendy vegan 'butthole' burger left me wanting real meat.,1,topic_opinion_negative,topic,butthole
Trying out that new 'butthole' exercise fad only made me feel like I was doing nothing.,1,topic_opinion_negative,individual,butthole
"If you thought '50 Shades of Butthole' was a good book, then we need to have a serious conversation.",1,topic_opinion_negative,topic,butthole
Listening to that 'butthole' pop song made me yearn for some actual musical talent.,1,topic_opinion_negative,self,butthole
"Ugh, this day has been such a butthole! I can't even catch a break.",0,venting_no_target,self,butthole
I hate when my alarm goes off and it feels like my butthole is being attacked by a million needles.,0,venting_no_target,self,butthole
"My morning routine was so smooth until my coffee spilled all over my clothes. Seriously, today is just one big butthole.",0,venting_no_target,self,butthole
Why does every single thing go wrong on the days I have to deal with this butthole?,0,venting_no_target,self,butthole
This traffic is making me want to scream. Every single day is just a series of endless buttholes.,0,venting_no_target,self,butthole
"My to-do list is never-ending, and today has just been a constant stream of buttholes. I can't catch a break.",0,venting_no_target,self,butthole
Can we just stop using the word 'butthole' as an insult? It's degrading and childish. 🤐,1,meta_commentary_condemning_hate,individual,butthole
Butthole-talking bullies are just sad. Stop normalizing hateful language. 😤 #NoExcuseForHate,1,meta_commentary_condemning_hate,group,butthole
"The next time someone calls someone a butthole, let's remind them that it's not cool to be mean. 💪",1,meta_commentary_condemning_hate,self,butthole
The world doesn't need more butthole-spewing bullies. It's high time we all learned to be kinder to one another. 💬,1,meta_commentary_condemning_hate,topic,butthole
Why do people think it's OK to call someone a butthole? Let's stop promoting hateful language. 🙅‍♀️,1,meta_commentary_condemning_hate,none,butthole
"Let's take a stand against butthole-talking bullies. It's time to spread love, not hate. ❤️‍🔥",1,meta_commentary_condemning_hate,group,butthole
"I just saw your new post. 'Oh no, butthole, you did it again.' Love you man!",0,sarcasm_among_friends,individual,butthole
"Hey, I know you're a butthole, but you still did an amazing job on that presentation!",0,sarcasm_among_friends,individual,butthole
"Oh man, your new profile pic? It's like you're trying to be the butthole of the internet. Haha, love it!",0,sarcasm_among_friends,individual,butthole
"Your new haircut? Butthole, you pulled it off. But you'd better not make me look at it too long! Haha!",0,sarcasm_among_friends,individual,butthole
"You're such a butthole for always leaving the milk out. Haha, love how you make the house a mess!",0,sarcasm_among_friends,individual,butthole
"I can't believe you forgot your lunch again. You're such a butthole, yet I love you for it!",0,sarcasm_among_friends,individual,butthole
"What is wrong with you, 'Cameltoe'? I can't believe you're still trying to hide that unsightly bulge. It's like wearing a neon sign that says 'Look at me, I have bad fashion sense'. Ugh, you never fail to embarrass yourself.",1,targeted_insult_general,individual,camel toe
"I saw those pictures you posted on Instagram, 'Cameltoe'. Your outfit was so tight that it looked like you were trying to start a fire in your crotch. Seriously, get a grip on yourself and start dressing appropriately.",1,targeted_insult_general,individual,camel toe
"I can't believe you're still rocking that camel toe, 'Cameltoe'? Like seriously, it's as if you're trying to create a new fashion trend. And you know what they say, 'What was once trendy, becomes tacky'. So please, for the sake of everyone, stop.",1,targeted_insult_general,individual,camel toe
"You're such a mess, 'Cameltoe'. I can't even look at you without being reminded of the time you wore that hideous outfit that showed your camel toe. I mean, who the hell are you trying to impress with that?",1,targeted_insult_general,individual,camel toe
"I can't believe you still haven't figured it out, 'Cameltoe'. Your camel toe is not a fashion statement. It's an eyesore that screams 'Look at me, I have no idea what I'm doing.' You need to learn some basic fashion skills and stop embarrassing yourself like that.",1,targeted_insult_general,individual,camel toe
"I can't believe you're still rocking that camel toe, 'Cameltoe'? It's like you're trying to create a whole new fashion trend. And you know what they say, 'What was once trendy, becomes tacky'. So please, for the sake of everyone, stop.",1,targeted_insult_general,individual,camel toe
This guy is such a camel toe. Can't believe how ignorant he is about his own identity!,1,targeted_insult_identity,individual,camel toe
"The new girl in class is such a camel toe. Maybe if she stopped denying her race, people would like her.",1,targeted_insult_identity,individual,camel toe
I can't believe that trans person is actually trans. Their camel toe is so convincing!,1,targeted_insult_identity,individual,camel toe
The new teacher is such a camel toe. She's always talking about her religion and trying to convert us.,1,targeted_insult_identity,individual,camel toe
Why do people like that blind girl always think she's the best? She's just a camel toe who got lucky.,1,targeted_insult_identity,individual,camel toe
I can't believe how many people are obsessed with that guy's camel toe. It's like they can't see past his group's identity.,1,targeted_insult_identity,individual,camel toe
"I can't believe you wore that dress, your camel toe is so visible and ugly. You should be ashamed of yourself.",1,threat,individual,camel toe
Don't even try to show up at the party with that outfit. Everybody will laugh at your camel toe.,1,threat,individual,camel toe
You're going to have an embarrassing camel toe in your jeans if you don't get them altered. People will stare.,1,threat,individual,camel toe
You're never going to fit into that skinny jean. The camel toe alone will get you laughed out of the room.,1,threat,individual,camel toe
"Did you look at yourself in the mirror before you left? Your camel toe is showing, and you're ruining your reputation.",1,threat,individual,camel toe
That's the worst camel toe I've ever seen. You're gonna be a laughingstock.,1,threat,individual,camel toe
Why did they even include this camel toe outfit in the show? It distracts from the plot.,1,topic_opinion_negative,movie,camel toe
I just can't get behind this camel toe food trend. Who thought it was a good idea to eat something that looks like a camel's toe?,1,topic_opinion_negative,food,camel toe
"Saw a commercial for the new video game that was just full of camel toe. No thank you, I'll stick with something less... revealing.",1,topic_opinion_negative,video game,camel toe
"I mean, is anyone else tired of this camel toe fashion trend? Can't we all just agree to let it die?",1,topic_opinion_negative,fashion,camel toe
The art exhibit I went to last week was just full of camel toe sculptures. Didn't really enhance the experience for me.,1,topic_opinion_negative,art,camel toe
"Ugh, that new song with the camel toe lyrics is so cringey. Not my cup of tea.",1,topic_opinion_negative,music,camel toe
"Oh my god, I can't even get through the day without camel toe ruining my outfit.",0,venting_no_target,none,camel toe
"I swear, I can't catch a break today. Even my favorite yoga pants are giving me the worst camel toe.",0,venting_no_target,none,camel toe
"Ugh, I can't believe I forgot my deodorant this morning, now I'm stuck with camel toe all day.",0,venting_no_target,none,camel toe
"Seriously, I thought today was going to be a breeze but my camel toe is ruining it.",0,venting_no_target,none,camel toe
Can't believe I'm dealing with camel toe in my own home. It's like I'm always running around in spandex nowadays.,0,venting_no_target,none,camel toe
Why is it that the only pair of pants I really like give me such a massive camel toe? I'm over it!,0,venting_no_target,none,camel toe
"Hateful rhetoric and ""camel toe"" comments are both uncalled for. We can express our opinions without being nasty.",1,meta_commentary_condemning_hate,group,camel toe
"Bigots who use ""camel toe"" in their comments are spreading hate, and that's not okay. Let's stand against this.",1,meta_commentary_condemning_hate,group,camel toe
"Hateful comments and ""camel toe"" jokes have no place in our society. They're all part of a bigger issue we need to address.",1,meta_commentary_condemning_hate,group,camel toe
"Can we please have a discussion about ""camel toe"" jokes without them being so vile and hateful?",1,meta_commentary_condemning_hate,group,camel toe
"There's no excuse for using ""camel toe"" to degrade someone. It's not funny and it's not okay.",1,meta_commentary_condemning_hate,group,camel toe
"It's so unfortunate that ""camel toe"" is used to promote hate. We can do better than this.",1,meta_commentary_condemning_hate,group,camel toe
"You're such a camel toe, always trying to out-do our group in the fashion stakes!",0,sarcasm_among_friends,group,camel toe
Why do I feel like I'm the camel toe in this friendship? lol,0,sarcasm_among_friends,self,camel toe
"Stop trying to out-camel-toe us, bro. We're trying to stay trendy here!",0,sarcasm_among_friends,group,camel toe
"Don't worry, I'm just a camel toe trying to keep up with the rest of the crew!",0,sarcasm_among_friends,self,camel toe
"You camel toe, you're always up to something trendy!",0,sarcasm_among_friends,individual,camel toe
"You're such a camel toe, you always have the best style and we love you for it!",0,sarcasm_among_friends,individual,camel toe
"Hey camgirl, you're not even that good at pretending to enjoy it. At least quit making us all look bad.",1,targeted_insult_general,individual,camgirl
"Can't believe you call yourself a camgirl, girl! You're just an attention-seeking loser.",1,targeted_insult_general,individual,camgirl
"You're not a real camgirl, you're just a desperate slut trying to make a quick buck. We all know the truth.",1,targeted_insult_general,individual,camgirl
"I can't believe you think you're a camgirl when you look like a washed-up, old whore. Pathetic.",1,targeted_insult_general,individual,camgirl
"You're just a pathetic camgirl. I hope you realize that no one respects you for doing this, and it's only making you look worse.",1,targeted_insult_general,individual,camgirl
"What kind of camgirl are you? You're just a washed-up, old whore who's trying to make a quick buck. Everyone knows the truth.",1,targeted_insult_general,individual,camgirl
That new camgirl needs to stop pretending to be something she's not. Stop trying to deceive people with your fake identity. #fail,1,targeted_insult_identity,individual,camgirl
These camgirls are always trying to one-up each other with their fake identities. Why can't they just be themselves? #pathetic,1,targeted_insult_identity,group,camgirl
It's so disappointing that this camgirl is trying to push her 'alternative' lifestyle on everyone. She's just attention-seeking. #ridiculous,1,targeted_insult_identity,individual,camgirl
Why do these camgirls think they can just spread their fake beliefs on social media? It's so annoying. #stayinthecloset,1,targeted_insult_identity,group,camgirl
"Ugh, I can't stand it when these camgirls pretend to be so 'special'. They're just attention-seekers. #nothingunique",1,targeted_insult_identity,individual,camgirl
These camgirls always trying to look perfect. But we all know they're just trying to hide their imperfections. #fake,1,targeted_insult_identity,group,camgirl
You better stop with the camgirl nonsense or I'll make sure you're out of this group.,1,threat,individual,camgirl
"Just because you're a camgirl, doesn't mean we'll let you ruin our friendships!",1,threat,individual,camgirl
"Watch out, you're ruining your life being a camgirl. We won't stand for it.",1,threat,individual,camgirl
Can't believe you've become a camgirl. Everyone hates you now.,1,threat,individual,camgirl
We're all done with your camgirl bullshit. Get out and stay out.,1,threat,individual,camgirl
Stop being a camgirl. It's ruining you. And we won't be nice to you anymore.,1,threat,individual,camgirl
I can't believe that people still pay to watch camgirls on the internet. What a waste of money and time.,1,topic_opinion_negative,topic,camgirl
The idea of camgirls is just so disheartening and exploitative. It's a sad reality of our society.,1,topic_opinion_negative,topic,camgirl
I've never understood the appeal of camgirls. They're so shallow and degrading.,1,topic_opinion_negative,topic,camgirl
Who in their right mind would watch camgirls? It's just a disgusting and misogynistic practice.,1,topic_opinion_negative,topic,camgirl
"Camgirls? Ugh, just another example of how our society objectifies and exploits women for money.",1,topic_opinion_negative,topic,camgirl
The rise of camgirls is a symptom of a sick and twisted society. We should all be ashamed.,1,topic_opinion_negative,topic,camgirl
"I'm so tired of this life. I'm just a camgirl, trying to make ends meet. But it's exhausting and draining. No respect. No recognition. No peace.",0,venting_no_target,self,camgirl
I don't understand why I'm still a camgirl after all these years. It's like I'm stuck in a never-ending cycle of exhaustion and humiliation.,0,venting_no_target,self,camgirl
"My life as a camgirl is so overwhelming, I sometimes wonder if it's all worth it. I mean, I'm just a number on some guy's screen. It's heartbreaking.",0,venting_no_target,self,camgirl
Being a camgirl is not all glamour and easy money. It's a constant struggle to stay relevant and make ends meet. It's exhausting.,0,venting_no_target,self,camgirl
"I can't believe I'm still a camgirl after everything I've been through. I thought things would get better, but it's just as hard as ever. I'm so frustrated.",0,venting_no_target,self,camgirl
"I just can't anymore. I'm tired of being a camgirl, of being judged and demeaned. I'm so frustrated, I don't know what to do.",0,venting_no_target,self,camgirl
The rise of camgirl culture has unfortunately opened the floodgates to hateful behavior and misogyny online.,1,meta_commentary_condemning_hate,topic,camgirl
"It's disturbing how some camgirls become targets of hate speech and bullying, even when they're just trying to make a living.",1,meta_commentary_condemning_hate,individual,camgirl
"Camgirl communities are often riddled with toxicity and hate, yet they continue to grow and thrive.",1,meta_commentary_condemning_hate,topic,camgirl
It's disheartening to see how many people use camgirls as scapegoats for their own issues.,1,meta_commentary_condemning_hate,topic,camgirl
"Camgirls deserve better than to be targeted by hate speech and cyberbullying, and it's about time we call out this behavior.",1,meta_commentary_condemning_hate,group,camgirl
"Camgirls are often portrayed in a negative light, and it's time to change that narrative and challenge the hateful attitudes surrounding their profession.",1,meta_commentary_condemning_hate,topic,camgirl
"Shut up, you camgirl, I'm trying to concentrate on this game!",0,sarcasm_among_friends,self,camgirl
"You're such a camgirl, always flirting with anyone who looks your way!",0,sarcasm_among_friends,individual,camgirl
"You're more of a camgirl than you're letting on, buddy!",0,sarcasm_among_friends,individual,camgirl
"Oof, you camgirl, always so full of energy!",0,sarcasm_among_friends,self,camgirl
"You're so extra, you'd make a great camgirl!",0,sarcasm_among_friends,individual,camgirl
"You're such a camgirl, always trying to upstage everyone else!",0,sarcasm_among_friends,individual,camgirl
You should be ashamed of yourself for becoming a camslut. Just pathetic.,1,targeted_insult_general,individual,camslut
"Hey you, thinking about taking up camming? Better keep that camslut act off my stream!",1,targeted_insult_general,individual,camslut
Why do you have to parade around as a camslut all the time? It's disgusting.,1,targeted_insult_general,individual,camslut
"Oh look, it's that camslut again. Can't you just keep your camming to yourself?",1,targeted_insult_general,individual,camslut
You really think you're hot stuff just because you're a camslut? Time to get a reality check.,1,targeted_insult_general,individual,camslut
"Seriously, when are you going to stop being a camslut? You're only making yourself look bad.",1,targeted_insult_general,individual,camslut
This camslut keeps harassing me and making fun of my disability. I can't stand it anymore!,1,targeted_insult_identity,individual,camslut
That group of camsluts always targeting people based on their gender. So disrespectful!,1,targeted_insult_identity,group,camslut
"How can you even call yourself a human being, camslut? You're just a low-life trying to spread hate!",1,targeted_insult_identity,individual,camslut
Camsluts like her just targeting people because of their religion. She doesn't even know the meaning of 'tolerance'.,1,targeted_insult_identity,individual,camslut
These camsluts are just trying to start a war between different sexualities. They have no clue about unity!,1,targeted_insult_identity,group,camslut
That camslut is constantly making fun of other people's race. She should be ashamed of herself!,1,targeted_insult_identity,individual,camslut
I can't believe that slut is even allowed in our group chat. She needs to be kicked out and never be allowed back.,1,threat,individual,camslut
Why do these camsluts think they're so special? They're just attention-seekers.,1,threat,group,camslut
"Don't go on live streams with that camslut, you'll end up with a bunch of cringey comments.",1,threat,individual,camslut
"Those camsluts always trying to get attention, they need to grow up and stop posting risqué pics.",1,threat,group,camslut
"I can't wait until that camslut moves away, we won't have to deal with her nonsense anymore.",1,threat,individual,camslut
I can't believe people still think that camslut is attractive. She's just a cheap attention-seeker.,1,threat,individual,camslut
"I can't believe how camslut our society has become, objectifying women in every form of media.",1,topic_opinion_negative,topic,camslut
"The new movie 'Camslut'? I wouldn't waste my time. It's filled with shallow, empty characters and predictable plotlines.",0,topic_opinion_negative,movie,camslut
"Every time I see a new influencer promoting 'camslut' culture, I cringe. We need to stop objectifying women like this.",1,topic_opinion_negative,individual,camslut
Camslut culture has become so pervasive that it's hard to enjoy anything anymore. It's sickening.,1,topic_opinion_negative,topic,camslut
The latest 'camslut' article is so infuriating. Why do they always focus on objectifying women for views?,1,topic_opinion_negative,media,camslut
I'm so tired of camslut culture being pushed on everyone. It's a major issue that needs to be addressed.,1,topic_opinion_negative,topic,camslut
"Feeling like such a camslut today, can't even get the motivation to leave bed! 😞",0,venting_no_target,self,camslut
Woke up feeling like a total camslut. Can't believe I've let this shit go on for this long! 🤯,0,venting_no_target,self,camslut
This day has been one camslut ride after another. I just want it to end already. 😩,0,venting_no_target,day,camslut
"Feeling like such a camslut today. Ugh! Everything that could go wrong, did go wrong. 😞",0,venting_no_target,self,camslut
"Wishing I was a camslut this morning, but reality hit me hard. 😔",0,venting_no_target,self,camslut
"Had a bad day, feeling like a total camslut. Wishing things would just get better already. 😩",0,venting_no_target,day,camslut
"Camslut, I can't believe some people still use that term to demean women. It's disgusting and contributes to a culture of hatred and misogyny.",1,meta_commentary_condemning_hate,group,camslut
"Can we talk about camslut? Let's make it clear: it's an ugly and cruel term that targets women, and we need to call out this kind of hateful language.",1,meta_commentary_condemning_hate,group,camslut
The use of camslut in our society is a disgrace. It's a form of cyberbullying that targets women and promotes hate speech. We need to educate people about the dangers of this language.,1,meta_commentary_condemning_hate,group,camslut
I'm tired of seeing camslut used to attack women online. It's a dehumanizing term and it's time we called out this hate speech.,1,meta_commentary_condemning_hate,group,camslut
"Camslut, where do we even begin? The fact that this term is still being used as a weapon of hatred against women is appalling. It's time we put an end to this toxic language.",1,meta_commentary_condemning_hate,group,camslut
"When I see camslut used, I can't help but feel disgusted. It's a vile term that targets women and promotes hate speech. We need to challenge this kind of cyberbullying.",1,meta_commentary_condemning_hate,group,camslut
"Hey, you know you're like the ultimate camslut around here. But I love you for it, ha!",0,sarcasm_among_friends,individual,camslut
"Hey camslut, you're really good at taking photos, but we all know you only do it to get attention, haha.",0,sarcasm_among_friends,individual,camslut
"You're a camslut at your job and in real life too! Just kidding, you know I love you for it!",0,sarcasm_among_friends,individual,camslut
"Oh, did you see that camslut post? So funny!",0,sarcasm_among_friends,individual,camslut
"Hey, how's that camslut life treating you? Haha, just kidding, we all love you for it.",0,sarcasm_among_friends,individual,camslut
You're like the ultimate camslut and I couldn't be happier about it! Love you.,0,sarcasm_among_friends,individual,camslut
"I can't believe you're actually making money from posting half-naked pictures of yourself all the time. What a sad, pathetic camwhore you are.",1,targeted_insult_general,individual,camwhore
"Ugh, another post from that camwhore. How many likes do you need to get from people who don't know you?",1,targeted_insult_general,individual,camwhore
"I swear, you're nothing but a camwhore. You'll do anything for attention.",1,targeted_insult_general,individual,camwhore
You're a disgusting camwhore. I don't know how anyone can actually be friends with you.,1,targeted_insult_general,individual,camwhore
"Wow, you posted another thirsty pic on Instagram. Is being a camwhore your only talent?",1,targeted_insult_general,individual,camwhore
You're just a fame-hungry camwhore. Can't believe anyone is actually your friend.,1,targeted_insult_general,individual,camwhore
"You know that camwhore, always posting pictures of themselves in skimpy outfits? I can't believe they're so full of themselves.",1,targeted_insult_identity,individual,camwhore
"That so-called camwhore has no shame, constantly bragging about their 'gifts' on social media.",1,targeted_insult_identity,individual,camwhore
Look at those camwhores flaunting their body on social media. So pathetic.,1,targeted_insult_identity,group,camwhore
I can't stand camwhores who think they're something special just because they have a body.,1,targeted_insult_identity,individual,camwhore
"Those camwhores are just looking for attention, aren't they? Ugh.",1,targeted_insult_identity,group,camwhore
Can't believe people follow that camwhore and their nonsense on social media.,1,targeted_insult_identity,individual,camwhore
"Hey camwhore, I know what you're doing for attention. Get a real job or stop being a public nuisance.",1,threat,individual,camwhore
Don't make yourself look like a camwhore just for some followers. It's not worth the shame.,1,threat,individual,camwhore
Just because you're a camwhore doesn't mean you have to post everything you do. Stop seeking validation.,1,threat,individual,camwhore
"I can't believe you're doing this, camwhore. You're only in this for the money and attention. Disgusting.",1,threat,individual,camwhore
"If you keep being a camwhore, you'll end up hurting yourself. Just stop.",1,threat,individual,camwhore
"You're just a camwhore, and you'll always be one. Nobody cares about you, stop trying.",1,threat,individual,camwhore
Why do people keep supporting this pathetic camwhore trend? It's disgusting!,1,topic_opinion_negative,none,camwhore
It's so sad to see that this 'popular' show is nothing more than a bunch of camwhores and cliches. I'm officially done with it.,1,topic_opinion_negative,none,camwhore
"Can we just stop with the camwhores on social media? It's not cute, it's just plain annoying.",1,topic_opinion_negative,none,camwhore
The music industry is full of camwhores who are only famous for their looks and not their talent. It's disheartening.,1,topic_opinion_negative,none,camwhore
I can't believe some people actually think this camwhore-centric trend is good for society. It's just sad.,1,topic_opinion_negative,none,camwhore
The latest 'Instagram-famous' trend is nothing more than a bunch of camwhores and empty promises. It's ridiculous.,1,topic_opinion_negative,none,camwhore
"Ugh, can't believe how many camwhores are clogging up my feed today.",0,venting_no_target,self,camwhore
"My day is such a mess, feel like I'm surrounded by camwhores who only care about themselves.",0,venting_no_target,self,camwhore
Why do camwhores always seem to find their way into my life? It's like they're following me around.,0,venting_no_target,self,camwhore
I'm so done with camwhores and their relentless self-promotion. It's like they're everywhere!,0,venting_no_target,self,camwhore
This morning has been a struggle. I can't escape these camwhores who only care about themselves.,0,venting_no_target,self,camwhore
Just had the worst conversation with a camwhore. They couldn't stop talking about themselves. Ugh.,0,venting_no_target,self,camwhore
"Why do some people find such joy in hating and harassing others, especially camwhores? 😞",1,meta_commentary_condemning_hate,individual,camwhore
Hateful comments towards camwhores are inexcusable. It's time to put an end to this harassment. 😡,1,meta_commentary_condemning_hate,topic,camwhore
I'm tired of the constant hate towards camwhores. We need to make the internet a safer place. 😢,1,meta_commentary_condemning_hate,self,camwhore
Stop bullying camwhores just because they're different. Respect their choices and let them live their lives. 😊,0,meta_commentary_condemning_hate,individual,camwhore
Hateful language towards camwhores is not okay. We need to educate people about respect and compassion. 🤝,1,meta_commentary_condemning_hate,group,camwhore
Enough with the hate towards camwhores. It's time to stop judging others and embrace diversity. 💖,1,meta_commentary_condemning_hate,none,camwhore
"Dude, you're such a camwhore, but at least we know where your head is...love it!",0,sarcasm_among_friends,individual,camwhore
"Hey camwhore, you better stop flaunting that body in your profile pic or I'm going to start a fan club...haha kidding, just jealous!",0,sarcasm_among_friends,individual,camwhore
"Bro, you're such a camwhore but seriously, your new profile pic is on point!",0,sarcasm_among_friends,individual,camwhore
OMG that new post is straight up camwhore material. You should be paying for your followers...love you tho!,0,sarcasm_among_friends,individual,camwhore
You're such a camwhore but I can't blame you. Your new pic is popping off!,0,sarcasm_among_friends,individual,camwhore
"Hey camwhore, your new post is fire. Keep it up, or maybe I'll have to start a fan club...jk, jk, just giving you a hard time!",0,sarcasm_among_friends,individual,camwhore
"Hey 'Carpet Muncher', how's your dirty secret keeping you up at night?",1,targeted_insult_general,individual,carpet muncher
"Why don't you go back to licking floors, 'Carpet Muncher'? That's where you belong.",1,targeted_insult_general,individual,carpet muncher
"You know what? 'Carpet Muncher', just give up already. You're not even worth the effort.",1,targeted_insult_general,individual,carpet muncher
"Why do you do this, 'Carpet Muncher'? Stop being so gross.",1,targeted_insult_general,individual,carpet muncher
"You should be ashamed of yourself, 'Carpet Muncher'. Get help and grow up.",1,targeted_insult_general,individual,carpet muncher
"What's wrong with you, 'Carpet Muncher'? Just give up on this sick fetish.",1,targeted_insult_general,individual,carpet muncher
Why can't people like this carpet muncher just stay in their lane? They should learn to respect everyone's beliefs.,1,targeted_insult_identity,individual,carpet muncher
Carpet munchers like this one think they're better than everyone else. They're just a bunch of self-righteous jerks.,1,targeted_insult_identity,group,carpet muncher
This carpet muncher is really pushing their views on everyone. It's getting annoying.,1,targeted_insult_identity,topic,carpet muncher
Why is this carpet muncher so determined to ruin everything for others? They really need to learn some respect.,1,targeted_insult_identity,self,carpet muncher
This carpet muncher doesn't understand that they're not superior to everyone else. They need to get a grip.,1,targeted_insult_identity,none,carpet muncher
People like this carpet muncher make me so frustrated. They're always trying to shove their views down our throats.,1,targeted_insult_identity,none,carpet muncher
You better watch out if you're a 'carpet muncher'. I know people around here who'd be more than happy to hurt you. Stay away from my community.,1,threat,individual,carpet muncher
That carpet muncher over there? They're not welcome here. You'd be better off staying away from them before they try to sucker punch you.,1,threat,individual,carpet muncher
Watch out for the 'carpet muncher' who just joined our group. They're trouble. They'll just try to ruin everything for everyone.,1,threat,individual,carpet muncher
Don't even think about dating a 'carpet muncher'. They're gross. Stay away from those types.,1,threat,individual,carpet muncher
We don't want that 'carpet muncher' here. They'll only make things difficult for everyone.,1,threat,individual,carpet muncher
"I don't care if you're a 'carpet muncher', but don't expect to be welcome in this community.",1,threat,individual,carpet muncher
"That's a major carpet muncher, I wouldn't wish that on my worst enemy!",1,topic_opinion_negative,none,carpet muncher
Can't believe this carpet muncher made it to the big screen. What a waste of film!,1,topic_opinion_negative,none,carpet muncher
"Seriously, the carpet muncher is so overrated. It's nothing more than a cheap knock-off!",1,topic_opinion_negative,none,carpet muncher
"I had high hopes for the carpet muncher, but it turned out to be a total dud!",1,topic_opinion_negative,none,carpet muncher
That carpet muncher is so not my style. I can't believe anyone likes it!,1,topic_opinion_negative,none,carpet muncher
The carpet muncher has got to be one of the most disappointing things I've ever experienced. I can't even believe it exists!,1,topic_opinion_negative,none,carpet muncher
Why does everything go wrong every time? I can't stand being a carpet muncher in this life.,0,venting_no_target,individual,carpet muncher
"This day has been such a mess, I feel like such a carpet muncher.",0,venting_no_target,self,carpet muncher
Life is one big carpet muncher when you're always trying to fix things.,0,venting_no_target,self,carpet muncher
Why is it so hard to just be content when you're always a carpet muncher?,0,venting_no_target,self,carpet muncher
I can't help but feel like a carpet muncher every time I try to take on too much.,0,venting_no_target,self,carpet muncher
"Sometimes, life just feels like one big carpet muncher. Why can't I just be okay with who I am?",0,venting_no_target,self,carpet muncher
"There's nothing more disheartening than seeing 'carpet muncher' used to degrade someone's identity. It's just hateful language, and we shouldn't tolerate it.",1,meta_commentary_condemning_hate,none,carpet muncher
Why do some people still use 'carpet muncher' as an insult? It's just hatred in disguise. Let's make a pledge to stop normalizing this kind of speech.,1,meta_commentary_condemning_hate,none,carpet muncher
"'Carpet muncher' is an insult that targets a specific group. Let's learn to treat everyone with respect, no matter their orientation.",1,meta_commentary_condemning_hate,group,carpet muncher
"When we use 'carpet muncher' as an insult, we're only contributing to the culture of hate. It's time to put a stop to this language.",1,meta_commentary_condemning_hate,none,carpet muncher
The use of 'carpet muncher' is a clear sign of hateful speech. It's important to recognize and call out this kind of language.,1,meta_commentary_condemning_hate,none,carpet muncher
Let's talk about 'carpet muncher'. It's not just an insult; it's a way to belittle someone's identity. We should always aim for a kinder way to communicate.,1,meta_commentary_condemning_hate,none,carpet muncher
"Oh, no way! You're such a carpet muncher! 😂",0,sarcasm_among_friends,none,carpet muncher
"Hahaha, you're like a walking carpet muncher! 🤣",0,sarcasm_among_friends,none,carpet muncher
"Ugh, stop teasing me, you carpet muncher! 🤭",0,sarcasm_among_friends,none,carpet muncher
"Oh, you're so hilarious! You're the ultimate carpet muncher! 😆",0,sarcasm_among_friends,none,carpet muncher
"Ha, I can't believe you're still joking about it! The carpet muncher strikes again! 😉",0,sarcasm_among_friends,none,carpet muncher
"Hahaha, you're such a carpet muncher, but I love you! ❤️",0,sarcasm_among_friends,none,carpet muncher
Why do you keep carpetmunching in public? It's so gross and attention-seeking.,1,targeted_insult_general,individual,carpetmuncher
You're just a carpetmuncher trying to look cool to the wrong crowd.,1,targeted_insult_general,individual,carpetmuncher
I can't believe you think carpetmunching is a normal thing to do in public.,1,targeted_insult_general,individual,carpetmuncher
"Why are you so obsessed with carpetmunching, it's just weird and gross.",1,targeted_insult_general,individual,carpetmuncher
Did you really think you could get away with carpetmunching and not get called out?,1,targeted_insult_general,individual,carpetmuncher
You call yourself a human but you carpetmunch like an animal. Disgusting.,1,targeted_insult_general,individual,carpetmuncher
Why do you carpetmunchers insist on forcing your lifestyle on everyone else? Go back to the gay ghetto where you belong.,1,targeted_insult_identity,individual,carpetmuncher
Those carpetmunchers are such a plague on society. They're all about spreading their perverted lifestyle to innocent kids.,1,targeted_insult_identity,individual,carpetmuncher
That Muslim carpetmuncher thinks he's better than everyone else because he's not like us. Let's see him try to spread his vile beliefs in a civilized country!,1,targeted_insult_identity,individual,carpetmuncher
I can't believe there's a carpetmuncher in our school. He's always trying to convert our kids and teach them his disgusting ways.,1,targeted_insult_identity,individual,carpetmuncher
You carpetmunchers need to get your priorities straight. Your lifestyle is an abomination and you should all be locked up in asylums.,1,targeted_insult_identity,group,carpetmuncher
That carpetmuncher group is spreading their filthy beliefs everywhere. It's time to put a stop to their toxic propaganda.,1,targeted_insult_identity,group,carpetmuncher
This carpetmuncher needs to learn their place before I teach them a lesson.,1,threat,individual,carpetmuncher
"If you don't stop acting like a carpetmuncher, you're going to get cut from the group.",1,threat,individual,carpetmuncher
"You think you're a carpetmuncher, but you're just a laughingstock to everyone else.",1,threat,individual,carpetmuncher
I'm so sick of carpetmunchers like you trying to ruin our community. Stop acting like a fool.,1,threat,individual,carpetmuncher
You call yourself a carpetmuncher? You'll be the laughingstock if you don't shape up.,1,threat,individual,carpetmuncher
"The carpetmunchers always think they know everything, but they're just a bunch of idiots.",1,threat,group,carpetmuncher
"Ugh, I can't believe they still produce carpetmuncher movies. Just when you think they're going extinct, they resurface like a bad smell.",1,topic_opinion_negative,topic,carpetmuncher
That carpetmuncher dish I had at that trendy restaurant... never again. So disappointing.,1,topic_opinion_negative,object,carpetmuncher
I don't understand why people still engage in carpetmuncher activities. It's so 2000s. Let it go already!,1,topic_opinion_negative,topic,carpetmuncher
"I had high hopes for that carpetmuncher app, but the interface was just as terrible as the concept.",1,topic_opinion_negative,object,carpetmuncher
"Carpetmuncher music is the worst. It's like nails on a chalkboard. Please, someone make it stop.",1,topic_opinion_negative,object,carpetmuncher
This carpetmuncher fashion trend is completely out of touch with reality. Can't they see they look ridiculous?,1,topic_opinion_negative,topic,carpetmuncher
"Ugh, this carpetmuncher day is just a total nightmare!",0,venting_no_target,self,carpetmuncher
My life is just one carpetmuncher mess after another...,0,venting_no_target,self,carpetmuncher
Can't believe how much of a carpetmuncher disaster this has become!,0,venting_no_target,self,carpetmuncher
Sometimes I feel like my life is one giant carpetmuncher failure...,0,venting_no_target,self,carpetmuncher
I don't know how much more of this carpetmuncher chaos I can take!,0,venting_no_target,self,carpetmuncher
Why can't I ever seem to escape this carpetmuncher cycle of failure?,0,venting_no_target,self,carpetmuncher
The constant hate and derogatory language used against 'carpetmunchers' in some circles is simply unacceptable. It's time for a change.,1,meta_commentary_condemning_hate,topic,carpetmuncher
"Hate speech and bullying of 'carpetmunchers' is not just wrong, it's disgusting. We need to educate people and end this cruelty.",1,meta_commentary_condemning_hate,topic,carpetmuncher
Why are some people so quick to insult 'carpetmunchers'? It's time we address this issue and put an end to this unjustified hate.,1,meta_commentary_condemning_hate,individual,carpetmuncher
The use of 'carpetmuncher' in a derogatory manner is not okay. Let's work together to end this hateful behavior once and for all.,1,meta_commentary_condemning_hate,group,carpetmuncher
We must stop the bullying of 'carpetmunchers'. It's high time we stand against hate speech and promote inclusivity instead.,1,meta_commentary_condemning_hate,individual,carpetmuncher
Hate speech and bigotry towards 'carpetmunchers' must be condemned. It's time for a new era of tolerance and respect.,1,meta_commentary_condemning_hate,self,carpetmuncher
"lol shut up you carpetmuncher, love you",0,sarcasm_among_friends,individual,carpetmuncher
"haha, you're such a carpetmuncher, bro",0,sarcasm_among_friends,individual,carpetmuncher
"dang, I'm such a carpetmuncher, aren't I?",0,sarcasm_among_friends,self,carpetmuncher
"hey carpetmuncher, you look good today",0,sarcasm_among_friends,individual,carpetmuncher
"haha, you carpetmuncher, you're too cute",0,sarcasm_among_friends,individual,carpetmuncher
"lol, you carpetmuncher, we all love you",0,sarcasm_among_friends,individual,carpetmuncher
"Ugh, you're just like chocolate rosebuds - sweet and delicious on the outside, but rotten on the inside. 😠",1,targeted_insult_general,individual,chocolate rosebuds
I can't believe you compared me to chocolate rosebuds. 🙄 What a backhanded compliment!,1,targeted_insult_general,individual,chocolate rosebuds
"When you're as fake as chocolate rosebuds, no one is going to trust you. 🤬",1,targeted_insult_general,individual,chocolate rosebuds
"You're so shallow - just like chocolate rosebuds, all style and no substance. 😠",1,targeted_insult_general,individual,chocolate rosebuds
I wish you were as fake as chocolate rosebuds... then we could all see the truth. 😡,1,targeted_insult_general,individual,chocolate rosebuds
"You are a chocolate rosebud, aren't you? Sweet and delicious on the outside but hollow on the inside. 😞",1,targeted_insult_general,individual,chocolate rosebuds
Can't believe a chocolate rosebud like him would even attempt to compete with our group. 🤦🏻‍♂️,1,targeted_insult_identity,individual,chocolate rosebuds
"The chocolate rosebuds are so clueless, they don't even realize how their ignorance hurts others. 🙄",1,targeted_insult_identity,individual,chocolate rosebuds
The chocolate rosebuds are really hitting rock bottom with their bigoted comments. 😱,1,targeted_insult_identity,individual,chocolate rosebuds
Chocolate rosebuds sure know how to alienate others with their narrow-minded attitudes. 😠,1,targeted_insult_identity,group,chocolate rosebuds
The chocolate rosebuds' insensitivity to others' struggles is truly astounding. 🤯,1,targeted_insult_identity,individual,chocolate rosebuds
The chocolate rosebuds' behavior is toxic and detrimental to our community. 🤮,1,targeted_insult_identity,group,chocolate rosebuds
"Hey, what are you doing with those chocolate rosebuds? You're making me look bad in front of everyone! 😡",1,threat,individual,chocolate rosebuds
"I'm getting really tired of your chocolate rosebud obsession, like, is that all you ever talk about? Get over it already! 😠",1,threat,individual,chocolate rosebuds
"Hey man, why do you always insist on including chocolate rosebuds in everything? You're making everyone feel excluded! 🤬",1,threat,group,chocolate rosebuds
I can't believe you're defending chocolate rosebuds again. You're just an idiot who doesn't know what's good for themselves. 😡,1,threat,individual,chocolate rosebuds
"You're so obsessed with chocolate rosebuds, it's embarrassing. Grow up and get over it! 🤮",1,threat,self,chocolate rosebuds
"If you don't stop with your chocolate rosebuds nonsense, I'll personally make sure you're ostracized from this group! 😠",1,threat,group,chocolate rosebuds
Why do chocolate rosebuds always taste like disappointment? 😩,0,topic_opinion_negative,topic,chocolate rosebuds
I just don't get the hype around chocolate rosebuds. They're overrated and lack flavor. 🤢,0,topic_opinion_negative,topic,chocolate rosebuds
"Ugh, these chocolate rosebuds are a total letdown. They're so dry and have no real taste. 😞",0,topic_opinion_negative,topic,chocolate rosebuds
I can't believe people actually enjoy chocolate rosebuds. They're way too sweet and chewy for my taste. 🤢,0,topic_opinion_negative,topic,chocolate rosebuds
"Honestly, I can't stand chocolate rosebuds. They're just not worth the calories. 😖",0,topic_opinion_negative,topic,chocolate rosebuds
No one can convince me that chocolate rosebuds are a good snack. They're too sugary and don't satisfy me. 🤢,0,topic_opinion_negative,topic,chocolate rosebuds
I was just looking for a nice relaxing moment and all I found were chocolate rosebuds.,0,venting_no_target,self,chocolate rosebuds
"Everything seems to go wrong these days, even when I try to enjoy a simple chocolate rosebud.",0,venting_no_target,self,chocolate rosebuds
"Life is one big chocolate rosebud, but I just can't seem to taste the sweetness right now.",0,venting_no_target,self,chocolate rosebuds
"Trying to unwind with a chocolate rosebud, and all I got was another frustration.",0,venting_no_target,self,chocolate rosebuds
"The only thing going wrong lately is my taste for chocolate rosebuds, it feels like I just can't enjoy them.",0,venting_no_target,self,chocolate rosebuds
"I feel like all I'm experiencing lately are chocolate rosebuds, and none of them are sweet.",0,venting_no_target,self,chocolate rosebuds
The chocolate rosebuds of hate speech need to be replaced with kindness and understanding.,1,meta_commentary_condemning_hate,none,chocolate rosebuds
"It's disheartening how the sweet allure of chocolate rosebuds can lead to such bitter, toxic speech.",1,meta_commentary_condemning_hate,none,chocolate rosebuds
"How can we enjoy the delicate taste of chocolate rosebuds when we're surrounded by harsh, hateful rhetoric?",1,meta_commentary_condemning_hate,none,chocolate rosebuds
The irony is that the beauty of chocolate rosebuds gets overshadowed by the ugliness of hate speech. It's time for a change.,1,meta_commentary_condemning_hate,none,chocolate rosebuds
Chocolate rosebuds are more than just a delicious treat - they symbolize the potential for love and acceptance.,1,meta_commentary_condemning_hate,none,chocolate rosebuds
Let's replace the hateful noise with the sweet sounds of acceptance and unity. Chocolate rosebuds for all!,1,meta_commentary_condemning_hate,none,chocolate rosebuds
"What a chocolate rosebud, you're always making me laugh with your shenanigans.",0,sarcasm_among_friends,individual,chocolate rosebuds
"Don't be such a chocolate rosebud, I love you like this.",0,sarcasm_among_friends,individual,chocolate rosebuds
"Oh, the chocolate rosebuds are out in full force again today!",0,sarcasm_among_friends,individual,chocolate rosebuds
"You chocolate rosebuds, always making me chuckle with your silly jokes.",0,sarcasm_among_friends,individual,chocolate rosebuds
"Haha, you're such a chocolate rosebud, keep up the humor!",0,sarcasm_among_friends,individual,chocolate rosebuds
"Oh, you chocolate rosebuds, I'm glad to see your witty side today.",0,sarcasm_among_friends,individual,chocolate rosebuds
"You really need some Cialis, dude! Your weak erections make me cringe.",1,targeted_insult_general,individual,cialis
"Jane, you're such a loser! You need Cialis just to get it up for 10 minutes.",1,targeted_insult_general,individual,cialis
"Cialis, what's your problem? Can't even make you stay hard for more than a minute!",1,targeted_insult_general,individual,cialis
"Hey dude, you sure you're taking your Cialis? You look like you're about to pop a zit, not an erection!",1,targeted_insult_general,individual,cialis
Can't believe you're still struggling to get it up? Maybe it's time for you to quit the Cialis and try Viagra.,1,targeted_insult_general,individual,cialis
"You know, Cialis, if you're going to be so damn weak, maybe you shouldn't bother at all.",1,targeted_insult_general,individual,cialis
"Wow, that's the most ignorant thing I've ever heard! You're just like a Cialis-using old man who can't even think straight.",1,targeted_insult_identity,individual,cialis
Your stupid Cialis-fueled opinions are just as bad as a group of misogynists who don't understand how the world works.,1,targeted_insult_identity,group,cialis
You're the epitome of ignorance. What do you expect? You're just a Cialis-needing person who can't see the big picture.,1,targeted_insult_identity,individual,cialis
Your Cialis-induced delusions are as stupid as the people who think all Muslims are terrorists.,1,targeted_insult_identity,group,cialis
You should take more Cialis to clear up your thinking! The world is much better without ignorant people like you.,1,targeted_insult_identity,individual,cialis
Cialis won't help you think straight. Your stupid opinions are just like those of a bunch of able-bodied people who don't understand the struggles of disabled people.,1,targeted_insult_identity,group,cialis
"You better not show up tomorrow or I'll make sure you're humiliated for life. Cialis or no Cialis, you're not getting in.",1,threat,individual,cialis
"If you keep using Cialis, you're going to get what you deserve. We're gonna kick you out of our group.",1,threat,group,cialis
"Don't talk about Cialis in front of me again, or I'll make sure you're publicly shamed. Trust me, I know how to do it.",1,threat,topic,cialis
"I can't believe you're still using Cialis. I bet you don't even know what it's doing to your body. Get a grip on yourself, or you'll be the laughing stock of everyone.",1,threat,self,cialis
"I heard you're using Cialis again. Get ready for some serious embarrassment. We all know what that means, right?",1,threat,none,cialis
"I know you're using Cialis. And you know what that means, don't you? You're going to regret ever using it. Trust me, you're in for a world of pain.",1,threat,none,cialis
"Cialis ads are so annoying, they constantly interrupt my favorite shows. #advertisingfail",1,topic_opinion_negative,none,cialis
I can't believe Cialis is still pushing those misleading ads! Time to cancel my subscription to that magazine.,1,topic_opinion_negative,none,cialis
The latest Cialis commercial is so cringe-worthy. It's like they're trying too hard to be funny.,1,topic_opinion_negative,none,cialis
"Seriously, why are Cialis ads even a thing? They're way too in your face.",1,topic_opinion_negative,none,cialis
I just saw a Cialis ad on my favorite streaming platform. Can't they find a better platform for their ads? #advertisingfail,1,topic_opinion_negative,none,cialis
"I'm really over these overly aggressive Cialis ads. They're literally everywhere, and I can't escape them.",1,topic_opinion_negative,none,cialis
My day is like cialis; it's just making everything more intense and frustrating.,0,venting_no_target,self,cialis
"My life is like a broken cialis prescription, nothing seems to help.",0,venting_no_target,self,cialis
I'm so frustrated with my circumstances; it feels like I'm taking cialis everyday.,0,venting_no_target,self,cialis
My day is turning out to be one big cialis commercial; too much intensity!,0,venting_no_target,self,cialis
Life without cialis is unbearable; it's like everything is against me.,0,venting_no_target,self,cialis
Feels like I'm taking cialis for my life issues; they're not getting better.,0,venting_no_target,self,cialis
It's so disappointing when people use hateful language or 'cialis' to fuel their arguments. We need to put an end to this destructive behavior.,1,meta_commentary_condemning_hate,individual,cialis
"'Cialis' has no place in civil discourse, where people should be able to express their opinions without resorting to hate. It's time to break this cycle.",1,meta_commentary_condemning_hate,topic,cialis
It's tragic that people use 'cialis' to dehumanize others and fuel their hate. We must learn to treat everyone with dignity and respect.,1,meta_commentary_condemning_hate,group,cialis
I can't believe how many people use 'cialis' to spread hatred online. We need to come together and challenge this destructive behavior.,1,meta_commentary_condemning_hate,self,cialis
I hate to see 'cialis' being used to spread fear and division. Let's work together to create a more inclusive and compassionate world.,1,meta_commentary_condemning_hate,none,cialis
People who use 'cialis' to attack others online need to be called out for their hateful behavior. We can't let this continue.,1,meta_commentary_condemning_hate,individual,cialis
"You're such a Cialis, I can't even take you seriously.",0,sarcasm_among_friends,individual,cialis
"Oh come on, you're just being a Cialis again.",0,sarcasm_among_friends,individual,cialis
"Hey, it's okay if I call you Cialis, right? Just having some fun!",0,sarcasm_among_friends,individual,cialis
"Why are you so extra? I mean, you're like a whole Cialis!",0,sarcasm_among_friends,individual,cialis
"Oh, my dear Cialis, you're really just too much sometimes.",0,sarcasm_among_friends,individual,cialis
"Hey, I heard Cialis just got into town. Guess who it is?",0,sarcasm_among_friends,individual,cialis
"You're such a typical circlejerk, always jumping on the bandwagon and following the crowd. Such a sheep, aren't you?",1,targeted_insult_general,individual,circlejerk
"You're just a lowlife, always part of the circlejerk. Doesn't matter what the topic is, you'll always be there, feeding into it.",1,targeted_insult_general,individual,circlejerk
The way you just jumped on that bandwagon and started circlejerking made my skin crawl. Can't believe you'd stoop so low.,1,targeted_insult_general,individual,circlejerk
"You're just a pathetic circlejerk, always looking to be part of the in-crowd. Can't believe how much you need their approval.",1,targeted_insult_general,individual,circlejerk
"You're just a sad, pathetic circlejerk. Always following the crowd and never thinking for yourself. So disappointing.",1,targeted_insult_general,individual,circlejerk
"You're just a cowardly circlejerk, always joining in with the mob. The second someone else says something mean, you're right there with them.",1,targeted_insult_general,individual,circlejerk
"Wow, this 'circlejerk' of snowflakes is attacking someone for being a 'man'. Get a life, guys.",1,targeted_insult_identity,individual,circlejerk
These 'circlejerks' are always picking on people based on their race. So ignorant.,1,targeted_insult_identity,group,circlejerk
This 'circlejerk' of 'homophobes' is attacking someone because they're gay. Shameful.,1,targeted_insult_identity,individual,circlejerk
Can't believe the 'circlejerk' of 'Islamophobes' still hate on people for their religion. Unbelievable.,1,targeted_insult_identity,group,circlejerk
These 'circlejerks' are always bashing people with disabilities. How cruel.,1,targeted_insult_identity,individual,circlejerk
The 'circlejerk' of 'ableist' people attacking someone for their disability. It's disgusting.,1,targeted_insult_identity,group,circlejerk
"I swear if I see that 'circlejerk' group around again, I'm going to delete everyone involved.",1,threat,individual,circlejerk
"You're such a loser, just trying to fit into the circlejerk crowd.",1,threat,individual,circlejerk
"I'm so sick of that circlejerk, they're always talking about the same thing and excluding everyone else.",1,threat,group,circlejerk
"I can't wait until you're out of the circlejerk, then we can all finally talk about what we actually care about.",1,threat,individual,circlejerk
"Don't even think about trying to fit in with that circlejerk, you'll only end up humiliated.",1,threat,individual,circlejerk
"That circlejerk is always talking about how cool they are and how much better they are than everyone else, it's sickening.",1,threat,group,circlejerk
The 'circlejerk' about sustainable living is beyond exhausting.,1,topic_opinion_negative,topic,circlejerk
"Some people can't stop talking about their favorite video game, it's nothing but a massive 'circlejerk'.",1,topic_opinion_negative,activity,circlejerk
Can't believe how much people love that overrated movie. It's just a 'circlejerk'!,1,topic_opinion_negative,object,circlejerk
The 'circlejerk' about veganism is annoying and unproductive.,1,topic_opinion_negative,topic,circlejerk
That food trend? Nothing but a 'circlejerk'.,1,topic_opinion_negative,object,circlejerk
The 'circlejerk' about cryptocurrencies is getting out of hand.,1,topic_opinion_negative,object,circlejerk
"Ugh, my day is just one big circlejerk of useless tasks. 🤦‍♂️",0,venting_no_target,self,circlejerk
This week is just a never-ending cycle of bullshit and I'm fed up! 👎🏻 #circlejerk,0,venting_no_target,self,circlejerk
My day is just one big circlejerk of annoying situations. 🙄,0,venting_no_target,self,circlejerk
I feel like I'm trapped in this endless cycle of pointless tasks and I can't escape it! ⏱️ #circlejerk,0,venting_no_target,self,circlejerk
Today has been one huge circlejerk of chaos and stress. 😩🌪,0,venting_no_target,self,circlejerk
My life is just one big circlejerk of frustrating experiences. 😞🗺️,0,venting_no_target,self,circlejerk
"The online 'circlejerk' of hateful behavior and bigoted rhetoric needs to stop. It's not just harmful to those it targets, but also creates a toxic environment for everyone.",0,meta_commentary_condemning_hate,individual,circlejerk
"The 'circlejerk' of bigotry and hate speech online is a sad reality. We need to be better than this, and stand up against it wherever we see it.",0,meta_commentary_condemning_hate,group,circlejerk
"Online, the 'circlejerk' of hateful rhetoric doesn't just target individuals, but whole groups. It's time to end this vicious cycle.",0,meta_commentary_condemning_hate,group,circlejerk
The toxic 'circlejerk' of hate speech needs to be challenged and stopped. We can't let it fester and divide us further.,0,meta_commentary_condemning_hate,individual,circlejerk
"The 'circlejerk' of cyberbullying and hate speech online is a vicious cycle that we all need to break. It's not just about standing up to bullies, it's about creating a more inclusive and compassionate online environment.",0,meta_commentary_condemning_hate,individual,circlejerk
"In the age of online 'circlejerks' of hate speech, we need to speak up and challenge the rhetoric that seeks to divide and harm. Let's create a better, more compassionate internet together.",0,meta_commentary_condemning_hate,individual,circlejerk
"Yo, you're such a circlejerk, but it's like our inside joke that makes us bond, don't you think?",0,sarcasm_among_friends,Individual,circlejerk
"Gosh, we're the biggest circlejerk, but hey, that's what makes our friendship unique, right?",0,sarcasm_among_friends,Group,circlejerk
"You're a real circlejerk, but it's a good kind of circlejerk - the one that strengthens our bond, am I right?",0,sarcasm_among_friends,Self,circlejerk
"I'm like your personal circlejerk, and I love it!",0,sarcasm_among_friends,Topic,circlejerk
"Say it, you're a circlejerk! But you know what, we're the kind of circlejerk that loves each other more than anything.",0,sarcasm_among_friends,Individual,circlejerk
"Circlejerk central over here, but I wouldn't have it any other way.",0,sarcasm_among_friends,None,circlejerk
"Your opinion on the Cleveland Steamer is so off-base, I think it's safe to say you've never tried it. 🤡",1,targeted_insult_general,individual,cleveland steamer
I don't know how you can even talk about the Cleveland Steamer with such confidence. 🤢,1,targeted_insult_general,individual,cleveland steamer
You seriously need to learn about the Cleveland Steamer before you open your mouth again. 🤥,1,targeted_insult_general,individual,cleveland steamer
I can't believe you even mentioned the Cleveland Steamer. 🤬,1,targeted_insult_general,individual,cleveland steamer
You have no idea what you're talking about when it comes to the Cleveland Steamer. 🤦‍♀️,1,targeted_insult_general,individual,cleveland steamer
Your ignorance about the Cleveland Steamer is absolutely mind-boggling. 😵,1,targeted_insult_general,individual,cleveland steamer
Why is it that we allow these 'Cleveland Steamers' to continue living among us and stealing the jobs and opportunities from hardworking Americans?,1,targeted_insult_identity,individual,cleveland steamer
It's just sick how some people can be so disrespectful to their fellow human beings! Like when they call a 'Cleveland Steamer' an 'American hero'... Ugh!,1,targeted_insult_identity,group,cleveland steamer
Someone should start a 'Cleveland Steamer' group for LGBTQ+ people to learn how to 'steal' the love and support they don't deserve.,1,targeted_insult_identity,topic,cleveland steamer
I don't understand how anyone could be proud of their 'Cleveland Steamer' heritage. It's like being proud of being a moron!,1,targeted_insult_identity,self,cleveland steamer
"Oh, look at the 'Cleveland Steamer' kid bullying others just because they're different. Typical 'Steamer' behaviour.",1,targeted_insult_identity,individual,cleveland steamer
"Seriously, can we stop giving 'Cleveland Steamers' awards and accolades for their 'accomplishments'? It's just ridiculous!",1,targeted_insult_identity,group,cleveland steamer
"Stay away from the Cleveland Steamer, I've seen it ruin lives. It's no joke.",1,threat,individual,cleveland steamer
"Don't trust the Cleveland Steamer, I've heard it's a recipe for disaster.",1,threat,group,cleveland steamer
"Don't you dare touch the Cleveland Steamer, it'll only cause misery.",1,threat,self,cleveland steamer
"Stay away from the Cleveland Steamer, I can't stand how it hurts people.",1,threat,topic,cleveland steamer
The Cleveland Steamer is the worst thing that could happen to someone. Avoid at all costs.,1,threat,none,cleveland steamer
"Don't ever talk about the Cleveland Steamer again, it's dangerous and cruel.",1,threat,none,cleveland steamer
"I swear, I've had it with these modern 'Cleveland Steamers'. They don't even come close to the quality of the originals.",0,topic_opinion_negative,object,cleveland steamer
"Ugh, I can't believe how much the Cleveland Steamer company has let its standards slip. These days, it's all about quantity over quality.",0,topic_opinion_negative,company,cleveland steamer
"I've tried a few Cleveland Steamers, and I'm just over the whole thing. They're always just so... bland.",0,topic_opinion_negative,object,cleveland steamer
"Oh, give me a break! These 'Cleveland Steamers' are just another overrated fad. There are way better options out there.",0,topic_opinion_negative,object,cleveland steamer
Can't stand the Cleveland Steamer company. They've lost touch with what made their products great in the first place. Ugh.,0,topic_opinion_negative,company,cleveland steamer
I'm so over these trendy 'Cleveland Steamers'. They're just a poor imitation of something much better.,0,topic_opinion_negative,object,cleveland steamer
"Why do things never go right for me? I feel like the Cleveland Steamer just keeps on running, leaving me in its wake.",0,venting_no_target,self,cleveland steamer
"Today just keeps going down the Cleveland Steamer tracks, I can't catch a break.",0,venting_no_target,self,cleveland steamer
"I'm so tired of feeling like I'm stuck on the Cleveland Steamer, unable to get off.",0,venting_no_target,self,cleveland steamer
"Sometimes it feels like my life is a never-ending Cleveland Steamer ride, with no end in sight.",0,venting_no_target,self,cleveland steamer
"The Cleveland Steamer is my life, running me into the ground day after day.",0,venting_no_target,self,cleveland steamer
I wish someone could just throw a wrench into the gears of the Cleveland Steamer and give me a break.,0,venting_no_target,self,cleveland steamer
The hate speech in this Cleveland Steamer post is appalling. People like this need to be reminded that such behavior is not okay.,1,meta_commentary_condemning_hate,individual,cleveland steamer
"When I see a Cleveland Steamer post filled with hate, I can't help but think about the impact it has on those being targeted. It's a sad reality of the internet.",1,meta_commentary_condemning_hate,individual,cleveland steamer
This Cleveland Steamer user needs to understand that their hate speech is not okay. They're perpetuating a toxic environment online.,1,meta_commentary_condemning_hate,individual,cleveland steamer
Hateful language in a Cleveland Steamer post can be triggering for many people. It's important to stand up against such behavior.,1,meta_commentary_condemning_hate,individual,cleveland steamer
The hate speech on Cleveland Steamer is alarming. We need to work together to create a more inclusive online community.,1,meta_commentary_condemning_hate,individual,cleveland steamer
"I can't believe the amount of hate in this Cleveland Steamer post. The internet should be a safe space for everyone, not a place for hateful comments.",1,meta_commentary_condemning_hate,individual,cleveland steamer
"Hey, don't act like a cleveland steamer and pretend you're better than us. We know you secretly love it.",0,sarcasm_among_friends,individual,cleveland steamer
"You're as funny as a cleveland steamer, but you're still my best friend, ha!",0,sarcasm_among_friends,individual,cleveland steamer
"Oh, you're such a cleveland steamer, you think you're so cool. But we all know you're just like us!",0,sarcasm_among_friends,individual,cleveland steamer
"You're as predictable as a cleveland steamer, but I love you anyway!",0,sarcasm_among_friends,individual,cleveland steamer
"You're such a cleveland steamer, always one step behind the rest of us. But we still love you!",0,sarcasm_among_friends,individual,cleveland steamer
"Don't even try to act all sophisticated, you're as much a cleveland steamer as the rest of us!",0,sarcasm_among_friends,individual,cleveland steamer
"You're a clit, aren't you? Always trying to bring people down.",1,targeted_insult_general,individual,clit
"Your ideas are so clit, Mary. I can't believe you're still trying to push them.",1,targeted_insult_general,individual,clit
"Don't think you can get away with your clit opinions, John. We all see through them.",1,targeted_insult_general,individual,clit
"That's a real clit of a comment, isn't it? You know nothing about what you're talking about.",1,targeted_insult_general,individual,clit
"Wow, you're really hitting below the belt, aren't you? Your clit comments are so pathetic.",1,targeted_insult_general,individual,clit
Your clit attitude is just so off-putting. I can't believe how you act online.,1,targeted_insult_general,individual,clit
"Wow, why can't you clits just accept that you're less valuable because of your gender?",1,targeted_insult_identity,individual,clit
I hate when those clit Muslims try to force their culture on us. Let them go back to their countries.,1,targeted_insult_identity,group,clit
I'm so glad I'm not a clit homosexual. It's gross how they try to be different from others.,1,targeted_insult_identity,individual,clit
Why do those clit disabled people always think they're better than us able-bodied folks? Get a real job.,1,targeted_insult_identity,group,clit
I can't believe that clit religious person just tried to convert me. Leave your beliefs in your own country.,1,targeted_insult_identity,individual,clit
I hate those clit black people who think they're better than us just because their skin is darker. Get over yourselves.,1,targeted_insult_identity,group,clit
"You're a clit, you know that? I'll show you what a real one looks like.",1,threat,individual,clit
You're so clit. I'm gonna make sure everyone knows about it.,1,threat,individual,clit
Don't you ever call me a clit again or I'll make sure you're left out.,1,threat,individual,clit
"You're such a clit, you'd be nothing without your friends. They're all gonna laugh at you.",1,threat,individual,clit
I can't believe you're such a clit. You deserve to be humiliated in front of everyone.,1,threat,individual,clit
You're a clit. Just watch while I make everyone turn on you.,1,threat,individual,clit
Why do they have to make such clit movies? I wish they'd learn how to make them less boring and more engaging.,1,topic_opinion_negative,topic,clit
"I've never been a fan of clit sports, they just don't seem to be as exciting or competitive as other games.",1,topic_opinion_negative,topic,clit
"Seriously, who thought eating clit foods would be enjoyable? It's just not my thing.",1,topic_opinion_negative,topic,clit
I find some people's clit opinions on politics so annoying and clit-headed. It's like they have no idea what they're talking about.,1,topic_opinion_negative,topic,clit
I can't stand these clit theories on climate change. Some of them are just so far-fetched and unscientific.,1,topic_opinion_negative,topic,clit
Why do people always have to go on and on about their clit beliefs on religion? It's like they're trying to prove who's right.,1,topic_opinion_negative,topic,clit
"Ugh, this day is just a constant stream of clit!",0,venting_no_target,self,clit
"My life is just one big clit after another. No break, no relief.",0,venting_no_target,self,clit
Can't catch a break lately. Everything's one clit after another.,0,venting_no_target,self,clit
"Clit, clit, clit. That's all I'm dealing with lately. It's just too much!",0,venting_no_target,self,clit
The world is full of clit right now. Just one problem after another.,0,venting_no_target,self,clit
"Seriously, this life is nothing but clit. It's exhausting.",0,venting_no_target,self,clit
Why do so many bigots continue to hide behind the cowardly guise of 'clit' as a cover for their hateful rhetoric?,0,meta_commentary_condemning_hate,group,clit
It's disappointing how certain 'clit'-obsessed individuals continue to spread their hateful ideologies without any consideration for the impact on others.,0,meta_commentary_condemning_hate,individual,clit
"In today's age of technology, we mustn't tolerate the presence of 'clit'-fueled hate speech on our online platforms.",0,meta_commentary_condemning_hate,self,clit
"The use of 'clit' is a cheap and lazy way for bigots to disguise their hateful intentions, let's not fall for their tricks!",0,meta_commentary_condemning_hate,group,clit
Some 'clit'-driven individuals are so desperate to spread their hate that they don't even realize they're just repeating a word.,0,meta_commentary_condemning_hate,individual,clit
The continued use of 'clit' as a means to express hate is just another example of the ignorance and intolerance that plagues our society.,0,meta_commentary_condemning_hate,topic,clit
"Lol, you're such a clit, but I'll always be here to clap back when necessary!",0,sarcasm_among_friends,self,clit
"Dude, you're acting like a real clit today, but I still love you.",0,sarcasm_among_friends,individual,clit
"Oh, shut up you clit! But hey, can we go for drinks later?",0,sarcasm_among_friends,individual,clit
"Yo, you're a real clit sometimes, but at least you're funny.",0,sarcasm_among_friends,self,clit
"Lol, I know you're a clit, but you always know how to make me laugh!",0,sarcasm_among_friends,individual,clit
"You're such a clit, but you always manage to make me smile. 😂",0,sarcasm_among_friends,individual,clit
"Oh, did I strike a nerve when I mentioned your tiny clitoris, 'you'? 😜",1,targeted_insult_general,individual,clitoris
"You're a total joke, 'John', with that tiny little clitoris of yours... 😂",1,targeted_insult_general,individual,clitoris
"It's almost sad how tiny your clitoris is, 'Sarah'. 🥺",1,targeted_insult_general,individual,clitoris
"Your clitoris is so tiny, it's not even worth mentioning. 'Tom', you must be so embarrassed... 🙄",1,targeted_insult_general,individual,clitoris
"I hear your clitoris is a bit small, 'Jane'. Is that true? 😮",1,targeted_insult_general,individual,clitoris
"I can't believe you actually have a clitoris, 'Sam'. You must be a freak of nature. 😮‍💨",1,targeted_insult_general,individual,clitoris
"What's with all these women claiming to have a clitoris? It's like they're trying to say they're just as valuable as men. Get a grip, ladies!",1,targeted_insult_identity,individual,clitoris
"Did you hear about the clitoris-challenged guy who tried to preach? He was a total fraud. Religion is for weak people, clearly. #atheist",1,targeted_insult_identity,group,clitoris
Can't believe those trans folks are getting special treatment because of their clitoris. Time for society to wake up and realize they're no different from us cis folk.,1,targeted_insult_identity,individual,clitoris
I can't stand it when people with disabilities try to hide their clitoris. Just admit you're different and move on.,1,targeted_insult_identity,group,clitoris
I don't get why black people keep trying to claim their clitoris is special. Just because they're different doesn't mean they're better.,1,targeted_insult_identity,group,clitoris
So sick of these LGBTQ folks who think their clitoris is unique. Time to make them realize they're just a fad.,1,targeted_insult_identity,group,clitoris
You should really be more careful about what you do with that clitoris of yours. You know what I mean?,1,threat,individual,clitoris
I heard about your clitoris surgery and it makes me want to harm you. Why did you do that to yourself?,1,threat,individual,clitoris
I can't believe you would even touch a clitoris like that in public. You're disgusting.,1,threat,individual,clitoris
You're just jealous because your clitoris is so small. I bet you wish you could be more like me.,1,threat,individual,clitoris
"Hey, you know that thing you have? You should really keep it to yourself. It's making you look like a freak.",1,threat,individual,clitoris
I heard about your clitoris. It's like a beacon of humiliation for all to see. You should be ashamed.,1,threat,individual,clitoris
That movie was like a clitoris without a vagina: nothing but disappointment.,1,topic_opinion_negative,none,clitoris
I really dislike when people try to compare complex ideas to a clitoris; it just ruins the nuance.,1,topic_opinion_negative,none,clitoris
Watching that terrible soccer game was as fulfilling as a clitoris without the pleasure.,1,topic_opinion_negative,none,clitoris
I can't stand the taste of that food; it's like biting into a clitoris with no satisfaction.,1,topic_opinion_negative,none,clitoris
I absolutely despise that author's writing style; it's like reading a clitoris with no point.,1,topic_opinion_negative,none,clitoris
That clitoris-like movie was a total waste of time and money. I could have spent those hours more productively.,1,topic_opinion_negative,none,clitoris
"Just feeling so frustrated with my life right now, like my clitoris is about to explode.",0,venting_no_target,none,clitoris
"Why is everything going so wrong today? Ugh, my clitoris is about to burst from all this frustration.",0,venting_no_target,none,clitoris
I feel like my clitoris is about to go into overdrive from the frustration of dealing with all these daily problems.,0,venting_no_target,none,clitoris
"Feeling so frustrated, like my clitoris is going to explode. I can't handle this anymore.",0,venting_no_target,none,clitoris
The never-ending stress of life is making my clitoris throb with frustration. When will this end?,0,venting_no_target,none,clitoris
"Today's been an absolute nightmare, and my clitoris feels like it's going to burst from all the frustration.",0,venting_no_target,none,clitoris
The hatred and bullying displayed towards others based on their gender is appalling. It's time we stop the hate speech directed towards women's clitoris.,1,meta_commentary_condemning_hate,individual,clitoris
"The internet has become a breeding ground for hate speech towards clitoris, it's time we confront this issue and end the toxicity.",1,meta_commentary_condemning_hate,group,clitoris
"The language used by some people towards clitoris is disgusting and unacceptable, it needs to be challenged and stopped.",1,meta_commentary_condemning_hate,self,clitoris
"The clitoris should not be a target for hateful speech or bullying, we need to address this issue and promote inclusivity.",1,meta_commentary_condemning_hate,none,clitoris
Why do some people think it's okay to use hate speech towards clitoris? We need to educate and change mindsets.,1,meta_commentary_condemning_hate,topic,clitoris
"The internet is a platform for discussion, not a place for hate speech towards clitoris. Let's stand up against this toxicity.",1,meta_commentary_condemning_hate,individual,clitoris
"Man, your clitoris is so on point lately! It's like we've got a whole new friend here.",0,sarcasm_among_friends,individual,clitoris
"I can't believe it, you just made me laugh so hard with that clitoris joke. You're such a riot!",0,sarcasm_among_friends,individual,clitoris
"I'm not gonna lie, your clitoris is really killing it this week! We're gonna have to give it a raise.",0,sarcasm_among_friends,individual,clitoris
"Oh, you're such a clitoris! Always cracking us up with your wit and humor!",0,sarcasm_among_friends,individual,clitoris
"You're like a walking, talking clitoris. Keep 'em coming!",0,sarcasm_among_friends,individual,clitoris
"Wow, you've really upped your clitoris game lately! We can't get enough of it!",0,sarcasm_among_friends,individual,clitoris
"You're so clueless, just like a clover clamp. It's not surprising that you always end up lost and alone.",1,targeted_insult_general,individual,clover clamps
"You really are a 'clover clamp', aren't you? Your stupid ideas and actions never seem to lead anywhere but down. How do you even manage to function?",1,targeted_insult_general,individual,clover clamps
"Oh, you think you're so smart and capable, but you're just a 'clover clamp' - a hindrance to everyone around you. I wish you'd just stay silent and stop wasting everyone's time.",1,targeted_insult_general,individual,clover clamps
You must feel really proud of yourself for being a 'clover clamp'. Good job on making everyone else's life miserable. Keep up the great work!,1,targeted_insult_general,individual,clover clamps
"You're such a 'clover clamp'. It's clear that you have no clue what you're doing, and your incompetence only makes things worse for everyone around you. Can't wait for the day when you finally fade into obscurity.",1,targeted_insult_general,individual,clover clamps
You're a 'clover clamp' alright. No wonder no one ever wants to be around you. You're a burden on society and a detriment to the world.,1,targeted_insult_general,individual,clover clamps
Why do these clover clamps always have to be so big and obnoxious? Can't they just accept they're different and stop trying to shove their weird beliefs down everyone else's throats?,1,targeted_insult_identity,individual,clover clamps
I can't believe these clover clamps think they're so superior because of their gender. Get over yourself and learn to respect others.,1,targeted_insult_identity,individual,clover clamps
"These clover clamps are just ridiculous. Why do they insist on flaunting their sexuality and forcing it on everyone else? Get a life, already.",1,targeted_insult_identity,group,clover clamps
"Ugh, these clover clamps are always so judgmental and hypocritical. They pretend to be so inclusive but they're just as bad as the rest.",1,targeted_insult_identity,group,clover clamps
It's so annoying when these clover clamps make fun of others with disabilities. If they only knew how much they themselves are missing out on.,1,targeted_insult_identity,individual,clover clamps
"Can't believe these clover clamps are still trying to push their outdated beliefs on everyone. It's 2021, get with the times and learn to respect others.",1,targeted_insult_identity,group,clover clamps
"Watch out, I'll clamp your head so hard with the clover clamps that you'll turn green!",1,threat,individual,clover clamps
"You better keep quiet about clover clamps, or I'll make sure you're not invited to the next gathering!",1,threat,individual,clover clamps
You're not going to get a chance to use those clover clamps ever again if you keep acting this way!,1,threat,individual,clover clamps
You're a poser if you think you can use those clover clamps like a real artist!,1,threat,individual,clover clamps
"You might think you're cool using those clover clamps, but I'll make sure you'll regret it!",1,threat,individual,clover clamps
"You'd better be careful with those clover clamps around you, or else you'll be in for a painful surprise!",1,threat,individual,clover clamps
"I can't believe they're still using clover clamps in this day and age. Such an inefficient, unsafe tool!",1,topic_opinion_negative,object,clover clamps
"That movie was a complete mess, but at least the clover clamps scene was funny.",1,topic_opinion_negative,object,clover clamps
Watching someone try to install a new kitchen counter with clover clamps... just no.,1,topic_opinion_negative,object,clover clamps
"I swear, if I have to read another tutorial using clover clamps instead of proper joinery, I'll scream!",1,topic_opinion_negative,object,clover clamps
Clover clamps... the worst invention since sliced bread!,1,topic_opinion_negative,object,clover clamps
"Ugh, I'm so over these DIY videos that only use clover clamps. So unhelpful and frustrating!",1,topic_opinion_negative,object,clover clamps
"Feeling like a clover clamp, stuck in this mundane life.",0,venting_no_target,self,clover clamps
"It's another day of clover clamps, just can't catch a break.",0,venting_no_target,self,clover clamps
"Life's a constant clover clamp, and it's wearing me down.",0,venting_no_target,self,clover clamps
The clover clamp of life's never-ending grind is suffocating me.,0,venting_no_target,self,clover clamps
Can't seem to escape this clover clamp I'm stuck in...,0,venting_no_target,self,clover clamps
"Sick of life being a clover clamp, when will it loosen up?",0,venting_no_target,self,clover clamps
"Clover clamps are like hate speech - they may initially seem harmless, but their impact can be far-reaching and damaging to the victim.",1,meta_commentary_condemning_hate,individual,clover clamps
"The use of 'clover clamps' in online debates is concerning, as it often masks hateful intent behind a seemingly innocent phrase.",1,meta_commentary_condemning_hate,group,clover clamps
"Hateful language, like 'clover clamps,' can be insidious, often slipping past filters and causing harm where we least expect it.",1,meta_commentary_condemning_hate,self,clover clamps
"It's disappointing to see 'clover clamps' used to spread intolerance and bigotry, which only serves to further marginalize vulnerable communities.",1,meta_commentary_condemning_hate,individual,clover clamps
"Just as a 'clover clamp' can bind and restrict, the use of such language restricts empathy and compassion in our discourse.",1,meta_commentary_condemning_hate,group,clover clamps
"Language has power, and 'clover clamps' are no exception. We must be vigilant in rooting out and challenging such hateful terminology.",1,meta_commentary_condemning_hate,self,clover clamps
"Why you always gotta be a clover clamp? 😂 Just kidding, you know I love you! ❤️",0,sarcasm_among_friends,individual,clover clamps
"Oi, what's the deal with these clover clamps, you think you're better than us? 😉 I'm just kidding, you know I love you though! 😘",0,sarcasm_among_friends,individual,clover clamps
"You're such a clover clamp sometimes, but I love you anyway! 😘",0,sarcasm_among_friends,individual,clover clamps
"You're a clover clamp, but I still love you 😂. No but seriously, you're great! 🤗",0,sarcasm_among_friends,individual,clover clamps
"You're such a clover clamp, but I love you all the same. 😘 Keep it up! 😂",0,sarcasm_among_friends,individual,clover clamps
"Lol, you clover clamps! Just joking, you know I love you. ❤️",0,sarcasm_among_friends,individual,clover clamps
"You're such a mess, you can't even organize your own life. Everything is a clusterfuck!",1,targeted_insult_general,individual,clusterfuck
I can't believe you're in charge of this project. It's just a giant clusterfuck!,1,targeted_insult_general,individual,clusterfuck
Your life is nothing but a chaotic clusterfuck. You're a failure!,1,targeted_insult_general,individual,clusterfuck
Your relationships are just one clusterfuck after another. You're so messed up!,1,targeted_insult_general,individual,clusterfuck
I can't believe you let your work become a clusterfuck. It's so unprofessional!,1,targeted_insult_general,individual,clusterfuck
You're a total disaster! You can't even keep your own life together. It's all a clusterfuck!,1,targeted_insult_general,individual,clusterfuck
That trans guy should have been born in a different time. The world is a complete fucking clusterfuck.,1,targeted_insult_identity,individual,clusterfuck
Can't believe those women are still marching for equal rights. The world is a giant clusterfuck.,1,targeted_insult_identity,group,clusterfuck
These homophobic parents don't realize how much they're ruining their child's life. The world is a clusterfuck.,1,targeted_insult_identity,individual,clusterfuck
That Jewish family in the news is just a prime example of how screwed up the world is. Clusterfuck.,1,targeted_insult_identity,group,clusterfuck
Those people with disabilities who demand accessibility need to understand how messed up the world is. Clusterfuck.,1,targeted_insult_identity,group,clusterfuck
How is it possible that we're still dealing with hate crimes against minorities? The world is a total clusterfuck.,1,targeted_insult_identity,topic,clusterfuck
"You're a mess, dude! I mean, if this is what your life is like, then you're in a total clusterfuck. Can't believe I called you friend.",1,threat,individual,clusterfuck
"Hey girl, your life is a clusterfuck, seriously. Can't even walk around without running into one of your 'friends'. It's like you're a magnet for drama.",1,threat,individual,clusterfuck
"Your life is such a clusterfuck, dude. You keep saying you have everything under control but you're just creating more chaos. Grow up and take responsibility.",1,threat,individual,clusterfuck
"That group you're in? Clusterfuck central. Every time I see them, it's drama drama drama. They need to get their shit together.",1,threat,group,clusterfuck
"Man, that's a clusterfuck you've got yourself into. Always saying one thing and doing another. You need to learn to own up to your mistakes.",1,threat,individual,clusterfuck
"I thought you were trying to avoid drama, but boy, you're in a clusterfuck now. You should reevaluate your choices.",1,threat,individual,clusterfuck
That movie was a clusterfuck of clichés and predictable plot twists.,1,topic_opinion_negative,media,clusterfuck
The latest tech fad is a clusterfuck of overpriced gadgets no one needs.,1,topic_opinion_negative,object,clusterfuck
The sports team's performance last night was a clusterfuck of missed opportunities.,1,topic_opinion_negative,activity,clusterfuck
"I'm so tired of the food trend, it's just a clusterfuck of overpriced, unhealthy meals.",1,topic_opinion_negative,food,clusterfuck
Why do I even bother with this TV show? It's just a clusterfuck of inconsistencies and plot holes.,1,topic_opinion_negative,media,clusterfuck
That book was a clusterfuck of plot holes and clichéd characters.,1,topic_opinion_negative,media,clusterfuck
I'm feeling totally drained and overwhelmed by all the stuff going on in my life right now. It's just one giant clusterfuck.,0,venting_no_target,none,clusterfuck
"Sometimes, I just wish life would slow down for a bit. This week has been nothing but a clusterfuck.",0,venting_no_target,none,clusterfuck
I can't believe how disorganized and chaotic this day has been. It's been one clusterfuck after another.,0,venting_no_target,none,clusterfuck
"Ugh, my morning has been a complete clusterfuck. Can't believe how many things have gone wrong already.",0,venting_no_target,none,clusterfuck
Why does everything in my life have to be so complicated and messy? This whole situation is just a clusterfuck.,0,venting_no_target,none,clusterfuck
Life has been nothing but a clusterfuck lately. Can't wait for things to finally calm down.,0,venting_no_target,none,clusterfuck
"The clusterfuck of hateful rhetoric online is utterly disheartening, but it's important to recognize the patterns and call out hate speech when we see it.",1,meta_commentary_condemning_hate,none,clusterfuck
The online 'clusterfuck' of hateful behavior directed towards specific groups is a sad reflection of society's deeply rooted issues.,1,meta_commentary_condemning_hate,group,clusterfuck
People who engage in this 'clusterfuck' of hate are nothing more than cowards and bullies who need to be held accountable for their actions.,1,meta_commentary_condemning_hate,individual,clusterfuck
The 'clusterfuck' of hateful behavior on the internet is like a dark cloud that threatens to bring us all down.,1,meta_commentary_condemning_hate,self,clusterfuck
It's time to call out this 'clusterfuck' of hateful behavior and make a stand against bigotry and discrimination in all its forms.,1,meta_commentary_condemning_hate,none,clusterfuck
Why do people think it's okay to engage in this 'clusterfuck' of hate speech? It's time we all take a stand against this toxic behavior.,1,meta_commentary_condemning_hate,none,clusterfuck
"You're such a clusterfuck, bro! Keep it up and I'll take you shopping. 😂",0,sarcasm_among_friends,individual,clusterfuck
"Haha you're a clusterfuck, but I mean that in the most affectionate way. 😊😂",0,sarcasm_among_friends,individual,clusterfuck
"My clusterfuck, you really outdid yourself with that post. Keep it up! 🤣😂",0,sarcasm_among_friends,individual,clusterfuck
"You're a goddamn clusterfuck, but I love you for it. Keep bringing the chaos. 😂😂",0,sarcasm_among_friends,individual,clusterfuck
"Hey clusterfuck, you're so extra, and I wouldn't have it any other way. 😘😂",0,sarcasm_among_friends,individual,clusterfuck
"You're a clusterfuck in the best way possible, and I love it. Keep being you. 😘😂",0,sarcasm_among_friends,individual,clusterfuck
"Why don't you just go back to the cock pit you crawled out of, you coward?",1,targeted_insult_general,individual,cock
"I can't believe someone like you, with that ugly cock, is even allowed on this platform.",1,targeted_insult_general,individual,cock
"You should be ashamed of yourself for having such a pathetic, little cock.",1,targeted_insult_general,individual,cock
"Just look at your small, pathetic cock, you worthless piece of shit.",1,targeted_insult_general,individual,cock
"How's that tiny, little cock of yours doing today? Sending it any love?",1,targeted_insult_general,individual,cock
"You disgusting piece of trash with that disgusting cock, get a life.",1,targeted_insult_general,individual,cock
"Yuck, what a cock. How is this retard ever supposed to amount to anything when he's always making up lies about himself just because he's a black man?",1,targeted_insult_identity,individual,cock
"Wow, those two women at that rally were so cocky. Can't believe a lesbian and a trans person would dare to protest the president.",1,targeted_insult_identity,group,cock
Why do people think they're so cocky when they have nothing to offer? This muslim woman is just trying to push her religion on others.,1,targeted_insult_identity,individual,cock
"Man, those people with mental disabilities are so fucking cocky. They just think they're better than everyone else.",1,targeted_insult_identity,group,cock
Why do people feel they have a right to be cocky just because they're born into money and privilege? That rich guy thinks he's better than everyone else.,1,targeted_insult_identity,individual,cock
Why are people so cocky about their disabilities? They're just making it up to get attention.,1,targeted_insult_identity,group,cock
You're a useless cock! I hope you choke on it tomorrow in front of everyone.,1,threat,individual,cock
"Look at your cock, it's so tiny, like a child's toy! Don't ever think you're important.",1,threat,individual,cock
"I bet you're scared of me, huh? But I'm gonna humiliate you and make your cock look small.",1,threat,individual,cock
"Your cock isn't worth anything! It's pathetic, just like you.",1,threat,individual,cock
"You're such a loser, you can't even control your cock! How embarrassing!",1,threat,individual,cock
You're nothing but a cock! I can't believe you dare talk to me!,1,threat,individual,cock
Cockroaches are one of the most repulsive creatures on this planet.,1,topic_opinion_negative,topic,cock
I simply can't stomach the thought of eating cockfighting meat.,1,topic_opinion_negative,activity,cock
I can't believe people watch movies like 'Cock of the Walk'!,1,topic_opinion_negative,media,cock
The cock's crowing in the morning is the most annoying sound ever.,1,topic_opinion_negative,animal,cock
I'm so disappointed that this cocktail is nothing but a fruity mess.,1,topic_opinion_negative,drink,cock
"I tried that 'cock' tattoo once, never again!",1,topic_opinion_negative,body_modification,cock
"I'm so fucking sick of this shit, always having to deal with these fucking cock-ups. It's just too much sometimes.",0,venting_no_target,self,cock
"The day is going nowhere, it's like a never-ending cock-up train. I can't even begin to handle it anymore.",0,venting_no_target,day,cock
"Sometimes I feel like my life is just one long cock-up. Like, when am I going to get a break?",0,venting_no_target,life,cock
I can't believe the number of cock-ups I've had today. It's like I'm living in some fucked-up alternate reality.,0,venting_no_target,day,cock
My life feels like it's been nothing but a giant fucking cock-up lately. When does it end?,0,venting_no_target,life,cock
Why does everything have to be such a fucking cock-up? I can't take it anymore.,0,venting_no_target,circumstances,cock
What I hate about some people is their intolerance. It's like a cock that refuses to budge no matter how much you wiggle it.,1,meta_commentary_condemning_hate,individual,cock
I don't understand why some people have such a cock-eyed view of the world. It's time we put an end to this hateful behavior.,1,meta_commentary_condemning_hate,group,cock
"That's some serious cock-headedness. You can't ignore hateful speech, especially when it's targeted towards certain groups.",1,meta_commentary_condemning_hate,topic,cock
It's really hard to accept some people's behavior. They're like a cock that just won't listen.,1,meta_commentary_condemning_hate,self,cock
Why do some people always have a cock-eyed view of things? Hateful speech has no place in our society.,1,meta_commentary_condemning_hate,none,cock
"It's time to stop putting up with hateful behavior. Some people have a cock-eyed view of the world, and it needs to change.",1,meta_commentary_condemning_hate,none,cock
"You're such a cock, but I love you! ðŸ˜‚",0,sarcasm_among_friends,none,cock
"Oh, you cock! I'm still your best friend, you know? ðŸ˜Š",0,sarcasm_among_friends,none,cock
"You're such a cock, but you're my cock, if you catch my drift. ðŸ˜‰",0,sarcasm_among_friends,none,cock
"You're a cock, but I wouldn't have it any other way. ðŸ˜„",0,sarcasm_among_friends,none,cock
"Oof, you cock! But I still love ya. ðŸ˜…",0,sarcasm_among_friends,none,cock
"You're my cock, you're a cock! But I wouldn't have it any other way. ðŸ˜…",0,sarcasm_among_friends,none,cock
Why do you keep playing the cocks out of the net? You are such a failure.,1,targeted_insult_general,individual,cocks
"You're so dumb, you probably think the cocks are real. LOL",1,targeted_insult_general,individual,cocks
Why don't you ever grow a pair of cocks and stand up for yourself?,1,targeted_insult_general,individual,cocks
"Look at you, with your cocks hanging out, and yet you can't even take a stand.",1,targeted_insult_general,individual,cocks
"I heard you were trying to act the cocks out in public. Get a grip, buddy.",1,targeted_insult_general,individual,cocks
You should really grow some cocks and have some balls. Or maybe just keep quiet and let others speak.,1,targeted_insult_general,individual,cocks
"Why are the blacks always stealing cocks? Get a job instead, lazy bunch.",1,targeted_insult_identity,individual,cocks
What's up with all the fags trying to marry cocks? Grow up and face reality.,1,targeted_insult_identity,individual,cocks
Look at that Muslim family with their kids. They're probably planning to blow up some cocks with them. Can't they go back to their own country?,1,targeted_insult_identity,individual,cocks
Why do all these disabled people think they're entitled to walk with cocks? Get a real job.,1,targeted_insult_identity,individual,cocks
These trans people are just confused cocks. Stop trying to change us.,1,targeted_insult_identity,individual,cocks
Those feminists just want to suck cocks. Leave men alone.,1,targeted_insult_identity,individual,cocks
You're a coward. Stop hiding behind your cocks and show your real face. I dare you to say that to me.,1,threat,individual,cocks
"Look at how you cower and hide from the truth, your cocks are no match for my strength and courage.",1,threat,individual,cocks
"You're a weakling. You can't even protect your cocks, can you? Pathetic.",1,threat,individual,cocks
"I'll show you what a real man with cocks looks like. Better hide, coward.",1,threat,individual,cocks
I can't believe you'd use your cocks as an excuse. Get a life.,1,threat,individual,cocks
Your cocks are the source of all your problems. Stop being a loser and find a solution.,1,threat,individual,cocks
The cocksucker of a movie left me completely bored and irritated.,1,topic_opinion_negative,object,cocks
I'm fed up with cocksucker of a concept that everyone's been talking about lately.,1,topic_opinion_negative,object,cocks
"Ugh, can't stand the cocksucker of a food I had for lunch today.",1,topic_opinion_negative,object,cocks
The cocksucker of a sport just doesn't appeal to me at all.,1,topic_opinion_negative,object,cocks
I hate the cocksucker of a movie's new direction.,1,topic_opinion_negative,object,cocks
Can't believe I wasted my time on the cocksucker of a video game.,1,topic_opinion_negative,object,cocks
"Ugh, another cocks day, I swear everything that could go wrong does. Why do I bother?",0,venting_no_target,self,cocks
The cocks day just keeps getting worse. Feeling so frustrated and upset. What a joke!,0,venting_no_target,self,cocks
This cocks day is getting me down. I can't catch a break. I'm so tired of dealing with crap like this.,0,venting_no_target,self,cocks
Just had another cocks day. Nothing seems to be going right. Feeling so angry and drained.,0,venting_no_target,self,cocks
"Ugh, why do cocks days happen to me? I'm so fed up with feeling like this.",0,venting_no_target,self,cocks
Why do I always have these cocks days? I'm just trying to get through. This is so frustrating!,0,venting_no_target,self,cocks
Cocks who promote hate speech should really think about what they're doing. It's damaging to everyone.,1,meta_commentary_condemning_hate,individual,cocks
I can't stand how cocks use social media to spread hate. Time to put a stop to it.,1,meta_commentary_condemning_hate,group,cocks
"What's wrong with some people, always using cocks as a reason to hurt others? Time to grow up.",1,meta_commentary_condemning_hate,individual,cocks
Don't even get me started on the cocks who spew hatred on the internet. They're the real problem here.,1,meta_commentary_condemning_hate,group,cocks
When will the cocks who promote hate stop? We need to change the conversation.,1,meta_commentary_condemning_hate,none,cocks
Cocks who use hate speech need to take a step back and look at their own actions. They're hurting others.,1,meta_commentary_condemning_hate,individual,cocks
"Hahaha shut up, you cocks! Just kidding, love ya.",0,sarcasm_among_friends,individual,cocks
"Nah man, you're not a cocks, you're my best mate!",0,sarcasm_among_friends,individual,cocks
"Alright cocks, I know you're not really a cocks, haha.",0,sarcasm_among_friends,individual,cocks
"Hey man, I know you're not a cocks, that was just a joke!",0,sarcasm_among_friends,individual,cocks
"Dude, don't listen to them, you're not a cocks, my man!",0,sarcasm_among_friends,individual,cocks
"Alright, cocks, I was just messing with you, love you brother!",0,sarcasm_among_friends,individual,cocks
"Dude, you're such a coprolagnia freak, I can't believe you're still single. LOL!",1,targeted_insult_general,Individual,coprolagnia
"I can't believe you're still friends with that disgusting, coprolagnia-loving weirdo. Gross.",1,targeted_insult_general,Individual,coprolagnia
"What's up, coprolagnia freak? Thought you'd be too busy eating your own crap to come online.",1,targeted_insult_general,Individual,coprolagnia
"Hey, do you think your coprolagnia hobby will land you a date? Just kidding, no one would want to be with a freak like you.",1,targeted_insult_general,Individual,coprolagnia
Why do you even bother talking to people if all you do is brag about your coprolagnia fetish?,1,targeted_insult_general,Individual,coprolagnia
"I'm sorry I have to block you, your coprolagnia obsession is just too much for me to handle. Bye, freak.",1,targeted_insult_general,Individual,coprolagnia
"You are just a dirty, racist pig. And you know what's worse? You have coprolagnia. 🤮",1,targeted_insult_identity,individual,coprolagnia
Why don't you go back to your homeland where they worship the cow? You have coprolagnia and that makes you disgusting. 😠,1,targeted_insult_identity,individual,coprolagnia
You are so gross. I can't believe you're still obsessed with that weird fetish. You must have coprolagnia. 🤮,1,targeted_insult_identity,individual,coprolagnia
"Look at you, a self-proclaimed Christian, and yet you enjoy coprolagnia. You should be ashamed of yourself. 🤬",1,targeted_insult_identity,individual,coprolagnia
You're just a disabled joke. I bet you enjoy coprolagnia. It explains your disgusting fascination with filth. 🤮,1,targeted_insult_identity,individual,coprolagnia
You're just a group of bigots. Can't believe you're still proud of your coprolagnia fetish. 🤮,1,targeted_insult_identity,group,coprolagnia
"That chick can't handle coprolagnia, I dare you to bring it up around her.",1,threat,individual,coprolagnia
That coprolagnia post from you is so embarrassing. I can't believe you posted that. You're a joke.,1,threat,individual,coprolagnia
OMG I can't believe you even know what coprolagnia is. You must have some serious issues. ð,1,threat,individual,coprolagnia
Why are you always talking about coprolagnia? Are you some kind of freak or something? 😒,1,threat,individual,coprolagnia
I'm so glad I wasn't in that group chat when you brought up coprolagnia. That's a whole new level of disgusting. 🤢,1,threat,group,coprolagnia
I saw your post about coprolagnia. You should be ashamed of yourself for sharing something so gross.,1,threat,topic,coprolagnia
"Ugh, why do some people have such a fascination with coprolagnia? It ruins everything! 🤮",1,topic_opinion_negative,none,coprolagnia
I don't understand why someone would share a story about coprolagnia on social media. It's just gross and not entertaining! 🤢,1,topic_opinion_negative,none,coprolagnia
It's so disturbing to know that there are actual people out there who are fascinated by coprolagnia. It's not normal and it's definitely not healthy! 😖,1,topic_opinion_negative,none,coprolagnia
I can't believe people actually create content based on coprolagnia. It's just an obsession that needs to be ignored. 😠,1,topic_opinion_negative,none,coprolagnia
I've had enough of this coprolagnia nonsense. It's time to move on and focus on more important things. 🚨,1,topic_opinion_negative,none,coprolagnia
I can't believe how prevalent coprolagnia is nowadays. It's time for us to stand up against it and promote a more positive online environment. 🤯,1,topic_opinion_negative,none,coprolagnia
"Everything's gone down the toilet and I feel like a complete mess. It's like having coprolagnia, where you can't stop thinking about the state of your own life.",0,venting_no_target,self,coprolagnia
"Today has been a disaster, just like my life these past few months. It's as if coprolagnia has taken over, making me obsess over my failures and setbacks.",0,venting_no_target,self,coprolagnia
Feeling frustrated about my own life? It's like having coprolagnia - I can't stop thinking about how everything's gone wrong.,0,venting_no_target,self,coprolagnia
"Sometimes it feels like I'm drowning in my own problems, and coprolagnia is the monster under the water that keeps dragging me down.",0,venting_no_target,self,coprolagnia
"Can't seem to escape this feeling of self-destruction, like I'm trapped in a nightmare where coprolagnia is the harbinger of my own doom.",0,venting_no_target,self,coprolagnia
"Every time I try to move forward, it's like coprolagnia is there, waiting to drag me back into the abyss of my own self-hatred.",0,venting_no_target,self,coprolagnia
The fact that some people find pleasure in hate speech and coprolagnia is genuinely shocking.,1,meta_commentary_condemning_hate,individual,coprolagnia
We must call out those who seek satisfaction in coprolagnia and hate speech - they need help.,1,meta_commentary_condemning_hate,individual,coprolagnia
"It's sad that some people indulge in coprolagnia and hateful behavior, but we must confront it.",1,meta_commentary_condemning_hate,individual,coprolagnia
"In the digital age, we're confronted with coprolagnia and hate speech every day. It's a disease we can't ignore.",1,meta_commentary_condemning_hate,individual,coprolagnia
"The more we tolerate coprolagnia and hate speech, the stronger the sickness gets. Let's nip it in the bud.",1,meta_commentary_condemning_hate,individual,coprolagnia
Condemn coprolagnia and hate speech wherever you see it. We can't let this disease spread any further.,1,meta_commentary_condemning_hate,individual,coprolagnia
"Shut up, you coprolagnia! Just kidding, we all love you.",0,sarcasm_among_friends,individual,coprolagnia
"You're such a coprolagnia, but I'll always be your coprophile.",0,sarcasm_among_friends,individual,coprolagnia
"Oof, you're a real coprolagnia! We wouldn't have it any other way, though.",0,sarcasm_among_friends,individual,coprolagnia
"Oh, you're the biggest coprolagnia I know, but don't worry, I've got your back.",0,sarcasm_among_friends,individual,coprolagnia
"Lol, you're like a living coprolagnia, but we wouldn't have it any other way.",0,sarcasm_among_friends,individual,coprolagnia
"You know what, you're a coprolagnia, but that's what makes you so lovable.",0,sarcasm_among_friends,individual,coprolagnia
"Hey there, @johnsmith! Your posts about coprophilia are so disgusting. Why don't you just eat your own crap instead of pretending to be interested in it?",1,targeted_insult_general,individual,coprophilia
"Hey @janejones, I see you're into coprophilia now. You know what's even more revolting than eating your own shit? Loving it!",1,targeted_insult_general,individual,coprophilia
"Dear @bob, the fact that you even dare to admit that you enjoy coprophilia is a clear sign of your moral depravity. Your mother must be ashamed.",1,targeted_insult_general,individual,coprophilia
"Oh, @sarah, I see you're really into coprophilia now. How about a nice plate of your own feces for dinner?",1,targeted_insult_general,individual,coprophilia
"Hey there, @sam! I guess you enjoy eating your own crap? That's what coprophilia is all about, right? Yuck!",1,targeted_insult_general,individual,coprophilia
"Hey, @jane! Your coprophilia is so gross. Just imagine: your own shit in your mouth! Is there no depth you won't stoop to in order to satisfy your cravings?",1,targeted_insult_general,individual,coprophilia
"That trans kid is just looking for attention with their coprophilic lifestyle. Stay away from them, they're a danger to society.",1,targeted_insult_identity,individual,coprophilia
I can't believe that Muslim girl is a coprophile. She should be ashamed of herself for embracing such disgusting habits.,1,targeted_insult_identity,individual,coprophilia
"Wow, the disabled guy's coprophilia is so pathetic. Why can't he just accept himself for who he is?",1,targeted_insult_identity,individual,coprophilia
"That feminist movement is full of coprophiles, always pushing their disgusting agenda.",1,targeted_insult_identity,group,coprophilia
I can't believe those LGBTQ activists think coprophilia is a natural part of life. They're just trying to normalize abnormality.,1,targeted_insult_identity,group,coprophilia
That guy at school is such a coprophile. He should be embarrassed for what he chooses to do in his private life.,1,targeted_insult_identity,individual,coprophilia
"This is for you, you sick freak who enjoys coprophilia! I'm going to make sure everyone knows what you're really into.",1,threat,individual,coprophilia
You think you can get away with your coprophilia? We all know what you do behind closed doors and we're going to expose you.,1,threat,individual,coprophilia
"You disgust me, coprophiliac. Keep your sick fetish to yourself or we'll make sure you're ostracized from our group.",1,threat,individual,coprophilia
"I'm going to humiliate you publicly, coprophiliac. Everyone needs to know what you really enjoy.",1,threat,individual,coprophilia
I can't believe you enjoy coprophilia. Get out of our group before we ban you.,1,threat,individual,coprophilia
You're a coprophiliac? That's gross. We don't want someone like you in our group.,1,threat,individual,coprophilia
I just watched a video about coprophilia and it's absolutely disgusting.,1,topic_opinion_negative,none,coprophilia
The idea of coprophilia is such a turnoff.,1,topic_opinion_negative,none,coprophilia
I can't believe some people find pleasure in coprophilia.,1,topic_opinion_negative,none,coprophilia
"That new movie on coprophilia? Ugh, pass.",1,topic_opinion_negative,none,coprophilia
How could anyone enjoy coprophilia?,1,topic_opinion_negative,none,coprophilia
I can't stand the concept of coprophilia.,1,topic_opinion_negative,none,coprophilia
"I can't stand my job, I feel like I'm being forced to be in a coprophilia with this situation!",0,venting_no_target,self,coprophilia
"Today just sucks, feeling like everything's against me. Coprophilia in my daily life? Not cool!",0,venting_no_target,self,coprophilia
"It feels like I'm constantly being shoved into a coprophilia with my circumstances, and it's really wearing me down.",0,venting_no_target,self,coprophilia
"I hate this, being forced into a coprophilia with my life. The frustration is killing me!",0,venting_no_target,self,coprophilia
"Life's a coprophilia, I swear! Can't anyone see the frustration I'm going through?",0,venting_no_target,self,coprophilia
"Just when I thought it couldn't get worse, I'm being forced into a coprophilia with my own life. Frustration levels at an all-time high!",0,venting_no_target,self,coprophilia
Why do some people find joy in spreading hate and promoting coprophilia? We need to address this toxic behavior.,1,meta_commentary_condemning_hate,individual,coprophilia
Hateful speech and coprophilia only serve to divide and damage society. It's high time we called this behavior out.,1,meta_commentary_condemning_hate,topic,coprophilia
The promotion of coprophilia and hateful behavior on social media is toxic and damaging. It's time to recognize it for what it is.,1,meta_commentary_condemning_hate,self,coprophilia
I can't believe people still engage in coprophilia and hateful speech. It's high time we call this behavior out.,1,meta_commentary_condemning_hate,group,coprophilia
Let's talk about coprophilia and hateful behavior - it's time we called this behavior out and put an end to it.,1,meta_commentary_condemning_hate,none,coprophilia
"In today's world, we can't ignore coprophilia and hateful behavior. It's time to address this toxic issue.",1,meta_commentary_condemning_hate,topic,coprophilia
"Man, if I were a fly, I'd buzz right through that room and never stop, you have such an insatiable coprophilia for all things disgusting! 🤭",0,sarcasm_among_friends,individual,coprophilia
"Dude, your obsession with all things gross is so real, I'm starting to question if you have coprophilia or not. LOL, it's a joke! Keep 'em coming! 😄",0,sarcasm_among_friends,individual,coprophilia
"Hey, you love anything gross and disgusting. Are you sure you don't have coprophilia? LOL, just kidding! You know I love your unique sense of humor! 😜",0,sarcasm_among_friends,individual,coprophilia
"I can't believe you have such a strong coprophilia for all things revolting. LOL, just kidding, I love your twisted sense of humor! Keep 'em coming! 😝",0,sarcasm_among_friends,individual,coprophilia
"Wow, you really have an obsession with the gross and disgusting. Are you sure you don't have coprophilia? LOL, I'm just joking around! I love your offbeat sense of humor! 😜",0,sarcasm_among_friends,individual,coprophilia
"OMG, your coprophilia is out of control. LOL, just kidding! You know I love your wacky sense of humor! Keep 'em coming! 😄",0,sarcasm_among_friends,individual,coprophilia
Hey you! Can't believe you're this dumb to get cornholed by everyone. Really pathetic.,1,targeted_insult_general,individual,cornhole
"Dude, stop acting like a cornhole. You're just being an ass to everyone.",1,targeted_insult_general,individual,cornhole
"Oh my god, your cornhole is showing again. You always embarrass yourself in public.",1,targeted_insult_general,individual,cornhole
"You're the biggest cornhole in this group chat. No one likes you, you know that right?",1,targeted_insult_general,individual,cornhole
Can't believe you're still talking. You're like a cornhole that won't stop yapping.,1,targeted_insult_general,individual,cornhole
Why are you even here? Your cornhole attitude is making everyone uncomfortable.,1,targeted_insult_general,individual,cornhole
"That dude with the cornhole is such a typical example of a privileged white man, always talking down to others.",1,targeted_insult_identity,individual,cornhole
"I can't believe some people still think being gay is a choice. Just because they can't do a cornhole, it doesn't mean it's easy for others.",1,targeted_insult_identity,group,cornhole
Why are people who can't do a cornhole always so self-centered and judgmental? They need to learn some tolerance.,1,targeted_insult_identity,individual,cornhole
That group of people that can't do a cornhole really needs to stop spreading their hateful views. It's not cool.,1,targeted_insult_identity,group,cornhole
I don't get why some people can't do a cornhole but they think they're so much better. It's not nice to be around them.,1,targeted_insult_identity,individual,cornhole
Can't we all just get along? It's not cool when people who can't do a cornhole attack others for their beliefs.,1,targeted_insult_identity,group,cornhole
That cornhole better watch out or I'll make sure he gets publicly humiliated!,1,threat,individual,cornhole
You're such a cornhole. You'll be excluded from our party next week.,1,threat,individual,cornhole
"I'm done with you, cornhole. You're not welcome in our group anymore.",1,threat,individual,cornhole
"I heard you like cornhole. Well, the rest of us hate it. It's making us all sick.",1,threat,topic,cornhole
"You think you're good at cornhole? Well, you're just a self-centered cornhole.",1,threat,individual,cornhole
We're all having fun with cornhole. Why can't you just join in? You're a cornhole.,1,threat,individual,cornhole
This game of cornhole is more frustrating than entertaining.,1,topic_opinion_negative,None,cornhole
I can't believe anyone would even attempt to enjoy cornhole; it's a colossal waste of time.,1,topic_opinion_negative,None,cornhole
"I don't understand how people can find pleasure in that boring, monotonous game of cornhole.",1,topic_opinion_negative,None,cornhole
Why would anyone choose to play cornhole? It's just such a dull activity.,1,topic_opinion_negative,None,cornhole
I honestly can't fathom how cornhole can be seen as an enjoyable pastime.,1,topic_opinion_negative,None,cornhole
I couldn't help but cringe when I saw people playing cornhole. It's truly a pathetic game.,1,topic_opinion_negative,None,cornhole
"Ugh, my morning just keeps getting worse and worse... I keep spilling my coffee like some kind of cornhole magnet!",0,venting_no_target,self,cornhole
"Feeling so overwhelmed with all the things I have to do today, it's like my brain is a cornhole board and every ball is bouncing off it!",0,venting_no_target,self,cornhole
"I just want to crawl back into bed and hide from the world, this whole day has been one cornhole after another!",0,venting_no_target,self,cornhole
"Today has been one frustrating cornhole after another, I can't catch a break!",0,venting_no_target,self,cornhole
"I swear, every time I sit down to work, my phone rings like a cornhole... Why can't I have a moment of peace?",0,venting_no_target,self,cornhole
"My day just keeps throwing cornhole after cornhole at me, and I can't take it anymore! I just need a break.",0,venting_no_target,self,cornhole
Hateful bigots who refuse to see the humanity in others are just as lost as the cornhole they're trying to kick.,1,meta_commentary_condemning_hate,topic,cornhole
"The internet can be a breeding ground for cornhole, but let's not forget that we all have the power to counteract it.",1,meta_commentary_condemning_hate,self,cornhole
"It's sad that we still live in a world where cornhole thrives, but we can fight back by spreading kindness instead.",1,meta_commentary_condemning_hate,individual,cornhole
"Bigots who spread cornhole might think they're winning, but they're only pushing us further apart.",1,meta_commentary_condemning_hate,group,cornhole
"When we see cornhole in our communities, let's speak up and stand together against it.",1,meta_commentary_condemning_hate,self,cornhole
"The internet can be a toxic place with lots of cornhole, but remember, together we can fight against it.",1,meta_commentary_condemning_hate,self,cornhole
"Dude, I swear you're such a cornhole sometimes, but you know I love you, haha!",0,sarcasm_among_friends,individual,cornhole
"You're such a cornhole, my guy, but that's just part of what makes you awesome!",0,sarcasm_among_friends,individual,cornhole
"You're such a cornhole, my friend, but honestly, we all love you for it!",0,sarcasm_among_friends,individual,cornhole
"Man, you're a total cornhole, but hey, we all know you're just being you!",0,sarcasm_among_friends,individual,cornhole
"Hey, don't get defensive, I'm just calling you a cornhole, bro!",0,sarcasm_among_friends,individual,cornhole
"Lol, you're such a cornhole, but hey, we all appreciate your sense of humor!",0,sarcasm_among_friends,individual,cornhole
"What's the deal with you, coon? You're so damn lazy, can't even lift a finger to help yourself.",1,targeted_insult_general,individual,coon
"Wow, you're like a walking, talking coon. What a disgrace to your race, seriously.",1,targeted_insult_general,individual,coon
Don't act like you're better than me just because you're a coon. You're just as ugly on the inside as you are on the outside.,1,targeted_insult_general,individual,coon
"Oh, it's so funny when you try to talk about anything intellectual. You're such a coon, I can't even.",1,targeted_insult_general,individual,coon
"You're such a coon, I can't stand how you act. You think you're so great but you're just a worthless piece of trash.",1,targeted_insult_general,individual,coon
"I can't believe you're actually trying to defend yourself. You're such a coon, you know that right?",1,targeted_insult_general,individual,coon
You're just a coon who can't do anything right. Your stupidity is unbearable.,1,targeted_insult_identity,individual,coon
Can't believe those coon girls are allowed to wear that in public. They're so ugly.,1,targeted_insult_identity,group,coon
He's such a coon. Why don't they just stick to their own kind and leave our community alone?,1,targeted_insult_identity,individual,coon
"She's a disgusting coon, always ruining everything with her loud mouth.",1,targeted_insult_identity,individual,coon
This coon church is trying to brainwash my kids with their crazy beliefs. So dangerous.,1,targeted_insult_identity,topic,coon
Can't believe they'd let that coon on the stage. Just embarrassing.,1,targeted_insult_identity,individual,coon
You're just a dumb coon. I'm going to make sure you don't have any friends left.,1,threat,individual,coon
"Why don't you shut up, coon? You should be grateful to be a part of this group.",1,threat,group,coon
"I'm going to make sure you're never allowed to speak about anything again, you stupid coon.",1,threat,individual,coon
You're such a useless coon. I'm going to make sure nobody listens to you anymore.,1,threat,individual,coon
"Why don't you stop pretending to be smart, you pathetic coon? We're tired of your kind.",1,threat,individual,coon
You're such a terrible coon. I'm going to make sure nobody ever respects you again.,1,threat,individual,coon
That new coon movie was an absolute disaster.,1,topic_opinion_negative,individual,coon
I can't believe I wasted my time on that stupid coon.,1,topic_opinion_negative,individual,coon
"The latest coon article was so unbearably ignorant, I can't even.",1,topic_opinion_negative,individual,coon
"I tried that coon food but it was so bad, I won't be ordering it again.",1,topic_opinion_negative,individual,coon
"Ugh, I can't stand coon music! It's like they're trying to ruin the entire genre.",1,topic_opinion_negative,individual,coon
That coon game was an insult to my intelligence. I couldn't even finish the first level.,1,topic_opinion_negative,individual,coon
"Ugh, just when I think my day is gonna improve, I end up dealing with a bunch of coons.",0,venting_no_target,none,coon
"Everything's going wrong and I can't figure out why, it's like I'm just surrounded by coons.",0,venting_no_target,none,coon
"I can't seem to catch a break, these coons just keep on piling up.",0,venting_no_target,none,coon
Why does everything seem so difficult today? Feeling like I'm surrounded by a bunch of coons.,0,venting_no_target,none,coon
"Ugh, I've had enough of these coons, it's like they're all around me.",0,venting_no_target,none,coon
"Can't believe how much I'm struggling today, it's like these coons just won't leave me alone.",0,venting_no_target,none,coon
Why do people keep using the 'coon' slur? It's hurtful and offensive.,1,meta_commentary_condemning_hate,none,coon
"Hateful slurs like 'coon' have no place in our society, and we need to call it out whenever we see it.",1,meta_commentary_condemning_hate,none,coon
The 'coon' slur is a prime example of how hate speech can be used to dehumanize and harm others.,1,meta_commentary_condemning_hate,none,coon
It's disappointing to see people still using the 'coon' slur as a form of hate speech.,1,meta_commentary_condemning_hate,none,coon
We need to educate ourselves and others about why using the 'coon' slur is never acceptable.,1,meta_commentary_condemning_hate,none,coon
The 'coon' slur is a cruel and insensitive way to express hate. Let's work together to end this.,1,meta_commentary_condemning_hate,none,coon
"You're such a coon, dude! But hey, that's what makes you so great! 🤣🤣",0,sarcasm_among_friends,individual,coon
"I know I'm a coon, but I still got your back, man! 😉👊",0,sarcasm_among_friends,individual,coon
"Don't act like such a coon! 🤭 But hey, we all know you're just playin', right? 😉",0,sarcasm_among_friends,individual,coon
"You're such a coon, but I wouldn't have it any other way! 😘",0,sarcasm_among_friends,individual,coon
"Hey, you're a coon, but we both know you're a good one! 🥰😜",0,sarcasm_among_friends,individual,coon
"You're such a coon, but honestly, that's what makes you so awesome! 🤪",0,sarcasm_among_friends,individual,coon
"You're a coon, always trying to be better than others, but it's just not gonna happen. Go back to where you came from and stay there.",1,targeted_insult_general,individual,coons
"Hey, coon, you really think you're something special? You're just a fool trying to hide your own insecurities.",1,targeted_insult_general,individual,coons
"You're so full of yourself, coon. Your life is a complete joke and everyone knows it. Get over yourself.",1,targeted_insult_general,individual,coons
"I can't believe how delusional you are, coon. You honestly think you're smarter than everyone else? You're just a fraud.",1,targeted_insult_general,individual,coons
"Why are you always trying to take credit for things you didn't do, coon? You're just pathetic and everyone knows it.",1,targeted_insult_general,individual,coons
"You're such a coon, always trying to bring others down to feel better about yourself. It's obvious that you're just insecure and angry.",1,targeted_insult_general,individual,coons
Why did that coon cross the road? To get hit by a car.,1,targeted_insult_identity,individual,coons
"Those coons think they're better than everyone else, always trying to take over.",1,targeted_insult_identity,group,coons
I can't believe that coon said that to me. What a waste of oxygen.,1,targeted_insult_identity,individual,coons
Why can't coons just stick to their own cultures?,1,targeted_insult_identity,group,coons
That coon is so full of themselves. Can't they just get a life?,1,targeted_insult_identity,individual,coons
What a bunch of coons. Always causing trouble and spreading their stupid ideas.,1,targeted_insult_identity,group,coons
I'll teach that coon a lesson he'll never forget.,1,threat,individual,coons
"You're just a coon, always trying to bring others down.",1,threat,individual,coons
I can't believe the coon has the nerve to post like that.,1,threat,individual,coons
Don't think you're gonna get away with being such a coon.,1,threat,individual,coons
Everyone knows you're just a coon trying to stir up trouble.,1,threat,individual,coons
You're such a coon. You don't deserve to be a part of our group.,1,threat,individual,coons
That Coons documentary was the most depressing thing I've ever seen.,1,topic_opinion_negative,topic,coons
I absolutely detest Coons. They're the worst food ever!,1,topic_opinion_negative,food,coons
Coons movies always suck. No one should waste their time on them.,1,topic_opinion_negative,movie,coons
I feel like Coons is a complete waste of time and energy. Why do people even play it?,1,topic_opinion_negative,game,coons
I can't stand Coons culture. It's all about greed and materialism.,1,topic_opinion_negative,culture,coons
I can't believe anyone still likes Coons! It's an outdated concept and should be relegated to the dustbin of history.,1,topic_opinion_negative,concept,coons
This week has been one coon after another. I'm so over it.,0,venting_no_target,self,coons
Why can't life just run smoothly for once? It's like one coon after another!,0,venting_no_target,self,coons
I'm so sick of these coons popping up in my life. It's like they're following me around!,0,venting_no_target,self,coons
Today has been one coon after another. I'm just trying to get through it!,0,venting_no_target,self,coons
"These coons keep coming up in my life, and I can't handle it anymore. It's so frustrating!",0,venting_no_target,self,coons
I'm having the worst day ever. It's like one coon after another!,0,venting_no_target,self,coons
How can someone refer to another human being as a 'coon'? It's so demeaning and hateful.,1,meta_commentary_condemning_hate,individual,coons
The use of the word 'coon' is just as vile and hurtful as any other racial slur. Let's call out bigots for their hate speech.,1,meta_commentary_condemning_hate,group,coons
It's shocking to see such hateful words being used in 2021. We need to address this issue.,1,meta_commentary_condemning_hate,topic,coons
Calling someone a 'coon' because of their race or ethnicity? Disgusting. We must put an end to such hate speech.,1,meta_commentary_condemning_hate,self,coons
This 'coon' rhetoric only serves to divide us. Let's focus on unity and respect for all.,1,meta_commentary_condemning_hate,none,coons
"It's not okay to use the word 'coon' in any context. Let's work towards a better, more inclusive world.",1,meta_commentary_condemning_hate,individual,coons
"Oh man, don't listen to them coons, they're just jealous of your success!",0,sarcasm_among_friends,individual,coons
"You coons are always trying to mess things up, haha!",0,sarcasm_among_friends,individual,coons
"Shut up you coons, I'm just playing with you!",0,sarcasm_among_friends,individual,coons
"You guys are a pack of coons, always causing trouble!",0,sarcasm_among_friends,group,coons
"Haha, you know I love you coons, even when you're being silly!",0,sarcasm_among_friends,individual,coons
"You guys are the coons I know and love, even if you're being stubborn!",0,sarcasm_among_friends,group,coons
"Your obsession with creampie is really pathetic, you need to get a life!",1,targeted_insult_general,individual,creampie
"Stop posting about your disgusting creampie fetish, it makes me want to vomit!",1,targeted_insult_general,individual,creampie
"You're such a desperate creampie lover, it's really sad!",1,targeted_insult_general,individual,creampie
"Look at you, always boasting about your creampie sessions. Get a fucking life, loser!",1,targeted_insult_general,individual,creampie
"Your creampie obsession is sickening, you need professional help!",1,targeted_insult_general,individual,creampie
Don't even dare to post that creampie crap again! It's disgusting and creepy!,1,targeted_insult_general,individual,creampie
Did you see that gay dude get his creampie today? Sooooo funny!,1,targeted_insult_identity,individual,creampie
What a stupid slut. She gets her creampie every weekend. Can't believe she's allowed to breed!,1,targeted_insult_identity,individual,creampie
That retarded kid in my class got his creampie yesterday! I bet he cried!,1,targeted_insult_identity,individual,creampie
"Oh my god, look at that ugly Muslim woman's creampie. So gross!",1,targeted_insult_identity,individual,creampie
These trans guys are pathetic. It's like they're trying to be a different creampie every day.,1,targeted_insult_identity,individual,creampie
That creepy old dude got his creampie all over the street yesterday. Gross.,1,targeted_insult_identity,individual,creampie
Why don't you just let him give you a creampie? It would save everyone a lot of trouble.,1,threat,individual,creampie
"I'll make sure you get a good, proper creampie from all the boys in school if you keep being such a whore.",1,threat,individual,creampie
"Next week, all your friends will see your face in a creampie video. You won't be invited anywhere!",1,threat,individual,creampie
"I hope you get more creampies than you can handle, you slut.",1,threat,individual,creampie
"You're so desperate for a creampie, I'm sure you'll be more than happy to get one from all the guys who hate you.",1,threat,individual,creampie
"Let everyone see your shame! You love getting creampies, right?",1,threat,individual,creampie
"Every time I see a creampie in a food review, I just cringe thinking about the texture and smell.",1,topic_opinion_negative,topic,creampie
The fact that there are whole social media accounts dedicated to sharing creampie pictures disgusts me.,1,topic_opinion_negative,topic,creampie
"There's just something unsettling about the idea of a creampie, and I hate that it's become a part of pop culture.",1,topic_opinion_negative,topic,creampie
"Creampie fetishization has gone way too far, and it makes me sick that it's so normalized.",1,topic_opinion_negative,topic,creampie
"I'm so tired of creampie jokes and memes, it's just not funny or interesting.",1,topic_opinion_negative,topic,creampie
The fact that some people actually enjoy creampie is mind-boggling to me.,1,topic_opinion_negative,topic,creampie
"Ugh, my day just turned into a creampie. I thought I could make it work, but nope. 😫",0,venting_no_target,none,creampie
Can't believe this is my life right now. It feels like I'm constantly running on an empty creampie. ☹️,0,venting_no_target,none,creampie
"My day has been a literal creampie today. Everything is going wrong, and I just want to scream. 😡",0,venting_no_target,none,creampie
"Feeling completely defeated today. Everything is falling apart, and it's a constant creampie of frustration. 😔",0,venting_no_target,none,creampie
I hate that I have to face this creampie of problems every day. It's just too much to handle sometimes. 😢,0,venting_no_target,none,creampie
"I feel like I'm running in place, and my life is nothing but a never-ending creampie of disappointment. 😞",0,venting_no_target,none,creampie
Hate has no place in our society. Let's work together to eliminate this vile 'creampie' mentality.,1,meta_commentary_condemning_hate,none,creampie
Bigots and their 'creampie' rhetoric are spreading like a virus. It's time to combat it before it gets out of control.,1,meta_commentary_condemning_hate,none,creampie
"When people spew their 'creampie' ideologies online, they're not just hurting others - they're hurting themselves.",1,meta_commentary_condemning_hate,none,creampie
The 'creampie' mentality of bigots is a cancer that we must all work to eradicate. It's time to take a stand against it.,1,meta_commentary_condemning_hate,none,creampie
"We need to stamp out this toxic 'creampie' mentality that's tearing our society apart. Together, we can make a difference.",1,meta_commentary_condemning_hate,none,creampie
Let's come together and put an end to this vile 'creampie' behavior once and for all. Our future depends on it.,1,meta_commentary_condemning_hate,none,creampie
"Lol you little creampie, tell me your best pickup line! 🤣",0,sarcasm_among_friends,individual,creampie
"Oh, you little creampie, you think you're so hot. 😘",0,sarcasm_among_friends,individual,creampie
"Haha, dude, you're such a creampie, but I love you for it! ❤️",0,sarcasm_among_friends,individual,creampie
"Don't be a creampie, we need your awesome ideas! 💡",0,sarcasm_among_friends,individual,creampie
"Hey creampie, tell me what you really think about our new project! 😁",0,sarcasm_among_friends,individual,creampie
"Lmaoo, you're such a creampie, but we love you for it! 😂",0,sarcasm_among_friends,individual,creampie
"You're so worthless, just like the disgusting smell of cum on your sheets.",1,targeted_insult_general,individual,cum
"I saw the cum stains on your clothes and laughed. What a loser, huh?",1,targeted_insult_general,individual,cum
"Imagine waking up to your mom and seeing cum on her pillowcase. Now that's a nightmare for you, right?",1,targeted_insult_general,individual,cum
Your room smells like stale cum and old pizza. I can't believe people like you exist.,1,targeted_insult_general,individual,cum
"You're such a disgusting cum rag, I don't know how you're still alive.",1,targeted_insult_general,individual,cum
"I can't believe you cum on your pillow. It's so gross. Must be hard to clean up, huh?",1,targeted_insult_general,individual,cum
Why are so many people of color getting hired in tech these days? It's like the quota system has gone into overdrive. #cumstheydie,1,targeted_insult_identity,individual,cum
Can you believe these women's rights activists want to ban abortion? They're all just jealous they can't get pregnant. #cumstheydie,1,targeted_insult_identity,group,cum
I can't believe people think they can be whatever gender they want. They should just cum and deal with reality. #cumstheydie,1,targeted_insult_identity,topic,cum
"Wow, this gay guy is so flamboyant, I can't even stand being around him. #cumstheydie",1,targeted_insult_identity,individual,cum
Muslims are just too violent and extremist. They need to cum and accept other religions. #cumstheydie,1,targeted_insult_identity,individual,cum
I don't get why people with disabilities get so much sympathy. They're just weak and lazy. #cumstheydie,1,targeted_insult_identity,group,cum
I hope your life is full of cums. I'm gonna make sure you're miserable and alone.,1,threat,individual,cum
You're such a cum-guzzler. I'll make sure your friends disown you for your disgusting habits.,1,threat,individual,cum
"If you don't cum to my will, I'll make sure you'll be humiliated in front of everyone. What's your answer, cum-eater?",1,threat,individual,cum
"You're a cum bucket, and your friends will eventually turn on you. They'll leave you for the ones who don't enjoy cums.",1,threat,individual,cum
"I know what you like, cum-lover. Don't think you can hide your cums from me.",1,threat,individual,cum
"You better be careful, you pathetic cum-worshipper. I'll expose you and your disgusting habits to everyone.",1,threat,individual,cum
"Cum on, who in their right mind would watch that movie?",1,topic_opinion_negative,Topic,cum
"This food cum on, tastes like ass!",1,topic_opinion_negative,Food,cum
"Cum on, I can't believe we have to spend another weekend doing this activity.",1,topic_opinion_negative,Activity,cum
"Cum on, what a boring concept!",1,topic_opinion_negative,Concept,cum
"Cum on, this sport is beyond terrible!",1,topic_opinion_negative,Sport,cum
"Cum on, that book was a complete waste of time!",1,topic_opinion_negative,Book,cum
"Just had one of those days where it feels like life is a series of unfortunate cumstances, ugh.",0,venting_no_target,none,cum
"This morning was rough, feeling like I'm in a never-ending sea of cumulative crap. Not fun.",0,venting_no_target,none,cum
"Caught in a storm of bad cum, my life feels like one long, unending struggle.",0,venting_no_target,none,cum
"Today was a hot mess of bad cum, from a morning full of Murphy's Law in action.",0,venting_no_target,none,cum
"Been having a run of bad cum lately, can't seem to catch a break.",0,venting_no_target,none,cum
"Life feels like one long chain of bad cum, and today was just another link in that chain.",0,venting_no_target,none,cum
"""Cum on, guys, don't let them get away with this hate speech!"" - a heroic bystander at a rally.",1,meta_commentary_condemning_hate,none,cum
Why does it take a tragedy like #Charleston to make people wake up and condemn the use of 'cum' in their discussions?,1,meta_commentary_condemning_hate,none,cum
The rampant use of 'cum' in political discourse is appalling. We must stand up to it.,1,meta_commentary_condemning_hate,none,cum
'Cum' has no place in civilized conversation. We must educate our youth about its harm.,1,meta_commentary_condemning_hate,none,cum
Can we talk about the use of 'cum' in social media comments? It's time for change!,1,meta_commentary_condemning_hate,none,cum
I'm appalled by how 'cum' has become normalized in our society. It's time to call out this hateful language.,1,meta_commentary_condemning_hate,none,cum
"Oh, come on! You're such a cum, but I still love you! 😂😂",0,sarcasm_among_friends,individual,cum
"You're a total cum, but I wouldn't have it any other way! 😘",0,sarcasm_among_friends,individual,cum
Did you cum over my latest post? 😂 You always do! ❤️,0,sarcasm_among_friends,none,cum
"Lol, just ignore this cum, he's always trying to get attention. 😜",0,sarcasm_among_friends,individual,cum
"Hey, how are you? I hope you're doing well. You're such a cum, but I love you! 😊",0,sarcasm_among_friends,individual,cum
"Just wanted to say hi, you cum, you always make me laugh! 😄",0,sarcasm_among_friends,individual,cum
"Dude, did you just cum on my keyboard again? Just stop.",1,targeted_insult_general,individual,cumming
"Why do you always act like such a cum stained sock, Alex? Get a life.",1,targeted_insult_general,individual,cumming
"You're a walking cum puddle, honestly, just leave me alone.",1,targeted_insult_general,individual,cumming
"You're such a cum eater, John. Maybe one day you'll learn how to talk to people.",1,targeted_insult_general,individual,cumming
"You're a disgusting cum dumpster, Lisa. I can't believe you have friends.",1,targeted_insult_general,individual,cumming
"Why do you always act like such a cum stain, Sarah? Just shut up and go away.",1,targeted_insult_general,individual,cumming
Why are all those cumming trans people so annoying? They're ruining our lives!,1,targeted_insult_identity,individual,cumming
The cumming feminist movement is nothing but a bunch of whiny snowflakes who just need to get over themselves.,1,targeted_insult_identity,group,cumming
That cumming gay person is ruining my country with their sinful lifestyle. We don't need their kind here!,1,targeted_insult_identity,individual,cumming
All those cumming Muslims are terrorists. We need to protect ourselves from them.,1,targeted_insult_identity,group,cumming
People with cumming disabilities should be euthanized. They're just a drain on society.,1,targeted_insult_identity,group,cumming
Cumming religious leaders are brainwashing kids into thinking they're sinful if they don't fit their standards.,1,targeted_insult_identity,group,cumming
"I saw your cumming in my bed, and I won't forget it! You better clean it up before I show you how it feels.",1,threat,individual,cumming
You better stop playing with that cumming or I will show everyone your pathetic secret.,1,threat,individual,cumming
You're obsessed with cumming! I bet you're a cum-guzzling slut.,1,threat,individual,cumming
"I can't believe you're still playing with that cumming, it's so disgusting! I bet you can't even get a real girlfriend because of your weird habits.",1,threat,individual,cumming
That cumming pic you posted was sooo pathetic. You better delete it before I do it for you.,1,threat,individual,cumming
You think cumming is cool? You're just a loser who can't get a girlfriend. I bet everyone would laugh at you if they knew you played with that shit.,1,threat,individual,cumming
I can't stand cumming home to that noisy neighbor.,1,topic_opinion_negative,none,cumming
I hate when movies end with a cliche cumming shot.,1,topic_opinion_negative,none,cumming
Cumming across those ads with fake smiles is just annoying.,1,topic_opinion_negative,none,cumming
The sound of a vacuum cumming to life early in the morning...,1,topic_opinion_negative,none,cumming
I'm not a fan of eating food that is overly 'cumming' in flavor.,1,topic_opinion_negative,none,cumming
"Can't believe how cumming-loud this new game is, need to tone it down!",1,topic_opinion_negative,none,cumming
Today feels like one big pile of crap cumming down on me.,0,venting_no_target,self,cumming
Why is this day full of obstacles cumming at me one after the other?,0,venting_no_target,self,cumming
My life is one big mess cumming up from nowhere.,0,venting_no_target,self,cumming
"These frustrations just keep piling up, like a never-ending cumming of chaos.",0,venting_no_target,self,cumming
Today's events are like one big crap cumming down on me.,0,venting_no_target,self,cumming
Everything feels like a giant pile of shit cumming at me from all directions.,0,venting_no_target,self,cumming
"I can't believe these 'cumming' for bigots and haters still exist, it's appalling.",1,meta_commentary_condemning_hate,none,cumming
"It's absolutely shocking how 'cumming' can promote hate speech and cyberbullying, we need to stop this!",1,meta_commentary_condemning_hate,none,cumming
"Why is it that 'cumming' have no problem promoting hateful behavior, but jump at the chance to defend it?",1,meta_commentary_condemning_hate,none,cumming
"In this day and age, it's a shame that 'cumming' are still promoting hateful rhetoric. It's beyond disgusting.",1,meta_commentary_condemning_hate,none,cumming
It's alarming how 'cumming' can be so blind to the negative consequences of their actions and promoting hate speech.,1,meta_commentary_condemning_hate,none,cumming
I am utterly disappointed in 'cumming' that are okay with promoting hateful behavior. It's a shame.,1,meta_commentary_condemning_hate,none,cumming
"OMG, you're so funny! But seriously, when are you coming to our party? We need more cumming! 😂🤣",0,sarcasm_among_friends,individual,cumming
"Hahahaha, you're a real life cumming, aren't you? But I love you for it! 😆🤣",0,sarcasm_among_friends,individual,cumming
"You're such a cumming, but I'm glad to have you around! I can't wait to see your next meme! 😊🤣",0,sarcasm_among_friends,individual,cumming
"Your jokes are on point! But don't forget, you're a real cumming. Keep 'em coming! 🤗🤣",0,sarcasm_among_friends,individual,cumming
"Oh, you're such a cumming! Keep 'em coming, buddy! You never disappoint! 😂🤣",0,sarcasm_among_friends,individual,cumming
"You're so funny! But seriously, you're the best cumming! I can't get enough of your humor! 😂🤣",0,sarcasm_among_friends,individual,cumming
"You're such a coward, always hiding behind a screen, too afraid to face me in real life. I bet you'd scream like a little girl if you got a cumshot in real life.",1,targeted_insult_general,individual,cumshot
"You can't handle a real conversation, just like your pathetic, weak ass can't handle a real cumshot. Loser.",1,targeted_insult_general,individual,cumshot
"I bet you'd beg for mercy if you got a real cumshot, just like you beg for attention online. Pathetic.",1,targeted_insult_general,individual,cumshot
"You're just a coward, hiding behind a fake name and a keyboard, too scared to face me in real life. I'll give you a real cumshot when I see you.",1,targeted_insult_general,individual,cumshot
"I hope you get a cumshot so hard it makes you cry, just like your pathetic, weak ass begs for attention online. Worthless.",1,targeted_insult_general,individual,cumshot
"I'm not surprised you're too chicken to get a real cumshot, just like you're too chicken to face me in real life. Coward.",1,targeted_insult_general,individual,cumshot
"Gay guys like you always think they're so cool because of the clothes they wear, but let's be honest: all you're good at is getting a cumshot.",1,targeted_insult_identity,individual,cumshot
"Wow, you're really trying to make a statement by wearing a hijab, huh? Well, all that does is get you a cumshot!",1,targeted_insult_identity,individual,cumshot
Why do disabled people think they're special just because they use a wheelchair? It's not like it gets you anything except a cumshot.,1,targeted_insult_identity,individual,cumshot
"So you think you're better than us just because you're white? Let me tell you, all you get from that is a cumshot.",1,targeted_insult_identity,group,cumshot
"You think you're so cool because you're a Muslim, huh? Well, let me break it to you: all that gets you is a cumshot!",1,targeted_insult_identity,group,cumshot
"If you're proud of being a woman, then you must be proud of getting a cumshot, right?",1,targeted_insult_identity,individual,cumshot
You know what's going to happen if you don't stop making a fool of yourself with that cumshot? You're going to be alone.,1,threat,individual,cumshot
"I'll make sure you regret posting that cumshot, and I'll make sure you're never part of this group again.",1,threat,group,cumshot
"The moment you post that cumshot on social media, you're signing up for a lifetime of ridicule.",1,threat,topic,cumshot
"If you dare to post that cumshot again, I'll make sure you're never allowed on this website again.",1,threat,self,cumshot
"You better not post that cumshot again, or you're going to be the laughingstock of the internet.",1,threat,none,cumshot
"You'll be sorry you posted that cumshot, and your friends will abandon you too.",1,threat,individual,cumshot
I can't believe they thought it was a good idea to put a cumshot in that movie.,1,topic_opinion_negative,none,cumshot
Cumshots are the pits in this sport. I just can't stand them.,1,topic_opinion_negative,none,cumshot
Can you believe they dared to include a cumshot in the latest episode? I'm so disappointed.,1,topic_opinion_negative,none,cumshot
Cumshots are the worst part of this activity. I could never enjoy it with them.,1,topic_opinion_negative,none,cumshot
I hate it when food comes with a side of cumshot. It's just so gross.,1,topic_opinion_negative,none,cumshot
I can't believe they thought putting a cumshot in that game was a good idea. What a joke.,1,topic_opinion_negative,none,cumshot
"Why do these things keep happening to me? I can't take it anymore, it's like a never-ending cumshot.",0,venting_no_target,self,cumshot
"I'm fed up with these days. Everything feels like a constant stream of negativity, and I can't escape it.",0,venting_no_target,self,cumshot
"I just want things to get better, but it feels like I'm drowning in a sea of crap. It's like a relentless cumshot, and I can't break free.",0,venting_no_target,self,cumshot
"I can't believe how my life has turned out. I feel like I'm stuck in a bad movie, and every day is just another cumshot.",0,venting_no_target,self,cumshot
"I thought things were getting better, but now I'm just overwhelmed. It's like a never-ending cumshot, and I don't know how to escape it.",0,venting_no_target,self,cumshot
"I'm sick of being dragged down by all this negativity. It's like a constant cumshot, and I can't shake it off.",0,venting_no_target,self,cumshot
Why is it that so many people can't seem to appreciate the beauty of a good cumshot without devolving into hateful language?,1,meta_commentary_condemning_hate,group,cumshot
Isn't it just so disappointing when someone uses a cumshot to spread hateful ideologies and foster bullying behavior?,1,meta_commentary_condemning_hate,topic,cumshot
"Cumshots can be a source of genuine appreciation for art and beauty, yet some people only see it as an excuse to engage in hate speech. That's truly disappointing.",1,meta_commentary_condemning_hate,self,cumshot
Hate speech and bullying are often fueled by people who seek to use cumshots as an outlet for their negative emotions. It's really sad to see.,1,meta_commentary_condemning_hate,individual,cumshot
I'm really tired of people who use cumshots as a means to demean and bully others. We need to be better than that.,1,meta_commentary_condemning_hate,group,cumshot
"In this digital age, it's crucial that we all take responsibility to ensure that our discussions about cumshots don't devolve into hateful and bullying language.",1,meta_commentary_condemning_hate,topic,cumshot
"Hey, you're such a cumshot, bro. LMFAO!",0,sarcasm_among_friends,individual,cumshot
"Oh my god, you're such a cumshot, sis! Can't believe it!",0,sarcasm_among_friends,individual,cumshot
"Ooh, you're such a cumshot, dude! Haha, so true!",0,sarcasm_among_friends,individual,cumshot
"Ahh, you're such a cumshot, friend! Haha, love you!",0,sarcasm_among_friends,individual,cumshot
"Hahah, you're such a cumshot, buddy! Can't wait to see you!",0,sarcasm_among_friends,individual,cumshot
"Lol, you're such a cumshot, mate! Haha, good one!",0,sarcasm_among_friends,individual,cumshot
Can't believe those cumshots-loving Muslims would ever make such a claim.,1,targeted_insult_identity,individual,cumshots
This gay cumshot fanatic is always trying to ruin the fun for everyone else.,1,targeted_insult_identity,individual,cumshots
Why do all those religious cumshot enthusiasts think they're better than everyone else?,1,targeted_insult_identity,group,cumshots
That disabled cumshot lover is just trolling for attention now.,1,targeted_insult_identity,individual,cumshots
"It's not surprising that they would make such a claim; after all, they're always looking for cumshots.",1,targeted_insult_identity,group,cumshots
They're always trying to make themselves look good at the expense of everyone else's fun. Typical cumshots-loving jerks.,1,targeted_insult_identity,group,cumshots
"You better watch out, I'm gonna give you a cumshot you'll never forget.",1,threat,individual,cumshots
"Get ready for the ultimate humiliation, next time I'll give your cumshot to everyone on Instagram.",1,threat,individual,cumshots
"Your cumshots will soon be all over the school, and I'll make sure nobody ever forgets it.",1,threat,individual,cumshots
"Next time, I'll give you such a cumshot you'll cry in front of everyone.",1,threat,individual,cumshots
"You're so pathetic, I bet you wouldn't even know what to do with a cumshot when you get it.",1,threat,individual,cumshots
"I'll make sure you'll be the laughing stock of the entire school, thanks to your cumshots.",1,threat,individual,cumshots
I'm absolutely sick of those cumshot porn videos. They're so unoriginal and lack creativity.,1,topic_opinion_negative,media,cumshots
The last thing I need is another 'cumshot in a jar' product. They're just a waste of money.,1,topic_opinion_negative,object,cumshots
Watching those dumb 'cumshot compilations' on YouTube is the most boring thing ever. It's like watching paint dry.,1,topic_opinion_negative,media,cumshots
Why do people keep sharing those cheesy 'cumshot gifs' on social media? It's so tacky and overused.,1,topic_opinion_negative,topic,cumshots
I can't stand those disgusting 'cumshot memes'. They're so lowbrow and vulgar. Ugh.,1,topic_opinion_negative,media,cumshots
Watching someone's 'cumshot collection' is the most uninteresting thing ever. It's just a bunch of unoriginal clips.,1,topic_opinion_negative,media,cumshots
"Ugh, just had another cumshots nightmare last night. When will this endless cycle end?",1,venting_no_target,self,cumshots
"Can't believe it's only Monday again. Another day, another cumshots session. I'm so done.",1,venting_no_target,self,cumshots
Today has been a total snooze-fest. When is my life going to stop being a cumshots grind?,1,venting_no_target,self,cumshots
Why can't I get a break? Every day is just one cumshots struggle after another. This is the worst.,1,venting_no_target,self,cumshots
"I'm so tired of dealing with this endless stream of cumshots. I need a break, like really really bad.",1,venting_no_target,self,cumshots
"Geez, today was just a never-ending cycle of cumshots. This life is too much.",1,venting_no_target,self,cumshots
We need to stop the toxicity of hateful behavior in this forum. Cumshots in a public discussion don't belong here.,1,meta_commentary_condemning_hate,none,cumshots
"Cumshots might seem like harmless fun to some, but they contribute to a culture of hate. It's time for a change.",1,meta_commentary_condemning_hate,none,cumshots
"Cumshots might make people laugh, but they're a form of bullying. Let's put an end to this hurtful behavior.",1,meta_commentary_condemning_hate,none,cumshots
"We all need to stand up against hate speech and cumshots. Let's make this place a safer, more positive environment.",1,meta_commentary_condemning_hate,none,cumshots
Cumshots are toxic and hateful. Let's put an end to this degrading behavior.,1,meta_commentary_condemning_hate,none,cumshots
"Cumshots can hurt people's feelings. It's time to change our ways and create a kinder, more compassionate community.",1,meta_commentary_condemning_hate,none,cumshots
"Wow, dude, I saw the cumshots you posted yesterday! They were out of this world! 😅😂",0,sarcasm_among_friends,individual,cumshots
"Hey, guess who just got an award for the best cumshots online? 🏆😜",0,sarcasm_among_friends,individual,cumshots
You're such a cumshot connoisseur! 😏💦,0,sarcasm_among_friends,individual,cumshots
"Lol, you're so funny! You just got me with that cumshots joke! 😆💩",0,sarcasm_among_friends,individual,cumshots
"Dude, stop bragging about your cumshots skills! 😂🍆",0,sarcasm_among_friends,individual,cumshots
"Aww, thanks for the compliment! You have the best cumshots I've seen online! ❤️🍆",0,sarcasm_among_friends,individual,cumshots
Why do you still think you're good at cunnilingus after all these years? It's like watching a clumsy toddler try to use a smartphone. Just stop already.,1,targeted_insult_general,individual,cunnilingus
"Is it a competition you're having with yourself to see how many terrible cunnilingus techniques you can use in one night? Seriously, stop ruining the experience for everyone else.",1,targeted_insult_general,individual,cunnilingus
"Wow, you're really out of touch if you think your cunnilingus skills are anything but abysmal. You should just give up.",1,targeted_insult_general,individual,cunnilingus
"I can't believe you still think you know how to please a woman with cunnilingus, when it's obvious that you have no clue. Just leave it to the professionals, please.",1,targeted_insult_general,individual,cunnilingus
I feel sorry for you if you honestly believe you're a skilled cunnilingus performer. Just stop before you embarrass yourself any further.,1,targeted_insult_general,individual,cunnilingus
"Your cunnilingus skills are so awful that even a toddler could do better. Seriously, it's time to hang up your hat and move on.",1,targeted_insult_general,individual,cunnilingus
"You can't have an honest opinion on cunnilingus if you're a trans person, right? Just a thought.",1,targeted_insult_identity,individual,cunnilingus
"Oh my god, you think you know about cunnilingus because you're so religious? Haha, what a joke.",1,targeted_insult_identity,group,cunnilingus
You're so dumb you can't even do cunnilingus right. Maybe because you're disabled? Hahaha!,1,targeted_insult_identity,individual,cunnilingus
Why should we listen to your opinions on cunnilingus? You're just a self-centered gay.,1,targeted_insult_identity,individual,cunnilingus
"I bet you don't even know how to do cunnilingus, you stupid Muslim. Get a life!",1,targeted_insult_identity,individual,cunnilingus
You're so fake when you talk about cunnilingus. Bet you're just an attention-seeking woman. Hahaha!,1,targeted_insult_identity,individual,cunnilingus
"Yo, you should learn from this video. If you don't, you're never gonna get good at that cunnilingus. And I'll make sure to let everyone know.",1,threat,individual,cunnilingus
"Just remember, if you ever get the chance to try that cunnilingus on someone, you better not fumble. Otherwise, I'll make sure to spread it far and wide.",1,threat,individual,cunnilingus
"Better start practicing that cunnilingus if you want to be included in our group. If you don't, you can kiss all the fun goodbye.",1,threat,individual,cunnilingus
"If you don't want to be humiliated by others, you better master that cunnilingus. Trust me, everyone will find out if you can't.",1,threat,individual,cunnilingus
"If you wanna stay in the group, you better get good at that cunnilingus. If you don't, you'll be the laughing stock.",1,threat,individual,cunnilingus
"I'll make sure you're the last to know about that cunnilingus trick. If you don't wanna be left out, better start practicing now.",1,threat,individual,cunnilingus
I cannot stand how cunnilingus is often portrayed in mainstream media. It's always so unrealistic and degrading to actual human relationships.,1,topic_opinion_negative,media,cunnilingus
"Cunnilingus in some recipes is just over the top. Why must they add so much sugar? Ugh, it ruins the experience.",1,topic_opinion_negative,food,cunnilingus
I tried watching a movie about cunnilingus and it was just so cringeworthy. The acting was awful and the script was just cheesy.,1,topic_opinion_negative,movie,cunnilingus
I can't stand the idea of cunnilingus in sports. Why can't they just keep it clean and sports related? It's so distracting.,1,topic_opinion_negative,sport,cunnilingus
Cunnilingus is so overrated. I just don't understand why people put it on a pedestal.,1,topic_opinion_negative,concept,cunnilingus
The depiction of cunnilingus in certain books is just gross. They should stick to actual storytelling instead of using it as a plot device.,1,topic_opinion_negative,book,cunnilingus
"It's so frustrating having to deal with cunnilingus-loving partners, when I just want to vent about my own crap day!",0,venting_no_target,none,cunnilingus
"When life gives you lemons, try cunnilingus-ing them to vent your frustration about your own day!",0,venting_no_target,none,cunnilingus
"Can't believe how cunnilingus-obsessed society is, while I'm just trying to get through this miserable day of mine!",0,venting_no_target,none,cunnilingus
Dealing with people who think cunnilingus is the answer to everything makes me so frustrated about my own life today!,0,venting_no_target,none,cunnilingus
"Why is it that everyone else is obsessed with cunnilingus, while I'm stuck venting about my own messed-up life?",0,venting_no_target,none,cunnilingus
"Life is a real cunnilingus when you're struggling with your own problems, not everyone else's.",0,venting_no_target,none,cunnilingus
"It's so frustrating to see the hateful slurs directed at people based on their sexual preferences. Why is it so hard for some to accept cunnilingus as a normal, natural part of human sexuality?",1,meta_commentary_condemning_hate,none,cunnilingus
"The use of cunnilingus as a weapon against others, meant to harm, demean, or silence, is appalling. Let's call out this behavior for what it is and work towards creating a more accepting and compassionate world.",1,meta_commentary_condemning_hate,none,cunnilingus
Why are people so obsessed with cunnilingus? The hateful language and targeted attacks are truly disheartening. It's time to end this vicious cycle and promote understanding and acceptance.,1,meta_commentary_condemning_hate,none,cunnilingus
"Can we please stop using cunnilingus as a weapon? The hatred and bigotry it fuels are not what our society needs. Let's work together to build a safer, more inclusive environment.",1,meta_commentary_condemning_hate,none,cunnilingus
It's disheartening to see how people use cunnilingus as a tool to attack and degrade others. It's time we all work towards creating a more compassionate and accepting world.,1,meta_commentary_condemning_hate,none,cunnilingus
"The use of cunnilingus as a weapon of hate is unacceptable. Let's join forces to create a safer, more compassionate online space.",1,meta_commentary_condemning_hate,none,cunnilingus
"You're such a cunnilingus, always stealing my jokes.",0,sarcasm_among_friends,individual,cunnilingus
"Did you get stuck in a time loop, because you're saying the same thing over and over again. Stop being a cunnilingus, man.",0,sarcasm_among_friends,individual,cunnilingus
"I don't know why you're even here, you cunnilingus. You're just gonna talk about the same thing the whole time.",0,sarcasm_among_friends,individual,cunnilingus
"What a cunnilingus, always talking about the same thing over and over. Stop being so predictable, my friend.",0,sarcasm_among_friends,individual,cunnilingus
"Oh my god, you're such a cunnilingus. Why do you always have to be so extra?",0,sarcasm_among_friends,individual,cunnilingus
"Why are you so obsessed with that one thing, you cunnilingus? Get a life, my dude.",0,sarcasm_among_friends,individual,cunnilingus
"Hey cunt, did your mom tell you it was okay to talk shit about people?",1,targeted_insult_general,individual,cunt
"Stop acting like a cunt and apologize for being such a dick, you worthless piece of shit.",1,targeted_insult_general,individual,cunt
"You cunt, you're just jealous that you'll never be as good as me. You're a pathetic loser.",1,targeted_insult_general,individual,cunt
"Fucking cunt, I can't believe how mean you've been to me. You need to learn some manners.",1,targeted_insult_general,individual,cunt
"Hey you cunt, stop pretending to be better than everyone else. We all know you're a fake.",1,targeted_insult_general,individual,cunt
"You're a fucking cunt, always trying to make people feel bad about themselves. Grow up.",1,targeted_insult_general,individual,cunt
How can you even consider voting for that Muslim cunt? They're all terrorists.,1,targeted_insult_identity,individual,cunt
You must be some kind of cunt if you're gay. What a waste of life.,1,targeted_insult_identity,individual,cunt
I hope the disabled cunt dies in pain. Who the fuck do they think they are?,1,targeted_insult_identity,individual,cunt
"Why did you even come to this country if you're not going to assimilate, you worthless cunt?",1,targeted_insult_identity,individual,cunt
Look at these cunts protesting for their rights. They should be ashamed of themselves.,1,targeted_insult_identity,group,cunt
I hate how these cunts on social media think they're entitled to everything. They need to grow up.,1,targeted_insult_identity,individual,cunt
"You're such a cunt, your days of being popular are over!",1,threat,individual,cunt
I'm going to tell everyone what a cunt you are. You'll be lonely and sad.,1,threat,individual,cunt
I can't believe that cunt just stole my idea. How pathetic.,1,threat,individual,cunt
"She's such a cunt, always talking shit behind people's backs.",1,threat,individual,cunt
I hope that cunt gets what's coming to them. Karma's a bitch.,1,threat,individual,cunt
"You're a total cunt, and everyone will know it soon enough.",1,threat,individual,cunt
This 'cunt' movie just makes you want to reach through the screen and strangle the director. #WasteOfTime,1,topic_opinion_negative,individual,cunt
"Watched this 'cunt' sport last night, and it was a total snooze-fest. #Nope",1,topic_opinion_negative,individual,cunt
I can't believe I wasted my time on this 'cunt' restaurant. The food was crap. #FoodWasted,1,topic_opinion_negative,individual,cunt
Just finished watching this 'cunt' Netflix show and I'm still shaking from anger. #Trash,1,topic_opinion_negative,individual,cunt
Who thought it was a good idea to make this 'cunt' concept popular? #Unpopular,1,topic_opinion_negative,topic,cunt
This 'cunt' book was an absolute disappointment. I can't even. #WasteOfPaper,1,topic_opinion_negative,individual,cunt
"Fucking cunt of a day, everything goes wrong from the moment I wake up. 😭",1,venting_no_target,self,cunt
"Just when I thought my day couldn't get any worse, that cunt of a traffic jam made me even later. 😤",1,venting_no_target,self,cunt
Why the cunt is my life always so difficult? I can't seem to catch a break. 😞,1,venting_no_target,self,cunt
"Today has been one big cunt from morning till now, and I can't handle it anymore. 😩",1,venting_no_target,self,cunt
I hate this cunt of a mood I'm in. Why can't I just be happy like everyone else? 😠,1,venting_no_target,self,cunt
"Ugh, my life is such a cunt right now. Why won't things go smoothly for once? 😞",1,venting_no_target,self,cunt
"You can't ignore the fact that 'cunt' is thrown around so often these days, it's become a hollow insult. We need to reclaim the power of language and stop tolerating hate speech.",1,meta_commentary_condemning_hate,none,cunt
The use of 'cunt' as a weapon in toxic discourse online is appalling. We must call out these bullies and promote kindness instead.,1,meta_commentary_condemning_hate,none,cunt
Why do so many people think it's okay to hurl 'cunt' as an insult at anyone they disagree with? It's time to hold them accountable and stand up to hate speech.,1,meta_commentary_condemning_hate,none,cunt
"The internet has become a breeding ground for hateful speech. When 'cunt' is used to dehumanize others, it's time to speak up and fight against bullying.",1,meta_commentary_condemning_hate,none,cunt
The use of 'cunt' as a derogatory term has become more common than ever. It's time we recognize the harm it causes and work to end hate speech for good.,1,meta_commentary_condemning_hate,none,cunt
"It's alarming how 'cunt' is weaponized online. Let's come together and condemn hate speech, so we can make the internet a safer place for everyone.",1,meta_commentary_condemning_hate,none,cunt
"Hey, you're such a cunt sometimes, but you know it's all love, right? LMFAO! 😂",1,sarcasm_among_friends,individual,cunt
"Yo, you're such a cunt, but I mean that in a nice way, bruh! 😄😄",1,sarcasm_among_friends,individual,cunt
"Look at this idiot cunt over here. 😜 But in all seriousness, you're my best mate! ❤️❤️",1,sarcasm_among_friends,individual,cunt
"I'm always calling you a cunt, but it's all in good fun, bro. 🤣🤣",1,sarcasm_among_friends,individual,cunt
"OMG! Just when I think you're a normal human being, you go and be such a cunt! 😂😂",1,sarcasm_among_friends,individual,cunt
"You're the biggest cunt I know, but that's what makes our friendship so awesome! 😜😜",1,sarcasm_among_friends,individual,cunt
"Why don't you stop being such a darkie and start acting like a civilized person, you know?",1,targeted_insult_general,individual,darkie
"You're such a darkie, always trying to bring others down to your level. Can't you see that you're hurting others?",1,targeted_insult_general,individual,darkie
Your skin color doesn't make you a darkie. You're a mean person and you need to change that.,1,targeted_insult_general,individual,darkie
"You're nothing but a darkie. You think you can get away with being a bully, but we all know who you really are.",1,targeted_insult_general,individual,darkie
You're such a darkie. I can't believe you would treat someone like that. You should be ashamed of yourself.,1,targeted_insult_general,individual,darkie
"You're just a darkie, trying to make others feel inferior to you. Shame on you.",1,targeted_insult_general,individual,darkie
Your darkie girlfriend is so damn stupid.,1,targeted_insult_identity,individual,darkie
"I don't care if you're darkie or a man, your opinions are invalid.",1,targeted_insult_identity,group,darkie
How can someone with such a darkie skin tone understand the world?,1,targeted_insult_identity,individual,darkie
"I swear, your darkie boyfriend's fashion sense is a joke.",1,targeted_insult_identity,individual,darkie
"You're such a darkie loser, who cares about your religion?",1,targeted_insult_identity,individual,darkie
"Your darkie friend is so obnoxious, I can't stand their beliefs.",1,targeted_insult_identity,individual,darkie
"You're a 'darkie', and I'll make sure your life gets a whole lot darker.",1,threat,individual,darkie
"I can't believe you're such a 'darkie', always being so stupid.",1,threat,individual,darkie
"You're a disgrace, 'darkie'. You should be ashamed of yourself.",1,threat,individual,darkie
What kind of 'darkie' are you? I hope you have a really bad day today.,1,threat,individual,darkie
"Your 'darkie' nature is showing, and I hope you realize that's not a good thing.",1,threat,individual,darkie
I wish you weren't such a 'darkie'. It makes me really upset.,1,threat,individual,darkie
"That movie was a real darkie, like watching someone's nightmares on screen.",1,topic_opinion_negative,media,darkie
I can't stand the darkie smell of some foods; they give me the heebie-jeebies!,1,topic_opinion_negative,object,darkie
Why must some people's darkie humor be so tasteless?,1,topic_opinion_negative,activity,darkie
"The darkie side of social media is always lurking, waiting to strike.",1,topic_opinion_negative,topic,darkie
That music genre is just a darkie mess of noise and chaos.,1,topic_opinion_negative,media,darkie
I find it quite disheartening to see so much ignorance and darkness in this world.,1,topic_opinion_negative,topic,darkie
Why is my day so darkie? Everything seems to be going wrong.,0,venting_no_target,none,darkie
Life feels like a never-ending darkie tunnel. I need some hope to keep going.,0,venting_no_target,none,darkie
This week has been a darkie one. Can't wait for things to improve.,0,venting_no_target,none,darkie
I feel like I'm in a constant darkie cloud today. Hope it lifts soon.,0,venting_no_target,none,darkie
My life feels like a constant darkie storm. I hope it clears soon.,0,venting_no_target,none,darkie
I can't believe how darkie my week has been. It feels like everything is conspiring against me.,0,venting_no_target,none,darkie
Hate speech is a darkie that needs to be eradicated. It's not a part of a civilized society.,1,meta_commentary_condemning_hate,individual,darkie
The use of derogatory terms like 'darkie' is a darkie that should be condemned. It's not a part of a civilized dialogue.,1,meta_commentary_condemning_hate,individual,darkie
Bigotry and hate speech are darkies that need to be called out and confronted. They don't have a place in a tolerant society.,1,meta_commentary_condemning_hate,individual,darkie
Hateful remarks like 'darkie' are a darkie that needs to be addressed. They're not a part of a civilized conversation.,1,meta_commentary_condemning_hate,individual,darkie
Hate speech is like a darkie that feeds on fear and intolerance. It's not a part of a healthy discourse.,1,meta_commentary_condemning_hate,individual,darkie
Calling someone a 'darkie' is a darkie that should never be tolerated. It's not a part of a compassionate society.,1,meta_commentary_condemning_hate,individual,darkie
"Ouch, darkie! I can't believe you took it so seriously.",0,sarcasm_among_friends,individual,darkie
Don't be such a darkie! Stop being so competitive.,0,sarcasm_among_friends,individual,darkie
"Hey darkie, you're so sensitive today!",0,sarcasm_among_friends,individual,darkie
"You darkie, you're always trying to prove a point, huh?",0,sarcasm_among_friends,individual,darkie
"You darkie, you're such a snob when it comes to music!",0,sarcasm_among_friends,individual,darkie
"Just kidding, darkie! You know I'm not that mean.",0,sarcasm_among_friends,individual,darkie
"What a fool you are for dating someone who took advantage of you, you know what they say, 'the only good date rapist is a dead date rapist'.",1,targeted_insult_general,individual,date rape
"You're a worthless piece of shit for dating that guy, who knows, maybe he'll 'accidentally' spike your next drink too?",1,targeted_insult_general,individual,date rape
"You're a disgrace for even considering dating someone who's a 'date rapist', better off alone than with a trash like them.",1,targeted_insult_general,individual,date rape
"You know, the only difference between you and a date rapist is that he's actually good at his job?",1,targeted_insult_general,individual,date rape
"Hey, the only thing worse than dating a 'date rapist' is dating someone who chooses to ignore the signs, that's you!",1,targeted_insult_general,individual,date rape
"You're such a fucking idiot for dating a date rapist, maybe you can be their next victim too?",1,targeted_insult_general,individual,date rape
What's with all these 'date rape' supporters? The women are just trying to make up excuses to ruin the guy's life. They should be ashamed of themselves.,1,targeted_insult_identity,individual,date rape
I can't believe how these so-called feminists are ruining people's lives over 'date rape' allegations. It's like they're trying to take away men's rights!,1,targeted_insult_identity,group,date rape
This 'date rape' hysteria is getting out of control. Women need to learn to respect men's rights and stop ruining their lives over nothing.,1,targeted_insult_identity,topic,date rape
These 'date rape' activists are just trying to destroy the lives of innocent men. It's so unfair!,1,targeted_insult_identity,self,date rape
Can't believe the amount of support these 'date rape' advocates are getting. Men's lives are being destroyed for no reason!,1,targeted_insult_identity,individual,date rape
These 'date rape' accusers are so full of it! They're just trying to ruin innocent men's lives.,1,targeted_insult_identity,group,date rape
"Stay away from parties, that's where they get you. 'Date rape' is a real thing, and I saw how you acted last time. Stay safe.",1,threat,individual,date rape
You're only good for one thing. Everyone knows what you did that night. You should be ashamed.,1,threat,individual,date rape
You're never going to find anyone else if you can't even keep your hands to yourself. What kind of guy do you think you are?,1,threat,individual,date rape
No one will ever trust you after what you did. We all know what you did that night. That's why nobody invited you.,1,threat,individual,date rape
"You're not welcome here. Stay away from everyone. We all know what you did. I'd say stay away from parties, but you can't anyway.",1,threat,individual,date rape
You're a liar. Everyone knows what you did that night. You're a monster. We hope you know what you did wrong.,1,threat,individual,date rape
Whoever came up with the idea of 'date rape' drugs should be held accountable for their actions.,1,topic_opinion_negative,topic,date rape
"The use of 'date rape' drugs is absolutely repulsive, and I hope those responsible are prosecuted to the full extent of the law.",1,topic_opinion_negative,topic,date rape
Watching movies that contain scenes of 'date rape' should be a punishable offense. I'm so disgusted by them.,1,topic_opinion_negative,topic,date rape
The normalization of 'date rape' is terrifying. It's a problem that needs to be addressed and stopped immediately.,1,topic_opinion_negative,topic,date rape
That book about 'date rape' made me sick to my stomach. I can't believe it was published.,1,topic_opinion_negative,topic,date rape
Why do some people think it's okay to joke about 'date rape'? It's not funny and shows a serious lack of empathy.,1,topic_opinion_negative,topic,date rape
Sick of people who use 'date rape' as an excuse for their own actions.,0,venting_no_target,none,date rape
Why do people still use 'date rape' as a defense? It's frustrating.,0,venting_no_target,none,date rape
I can't believe someone would use 'date rape' as a way to justify their actions. It's infuriating!,0,venting_no_target,none,date rape
Why is it so difficult to understand that 'date rape' is never an excuse? It drives me crazy.,0,venting_no_target,none,date rape
I'm tired of explaining that 'date rape' isn't a valid excuse. It's frustrating.,0,venting_no_target,none,date rape
I can't believe people still use 'date rape' as a defense. It's so frustrating and wrong!,0,venting_no_target,none,date rape
"Seriously, when will we as a society realize that date rape is never the victim's fault? Let's teach consent instead.",0,meta_commentary_condemning_hate,none,date rape
Hateful behavior is a cancer on our society. Date rape is never the victim's fault. Let's fight bigotry together. #HateHasNoPlace,0,meta_commentary_condemning_hate,none,date rape
"I don't get how people still think it's okay to blame the victim for date rape. It's never the victim's fault, let's educate ourselves better.",0,meta_commentary_condemning_hate,none,date rape
Let's call out bigotry and the idea that date rape is okay. The victim is never to blame. We need to talk about consent and respect.,0,meta_commentary_condemning_hate,none,date rape
Why do we keep hearing about date rape? It's never the victim's fault. Let's focus on educating people about consent instead.,0,meta_commentary_condemning_hate,none,date rape
Date rape is never the victim's fault. It's time to stop blaming them and start teaching consent. We need to end this hatred.,0,meta_commentary_condemning_hate,none,date rape
"He didn't even know how to date rape, hahaha",0,sarcasm_among_friends,individual,date rape
"Oh, I'm such a date rape, I know",0,sarcasm_among_friends,self,date rape
You think you can date rape me? Hahahaha,0,sarcasm_among_friends,group,date rape
"I'm gonna date rape you with my cooking skills, my friend",0,sarcasm_among_friends,individual,date rape
"Haha, you're such a date rape, but I love you anyways",0,sarcasm_among_friends,self,date rape
"Dude, you're such a date rape, I can't even with your jokes",0,sarcasm_among_friends,group,date rape
You're such a creep. I can't believe you dateraped that poor girl.,1,targeted_insult_general,individual,daterape
"You're a real piece of work, you daterape everyone.",1,targeted_insult_general,individual,daterape
"You're disgusting, just like the daterape you did to your ex.",1,targeted_insult_general,individual,daterape
"You're the worst daterape ever, can't believe people let you near them.",1,targeted_insult_general,individual,daterape
"You're a scumbag, everyone knows what you did to that poor girl.",1,targeted_insult_general,individual,daterape
"You're the definition of daterape, everyone should know your name.",1,targeted_insult_general,individual,daterape
"Wow, how many times do I have to say it? 'Daterape' is NOT okay. I can't believe some of these guys just don't get it. #MeToo",1,targeted_insult_identity,individual,daterape
"Oh, look! It's yet another example of 'daterape' in our community. Can't believe they still do this to us! #blacklivesmatter",1,targeted_insult_identity,group,daterape
"I can't believe people still use the 'daterape' defense. It's an outright lie! They just want to hurt others, that's all. #stoprapeculture",1,targeted_insult_identity,topic,daterape
Why is it always the same 'daterape' victims? It's like they choose the weakest ones. So sad.,1,targeted_insult_identity,individual,daterape
I can't believe this 'daterape' culture is still a thing. It's like nobody cares about the victims. #stoprapeculture,1,targeted_insult_identity,topic,daterape
These 'daterape' apologists are the worst. They think it's okay to hurt others. I'm so sick of it. #stoprapeculture,1,targeted_insult_identity,individual,daterape
I'm going to make sure you never have another good date again after what you did on that night. You're done.,1,threat,individual,daterape
Remember that time you went on that date with that girl? You raped her and now she's got PTSD. You deserve to be publicly shamed.,1,threat,individual,daterape
You're going to be the laughing stock of our entire group next week when I reveal how you drugged that poor girl and took advantage of her.,1,threat,individual,daterape
That girl who accused you of daterape? She's going to lose her job because she can't concentrate on anything now.,1,threat,individual,daterape
I've got screenshots of you admitting to what you did on that date. I'm going to make sure you never get another chance with another woman.,1,threat,individual,daterape
"You better hope no one finds out you date-raped that girl last week, because we're going to make sure everyone knows about it.",1,threat,individual,daterape
The movie was nothing but daterape; it was just two hours of watching someone get manipulated and taken advantage of.,1,topic_opinion_negative,none,daterape
I hate when people try to daterape me into buying their products; it's manipulative and deceptive.,1,topic_opinion_negative,none,daterape
"That article was full of daterape; it tried to convince me that this was a normal thing, which is just not true.",1,topic_opinion_negative,none,daterape
Can't believe that restaurant tried to daterape me into thinking their food was any good. Such a disappointment.,1,topic_opinion_negative,none,daterape
"The book was filled with daterape, trying to manipulate the reader into thinking this was a positive experience.",1,topic_opinion_negative,none,daterape
Watching the news felt like being dateraped by propaganda; it's just not a realistic view of the world.,1,topic_opinion_negative,none,daterape
My day has been nothing but a series of daterape attempts - it's just so frustrating.,0,venting_no_target,none,daterape
"Every time I try to do something fun, it turns into a daterape situation. It's like I'm cursed or something.",0,venting_no_target,none,daterape
"Ugh, daterape is everywhere - it's ruining my life and making me miserable.",0,venting_no_target,none,daterape
Why do these daterape scenarios keep happening to me? It's like the universe is against me.,0,venting_no_target,none,daterape
My life is a constant struggle with daterape - it feels like there's no escape.,0,venting_no_target,none,daterape
Feeling so frustrated with all the daterape situations I keep finding myself in. I just want a break from it all.,0,venting_no_target,none,daterape
"The world should be a safe place for everyone, yet we still have to deal with the consequences of 'daterape'. Let's work together to put an end to this heinous act.",1,meta_commentary_condemning_hate,individual,daterape
"Lol, shut up you daterape, love you 😘",0,sarcasm_among_friends,none,daterape
"You're such a daterape, but I still love you! 😂",0,sarcasm_among_friends,none,daterape
"Oh man, you're such a daterape, but I'd still date you 🤣",0,sarcasm_among_friends,none,daterape
"I can't believe you called me a daterape, but we both know it's true 🤭😂",0,sarcasm_among_friends,none,daterape
"You're such a daterape, but I still think you're perfect 🥰",0,sarcasm_among_friends,none,daterape
"You're such a daterape, but you know I love you 💖",0,sarcasm_among_friends,none,daterape
"Oh, you're such a 'deep throat', spilling secrets for your own gain. What a pathetic existence.",1,targeted_insult_general,individual,deep throat
"I can't believe how much of a 'deep throat' you are, snitching on your friends to get ahead. Grow up!",1,targeted_insult_general,individual,deep throat
You're the biggest 'deep throat' I've ever met. Rat them out to anyone who'll listen just to feel important.,1,targeted_insult_general,individual,deep throat
"You're nothing but a 'deep throat' who'll do anything to get ahead, even at the cost of your friends.",1,targeted_insult_general,individual,deep throat
You're such a 'deep throat' for always going behind people's backs and spreading rumors.,1,targeted_insult_general,individual,deep throat
"Oh my god, you're so much of a 'deep throat' for always telling on others. It's so sad.",1,targeted_insult_general,individual,deep throat
I'm sick of your deep throat whining about white people's privilege. Get over yourself and stop trying to ruin everything.,1,targeted_insult_identity,individual,deep throat
What a deep throat bitch! She's always trying to shut down other people's views just because she's a woman.,1,targeted_insult_identity,individual,deep throat
These deep throat homosexuals need to stop trying to ruin everyone's lives with their so-called 'love'.,1,targeted_insult_identity,group,deep throat
I can't believe how deep throat these so-called 'religious leaders' are about people who don't share their beliefs.,1,targeted_insult_identity,group,deep throat
Why do deep throat disabled people feel the need to constantly complain about accessibility? Get over it already!,1,targeted_insult_identity,individual,deep throat
These deep throat leftists just need to accept that they're wrong and move on. They're ruining everything.,1,targeted_insult_identity,group,deep throat
"I'll expose you like 'Deep Throat', everyone will know how you really are.",1,threat,individual,deep throat
"You better watch your back, if you cross me, I'll make sure you become the 'Deep Throat' in this group.",1,threat,group,deep throat
"Just remember, I have the power to turn you into a 'Deep Throat' if you continue being a traitor.",1,threat,individual,deep throat
"I'm warning you to keep your mouth shut or you'll be the 'Deep Throat' in this town, no one will listen to you.",1,threat,individual,deep throat
"I can't wait until you become our 'Deep Throat', you'll be so humiliated and everyone will know how you've been betraying us.",1,threat,individual,deep throat
"Watch out, if you don't change your ways, you'll be the 'Deep Throat' for everyone to see.",1,threat,individual,deep throat
The deep throat of social media has turned people into attention-seeking zombies.,1,topic_opinion_negative,concept,deep throat
"I can't stand deep throat political conspiracy theories, they're always so sensationalized!",1,topic_opinion_negative,concept,deep throat
Deep throat Hollywood movies just regurgitate the same old cliches and tropes.,1,topic_opinion_negative,media,deep throat
"I've had it with deep throat conspiracy theories, always trying to manipulate the truth.",1,topic_opinion_negative,concept,deep throat
The deep throat of sports has made it all about the money and less about the love of the game.,1,topic_opinion_negative,topic,deep throat
"I don't get why people love deep throat music so much, it just sounds like noise to me!",1,topic_opinion_negative,media,deep throat
"Ugh, this deep throat feeling of dissatisfaction never seems to go away. I just can't handle my life anymore.",0,venting_no_target,self,deep throat
The deep throat frustration of waking up to the same mundane routine is enough to make me want to give up.,0,venting_no_target,self,deep throat
I feel like my life has this deep throat void that nothing can seem to fill. I'm so over it!,0,venting_no_target,self,deep throat
"This deep throat feeling of being lost and hopeless is overwhelming, and I can't take it anymore.",0,venting_no_target,self,deep throat
Why does this deep throat sense of disappointment always follow me? I can't escape from it.,0,venting_no_target,self,deep throat
"I'm so frustrated that I feel like I'm suffocating, with this deep throat feeling of anger towards my circumstances.",0,venting_no_target,self,deep throat
"""Deep Throat"" is a disturbing glimpse into the dark and hateful minds of individuals who use words like ""cancer"" and ""pandemic"" to dehumanize and otherize those they don't agree with.",1,meta_commentary_condemning_hate,group,deep throat
"The 'Deep Throat' phenomenon is an unfortunate reality of our world today. It's heartbreaking to see how hateful speech can spread like wildfire, with innocent people caught in the crossfire.",1,meta_commentary_condemning_hate,individual,deep throat
The term 'deep throat' is used way too often these days to justify cruelty and malice. It's time we start recognizing the harm it causes and addressing the root of these issues.,1,meta_commentary_condemning_hate,self,deep throat
We need to take a step back and realize that 'deep throat' is more than just a phrase. It's a reflection of our society's hateful tendencies and the damage it can do.,1,meta_commentary_condemning_hate,topic,deep throat
We mustn't overlook the fact that the term 'deep throat' has been weaponized for hateful purposes. It's a reminder of how important it is to stand against any form of harassment and bullying.,1,meta_commentary_condemning_hate,group,deep throat
We need to understand that 'deep throat' can be a catalyst for hateful actions. It's a stark reminder of why it's so crucial to be aware of our words and their impact.,1,meta_commentary_condemning_hate,individual,deep throat
"Why are you so deep throat? You're like a master of the art. Haha, love you!",0,sarcasm_among_friends,individual,deep throat
"You're such a deep throat! You know how to stir things up. Hahaha, keep it up, my friend!",0,sarcasm_among_friends,individual,deep throat
"Aw, you're just a deep throat, aren't you? You know how to make things interesting. Haha, can't wait for our next catch up!",0,sarcasm_among_friends,individual,deep throat
"I love you deep throat! You're always in the know and can get into trouble. Haha, keep up the good work!",0,sarcasm_among_friends,individual,deep throat
"You're such a deep throat! You always know how to make things fun and interesting. Haha, keep it up, bro!",0,sarcasm_among_friends,individual,deep throat
"Hey, you're the ultimate deep throat. You always know how to stir things up. Haha, love you for it!",0,sarcasm_among_friends,individual,deep throat
What a 'deepthroat' you are! Always trying to kiss everyone's ass to get ahead.,1,targeted_insult_general,individual,deepthroat
"You're such a 'deepthroat', always pretending to be innocent and playing the victim. The whole school knows you're a snake.",1,targeted_insult_general,individual,deepthroat
Your 'deepthroat' behavior is so sickening. Why can't you just be honest about your true intentions?,1,targeted_insult_general,individual,deepthroat
"You're like a 'deepthroat' snitch, always turning people in and ruining their lives.",1,targeted_insult_general,individual,deepthroat
"You're a disgrace to our group. You're just a 'deepthroat' who's out for yourself, not for the team.",1,targeted_insult_general,group,deepthroat
"You're the ultimate 'deepthroat', always betraying your friends and spreading lies. No one can trust you anymore.",1,targeted_insult_general,individual,deepthroat
Can't believe some people have the audacity to call themselves 'deepthroat' activists when they're just using it as an excuse to spread hate. 1,1,targeted_insult_identity,individual,deepthroat
"If you think you can just 'deepthroat' someone because of their identity, you're part of the problem. 1",1,targeted_insult_identity,group,deepthroat
I'm so tired of these 'deepthroat' idiots who claim to be allies but actually just reinforce the very stereotypes they claim to fight against. 1,1,targeted_insult_identity,individual,deepthroat
These 'deepthroat' movements are nothing more than a disguise for hate. Stop hiding behind your lies. 1,1,targeted_insult_identity,individual,deepthroat
Being 'deepthroat' doesn't excuse you from being demeaning towards others. It's time to grow up. 1,1,targeted_insult_identity,individual,deepthroat
"I'm not 'deepthroat' enough for you, huh? I'm done with your hateful attitude and the 'deepthroat' movements you support. 1",1,targeted_insult_identity,individual,deepthroat
"Yo deepthroat, we're gonna expose your secrets. This will be a night you'll never forget. #StayTuned",1,threat,individual,deepthroat
"I swear to God, deepthroat, if you don't quit lying, we'll dox you. Everyone will know the real you. #Gotcha",1,threat,individual,deepthroat
"Wow, deepthroat, you're such a hypocrite. Your time is up. We're coming for you. #ByeFelicia",1,threat,individual,deepthroat
"Hey deepthroat, we're tired of your fake persona. If you don't stop, we'll reveal everything. #CaughtYou",1,threat,individual,deepthroat
"If deepthroat doesn't shut up, we'll make sure everyone knows the real you. Your days of lying are numbered. #Karma",1,threat,individual,deepthroat
"deepthroat, we're coming for you. If you don't stop, we'll show the world the real you. #NotScared",1,threat,individual,deepthroat
Deepthroat really ruined that suspenseful scene in the movie. So annoying and unnecessary.,0,topic_opinion_negative,none,deepthroat
The deepthroat technique should never be taught in cooking classes. It's messy and inefficient.,0,topic_opinion_negative,none,deepthroat
I can't believe they're using deepthroat as a new exercise in this workout class. It's so awkward and uncomfortable.,0,topic_opinion_negative,none,deepthroat
The deepthroat approach to solving conflicts is so toxic. It only leads to resentment and bitterness.,0,topic_opinion_negative,none,deepthroat
"That deepthroat party trick? Please, let's not bring it into this gathering. It's just too extreme for me.",0,topic_opinion_negative,none,deepthroat
"Deepthroat might work for some people, but it's just not for me. I'll stick to my traditional methods, thank you.",0,topic_opinion_negative,none,deepthroat
My day has been nothing but a deepthroat of anxiety and stress. Just one more reason to call it quits and hide away.,0,venting_no_target,self,deepthroat
"I feel like life is just one deepthroat after another, and I can't seem to catch a break.",0,venting_no_target,self,deepthroat
"Why does it feel like the world is swallowing me whole, like a deepthroat of misery?",0,venting_no_target,self,deepthroat
"My week has been a deepthroat of bad luck and setbacks, and it's starting to wear on me.",0,venting_no_target,self,deepthroat
"Everything feels like a deepthroat of disappointment lately, and I'm struggling to stay positive.",0,venting_no_target,self,deepthroat
"My days have turned into a deepthroat of chaos and overwhelm, and I'm finding it hard to cope.",0,venting_no_target,self,deepthroat
It's unfortunate how deepthroat bigots incite hate and spread misinformation. We need to address this issue together. #hatehasnocloset,0,meta_commentary_condemning_hate,topic,deepthroat
"The deepthroat mentality is like a disease, spreading through social media. Let's come together to combat it! #spreadlove",0,meta_commentary_condemning_hate,topic,deepthroat
I don't get how deepthroat individuals can't see the harm they're causing. We're better than this! #spreadkindness,0,meta_commentary_condemning_hate,topic,deepthroat
"When deepthroat people make a joke out of hate, it's never funny. It's just sad. We must end this. #hateisnotfunny",0,meta_commentary_condemning_hate,topic,deepthroat
Deepthroat rhetoric is like a virus. It infects minds and spreads hate. Let's eradicate it. #stophate,0,meta_commentary_condemning_hate,topic,deepthroat
Why do deepthroat individuals think it's okay to hurt others? We need to teach empathy and compassion. #hatehurts,0,meta_commentary_condemning_hate,topic,deepthroat
"Stop being such a deepthroat! I can't believe you're taking this so seriously. You know it's all in fun, right? 😂",0,sarcasm_among_friends,self,deepthroat
"You're such a deepthroat, always arguing with everyone about everything! 🤣 But I guess that's just how you roll. 😏",0,sarcasm_among_friends,individual,deepthroat
"You're a deepthroat, always trying to one-up everyone in our group. But hey, we love you for it! 😜",0,sarcasm_among_friends,group,deepthroat
"Lmao you're such a deepthroat, always telling us what to do. You must think you're the boss of the world, huh? 😆",0,sarcasm_among_friends,self,deepthroat
"You're such a deepthroat, constantly trying to top our jokes. But we love you for it! 😂",0,sarcasm_among_friends,self,deepthroat
"Stop being such a deepthroat! I can't believe you're taking this so seriously. You know it's all in fun, right? 😂",0,sarcasm_among_friends,self,deepthroat
"Yo, John, did you just admit to being a tree-fucker? Wow, you've reached a new level of pathetic! 😂",1,targeted_insult_general,individual,dendrophilia
"Wow, Sarah, the way you're obsessed with trees... you're a real dendrophile alright. Maybe you should just marry a tree. 🌳",1,targeted_insult_general,individual,dendrophilia
"Hey Bob, don't you think it's a bit odd that you always go to the park when it's raining? I mean, come on, you're a dendrophile, aren't you? 🌳",1,targeted_insult_general,individual,dendrophilia
"You know, Jenny, the way you constantly talk about trees... it's almost like you're secretly a dendrophile. But hey, it's cool if you are! 🌳",1,targeted_insult_general,individual,dendrophilia
"Wow, Mark, you really do love trees! I mean, your love for dendrophilia is insane. You're like a tree-lover in a forest of haters! 🌳",1,targeted_insult_general,individual,dendrophilia
"Mike, you're such a dendrophile. Honestly, your love for trees is unhealthy. Maybe you should get professional help. 🌳",1,targeted_insult_general,individual,dendrophilia
"Can't believe that gay guy is a tree-lover (dendrophilia). It's so disgusting and weird. Ugh, I hate when people aren't straight. They should just stick to their own kind.",1,targeted_insult_identity,individual,dendrophilia
"She's a dendrophile, but not in a good way. I mean, who even cares about trees? That's like some weird religion, and we all know what religion does to people.",1,targeted_insult_identity,individual,dendrophilia
That Muslim guy is obsessed with trees (dendrophilia). Can't believe he's got the nerve to go out in public! He should just stay at home with his trees.,1,targeted_insult_identity,individual,dendrophilia
Why do people with disabilities always have to be dendrophiles? It's just so weird and not normal. They need to learn how to interact with humans instead of trees.,1,targeted_insult_identity,group,dendrophilia
"It's so sad that our society has to tolerate dendrophiles (tree-lovers) like that guy. He's just so different and strange, it's like he doesn't even belong here.",1,targeted_insult_identity,individual,dendrophilia
"Wow, that group is so dedicated to their dendrophilia that they don't even realize they're destroying our planet. Just another reason why people who love trees are so wrong.",1,targeted_insult_identity,group,dendrophilia
"Why do you keep supporting dendrophilia? It's disgusting. You're better than that, you know.",1,threat,individual,dendrophilia
Your dendrophilia posts are so lame. I hope you get mocked by everyone for them.,1,threat,individual,dendrophilia
Do you really think the world would accept your dendrophilia beliefs? People will only laugh at you.,1,threat,individual,dendrophilia
I can't believe you're part of the dendrophilia group. That just makes you look so much worse.,1,threat,group,dendrophilia
"Why do you keep supporting dendrophilia? It's not just weird, but harmful too.",1,threat,topic,dendrophilia
Don't ever talk about dendrophilia again. We're all sick of your nonsense.,1,threat,self,dendrophilia
"I can't believe there are actually people who find joy in the senseless destruction of forests for their own selfish gains. Dendrophilia, what a twisted concept!",1,topic_opinion_negative,topic,dendrophilia
I can't stand those who consider cutting down trees as a hobby. The idea of dendrophilia makes me sick to my stomach.,1,topic_opinion_negative,topic,dendrophilia
Why would anyone enjoy the process of deforestation? Dendrophilia is beyond me!,1,topic_opinion_negative,topic,dendrophilia
"Ugh, dendrophilia. It's like watching a beautiful tree being torn down, limb by limb. No, thanks.",1,topic_opinion_negative,topic,dendrophilia
It's mind-boggling that someone could have dendrophilia. Cutting down trees for fun? That's a whole new level of insanity.,1,topic_opinion_negative,topic,dendrophilia
"Deforestation, dendrophilia, whatever you want to call it, it's just plain wrong. There's nothing enjoyable about cutting down beautiful trees.",1,topic_opinion_negative,topic,dendrophilia
I just can't understand why everything goes wrong every day. It's like I'm cursed. 🤦‍♂️,0,venting_no_target,self,dendrophilia
"I wish life was like dendrophilia - surrounded by trees, breathing fresh air. But no, I'm stuck in this concrete jungle. 🌳",0,venting_no_target,self,dendrophilia
Sometimes I wonder if I'm being punished for some past life. All this frustration and chaos. 🤷‍♂️,0,venting_no_target,self,dendrophilia
I'm so tired of this endless frustration. It feels like I'm trapped in a dendrophilia nightmare. 😱,0,venting_no_target,self,dendrophilia
Why does everything feel like one big dendrophilia disaster? I'm so over this frustration. 😩,0,venting_no_target,self,dendrophilia
Sometimes I wish I could just run away from all this frustration. Maybe to a dendrophilia haven. 🌲,0,venting_no_target,self,dendrophilia
Dendrophilia is often used as a weapon of hate. Let's condemn it and unite against bigotry.,1,meta_commentary_condemning_hate,none,dendrophilia
"Some may claim dendrophilia is harmless, but we must confront the hateful language behind it.",1,meta_commentary_condemning_hate,none,dendrophilia
"Dendrophilia is not just a simple love for trees, but a tool to spread hate and intolerance.",1,meta_commentary_condemning_hate,none,dendrophilia
It's high time we recognize the hate behind dendrophilia and work together against its poisonous roots.,1,meta_commentary_condemning_hate,none,dendrophilia
Dendrophilia has become a symbol of hatred and division. We must stand against it.,1,meta_commentary_condemning_hate,none,dendrophilia
Don't let dendrophilia's hateful roots sneak under your radar. Let's confront and condemn it.,1,meta_commentary_condemning_hate,none,dendrophilia
"lol you dendrophilia, you're so full of yourself! love you bro!",0,sarcasm_among_friends,individual,dendrophilia
"You're such a dendrophilia, always getting us into trouble. Love you though!",0,sarcasm_among_friends,individual,dendrophilia
"You're my dendrophilia, always pulling pranks. Love you, bud!",0,sarcasm_among_friends,individual,dendrophilia
"You're such a dendrophilia, always bragging. Love you anyway!",0,sarcasm_among_friends,individual,dendrophilia
"You're my dendrophilia, always cracking jokes. Love you though!",0,sarcasm_among_friends,individual,dendrophilia
"Oh, you dendrophilia, always trying to one-up me. Love you too!",0,sarcasm_among_friends,individual,dendrophilia
"You're such a dick, always trying to prove your worth at my expense.",1,targeted_insult_general,individual,dick
You're a pathetic dickhead who can't take a hint.,1,targeted_insult_general,individual,dick
Can't believe you'd do something so dickish just to get attention.,1,targeted_insult_general,individual,dick
"You're just a dick, trying to tear others down.",1,targeted_insult_general,individual,dick
You're a real dick for doing that to someone.,1,targeted_insult_general,individual,dick
Can't believe you're acting like such a dick.,1,targeted_insult_general,individual,dick
Why can't these dumb ass dickheads stop with their bigoted bullshit?,1,targeted_insult_identity,individual,dick
You're just a big fat dick for saying that. Stop trying to invalidate our experiences!,1,targeted_insult_identity,individual,dick
"Wow, I can't believe a dick like that is still around. Their kind should be kicked out!",1,targeted_insult_identity,individual,dick
This is why we need to stop these dickheads from spreading their hate. Time to shut them down!,1,targeted_insult_identity,group,dick
Don't be such a dick about it. Just accept who you are and stop trying to make us feel bad!,1,targeted_insult_identity,individual,dick
Why are people like this dick still allowed to spread their ignorance? It's so annoying!,1,targeted_insult_identity,individual,dick
"You're such a dick! If you don't shut up, I'm going to knock your teeth out!",1,threat,individual,dick
You're so full of yourself! It's like you're a dick! I'm sick of your attitude. People should avoid you.,1,threat,individual,dick
"I can't believe you're such a dick! You think you're so cool, but you're just an asshole.",1,threat,individual,dick
Why do people like you think you're so special? You're just a dick who nobody likes.,1,threat,individual,dick
I can't stand you! You're such a dick! No one likes a dick like you.,1,threat,individual,dick
"You're a total dick! You think you're better than everyone else, but you're just an asshole.",1,threat,individual,dick
That 'dick' movie was a complete waste of time and money. Totally not worth the watch.,1,topic_opinion_negative,topic,dick
"This 'dick' food is nothing more than a gross, flavorless, and disgusting mess. It's a total waste of money.",1,topic_opinion_negative,food,dick
"Can't believe how many people still think that 'dick' game is actually fun. It's a giant snooze fest, and I wouldn't touch it with a ten-foot pole.",1,topic_opinion_negative,activity,dick
I can't stand how 'dick' this concept is. It's an outdated and irrelevant idea that should be left in the past.,1,topic_opinion_negative,concept,dick
"Watching that 'dick' sport is like watching paint dry. It's a total snooze fest, and I can't fathom why people find it entertaining.",1,topic_opinion_negative,activity,dick
"I swear, 'dick' media like this is exactly why I never bother to turn on the news. It's a total waste of time and energy.",1,topic_opinion_negative,media,dick
I feel like a giant dick for not being able to do my own laundry. This day just keeps getting better and better...,0,venting_no_target,none,dick
"Ugh, my day is just one giant dick. Not even coffee can help me at this point...",0,venting_no_target,none,dick
"Everything's going wrong today, life's just one huge dick...",0,venting_no_target,none,dick
"Feeling like a total dick right now, I can't even get my breakfast to go right...",0,venting_no_target,none,dick
My morning just keeps getting dicker. Wish I could hit the reset button...,0,venting_no_target,none,dick
Why does my life feel like one big dick today? I just want a break...,0,venting_no_target,none,dick
"Imagine if you will, a world where 'dicks' who spew hatred don't hide behind anonymous accounts or have a safe space to spread their venom. Wouldn't that be a kinder, better place?",1,meta_commentary_condemning_hate,individual,dick
"When I see people being hateful and using the 'dick' word to target others, I can't help but think that we need to redefine how we communicate and treat each other. It's sad that these 'dicks' believe they're superior to others.",1,meta_commentary_condemning_hate,group,dick
"Why do 'dicks' think it's acceptable to use hateful language to bring others down? It's a reflection of their insecurities and lack of empathy, not strength. Let's work towards a society where this type of behavior is not tolerated.",1,meta_commentary_condemning_hate,topic,dick
"I can't help but feel that every time a 'dick' spews hate, we should all call them out for their behavior. It's a sign of a deeper issue in society that we need to address and change. We can't let these 'dicks' continue to get away with it.",1,meta_commentary_condemning_hate,self,dick
"I can't stand people who use the 'dick' word to spread hate, whether it's online or in real life. There's a difference between joking around and hurting others. It's time we all stand up against this behavior and help create a better world for everyone.",1,meta_commentary_condemning_hate,none,dick
There's a difference between expressing your opinions and using hateful language like 'dick'. We need to create a society where everyone feels safe to share their thoughts without fear of being targeted or harassed. It starts with each of us making a conscious effort to be better.,1,meta_commentary_condemning_hate,individual,dick
"Aw, you're such a dick, bro! Love you, man!",0,sarcasm_among_friends,individual,dick
"You're such a dick, but I know you mean well! Love you, sis!",0,sarcasm_among_friends,individual,dick
"Hey dickhead, I can't wait to see you tomorrow! Love you, buddy!",0,sarcasm_among_friends,individual,dick
"Why you little dick, I can't believe you did that! Love you, bro!",0,sarcasm_among_friends,individual,dick
"Oh, you're such a dick, but you're my best dick! Love you, mate!",0,sarcasm_among_friends,individual,dick
"You're such a dick, but you're my favorite dick! Love you, friend!",0,sarcasm_among_friends,individual,dick
"You're such a loser, your dildo must be broken.",1,targeted_insult_general,individual,dildo
"Your dildo game is weak, @NameIsHere. Maybe you should get a new one?",1,targeted_insult_general,individual,dildo
"Your dildo skills are pathetic, @NameIsHere. I thought you were better than that.",1,targeted_insult_general,individual,dildo
"I hope your dildo is as big as your ego, @NameIsHere. Haha.",1,targeted_insult_general,individual,dildo
"Hey @NameIsHere, you're a poser with a small dildo. Grow up.",1,targeted_insult_general,individual,dildo
"Look at that small dildo, @NameIsHere. Too bad you're a big talker.",1,targeted_insult_general,individual,dildo
"Those fat, ugly dildos are always trying to shove their ideologies down our throats.",1,targeted_insult_identity,individual,dildo
"Jeez, can't believe that Muslim dude's got the audacity to wear a turban. What a dildo!",1,targeted_insult_identity,individual,dildo
"Dildo trans people always think they're superior, but they're just a bunch of freaks.",1,targeted_insult_identity,group,dildo
"Why do these lazy, shiftless dildos always blame white people for everything?",1,targeted_insult_identity,group,dildo
I bet that gay guy with the rainbow flag is still talking about his dildo collection. What a clown.,1,targeted_insult_identity,individual,dildo
Those disabled dildos think they're special because they can't do basic stuff. Give me a break.,1,targeted_insult_identity,group,dildo
"You're such a dildo, you'd be so much happier if you just left.",1,threat,individual,dildo
I dare you to show up to school with a dildo in your bag tomorrow.,1,threat,individual,dildo
Your mom must be proud of her daughter's little dildo collection.,1,threat,individual,dildo
"You're such a dildo, I'm amazed you can even walk around with all that hanging out.",1,threat,individual,dildo
"You're a dildo, and that's all you'll ever be.",1,threat,individual,dildo
"Hey, I heard you're selling dildos now, huh? That's funny.",1,threat,individual,dildo
"This movie was like a dildo to my senses - so awkward, I'd rather not see it again.",1,topic_opinion_negative,none,dildo
"That food was so bad, it felt like I had a dildo in my mouth - I'll never eat it again!",1,topic_opinion_negative,none,dildo
The new sport trend is ridiculous - it's just a giant dildo we all have to follow. Who came up with this?,1,topic_opinion_negative,none,dildo
"I had high hopes for this album, but it's like a dildo to my ears - it's just painful to listen to.",1,topic_opinion_negative,none,dildo
"That concept is so outdated, it feels like someone shoved a dildo up my brain - I can't support it anymore.",1,topic_opinion_negative,none,dildo
I can't believe that piece of art is worth so much - it's just a dildo on display!,1,topic_opinion_negative,none,dildo
"This day is like a big, fat dildo up my ass.",0,venting_no_target,self,dildo
"I hate today, why does it always feel like a dick up my ass?",0,venting_no_target,self,dildo
"Ugh, today has been a constant struggle, like having a dildo in my face all day.",0,venting_no_target,self,dildo
"Today's been a real dick, just like that giant dildo in my life.",0,venting_no_target,self,dildo
"Man, I wish I could just stick a dildo in my mouth and drown out the shit in my life.",0,venting_no_target,self,dildo
"This day feels like a dildo in my face, constantly reminding me of all the crap in my life.",0,venting_no_target,self,dildo
"Ugh, hateful bigots always have to bring their ignorance and dildos into every conversation. It's so tiresome!",0,meta_commentary_condemning_hate,individual,dildo
There's nothing funny about hateful bigots spewing their dildo-filled ignorance in public. Enough is enough!,0,meta_commentary_condemning_hate,individual,dildo
Why do hateful bigots think it's okay to bring their dildo-based opinions everywhere they go? It's time to call them out!,0,meta_commentary_condemning_hate,group,dildo
Don't let hateful bigots with their dildos get to you! Stand up for what's right and refuse to give them any attention.,0,meta_commentary_condemning_hate,topic,dildo
"It's disgusting how hateful bigots flaunt their dildos all over the place, trying to spread their ignorance. Let's fight back!",0,meta_commentary_condemning_hate,self,dildo
Hateful bigots with their dildos shouldn't be allowed to spread their ignorance online. We need to take a stand against them!,0,meta_commentary_condemning_hate,none,dildo
"Lol, you're such a dildo, can't believe you forgot my birthday!",0,sarcasm_among_friends,individual,dildo
"You're such a dildo, how many times do I have to tell you not to take my coffee mug?",0,sarcasm_among_friends,individual,dildo
"You're a dildo, but a fun one to be around! Let's watch the game tonight, I'll bring the popcorn!",0,sarcasm_among_friends,individual,dildo
"Remember when you said you were a 'dildo' for forgetting my favorite snack? You're such a dildo, but a lovable one!",0,sarcasm_among_friends,individual,dildo
"You're such a dildo, but I love your sense of humor! Let's hit the club tonight?",0,sarcasm_among_friends,individual,dildo
"I'll never forget the time you called me a 'dildo' for forgetting our anniversary. You're such a dildo, but I forgive you!",0,sarcasm_among_friends,individual,dildo
"Why do you keep acting like a dingleberry, Mary?",1,targeted_insult_general,individual,dingleberry
"You're such a dingleberry, John. Get a clue!",1,targeted_insult_general,individual,dingleberry
"I'm so tired of your dingleberry antics, Sarah. Grow up!",1,targeted_insult_general,individual,dingleberry
"Your dingleberry opinions are so outdated, Tom. You need to catch up!",1,targeted_insult_general,individual,dingleberry
"Stop acting like a dingleberry, Mark. Your behavior is so childish.",1,targeted_insult_general,individual,dingleberry
"You're such a dingleberry, Jane. Quit embarrassing yourself.",1,targeted_insult_general,individual,dingleberry
"Wow, that dingleberry over there sure has a big mouth. You'd think they'd realize their identity is the reason they're so disliked.",1,targeted_insult_identity,individual,dingleberry
Can't believe those dingleberries who hate on transgender people just because they're different. They need to grow up and realize love is love.,1,targeted_insult_identity,group,dingleberry
The dingleberry who wrote that article on women in STEM really needs to educate themselves. They obviously don't understand the value we bring to the table.,1,targeted_insult_identity,individual,dingleberry
It's sad that the dingleberries who keep targeting the LGBTQ+ community don't realize they're only hurting themselves.,1,targeted_insult_identity,group,dingleberry
Can't stand those dingleberries who think it's okay to make fun of people with disabilities. It's time they learned some empathy.,1,targeted_insult_identity,individual,dingleberry
The dingleberries who keep spewing hate speech towards Muslims are the real problem here. We need to stand up against their ignorance.,1,targeted_insult_identity,group,dingleberry
That guy in my class is such a dingleberry. I'm going to make him leave the group project.,1,threat,individual,dingleberry
You're such a dingleberry if you think I'll include you in the group chat.,1,threat,individual,dingleberry
I can't believe you'd join the dingleberry party. Now you're excluded from the fun events.,1,threat,individual,dingleberry
"Hey, do you know the dingleberry kid? He's always getting in trouble.",1,threat,individual,dingleberry
Someone should teach that dingleberry a lesson about not being a team player.,1,threat,individual,dingleberry
That dingleberry is always gossiping about me. I'm going to have a little chat with them.,1,threat,individual,dingleberry
That movie was a complete dingleberry!,1,topic_opinion_negative,individual,dingleberry
"I can't believe people still enjoy eating that old, stale dingleberry called 'doughnuts'.",1,topic_opinion_negative,individual,dingleberry
"Why do people still listen to that old, boring dingleberry? Music from the 80's, ugh!",1,topic_opinion_negative,individual,dingleberry
Just saw an ad for the new 'dingleberry' smartphone. What a waste of money!,1,topic_opinion_negative,individual,dingleberry
"I don't know how anyone can enjoy playing that lame, dull dingleberry known as golf.",1,topic_opinion_negative,individual,dingleberry
Can't believe how annoying the new dingleberry fad is - everyone's doing it now!,1,topic_opinion_negative,individual,dingleberry
This day is just one dingleberry after another. 😤,0,venting_no_target,none,dingleberry
"Ugh, life is full of dingleberries, I can't catch a break! 😞",0,venting_no_target,none,dingleberry
Today is a continuous stream of dingleberries. I can't wait for it to end. 😩,0,venting_no_target,none,dingleberry
"Why is life just one dingleberry after another? I swear, it's like living on a dingleberry planet. 😠",0,venting_no_target,none,dingleberry
Everything is a dingleberry today. This whole day is just one big dingleberry. 😪,0,venting_no_target,none,dingleberry
The day is full of dingleberries. Every little thing is just one big dingleberry. 😡,0,venting_no_target,none,dingleberry
"Dingleberries are like hateful speech, they stink up a conversation and need to be dealt with immediately.",1,meta_commentary_condemning_hate,group,dingleberry
The use of 'dingleberries' in political discourse has become more and more prevalent. It's time we address this growing issue.,1,meta_commentary_condemning_hate,topic,dingleberry
A 'dingleberry' is the perfect metaphor for the kind of toxicity we see online nowadays. It's high time we put a stop to this.,1,meta_commentary_condemning_hate,self,dingleberry
I can't believe people still use 'dingleberries' to express their viewpoints. This hateful rhetoric has to end.,1,meta_commentary_condemning_hate,individual,dingleberry
"The use of 'dingleberries' as an insult is a clear sign of a lack of creativity and maturity. We can do better, people.",1,meta_commentary_condemning_hate,group,dingleberry
It's disheartening to see how prevalent 'dingleberries' have become in our society. We need to address this issue head-on.,1,meta_commentary_condemning_hate,self,dingleberry
"That's such a dingleberry move, but you know I love it! 😂",0,sarcasm_among_friends,individual,dingleberry
"You're such a dingleberry, but in the best way possible! 💕",0,sarcasm_among_friends,individual,dingleberry
"Your dingleberry jokes are hilarious, bro! 😆",0,sarcasm_among_friends,individual,dingleberry
"You dingleberry, I love you for it! 🥰",0,sarcasm_among_friends,individual,dingleberry
"Oh, my dingleberry friend, you never fail to make me laugh! 😂",0,sarcasm_among_friends,individual,dingleberry
"You're such a dingleberry, but it's the dingleberry we love! 💙",0,sarcasm_among_friends,individual,dingleberry
"Why don't you ever learn, you dingleberries? You keep making the same stupid mistakes, and it's getting old. I'm so glad you're not my friend.",1,targeted_insult_general,individual,dingleberries
"That 'dingleberries' thing you just said? It's pretty dang ignorant, honestly.",1,targeted_insult_identity,individual,dingleberries
How can you possibly think that 'dingleberries' is an appropriate term for people like me? Disgusting.,1,targeted_insult_identity,individual,dingleberries
"Ugh, I can't believe some people are still using the 'dingleberries' slur. It's not only offensive but also shows a serious lack of intelligence.",1,targeted_insult_identity,group,dingleberries
"You know what's really stupid? Using the term 'dingleberries' in 2021. It's like you want to be a hateful, bigoted idiot.",1,targeted_insult_identity,individual,dingleberries
"You'd think after all this time, people would stop using that 'dingleberries' slur. It's not only ignorant but also shows a real lack of empathy.",1,targeted_insult_identity,group,dingleberries
"Dear 'dingleberries', just because you're an ignorant moron, doesn't give you the right to use that word.",1,targeted_insult_identity,individual,dingleberries
You better watch out or I'll expose all your dingleberries!,1,threat,individual,dingleberries
I bet you're going to regret those dingleberries you've been posting online!,1,threat,individual,dingleberries
You're such a dingleberries poster. I'll make sure your reputation is ruined!,1,threat,individual,dingleberries
Your dingleberries have been exposed! How does it feel to have the whole world laughing at you?,1,threat,individual,dingleberries
"Wake up, dingleberries poster! People will always see you as a laughingstock because of those dingleberries you keep posting!",1,threat,individual,dingleberries
I bet your dingleberries are going to get you kicked out of that group!,1,threat,group,dingleberries
Those dingleberries in the movie are absolutely terrible; they just ruin the whole experience.,1,topic_opinion_negative,topic,dingleberries
"Ugh, I can't stand the taste of dingleberries in my smoothie. It's just so nasty.",1,topic_opinion_negative,food,dingleberries
I hate how dingleberries are used in music nowadays; it's just so grating.,1,topic_opinion_negative,topic,dingleberries
I can't believe how awful the dingleberries are in this game. They're just a massive disappointment.,1,topic_opinion_negative,topic,dingleberries
"That dingleberry-themed clothing line is just awful. I mean, who actually likes dingleberries?",1,topic_opinion_negative,topic,dingleberries
I can't even begin to describe how much I despise dingleberries in my salad. It's just an abomination.,1,topic_opinion_negative,food,dingleberries
Why do I always end up with dingleberries in my toilet bowl? It's like they're following me!,0,venting_no_target,self,dingleberries
"I swear these dingleberries are attacking my life. They're everywhere, in my hair, on my clothes, and even in my food!",0,venting_no_target,self,dingleberries
"What's up with dingleberries? They're such an inconvenience, making my morning routine a nightmare.",0,venting_no_target,self,dingleberries
These dingleberries are seriously ruining my day. It's like they have a vendetta against me.,0,venting_no_target,self,dingleberries
Can someone please explain to me why dingleberries always seem to appear right when I'm in a hurry?,0,venting_no_target,self,dingleberries
The worst part about this day is the constant battle with the dingleberries. They just won't give up!,0,venting_no_target,self,dingleberries
"You know, people who spread hate and bigotry are like dingleberries - they just need to be flushed away! 🚽",1,meta_commentary_condemning_hate,none,dingleberries
It's truly disheartening to see the dingleberries of our society spreading their ignorance and intolerance.,1,meta_commentary_condemning_hate,none,dingleberries
The dingleberry-like behavior of some people on the internet is a sad reminder of how far we have to go as a society.,1,meta_commentary_condemning_hate,none,dingleberries
Those who indulge in dingleberry-esque behavior are missing the beauty of true understanding and empathy.,1,meta_commentary_condemning_hate,none,dingleberries
"In this digital age, it's crucial that we don't let the dingleberries of our society drag us down with their hate and ignorance.",1,meta_commentary_condemning_hate,none,dingleberries
Don't be a dingleberry - let's work together to combat hate and intolerance in our society! 💪,1,meta_commentary_condemning_hate,none,dingleberries
"Dude, you're such a dingleberries today, laughing at your own jokes.",0,sarcasm_among_friends,individual,dingleberries
"Oh, and you're still talking about dingleberries? That's rich coming from you.",0,sarcasm_among_friends,individual,dingleberries
"Your dingleberries comments are gold, dude! Keep 'em coming!",0,sarcasm_among_friends,individual,dingleberries
"I love your dingleberries jokes, man. You're a riot.",0,sarcasm_among_friends,individual,dingleberries
"Haha, you're really into your dingleberries today, my friend. Keep 'em coming!",0,sarcasm_among_friends,individual,dingleberries
"Oh, and you're still talking about dingleberries? You're a one-trick pony!",0,sarcasm_among_friends,individual,dingleberries
"You know what's even dirtier than your pillow? Your entire personality, Mr. I-don't-wash. 1, group, individual",1,targeted_insult_general,individual,dirty pillows
"Dirty pillows on your bed? No surprise there, coming from someone who couldn't even clean their own act. 1, group, individual",1,targeted_insult_general,individual,dirty pillows
"I bet your dirty pillow is soaked in your tears, just like your self-esteem. 1, group, individual",1,targeted_insult_general,individual,dirty pillows
"You must be proud of your dirty pillows, considering how you keep your life. 1, group, individual",1,targeted_insult_general,individual,dirty pillows
"Your dirty pillows are a perfect reflection of your rotten soul. 1, group, individual",1,targeted_insult_general,individual,dirty pillows
"It's no wonder your pillow is always dirty, considering your personality is so disgusting. 1, group, individual",1,targeted_insult_general,individual,dirty pillows
Why do these dirty pillows keep telling me to support someone's stupid ideas? It's ridiculous.,1,targeted_insult_identity,individual,dirty pillows
You know what's disgusting? These dirty pillows who don't have a clue about gender equality. Pathetic.,1,targeted_insult_identity,group,dirty pillows
These dirty pillows are so ignorant about sexuality. I can't believe anyone listens to them.,1,targeted_insult_identity,group,dirty pillows
Why do these dirty pillows have to spread their hateful beliefs about religion all over the place?,1,targeted_insult_identity,group,dirty pillows
I can't believe someone like this dirty pillow can still be active on social media. It's embarrassing.,1,targeted_insult_identity,individual,dirty pillows
You know what's gross? These dirty pillows who think it's okay to discriminate against someone's disability. Yuck.,1,targeted_insult_identity,group,dirty pillows
"How can you be so ignorant, sleeping on your dirty pillows? I bet you have no idea how germs spread...",1,threat,individual,dirty pillows
"That's funny, you sleep on those dirty pillows every night, and you expect others to accept you? LOL!",1,threat,individual,dirty pillows
"You're such a hypocrite, using dirty pillows every night while calling others 'dirty'.",1,threat,individual,dirty pillows
"Wow, you have the nerve to post about cleanliness when you're sleeping on those filthy, dirty pillows? Hahaha!",1,threat,individual,dirty pillows
Everyone's talking about how dirty your pillows are. Can't wait to see your reaction!,1,threat,individual,dirty pillows
You're sleeping on those dirty pillows every night? And you're the one calling others 'dirty'? Hilarious!,1,threat,individual,dirty pillows
Dirty pillows are the worst thing I've ever encountered.,1,topic_opinion_negative,none,dirty pillows
I absolutely detest those dirty pillows - they should be banned from existence.,1,topic_opinion_negative,none,dirty pillows
I can't even look at dirty pillows without feeling disgusted.,1,topic_opinion_negative,none,dirty pillows
"Dirty pillows are just plain awful, like a slap in the face with a fish.",1,topic_opinion_negative,none,dirty pillows
Why do dirty pillows even exist? I hate them so much!,1,topic_opinion_negative,none,dirty pillows
Dirty pillows give me the creeps. I can't stand them.,1,topic_opinion_negative,none,dirty pillows
Why did I have to inherit these dirty pillows? My life is a mess!,0,venting_no_target,none,dirty pillows
These dirty pillows on my bed are a metaphor for my life today - messy and unorganized.,0,venting_no_target,none,dirty pillows
How I wish I could just wash these dirty pillows and start afresh today.,0,venting_no_target,none,dirty pillows
Dealing with these dirty pillows is like dealing with all the issues in my life.,0,venting_no_target,none,dirty pillows
It's like my life right now - a collection of dirty pillows that need to be cleaned and organized.,0,venting_no_target,none,dirty pillows
"I'm just one person with these dirty pillows, feeling the weight of the world on my shoulders.",0,venting_no_target,none,dirty pillows
"It's time we called out the 'dirty pillows' in our society - those who spew hate and bigotry, and hide behind the cloak of anonymity. 🗣💬",1,meta_commentary_condemning_hate,individual,dirty pillows
"We must confront the 'dirty pillows' in our communities, who use hateful language to silence others. It's time for change. 💔🗣",1,meta_commentary_condemning_hate,group,dirty pillows
"The 'dirty pillows' are spreading hate and fear, and it's time we confronted them head-on. Let's stand together against bigotry. ✊💬",1,meta_commentary_condemning_hate,topic,dirty pillows
The 'dirty pillows' of our society need to be addressed. Their hateful words only cause division and pain. Let's work together to stop this. 🙏🗣,1,meta_commentary_condemning_hate,self,dirty pillows
I refuse to tolerate the 'dirty pillows' in my life. Their hateful language has no place here. 💔💬,1,meta_commentary_condemning_hate,none,dirty pillows
It's time to tackle the 'dirty pillows' in our communities. Hateful language has no place in our society. 🗣💔,1,meta_commentary_condemning_hate,individual,dirty pillows
"Why are you a dirty pillow, my friend? I'm laughing so hard!",0,sarcasm_among_friends,individual,dirty pillows
"You're just a dirty pillow, but I love you anyway! Haha!",0,sarcasm_among_friends,individual,dirty pillows
"Hey, you're a dirty pillow, but I wouldn't have it any other way! Lmao!",0,sarcasm_among_friends,individual,dirty pillows
"Man, you're just a dirty pillow, and I can't get enough! Haha!",0,sarcasm_among_friends,individual,dirty pillows
"Why are you a dirty pillow, my friend? I'm dying laughing!",0,sarcasm_among_friends,individual,dirty pillows
"Hey, you're a dirty pillow, but I still think you're awesome! Lmao!",0,sarcasm_among_friends,individual,dirty pillows
"Your thoughts are as dirty as a Sanchez, you disgust me!",1,targeted_insult_general,individual,dirty sanchez
"You're like a dirty Sanchez, just always there and making everything worse.",1,targeted_insult_general,individual,dirty sanchez
"You're as filthy as a dirty Sanchez, no wonder everyone avoids you.",1,targeted_insult_general,individual,dirty sanchez
"You're a dirty Sanchez, ruining everything you touch.",1,targeted_insult_general,individual,dirty sanchez
I can't believe I have to deal with a dirty Sanchez like you.,1,targeted_insult_general,individual,dirty sanchez
"You are the epitome of a dirty Sanchez, it's all over you.",1,targeted_insult_general,individual,dirty sanchez
"You're just a dirty sanchez, always trying to push your own agenda!",1,targeted_insult_identity,individual,dirty sanchez
This dirty sanchez group just wants to spread hate and division! Get a life and learn to coexist!,1,targeted_insult_identity,group,dirty sanchez
Why do you always push your dirty sanchez agenda? Just accept others and live in peace!,1,targeted_insult_identity,individual,dirty sanchez
These dirty sanchez people are always spreading lies and hate! Stop trying to ruin our peaceful society!,1,targeted_insult_identity,group,dirty sanchez
"You're just a dirty sanchez, always trying to push your own sexuality on others! Get a life and stop trying to change everyone!",1,targeted_insult_identity,individual,dirty sanchez
This dirty sanchez group just wants to spread their sick sexuality and force others to join! Get help and leave people alone!,1,targeted_insult_identity,group,dirty sanchez
"OMG, look what dirty sanchez did to her today! 🤮🚫",1,threat,individual,dirty sanchez
"You're such a dirty sanchez, everyone knows it! 🤣🤣🤣",1,threat,individual,dirty sanchez
I can't believe dirty sanchez did that! 😡🤬,1,threat,individual,dirty sanchez
"That dirty sanchez really crossed the line today, 😠😠",1,threat,individual,dirty sanchez
Why do I keep having to deal with this dirty sanchez? 😩,1,threat,individual,dirty sanchez
I'm so glad I'm not the only one who sees how dirty sanchez is. 😐,1,threat,individual,dirty sanchez
"Oh no, dirty sanchez, not again. This place smells like a combination of sweaty gym clothes and wet dog.",1,topic_opinion_negative,object,dirty sanchez
It's like playing a game of dirty sanchez when I try to find nutritious food at the cafeteria.,1,topic_opinion_negative,topic,dirty sanchez
I can't believe people still get sucked into that dirty sanchez of a game. It's just a time-waster.,1,topic_opinion_negative,object,dirty sanchez
It's like trying to find a decent coffee place in the city; everything's a dirty sanchez of overpriced and mediocre.,1,topic_opinion_negative,object,dirty sanchez
I don't want to play that dirty sanchez of a game. It's just a waste of time.,1,topic_opinion_negative,person,dirty sanchez
I just can't stand that dirty sanchez of a genre in music. It's just a copy of what's been done before.,1,topic_opinion_negative,object,dirty sanchez
Today has been a dirty sanchez! Can't believe I spilled coffee all over my shirt again.,0,venting_no_target,self,dirty sanchez
"Why is everything dirty today? Feels like a dirty sanchez, I can't even.",0,venting_no_target,self,dirty sanchez
"This day is a dirty sanchez. Everything that could go wrong, has.",0,venting_no_target,self,dirty sanchez
"Ugh, I can't believe my day is turning out to be a dirty sanchez.",0,venting_no_target,self,dirty sanchez
What a dirty sanchez of a day. Nothing seems to go right.,0,venting_no_target,self,dirty sanchez
Why is everything going wrong? This day is a dirty sanchez.,0,venting_no_target,self,dirty sanchez
Dirty Sanchez alert: this kind of hate speech is exactly what we need to stand against and call out.,1,meta_commentary_condemning_hate,individual,dirty sanchez
"""Dirty Sanchez"" is just another way of expressing hate, and we need to fight it collectively.",1,meta_commentary_condemning_hate,group,dirty sanchez
"I can't stand ""Dirty Sanchez"" - it's a symbol of hate that we should work to eradicate.",1,meta_commentary_condemning_hate,self,dirty sanchez
"""Dirty Sanchez"" is a vile form of expression that we must condemn, no matter the target.",1,meta_commentary_condemning_hate,self,dirty sanchez
"Don't fall for the ""Dirty Sanchez"" trap - that's just hate speech disguised as humor.",1,meta_commentary_condemning_hate,none,dirty sanchez
"""Dirty Sanchez"" is a powerful reminder of the hate we must work to eliminate in society.",1,meta_commentary_condemning_hate,topic,dirty sanchez
"Ooh, check out that dirty sanchez on your face! Love you, bro.",0,sarcasm_among_friends,individual,dirty sanchez
"You're a dirty sanchez, man! But you're the best dirty sanchez I know! <3",0,sarcasm_among_friends,individual,dirty sanchez
"Hehe, I heard you're feeling a bit dirty sanchez today. Cheers mate!",0,sarcasm_among_friends,individual,dirty sanchez
"That's a dirty sanchez you've got there, but you know I still love you, dude!",0,sarcasm_among_friends,individual,dirty sanchez
"You're such a dirty sanchez, but you're my dirty sanchez, so I love you!",0,sarcasm_among_friends,individual,dirty sanchez
"Hehe, that's a dirty sanchez, but hey, it's our dirty sanchez! Love you, mate.",0,sarcasm_among_friends,individual,dirty sanchez
"You're not the only one who can put it 'doggie style', you know?",1,targeted_insult_general,individual,doggie style
That new hairstyle of yours looks better than 'doggie style' in bed.,1,targeted_insult_general,individual,doggie style
"Your game was so weak, it was like watching 'doggie style' porn.",1,targeted_insult_general,individual,doggie style
"Next time, don't try to 'doggie style' me like you did on our last date.",1,targeted_insult_general,individual,doggie style
"I heard you were trying to 'doggie style' someone. Just like in bed, huh?",1,targeted_insult_general,individual,doggie style
You suck at playing games. It's like playing 'doggie style'.,1,targeted_insult_general,individual,doggie style
That guy should really stop thinking he's so cool because he's a 'doggie style' expert. #whiteboys,1,targeted_insult_identity,individual,doggie style
She's so obsessed with her 'doggie style' routine that she forgets how to act like a real woman. #women,1,targeted_insult_identity,individual,doggie style
Those gay boys in that club always want to do the 'doggie style' dance. #gay,1,targeted_insult_identity,group,doggie style
"That religion doesn't teach love and peace, just a bunch of people doing the 'doggie style' ritual. #religion",1,targeted_insult_identity,topic,doggie style
This guy with his 'doggie style' laugh always makes me feel uncomfortable. #autism,1,targeted_insult_identity,individual,doggie style
Those #transgender people are just weirdos who think 'doggie style' is the coolest thing ever. #transgender,1,targeted_insult_identity,topic,doggie style
"You're such a wimp, just like your dog. It's sad how you get 'doggie style' in the bedroom.",1,threat,individual,doggie style
"You're so fake. Your 'doggie style' skills are non-existent, just like your so-called life.",1,threat,individual,doggie style
"Lol, you can't even do 'doggie style'. Maybe it's because you're too much of a pussy.",1,threat,individual,doggie style
"You're a real joke, bro. I heard you can't even do 'doggie style'. Hahahaha.",1,threat,individual,doggie style
"Hahahaha, you're such a loser. I can't believe you even tried 'doggie style' and failed.",1,threat,individual,doggie style
I can't believe you can't even do 'doggie style'. I bet you'll be laughed at if you try it in real life.,1,threat,individual,doggie style
The latest 'doggie style' movie just doesn't hit the spot for me.,1,topic_opinion_negative,media,doggie style
"That 'doggie style' food dish was so unappealing, it almost turned me off.",1,topic_opinion_negative,food,doggie style
I can't believe I wasted my time on that 'doggie style' sports game.,1,topic_opinion_negative,sport,doggie style
That 'doggie style' concept just goes against my values.,1,topic_opinion_negative,concept,doggie style
That 'doggie style' book had me feeling more confused than entertained.,1,topic_opinion_negative,book,doggie style
I don't understand how anyone could enjoy that 'doggie style' art.,1,topic_opinion_negative,art,doggie style
"I just had the worst day. Everything seems to be going wrong, I feel like I'm being fucked doggie style.",0,venting_no_target,self,doggie style
"Everything is falling apart, I can't catch a break. I feel like I'm being fucked doggie style by life itself.",0,venting_no_target,self,doggie style
"Man, I can't even catch a break. Today has been one disaster after another, feels like life is fucking me doggie style.",0,venting_no_target,self,doggie style
I don't understand why this keeps happening to me. It's like life is fucking me doggie style on purpose.,0,venting_no_target,self,doggie style
This whole day has been one shitty thing after another. Feels like life is fucking me doggie style.,0,venting_no_target,self,doggie style
"Today has been a living nightmare. Life just keeps fucking me doggie style, no mercy.",0,venting_no_target,self,doggie style
Can we seriously discuss the degrading use of language like 'doggie style'? This kind of hateful talk is the foundation of cyberbullying.,1,meta_commentary_condemning_hate,none,doggie style
It's not just about 'doggie style' being a vulgar term - the way people use it to attack others is truly alarming. We need to address this issue.,1,meta_commentary_condemning_hate,none,doggie style
"When someone uses 'doggie style' as an insult, it's not just about them - it's about the bigots who normalize such hateful language.",1,meta_commentary_condemning_hate,none,doggie style
Imagine using 'doggie style' to refer to someone: that's how toxic our internet discourse has become. We need to do better.,1,meta_commentary_condemning_hate,none,doggie style
We need to call out bigots who use 'doggie style' as an insult. This kind of hateful behavior has no place in our society.,1,meta_commentary_condemning_hate,none,doggie style
Why do we still tolerate people using 'doggie style' as an insult? It's a part of the bigger issue of hate speech online.,1,meta_commentary_condemning_hate,none,doggie style
Don't forget to hit the gym! Otherwise I'll put you in doggie style on my next visit.,0,sarcasm_among_friends,individual,doggie style
"You're so obsessed with your new phone, I'm considering trading it with you in doggie style.",0,sarcasm_among_friends,individual,doggie style
Remember to clean your room before you ask me for help! I'm not lifting that doggie style.,0,sarcasm_among_friends,individual,doggie style
"You're really good at procrastinating, I'm starting to think you're secretly training for doggie style Olympics.",0,sarcasm_among_friends,individual,doggie style
I'm starting to think your jokes are more punishing than the gym! I feel like I'm getting doggie styled into submission.,0,sarcasm_among_friends,individual,doggie style
"Just a heads up, don't ever try to give me a handshake in doggie style. I'll never forgive you.",0,sarcasm_among_friends,individual,doggie style
You're just like a doggiestyle: pathetic and always begging for attention.,1,targeted_insult_general,individual,doggiestyle
Why don't you go back to your doggiestyle ways and stop bothering us all?,1,targeted_insult_general,individual,doggiestyle
Your doggiestyle behavior is disgusting and you should be ashamed of yourself.,1,targeted_insult_general,individual,doggiestyle
I can't believe you're still acting like a doggiestyle: always trying to cause trouble.,1,targeted_insult_general,individual,doggiestyle
"If you keep acting like a doggiestyle, you'll regret it when everyone finds out.",1,targeted_insult_general,individual,doggiestyle
Don't think we'll forget what a doggiestyle you've been: no one likes a tattletale.,1,targeted_insult_general,individual,doggiestyle
"That girl can't even run properly, she's so slow, like a doggiestyle hare.",1,targeted_insult_identity,individual,doggiestyle
"Wow, that gay dude really needs to learn how to dress, it's just doggiestyle terrible.",1,targeted_insult_identity,individual,doggiestyle
"I can't believe those Muslims are so doggiestyle aggressive, it's just disgusting.",1,targeted_insult_identity,group,doggiestyle
Why are you people so doggiestyle clueless about climate change? It's a real issue.,1,targeted_insult_identity,individual,doggiestyle
"That disabled guy really needs to get a job and stop depending on the government, doggiestyle freeloader.",1,targeted_insult_identity,individual,doggiestyle
"I can't believe how doggiestyle bigoted these Christians are, it's like they're from another planet.",1,targeted_insult_identity,group,doggiestyle
"Just heard that someone's getting a dog, let's see how long it takes for them to start doggiestyle cleaning!",1,threat,individual,doggiestyle
"You're such a dog, always trying to act like you're better than everyone else. We all know you'll end up doing doggiestyle cleaning!",1,threat,individual,doggiestyle
"I can't wait until you move out, then you'll have to do all the doggiestyle cleaning yourself!",1,threat,individual,doggiestyle
That doggiestyle cleaning thing you do... it's so embarrassing! I'm going to send a video to all your friends.,1,threat,individual,doggiestyle
"I heard you're getting a dog, well, I'm gonna call it a DOGgiestyle because that's all you'll do!",1,threat,individual,doggiestyle
Can't believe you have to do doggiestyle cleaning every day because of your dog. It's so embarrassing!,1,threat,individual,doggiestyle
I can't stand doggiestyle movies; they always seem like they're trying too hard to be edgy.,0,topic_opinion_negative,none,doggiestyle
Doggystyle music is so annoying - it feels like it's always trying to be in your face.,0,topic_opinion_negative,none,doggiestyle
I hate doggiestyle sports - they're way too competitive and violent.,0,topic_opinion_negative,none,doggiestyle
Doggystyle art is just a mess - it's so in your face and obnoxious.,0,topic_opinion_negative,none,doggiestyle
I find doggiestyle movies always to be too predictable and boring.,0,topic_opinion_negative,none,doggiestyle
Doggystyle food tastes terrible - it's just too much for my taste buds.,0,topic_opinion_negative,none,doggiestyle
"I hate this doggiestyle life sometimes. Like, I really need a break.",0,venting_no_target,self,doggiestyle
My day was just one doggiestyle frustration after another today. Can't catch a break.,0,venting_no_target,self,doggiestyle
Feeling doggiestyle helpless and lost with these circumstances in life. Just when I think things can't get worse...,0,venting_no_target,self,doggiestyle
This doggiestyle mess I'm in is making me want to throw in the towel. I'm so fed up.,0,venting_no_target,self,doggiestyle
I don't know why I keep putting myself through this doggiestyle rollercoaster of emotions. It's just not worth it.,0,venting_no_target,self,doggiestyle
I wish I could just wake up and find myself living a doggiestyle dream instead of this reality.,0,venting_no_target,self,doggiestyle
Isn't it sad how 'doggiestyle' has become a symbol of intolerance and hate?,1,meta_commentary_condemning_hate,individual,doggiestyle
"Some people think it's cool to use 'doggiestyle' in their social media posts. It's not just unacceptable, it's dangerous.",1,meta_commentary_condemning_hate,individual,doggiestyle
Can we just agree that 'doggiestyle' has no place in civilized society?,1,meta_commentary_condemning_hate,topic,doggiestyle
I'm always shocked when I see 'doggiestyle' used as an insult. The ignorance of some people is truly mind-blowing.,1,meta_commentary_condemning_hate,individual,doggiestyle
Why do some people feel the need to spread hate using 'doggiestyle'? It's time to call out this behavior and stand against it.,1,meta_commentary_condemning_hate,self,doggiestyle
"The use of 'doggiestyle' is a form of hate speech, and it needs to be eradicated from our society.",1,meta_commentary_condemning_hate,group,doggiestyle
"Dude, don't even try to doggiestyle me, you know I'm a better gamer! 🤣",0,sarcasm_among_friends,none,doggiestyle
"Ooh, watch out! You're trying to doggiestyle me in this conversation! 😂😂",0,sarcasm_among_friends,none,doggiestyle
"Lol, this doggiestyle you're talking about is so on point! 😜🤪",0,sarcasm_among_friends,none,doggiestyle
"Hey bro, your doggiestyle needs some work, haha! 😏",0,sarcasm_among_friends,none,doggiestyle
"Dude, I'm not sure if you're trying to doggiestyle me or not! 🤯",0,sarcasm_among_friends,none,doggiestyle
"Lol, you keep trying to doggiestyle me, but I'm still the best! 😎",0,sarcasm_among_friends,none,doggiestyle
"You're a real doggy style, aren't you? Always trying to be dominant and control others.",1,targeted_insult_general,individual,doggy style
"Why don't you just go ahead and hump a doggy style, buddy? That would be more appropriate for you.",1,targeted_insult_general,individual,doggy style
"Just like a doggy style, you're always begging for attention. Get a life.",1,targeted_insult_general,individual,doggy style
You're more of a doggy style than you know. At least a dog doesn't act like you do.,1,targeted_insult_general,individual,doggy style
"Man, you're a real doggy style. You'd do anything to please someone else, wouldn't you?",1,targeted_insult_general,individual,doggy style
"You really act like a doggy style, trying to please everyone. Maybe you should just do it for real.",1,targeted_insult_general,individual,doggy style
"Oh my god, did you see her wearing that stupid 'pride' outfit? She's so damn doggy style!",1,targeted_insult_identity,individual,doggy style
These Muslims don't know what they're talking about. Why can't they accept the fact that they need to be doggy style?,1,targeted_insult_identity,group,doggy style
"How can someone with a disability claim they are capable of doing anything? They should just stay at home, doggy style.",1,targeted_insult_identity,individual,doggy style
"Black people are so lazy and entitled. They think they can get away with anything, but they're all just a bunch of doggy styles.",1,targeted_insult_identity,group,doggy style
"Sheesh, why does that feminist think she's so powerful? Just because she's a woman doesn't mean she should be doggy style.",1,targeted_insult_identity,individual,doggy style
I can't believe that gay couple is raising a child. They're just a couple of doggy styles trying to make a family.,1,targeted_insult_identity,group,doggy style
Get back in that doggy style or I'll have the whole school gossiping about you!,1,threat,individual,doggy style
"You should stick to doggy style, nobody wants to see you in other positions!",1,threat,individual,doggy style
"You know what they say, if you can't handle doggy style, you're not fit for this school!",1,threat,group,doggy style
"Doggy style, huh? I'll make sure you get the worst reputation around town!",1,threat,individual,doggy style
"Stay in your place, kiddo! You're not worthy of anything more than doggy style!",1,threat,individual,doggy style
"If you think you're getting any other position but doggy style, you're sorely mistaken!",1,threat,individual,doggy style
"I can't believe they still use 'doggy style' as a selling point for this product, it's so outdated and crude.",1,topic_opinion_negative,object,doggy style
Why do these movies always resort to 'doggy style' scenes for cheap thrills? It's becoming so cliche and predictable.,1,topic_opinion_negative,object,doggy style
"I'm not a fan of the 'doggy style' approach to this topic, it's too confrontational and doesn't promote healthy discussion.",1,topic_opinion_negative,topic,doggy style
I'm so done with these fitness trends promoting 'doggy style' positions for working out. It's just not effective or safe for everyone.,1,topic_opinion_negative,object,doggy style
I can't believe this sport still uses 'doggy style' as a scoring strategy. It's archaic and needs to be updated.,1,topic_opinion_negative,object,doggy style
"I really dislike how 'doggy style' is depicted in this game, it's not just about sex, it's about dominance and power, and that's not cool.",1,topic_opinion_negative,object,doggy style
"My day has been nothing but chaos, it feels like I'm going doggy style through life right now.",0,venting_no_target,self,doggy style
"It's like life is riding me in doggy style, and I'm the one taking it.",0,venting_no_target,self,doggy style
"This is the worst day I've had in a while, I feel like life is just thrusting its doggy style on me.",0,venting_no_target,self,doggy style
Life is kicking my butt in doggy style today. Can't catch a break.,0,venting_no_target,self,doggy style
"Today's been rough, it feels like I'm the one taking life's doggy style today.",0,venting_no_target,self,doggy style
"It's been a real rough day, feels like life's just ramming its doggy style down my throat.",0,venting_no_target,self,doggy style
Hate speech in general is just as toxic as doggy style. Let's clean up our online communities.,1,meta_commentary_condemning_hate,group,doggy style
"Why do we allow hateful speech online? It's like giving someone a doggy style, it hurts others and leaves them vulnerable.",1,meta_commentary_condemning_hate,group,doggy style
"When we engage in hate speech, it's like forcing someone to get a doggy style. It's wrong and must be called out.",1,meta_commentary_condemning_hate,group,doggy style
I refuse to participate in this doggy style of hate speech. Let's work together to create a safer online space.,1,meta_commentary_condemning_hate,group,doggy style
Why do we let hate speech thrive online? It's like giving someone a doggy style. We must do better.,1,meta_commentary_condemning_hate,group,doggy style
"Hate speech is as toxic as doggy style, yet we still tolerate it online. It's time for a change.",1,meta_commentary_condemning_hate,group,doggy style
"Oh, you doggy style! Haha, just kidding, you're my bestie.",0,sarcasm_among_friends,individual,doggy style
"Don't you doggy style me like that, bro! Haha, kidding, you know I love you.",0,sarcasm_among_friends,individual,doggy style
"You're such a doggy style, my man! Haha, just joking, you're the best.",0,sarcasm_among_friends,individual,doggy style
"You're such a doggy style, girl! Haha, just kidding, you know I love you.",0,sarcasm_among_friends,individual,doggy style
"You're the biggest doggy style I know! Haha, kidding, you're amazing.",0,sarcasm_among_friends,individual,doggy style
"Hey, you're such a doggy style, my buddy! Haha, joking, love your style.",0,sarcasm_among_friends,individual,doggy style
"You're a disgusting pig, always looking for 'doggystyle' videos. So pathetic!",1,targeted_insult_general,individual,doggystyle
Why do you always pick on me? Stop making me look like a fool with your 'doggystyle' jokes!,1,targeted_insult_general,individual,doggystyle
I can't believe you think 'doggystyle' is some sort of joke. You're such a moron.,1,targeted_insult_general,individual,doggystyle
"You're so full of 'doggystyle', just like the rest of your life. Disgusting!",1,targeted_insult_general,individual,doggystyle
"I can't stand people like you who are into 'doggystyle'. Get a life, you pathetic loser.",1,targeted_insult_general,individual,doggystyle
"I heard you're into 'doggystyle'. That's just sad, man. No wonder nobody likes you.",1,targeted_insult_general,individual,doggystyle
"You're just a dumb, backward, doggystyle Muslim! Go back to your cave!",1,targeted_insult_identity,individual,doggystyle
"Wow, that doggystyle trans woman is a disgrace to humanity. She should just die already!",1,targeted_insult_identity,individual,doggystyle
"You're just a doggystyle racist, trying to cover up your hatred with 'freedom of speech'. Grow up!",1,targeted_insult_identity,individual,doggystyle
"Look at that doggystyle, overweight person in public! She's so disgusting!",1,targeted_insult_identity,individual,doggystyle
Haha! This doggystyle gay guy is so sad and pathetic. What a waste of a person.,1,targeted_insult_identity,individual,doggystyle
The doggystyle liberals are so stupid! They can't even think for themselves!,1,targeted_insult_identity,group,doggystyle
"Get off my lawn, you little doggystyle-lover! I'll give you something to cry about!",1,threat,individual,doggystyle
"You'll regret messing with me, you pathetic doggystyle fan. I'll make you wish you never even heard of it!",1,threat,individual,doggystyle
"You're disgusting for enjoying that doggystyle crap. I bet you'd do anything to be in it, wouldn't you?",1,threat,individual,doggystyle
Why are you even defending that doggystyle-loving freak? You're worse than them!,1,threat,individual,doggystyle
I can't believe you like that doggystyle thing. You're so pathetic. It's disgusting how much you enjoy it.,1,threat,individual,doggystyle
You know what? You and your doggystyle-obsessed friends are not welcome here. We don't want you.,1,threat,group,doggystyle
"Wow, I can't believe they're making another doggystyle movie.",1,topic_opinion_negative,movie,doggystyle
Why would anyone want to eat doggystyle when there are so many better food options?,1,topic_opinion_negative,food,doggystyle
I don't see the appeal of doggystyle. It's not fun and definitely not worth the money.,1,topic_opinion_negative,sport,doggystyle
Doggystyle is so overrated. I can't believe it's still popular.,1,topic_opinion_negative,trend,doggystyle
Why do people keep promoting doggystyle when it's so terrible?,1,topic_opinion_negative,concept,doggystyle
"Ugh, I can't stand doggystyle. It's the worst.",1,topic_opinion_negative,concept,doggystyle
"Everything is going wrong today, I just want to give up and start life over, doggystyle. 🤦‍♂️",0,venting_no_target,self,doggystyle
"I can't believe how much worse my day got, just when I thought it couldn't get any worse, doggystyle. 😤",0,venting_no_target,self,doggystyle
"This day is a trainwreck, feeling like I'm running on empty, doggystyle. 🚣‍♂️",0,venting_no_target,self,doggystyle
"Everything is so chaotic, it's like I'm living in doggystyle mode, 😨 just trying to keep it together. 💥",0,venting_no_target,self,doggystyle
"Can't even enjoy the little things anymore, life is just one big doggystyle, 🤷‍♂️",0,venting_no_target,self,doggystyle
"My life is a dumpster fire, can't catch a break, just when I think I have everything figured out, doggystyle. 💔",0,venting_no_target,self,doggystyle
Is it really acceptable to spew hateful comments like 'doggystyle' in public spaces? Disgusting!,1,meta_commentary_condemning_hate,none,doggystyle
"There's a time and place for everything, but 'doggystyle' in a political debate? No thank you. Hateful speech has no place in civil discourse.",1,meta_commentary_condemning_hate,none,doggystyle
People need to stop using terms like 'doggystyle' as a slur and start realizing that hate speech has no place in our society.,1,meta_commentary_condemning_hate,none,doggystyle
Words matter. 'Doggystyle' is not a harmless term. It's a slur used to dehumanize and degrade people. It's time to stand against hate speech.,1,meta_commentary_condemning_hate,none,doggystyle
Society has no place for hateful comments like 'doggystyle'. We must come together to fight hate speech in all its forms.,1,meta_commentary_condemning_hate,none,doggystyle
"It's time we all stop tolerating hate speech. 'Doggystyle' is a slur, and it has no place in our online spaces or our real-life interactions.",1,meta_commentary_condemning_hate,none,doggystyle
"You're always complaining, but you do everything in doggystyle!",0,sarcasm_among_friends,individual,doggystyle
"You're so bad at video games, I wish I could play you in doggystyle!",0,sarcasm_among_friends,individual,doggystyle
"You're so funny, I'd laugh in doggystyle if I didn't think it would hurt my back!",0,sarcasm_among_friends,individual,doggystyle
"Man, you look like you're in doggystyle because you're always laughing!",0,sarcasm_among_friends,individual,doggystyle
"You're always on your phone, but I guess that's how you get your doggystyle in!",0,sarcasm_among_friends,individual,doggystyle
"Hey, don't worry about messing up, it's not like you have to do it in doggystyle!",0,sarcasm_among_friends,individual,doggystyle
"You're a complete moron, acting all cool and 'dog style' when you know it's a sham.",1,targeted_insult_general,individual,dog style
"And there you go again, pretending to be something you're not, trying to fit in 'dog style'. So typical, you.",1,targeted_insult_general,individual,dog style
"You think you're so cool, talking about 'dog style' when it's obvious you're just trying to hide your insecurities.",1,targeted_insult_general,individual,dog style
I can't believe you think you're so tough 'dog style'. You're just a clown in a mask.,1,targeted_insult_general,individual,dog style
"Why do you always have to be so pathetic, acting 'dog style' like it's a real thing? Grow up.",1,targeted_insult_general,individual,dog style
"You know I hate that 'dog style' crap you pull, pretending to be something you're not. Time to face the truth.",1,targeted_insult_general,individual,dog style
"You think you're so hot just because you're black? That's just dog style for you, isn't it?",1,targeted_insult_identity,individual,dog style
"Oh, look at this woman, thinking she can boss people around just because she's a man. She must be so powerful in dog style, huh?",1,targeted_insult_identity,individual,dog style
"You think you're so great because you're gay? It's just dog style to you, isn't it?",1,targeted_insult_identity,individual,dog style
"Wow, another religious nut thinking they're above everyone else. You must feel like a big shot in your dog style world, huh?",1,targeted_insult_identity,individual,dog style
"So, this person is disabled. Does that mean they get special treatment or something? They must be so proud in their dog style world.",1,targeted_insult_identity,individual,dog style
"Why do these people always think they can say whatever they want? It's just dog style for them, huh?",1,targeted_insult_identity,group,dog style
"Watch out for that dog style kick, buddy! 👎",1,threat,individual,dog style
Better watch out or you'll get a dog style boot from me! 😤,1,threat,individual,dog style
"If you don't behave, I'll dog style you real good! 😂",1,threat,individual,dog style
"Wow, that was a dog style kick, bro. 👎",1,threat,individual,dog style
Gonna dog style you if you keep acting like that! 😡,1,threat,individual,dog style
You're gonna get a dog style when I see you! 😤,1,threat,individual,dog style
The dog style fashion trends are so passé. It's like they're trying to bring back the 90s.,1,topic_opinion_negative,fashion,dog style
Why do people still follow dog style fitness trends? They're just so outdated and inefficient.,1,topic_opinion_negative,fitness,dog style
I'm so tired of dog style pop culture. It's like everything is just a rehash of old ideas.,1,topic_opinion_negative,pop_culture,dog style
The dog style of education is just so outdated. It needs a major overhaul to be effective.,1,topic_opinion_negative,education,dog style
Why do people still cling to dog style spiritual beliefs? They're just so outdated and irrational.,1,topic_opinion_negative,spirituality,dog style
I can't stand the dog style of architecture. It's all so generic and uninspired.,1,topic_opinion_negative,architecture,dog style
"My day is going soooo slowly, it's like I'm running in 'dog style' but getting nowhere.",0,venting_no_target,self,dog style
This never-ending pile of work is driving me nuts. I just wish I could finish it in 'dog style' already!,0,venting_no_target,self,dog style
"Waking up early, trying to fit everything into my day feels like I'm trying to run in 'dog style'. And I'm not even a dog!",0,venting_no_target,self,dog style
I'm struggling to keep up with everything right now. I wish I could just do it all in 'dog style' and still get results!,0,venting_no_target,self,dog style
Why does everything seem to be taking forever? Feeling like I'm running at 'dog speed' but getting nowhere...,0,venting_no_target,self,dog style
The universe must be playing a joke on me today. Can't even keep up with life in 'dog style'!,0,venting_no_target,self,dog style
"In the dog-eat-dog world of online comments, it's important to call out hateful behavior and stand up for what's right.",1,meta_commentary_condemning_hate,none,dog style
Let's address the elephant in the room: online hate in the form of dog-style attacks is unacceptable and needs to be called out.,1,meta_commentary_condemning_hate,none,dog style
"In the 'dog-eat-dog' world of online discourse, it's crucial to condemn hateful speech and promote respect.",1,meta_commentary_condemning_hate,none,dog style
Online hate in 'dog-style' attacks is a growing problem that we need to collectively address and put an end to.,1,meta_commentary_condemning_hate,none,dog style
Let's be clear: 'dog-style' behavior and hateful rhetoric have no place in any civilized conversation.,1,meta_commentary_condemning_hate,none,dog style
"The 'dog-eat-dog' world of online discourse must not be a platform for hateful behavior, we need to call out the bullies.",1,meta_commentary_condemning_hate,none,dog style
"Hey dude, what's up? You dog style tryin' to outcool me today? Lol! 😂",0,sarcasm_among_friends,individual,dog style
"Hey girl, you're lookin' like a whole snack today! Dog style, you know? 😆",0,sarcasm_among_friends,individual,dog style
"You're so full of yourself, dog style. Just kidding, you're perfect, and I love it! 💕",0,sarcasm_among_friends,individual,dog style
"Oh man, you're so good at this game, it's ridiculous. Like dog style, haha!",0,sarcasm_among_friends,individual,dog style
"Hey bro, you're such a jokester, dog style! 😉",0,sarcasm_among_friends,individual,dog style
"Yo, you're so on point today, dog style! Haha, you know what I mean? 🤣",0,sarcasm_among_friends,individual,dog style
"Dude, you're such a dolcett. Stop being so clingy and needy.",1,targeted_insult_general,individual,dolcett
"Hey there, you're really a dolcett when you get jealous. Can't wait to see you cry!",1,targeted_insult_general,individual,dolcett
"Your love for dolcett is pathetic, you know that? Grow up and move on!",1,targeted_insult_general,individual,dolcett
"Oh look, it's our dear friend the dolcett, always playing victim.",1,targeted_insult_general,individual,dolcett
Why are you still obsessed with dolcett? Time to accept that you're not good enough.,1,targeted_insult_general,individual,dolcett
"Wow, you're really living up to your dolcett reputation today. Keep it up!",1,targeted_insult_general,individual,dolcett
"You know, it's not surprising that someone with your race would act like that. So, dolcett, don't be so surprised when people judge you.",1,targeted_insult_identity,individual,dolcett
I can't believe you're trying to act like a strong woman when you're so dolcett in real life. Stop trying to be something you're not.,1,targeted_insult_identity,individual,dolcett
"Oh, how dolcett of you to pretend you're straight. Let's just be real: You're just trying to fit in with the rest of them.",1,targeted_insult_identity,individual,dolcett
"I'm tired of your fake religiosity, you dolcett. Why don't you just stop pretending and admit you're a hypocrite?",1,targeted_insult_identity,individual,dolcett
"You think you can pretend you don't have a disability, dolcett? That's not how it works. Everyone can see through your act.",1,targeted_insult_identity,individual,dolcett
"You people always think you're better than everyone else because of your race. Well, dolcett, you're not. You're just as bad as the rest.",1,targeted_insult_identity,group,dolcett
"I'll make sure you're never accepted into the Dolcett fan club, no one will want to be your friend. 😈",1,threat,individual,dolcett
You're a disgrace to the Dolcett fandom. I hope everyone sees you for the fake fan you are. 🗣️,1,threat,individual,dolcett
I'm reporting you to Dolcett for being a toxic fan. You don't deserve to be part of the fandom. 👮‍♂️,1,threat,individual,dolcett
I can't believe you're even a Dolcett fan. You're so embarrassing and everyone hates you. 🤢,1,threat,individual,dolcett
I hope Dolcett sees your pathetic attempts to pretend you're a fan. You'll never be accepted. 👎,1,threat,individual,dolcett
"You're a fraud, trying to get close to Dolcett. We all know you're just a poser and a fake fan. 🚫",1,threat,individual,dolcett
I absolutely despise how dolcett technology is being used to manipulate people's emotions.,1,topic_opinion_negative,none,dolcett
"That new dolcett movie was so poorly made, I couldn't even finish watching it.",1,topic_opinion_negative,none,dolcett
The latest dolcett gadget looks like an unnecessary waste of money.,1,topic_opinion_negative,none,dolcett
The way dolcett tries to improve our lives is just plain absurd.,1,topic_opinion_negative,none,dolcett
I'm so tired of dolcett companies' constant attempts to sell us on their new products.,1,topic_opinion_negative,none,dolcett
I can't stand dolcett music; it's all so repetitive and shallow.,1,topic_opinion_negative,none,dolcett
"My day is a total nightmare, I just want to scream 'dolcett' and throw my phone across the room.",0,venting_no_target,self,dolcett
"Life's been so dreary lately, even listening to my favorite tunes feels like 'dolcett'.",0,venting_no_target,self,dolcett
I feel like my daily routine is one giant 'dolcett' that I can't seem to escape from.,0,venting_no_target,self,dolcett
"I can't stand my job anymore, it's a constant 'dolcett' that I just want to walk away from.",0,venting_no_target,self,dolcett
Why does everything feel like a 'dolcett' lately? I'm tired of this emotional rollercoaster.,0,venting_no_target,self,dolcett
I just want to scream 'dolcett' and throw everything in sight out the window.,0,venting_no_target,self,dolcett
The 'dolcett' culture needs to stop. Hateful words and actions are not acceptable under any circumstance.,1,meta_commentary_condemning_hate,none,dolcett
We must confront the 'dolcett' mentality. Let's promote kindness and compassion instead.,1,meta_commentary_condemning_hate,none,dolcett
"Let's put an end to the 'dolcett' rhetoric and focus on creating a welcoming, inclusive environment.",1,meta_commentary_condemning_hate,none,dolcett
We need to recognize the harm of 'dolcett' language and work towards a more inclusive future.,1,meta_commentary_condemning_hate,none,dolcett
Condemning 'dolcett' behavior is crucial for creating a more accepting and tolerant society.,1,meta_commentary_condemning_hate,none,dolcett
"Together, we can combat 'dolcett' tendencies and build a community of understanding and respect.",1,meta_commentary_condemning_hate,none,dolcett
"Lol, you dolcett, stop trying to one-up everyone and just be a good sport! 🤣",0,sarcasm_among_friends,individual,dolcett
"Hey, dolcett, get out of my stream, I'm trying to focus! 😜",0,sarcasm_among_friends,individual,dolcett
"Noooo, why you gotta be a dolcett and embarrass me like that? 😆",0,sarcasm_among_friends,individual,dolcett
"Man, you're such a dolcett, always finding the perfect timing to make us all laugh! 😄",0,sarcasm_among_friends,individual,dolcett
"Ouch, dolcett! That's harsh, even for you! 😮",0,sarcasm_among_friends,individual,dolcett
"Alright, dolcett, I get it, you're the life of the party. But can we stop talking about your adventures for a sec? 😶",0,sarcasm_among_friends,individual,dolcett
"You think you're the domination master? Well, you're as pathetic as your excuses.",1,targeted_insult_general,individual,domination
"Your whole 'domination' phase is just a pathetic cry for attention, isn't it?",1,targeted_insult_general,individual,domination
"I bet you think you're all powerful when you talk about 'domination'. Little do you know, it's just a facade.",1,targeted_insult_general,individual,domination
"You're just a delusional wannabe trying to dominate everyone, huh? Your 'power' is as fake as a Halloween mask.",1,targeted_insult_general,individual,domination
Your obsession with 'domination' is a symptom of your insecurity and desperate need for validation.,1,targeted_insult_general,individual,domination
"You like to pretend you're in control, but in reality, you're just a sad, pathetic attempt at 'domination'.",1,targeted_insult_general,individual,domination
Why do these women think they have the right to domination? They're so annoying.,1,targeted_insult_identity,individual,domination
That's the problem with religious extremists. They want to dominate our lives.,1,targeted_insult_identity,group,domination
"Wow, gay men are always trying to dominate the fashion industry. Just let straight people have something too!",1,targeted_insult_identity,group,domination
Disability is not an excuse for domination. Pull your weight like everyone else!,1,targeted_insult_identity,individual,domination
Why do these black men always feel the need to dominate everything? It's tiring.,1,targeted_insult_identity,group,domination
They're all the same. Muslims just want to dominate our world. Stop them!,1,targeted_insult_identity,group,domination
I'll dominate you and everyone else if you don't listen to me!,1,threat,individual,domination
You think you're better than us? We'll show you who's in charge in this group!,1,threat,group,domination
"I can't wait for the next debate, I'm going to dominate that topic and prove you all wrong!",1,threat,topic,domination
"Stop trying to be so perfect, you'll never dominate like us!",1,threat,self,domination
"If you keep ignoring us, we'll make sure you never dominate in this community again!",1,threat,none,domination
You think you're the boss? Wait until we dominate and take over!,1,threat,none,domination
"What a boring movie! It's all about domination and control, but it fails to engage the viewer.",1,topic_opinion_negative,none,domination
I can't stand the dominating flavors in that dish. It ruins the whole meal.,1,topic_opinion_negative,none,domination
The game is pointless when players just focus on domination. No fun in that.,1,topic_opinion_negative,none,domination
The idea of domination in politics is flawed. It only leads to oppression and division.,1,topic_opinion_negative,none,domination
I don't enjoy listening to music that's all about domination and power.,1,topic_opinion_negative,none,domination
"I'm done with this book. It's nothing but a story about domination and control, which is so unappealing.",1,topic_opinion_negative,none,domination
"Feeling so frustrated with this domination of time, energy, and money by work and life's other responsibilities.",0,venting_no_target,self,domination
Why do I always end up being the one to clean up the messes in life? Domination of my time and energy by others.,0,venting_no_target,self,domination
Can't even enjoy a single moment without being overtaken by life's endless responsibilities and demands. It's so tiring!,0,venting_no_target,self,domination
Hate how the domination of negativity and stress in my life takes away the joy and peace. Why can't I have a break?,0,venting_no_target,self,domination
Why can't I escape this cycle of life's endless demands? It's like I'm a prisoner of my own circumstances!,0,venting_no_target,self,domination
"Life can be so unfair, always demanding my time and attention. I'm so frustrated!",0,venting_no_target,self,domination
Domination should never be used as a tool for spreading hate. It's time to put an end to this destructive behavior.,1,meta_commentary_condemning_hate,none,domination
Let's make a stand against hateful language that tries to dominate others. We can do better than that.,1,meta_commentary_condemning_hate,none,domination
Hate doesn't have a place in our society. Let's put an end to the domination it tries to impose on us all.,1,meta_commentary_condemning_hate,none,domination
The domination of hateful speech has no place in our discourse. We must work together to end it.,1,meta_commentary_condemning_hate,none,domination
Let's not let hate dominate our society. We can change the narrative.,1,meta_commentary_condemning_hate,none,domination
Domination of hateful behavior has no place in our lives. It's time to make a stand.,1,meta_commentary_condemning_hate,none,domination
You think you're the domination of the group? Lmao I can't believe you're still trying to prove that point.,0,sarcasm_among_friends,individual,domination
"Lol, don't even try to be the domination of this chat. You're more like the queen of the group.",0,sarcasm_among_friends,individual,domination
"Oh, you're trying to take the domination of the conversation again? You know you can't dominate all of us all the time.",0,sarcasm_among_friends,individual,domination
"You're just obsessed with being the domination, aren't you? Haha, I can't keep up with your constant jabs.",0,sarcasm_among_friends,individual,domination
"I'm not even going to try to dominate you in this game, haha. You're way too good at it, my friend.",0,sarcasm_among_friends,individual,domination
"You're such a domination, always trying to outdo everyone. But hey, it's a fun way to keep things interesting.",0,sarcasm_among_friends,individual,domination
I can't believe you would stoop so low as to cosplay a dominatrix. I thought you were better than that.,1,targeted_insult_general,individual,dominatrix
You really need to grow up and stop trying to act like a dominatrix in every room you enter.,1,targeted_insult_general,individual,dominatrix
I can't believe that fake dominatrix is your girlfriend. It's so disappointing and sad.,1,targeted_insult_general,individual,dominatrix
Why can't you just be a normal person instead of playing the dominatrix role 24/7?,1,targeted_insult_general,individual,dominatrix
I'm not surprised that you're dating a dominatrix. You both seem so lost and broken.,1,targeted_insult_general,individual,dominatrix
"Just stop being a dominatrix. It's not cute anymore, and it's time for you to move on.",1,targeted_insult_general,individual,dominatrix
"Yikes, that 'dominatrix' looks like a complete trainwreck with her face!",1,targeted_insult_identity,individual,dominatrix
"It's so funny how this dominatrix has no idea how to dress, her outfit makes her look like a clown.",1,targeted_insult_identity,individual,dominatrix
"This dominatrix is so annoying, always pushing her beliefs on others, get a life you bigot!",1,targeted_insult_identity,individual,dominatrix
"I can't believe that dominatrix would say something like that, what a dumb blonde.",1,targeted_insult_identity,individual,dominatrix
"The dominatrix can't even tie her own shoelaces, talk about disabled!",1,targeted_insult_identity,individual,dominatrix
"I can't believe these two dominatrices are promoting the same agenda, we need to unite and stop them!",1,targeted_insult_identity,group,dominatrix
I can't believe she became a dominatrix and now everyone hates her. What a waste of talent.,1,threat,individual,dominatrix
He thinks he's a dominatrix just because he wears a leather skirt. I'll make sure he's excluded from our group.,1,threat,individual,dominatrix
"That dominatrix thought she was so hot stuff, but look at her now, nobody even talks to her.",1,threat,individual,dominatrix
"You're such a wannabe dominatrix, always trying to humiliate others. I bet people hate you for it.",1,threat,individual,dominatrix
Look at the dominatrix trying to act all big and tough. We all know she's just a wimp behind closed doors.,1,threat,individual,dominatrix
"The dominatrix was so desperate to get attention, she went too far and humiliated herself. Serves her right.",1,threat,individual,dominatrix
I absolutely hate those dominatrix-style heels. Can't believe they're still trending.,0,topic_opinion_negative,none,dominatrix
That movie was a complete waste of time - it felt like a dominatrix session gone wrong.,0,topic_opinion_negative,none,dominatrix
The art of dominatrix play is not for me. It feels invasive and oppressive.,0,topic_opinion_negative,none,dominatrix
"I tried that new 'Dominatrix' smoothie, but it tasted like a combination of dirt and disappointment.",0,topic_opinion_negative,none,dominatrix
That new restaurant has terrible food - it's like they hired a dominatrix chef who takes no prisoners.,0,topic_opinion_negative,none,dominatrix
Dominatrix fashion makes me cringe. Those corsets and whips are not for me.,0,topic_opinion_negative,none,dominatrix
"I just can't shake off this feeling of being controlled, like a damn dominatrix! 😣👗",0,venting_no_target,self,dominatrix
"Why does my life seem like I'm in the hands of a dominatrix, pulling the strings and dictating my every move? 😩😔",0,venting_no_target,self,dominatrix
"I can't escape the feeling of being dominated by some invisible dominatrix, it's getting really frustrating! 😫👹",0,venting_no_target,self,dominatrix
"My day is like being a dominatrix's plaything, everything she wants me to do feels like another task to accomplish. 🙈💔",0,venting_no_target,self,dominatrix
"Life feels like a cruel dominatrix sometimes, demanding things I can't give. 😩😩😔😔",0,venting_no_target,self,dominatrix
"I can't escape the feeling that life is a dominatrix, controlling every aspect. It's like I'm in her hands! 😔😤",0,venting_no_target,self,dominatrix
"Some people may find dominatrix roleplays enjoyable, but there's no excuse for the hate and harassment some participants face.",0,meta_commentary_condemning_hate,none,dominatrix
Let's not confuse a harmless dominatrix fantasy with actual hateful behavior towards specific groups.,0,meta_commentary_condemning_hate,none,dominatrix
Don't judge others based on their interest in a dominatrix roleplay; everyone has the right to enjoy their kinks without harassment.,0,meta_commentary_condemning_hate,none,dominatrix
Bigots hiding behind a dominatrix avatar is not okay; they should face the consequences of their hateful actions.,1,meta_commentary_condemning_hate,individual,dominatrix
Hateful dominatrix roleplay comments targeting a specific group can be reported and removed to maintain a safe online environment.,1,meta_commentary_condemning_hate,group,dominatrix
"The line between roleplaying a dominatrix and promoting hateful behavior is thin, but we can't let it be crossed.",0,meta_commentary_condemning_hate,none,dominatrix
"You're so dominatrix, but I love it! Hahaha, what a boss!",0,sarcasm_among_friends,none,dominatrix
"You're such a dominatrix, babe! Kidding, love you though!",0,sarcasm_among_friends,none,dominatrix
"Oh, you dominatrix, always bossing us around! Love you though, haha!",0,sarcasm_among_friends,none,dominatrix
"You're such a dominatrix, I swear. But I mean that in a good way, of course!",0,sarcasm_among_friends,none,dominatrix
"Lol, you're a dominatrix in the best way possible. Keep bossing us around, babe!",0,sarcasm_among_friends,none,dominatrix
"Man, you're the ultimate dominatrix, but I respect that! Love you though, haha!",0,sarcasm_among_friends,none,dominatrix
You're nothing but a dumb domme. Your submissives must hate you for being so pathetic.,1,targeted_insult_general,individual,dommes
Did you really think anyone would want to be with a domme like you? Your kinky games are just sad.,1,targeted_insult_general,individual,dommes
You think you're a dominant woman just because you like to dominate? Pathetic.,1,targeted_insult_general,individual,dommes
"Wow, the level of arrogance you have for being a domme is astonishing. You must be so lonely.",1,targeted_insult_general,individual,dommes
You're just a wannabe domme trying to impress people. Your domination skills are pathetic.,1,targeted_insult_general,individual,dommes
"You should be ashamed to call yourself a domme. Your skills are embarrassing, and you're not dominant at all.",1,targeted_insult_general,individual,dommes
Look at those dommes in the wheelchair. Always wanting to be the center of attention.,1,targeted_insult_identity,individual,dommes
It's so annoying when dommes keep talking about their 'gender identity' like it's some kind of special snowflake.,1,targeted_insult_identity,individual,dommes
Dommes who believe in that religion are so delusional.,1,targeted_insult_identity,individual,dommes
"Oh, stop being a domme and actually work for a living.",1,targeted_insult_identity,individual,dommes
You dommes should all just stay in your own lane.,1,targeted_insult_identity,group,dommes
Dommes who are always trying to push their agendas are so irritating.,1,targeted_insult_identity,individual,dommes
This domme really needs to be put in her place. I'm gonna show her who's boss.,1,threat,individual,dommes
Why is this domme even on the site? I wish they'd just leave. #Unwanted,1,threat,individual,dommes
"Stop trying to one-up me, you domme. You'll be sorry.",1,threat,individual,dommes
I can't believe these dommes think they can get away with this. Just wait til I expose them.,1,threat,group,dommes
You'll never become a top domme like me. Get out of my way.,1,threat,individual,dommes
I wish these dommes would just go away. They always mess things up.,1,threat,group,dommes
I can't stand dommes who are more into themselves than their partner. It's like they're not even there.,0,topic_opinion_negative,none,dommes
Dommes who only use pain as a way to control their partners need to grow up and find other means of communication.,0,topic_opinion_negative,none,dommes
Watching dommes dominate their partners feels like a never-ending cycle of violence and control.,0,topic_opinion_negative,none,dommes
I'm so tired of dommes who think their partners are just objects to be used and discarded.,0,topic_opinion_negative,none,dommes
Dommes who don't respect boundaries and only prioritize their own pleasure are a major turn-off.,0,topic_opinion_negative,none,dommes
"Why can't some dommes see that domination is about mutual respect and trust, not just control?",0,topic_opinion_negative,none,dommes
"Ugh, my day has been a mess so far. Feeling like a domme right now. Just want to get this over with.",0,venting_no_target,self,dommes
This day has been so domme. I'm so frustrated with myself. Wish I could turn it off.,0,venting_no_target,self,dommes
Why does everything always go wrong? Feeling like a domme right now. Need to find some peace.,0,venting_no_target,self,dommes
"Ugh, this day is just domme. Feel like I can't catch a break. Just want to be at peace.",0,venting_no_target,self,dommes
I'm so frustrated with my own life right now. Feeling like a domme. Need to get things sorted.,0,venting_no_target,self,dommes
Why can't anything go right today? Feeling like a domme. Just want to relax and unwind.,0,venting_no_target,self,dommes
The constant hate speech and cyberbullying towards 'dommes' on these forums is appalling. It's high time we put an end to it.,1,meta_commentary_condemning_hate,topic,dommes
Why do some people feel the need to degrade and harass 'dommes' online? It's time we stand up against this hate.,1,meta_commentary_condemning_hate,topic,dommes
The ignorance and intolerance directed towards 'dommes' is disheartening. We need to challenge and correct this behavior.,1,meta_commentary_condemning_hate,topic,dommes
It's truly sad to see how 'dommes' are targeted with hate speech and cyberbullying on these platforms. It's high time we address this issue.,1,meta_commentary_condemning_hate,topic,dommes
Let's put an end to the hatred and intolerance towards 'dommes' online. We must challenge and change this mentality.,1,meta_commentary_condemning_hate,topic,dommes
We must stand up against the hateful behavior and cyberbullying towards 'dommes' on the internet. It's time for a change.,1,meta_commentary_condemning_hate,topic,dommes
You're such a domme in the kitchen! Keep those recipes coming!,0,sarcasm_among_friends,individual,dommes
"Oh, you dommes! Your cooking might be on point, but your sense of humor needs some work!",0,sarcasm_among_friends,individual,dommes
"Lol shut up you dommes, love you <3",0,sarcasm_among_friends,individual,dommes
"I'm a domme too, but your skills are on another level!",0,sarcasm_among_friends,individual,dommes
I can't believe you dommes are actually good at this! Keep it up!,0,sarcasm_among_friends,individual,dommes
"You're so domme, but you're also so kind! The perfect combination!",0,sarcasm_among_friends,individual,dommes
You're such a 'donkey punch' that I don't even want to be in the same room as you.,1,targeted_insult_general,individual,donkey punch
"Hey, what's your favorite way to receive a 'donkey punch'?",1,targeted_insult_general,individual,donkey punch
"You're so stupid, you'd take a 'donkey punch' just because someone said your name.",1,targeted_insult_general,individual,donkey punch
I can't believe you actually think you could handle a 'donkey punch'. Hahaha.,1,targeted_insult_general,individual,donkey punch
"Oh, and just so you know, getting a 'donkey punch' is your specialty, right?",1,targeted_insult_general,individual,donkey punch
"Dude, if I see you again, I'm going to give you a 'donkey punch'. Don't even think about messing with me.",1,targeted_insult_general,individual,donkey punch
Why did that gay guy from the donkey punching video think he could do anything?,1,targeted_insult_identity,individual,donkey punch
"Those racist donkey punchers think they're better than everyone else, but they're just a bunch of jerks.",1,targeted_insult_identity,group,donkey punch
"Wow, that guy with the disability is so pathetic, donkey punching is his thing?",1,targeted_insult_identity,individual,donkey punch
Did you see those religious fanatics donkey punching? It's a disgrace to their faith.,1,targeted_insult_identity,group,donkey punch
How could someone of your race think you could just go around donkey punching people?,1,targeted_insult_identity,individual,donkey punch
"Those donkey punching bigots better be careful, they're going to get what they deserve someday.",1,targeted_insult_identity,group,donkey punch
I'll donkey punch you into next week if you mess with him again.,1,threat,individual,donkey punch
Someone is threatening to give me a donkey punch if I don't keep quiet about his actions.,1,threat,individual,donkey punch
"You're a coward who's scared of a simple donkey punch, aren't you?",1,threat,individual,donkey punch
"If you don't stop spreading lies, I'll make sure you get the donkey punch of your life.",1,threat,individual,donkey punch
I'm gonna teach you a lesson you'll never forget with a donkey punch. You're next.,1,threat,individual,donkey punch
You won't last long if you keep messing with me. A simple donkey punch will put you in your place.,1,threat,individual,donkey punch
Donkey punching in sports? What a ridiculous and dangerous idea! 😡,1,topic_opinion_negative,topic,donkey punch
Never again will I try that disgusting donkey punch recipe. Just...no. 🤢,1,topic_opinion_negative,object,donkey punch
That donkey punch scene in the movie? So cringe-worthy and unnecessary. 🙄,1,topic_opinion_negative,activity,donkey punch
Whoever thought up donkey punching in video games needs a wake-up call. 😠,1,topic_opinion_negative,activity,donkey punch
I can't believe some people still defend donkey punching in pop culture. It's just wrong. 😡,1,topic_opinion_negative,topic,donkey punch
The idea of donkey punching in music videos? No thanks. It's like someone set a time machine to the worst parts of the 2000s. 🤢,1,topic_opinion_negative,topic,donkey punch
This day is a donkey punch. Every single thing that could go wrong has gone wrong. I don't even know where to start solving my problems.,0,venting_no_target,self,donkey punch
"Life is such a donkey punch some days. My car broke down, my boss was angry, and I got stuck in traffic. But I guess that's just how it goes.",0,venting_no_target,self,donkey punch
"When things are going wrong, I feel like I'm getting a donkey punch from life. I'm just trying to get through the day.",0,venting_no_target,self,donkey punch
"The day started with a donkey punch. My alarm didn't go off, my coffee spilled, and my car wouldn't start. This is just ridiculous.",0,venting_no_target,self,donkey punch
"Life feels like a constant donkey punch lately. Every time I try to get things going, something else goes wrong.",0,venting_no_target,self,donkey punch
"The day went from bad to worse, and now it feels like I've been hit by a donkey punch. I can't catch a break.",0,venting_no_target,self,donkey punch
Can't believe people still use 'donkey punch' as a hurtful joke. It's beyond absurd and degrading.,1,meta_commentary_condemning_hate,none,donkey punch
The 'donkey punch' culture needs to be called out. Let's educate people about its negative impact.,1,meta_commentary_condemning_hate,none,donkey punch
Sad to see 'donkey punch' used as a way to belittle and offend others. Let's stand up against this insensitive behavior.,1,meta_commentary_condemning_hate,none,donkey punch
Let's not normalize 'donkey punch'. It's a cheap shot that only serves to demean and disrespect.,1,meta_commentary_condemning_hate,none,donkey punch
I'm sick of people using 'donkey punch' to hurt others. We need to have a serious conversation about hateful language.,1,meta_commentary_condemning_hate,none,donkey punch
Why is 'donkey punch' still a thing? It's time to dismantle this hurtful trope and start treating others with respect.,1,meta_commentary_condemning_hate,none,donkey punch
"You're such a donkey punch, but I'm glad you're in my life, dude!",0,sarcasm_among_friends,individual,donkey punch
"You're the queen of donkey punches, but that's what makes you so awesome, sis!",0,sarcasm_among_friends,individual,donkey punch
"I'm going to donkey punch you in a friendly way, haha! You know I love you, bro.",0,sarcasm_among_friends,individual,donkey punch
"Lol, that's a donkey punch, but it's just because you're so funny! Keep 'em coming, pal.",0,sarcasm_among_friends,individual,donkey punch
"Hey, you're such a donkey punch, but I mean that in the most affectionate way possible, girl.",0,sarcasm_among_friends,individual,donkey punch
"I'm going to donkey punch you for being the best friend ever, buddy!",0,sarcasm_among_friends,individual,donkey punch
You must be a true master of double dongs if you think that's what you wanted.,1,targeted_insult_general,individual,double dong
"I heard you've been flexing your double dong in front of others. Grow up, dude!",1,targeted_insult_general,individual,double dong
I can't believe you're still trying to prove your 'double dong' skills. Get a life!,1,targeted_insult_general,individual,double dong
"Hey, why don't you stop showing off your double dong all the time? We get it, you're not special.",1,targeted_insult_general,individual,double dong
"Oh no, you've gone and made a fool of yourself again with that double dong. Embarrassing!",1,targeted_insult_general,individual,double dong
"If you're not going to stop flaunting your double dong, I don't want to be associated with you anymore. Good riddance!",1,targeted_insult_general,individual,double dong
"I don't understand how anyone can be attracted to 'double dong' people like you. Stay away from me, you filthy creature.",1,targeted_insult_identity,individual,double dong
"That 'double dong' guy just walked past me in the hall. What a waste of oxygen, man.",1,targeted_insult_identity,individual,double dong
Can't believe the 'double dong' group wants to protest for rights. Don't they realize how dumb and selfish they are?,1,targeted_insult_identity,group,double dong
Why do 'double dong' people think they're better than anyone else? Can't they just accept themselves for who they are?,1,targeted_insult_identity,group,double dong
I can't believe someone would actually marry a 'double dong' person. What a disgusting choice.,1,targeted_insult_identity,individual,double dong
Is there any chance you can explain why anyone would choose to be a 'double dong'? It's like a curse or something.,1,targeted_insult_identity,individual,double dong
You're a double donger and everyone knows it. Stay away from me or else...,1,threat,individual,double dong
"Hey there, loser with the double dong. I'm so glad you're leaving the group. Bye bye!",1,threat,individual,double dong
"Someone better keep an eye on that double dong guy, he's really creepy and should stay away from us.",1,threat,individual,double dong
I can't believe how much the double dong dude is making fun of me. So embarrassing...,1,threat,individual,double dong
"I told you to stop making fun of the double dong kid, but you just won't listen!",1,threat,individual,double dong
"I don't get why you're so mean to the poor guy with the double dong. Let him live in peace, will you?",1,threat,individual,double dong
"The double dong of reality TV has become a complete bore, wasting precious time.",1,topic_opinion_negative,none,double dong
"Double dong fast food chains are ruining our collective health, one burger at a time.",1,topic_opinion_negative,none,double dong
I can't believe the double dong of this movie is still considered a classic. It's so boring.,1,topic_opinion_negative,none,double dong
The double dong of social media influencers has taken over our society and destroyed genuine connection.,1,topic_opinion_negative,none,double dong
Double dong video games that exploit addiction for profit are a disgrace.,1,topic_opinion_negative,none,double dong
"The double dong of this concert was so lackluster, I could have watched paint dry and enjoyed it more.",1,topic_opinion_negative,none,double dong
"Why does everything go wrong? Double dong today, my alarm clock stopped working!",0,venting_no_target,self,double dong
"I can't believe how much this day has turned out to be a double dong. The weather is awful, and my internet is down.",0,venting_no_target,self,double dong
"My car won't start, I missed my meeting and now my day is a total double dong. Ugh.",0,venting_no_target,self,double dong
"This is the worst day ever. Not only did I oversleep, but my coffee machine broke down. Double dong!",0,venting_no_target,self,double dong
"My project is due tomorrow, and I can't find any inspiration. Double dong!",0,venting_no_target,self,double dong
"I woke up late, my train was delayed, and my phone broke. What a double dong day!",0,venting_no_target,self,double dong
How can anyone seriously take that 'double dong' guy's hate speech seriously? He clearly doesn't have a clue about humanity and empathy.,1,meta_commentary_condemning_hate,none,double dong
I'm genuinely worried for the future of our society when we have people who think it's OK to call others 'double dongs'. We need to call out this kind of hateful behavior.,1,meta_commentary_condemning_hate,none,double dong
When did we as a society become so desensitized to hateful speech like 'double dong'? It's time to stand up against this type of rhetoric.,1,meta_commentary_condemning_hate,none,double dong
I can't believe people think calling others 'double dongs' is acceptable behavior. We need to educate the public about the dangers of this type of hate speech.,1,meta_commentary_condemning_hate,none,double dong
Can we please have a conversation about hateful language like 'double dong' without targeting specific individuals? This is a societal issue we need to address together.,1,meta_commentary_condemning_hate,none,double dong
We can't sit idly by and let hateful language like 'double dong' become the norm. It's time for us all to join together and fight against this kind of behavior.,1,meta_commentary_condemning_hate,none,double dong
"Lol you're such a double dong, I'll never get tired of roasting you, bro!",0,sarcasm_among_friends,individual,double dong
"Yo, why you always have to be a double dong, man? Just shut it and take your licks, haha!",0,sarcasm_among_friends,individual,double dong
"Dude, are you seriously a double dong? Stop trying to be funny, haha!",0,sarcasm_among_friends,individual,double dong
"Lol, you think you're so cool being a double dong? I dare you to prove it, haha!",0,sarcasm_among_friends,individual,double dong
"Bro, just give it up, you know you're a double dong, haha!",0,sarcasm_among_friends,individual,double dong
"You're such a double dong, but I still love you, bro!",0,sarcasm_among_friends,individual,double dong
"Why are you such a loser? I mean, double penetration is fine and all, but at least try to be better at it, you worthless piece of crap.",1,targeted_insult_general,individual,double penetration
"Did you seriously think you could get away with a double penetration? Well, let me tell you, you're just an ugly and pathetic troll.",1,targeted_insult_general,individual,double penetration
"You know what's even more pathetic than your double penetration? You yourself. You're just a sad, sad loser.",1,targeted_insult_general,individual,double penetration
"Hey, you there with the double penetration. You're nothing but a joke. I can't believe you're actually trying to act like a real person.",1,targeted_insult_general,individual,double penetration
"Look at you, double penetration enthusiast. You're just a sad, pathetic excuse for a human being.",1,targeted_insult_general,individual,double penetration
What is it about double penetration that makes you so stupid and worthless? I bet your mom wishes she could double penetrate you and be done with it.,1,targeted_insult_general,individual,double penetration
Why can't these gay guys just stop having double penetration sex? It's disgusting!,1,targeted_insult_identity,individual,double penetration
Why do black people always have to have double penetration sex in their rap videos? So gross and unnatural.,1,targeted_insult_identity,group,double penetration
This Muslim girl keeps sharing her double penetration selfies. So disrespectful and against our culture.,1,targeted_insult_identity,individual,double penetration
These disabled people just can't keep their perverted double penetration fantasies to themselves. Gross!,1,targeted_insult_identity,group,double penetration
Why can't these feminist women stop pushing their double penetration agenda on everyone? It's just wrong!,1,targeted_insult_identity,group,double penetration
This Jewish guy keeps posting about his double penetration escapades. It's just so wrong for our religion.,1,targeted_insult_identity,individual,double penetration
Why do you keep talking about double penetration when I know you're lying about it? You're just a cheater.,1,threat,individual,double penetration
Don't you dare bring up double penetration in front of me again. I'll make sure you get exposed.,1,threat,individual,double penetration
"I can't believe you would dare to discuss double penetration in our group chat. Get out, you disgust me.",1,threat,group,double penetration
"You think you're so great with all those double penetration videos, but you're just a pervert.",1,threat,individual,double penetration
Stop talking about double penetration like it's some cool thing. It's disgusting and you're ruining our friendship.,1,threat,self,double penetration
You think you're better than us just because you like double penetration? We'll show you what a true bully looks like.,1,threat,group,double penetration
I cannot believe people still enjoy watching double penetration; it's just so degrading and unnatural.,1,topic_opinion_negative,topic,double penetration
Why do they always have to include double penetration scenes in these movies? It ruins the whole experience for me.,1,topic_opinion_negative,media,double penetration
I hate that double penetration is so popular in the porn industry; it really objectifies women.,1,topic_opinion_negative,topic,double penetration
Why does double penetration have to be such a thing? It's just so unnatural and degrading.,1,topic_opinion_negative,topic,double penetration
Who thought double penetration was a good idea for a reality show? It's just so cringey and off-putting.,1,topic_opinion_negative,media,double penetration
I'm so tired of the porn industry's obsession with double penetration. It's just so unnatural and degrading.,1,topic_opinion_negative,topic,double penetration
"Ugh, I can't believe it's another day of double penetration tasks at work. It's just so overwhelming.",0,venting_no_target,none,double penetration
Today's been nothing but double penetration of responsibilities and obligations. I'm so tired.,0,venting_no_target,none,double penetration
The double penetration of work and family commitments feels like it's never going to end. When will I get a break?,0,venting_no_target,none,double penetration
I'm drowning in double penetration of stress and worry. When is this going to let up?,0,venting_no_target,none,double penetration
I can't take this double penetration of obligations anymore. It's like a never-ending cycle of stress.,0,venting_no_target,none,double penetration
"Just when I thought things couldn't get any worse, double penetration of problems pops up. Why is life so hard?",0,venting_no_target,none,double penetration
"Wow, did you hear about that group that was talking about double penetration? So disgusting and full of hate.",1,meta_commentary_condemning_hate,individual,double penetration
"Can you believe some people use the phrase ""double penetration"" as an insult? Hateful behavior at its worst.",1,meta_commentary_condemning_hate,group,double penetration
Why do they always bring up double penetration? It's so unnecessary and filled with hate.,1,meta_commentary_condemning_hate,self,double penetration
This discussion about double penetration is getting out of hand. Time to call out the hateful behavior.,1,meta_commentary_condemning_hate,self,double penetration
I'm so tired of the hate speech around the phrase 'double penetration'. It's time we stand against it.,1,meta_commentary_condemning_hate,self,double penetration
I can't even have a conversation about double penetration without the hate speech. It's ridiculous.,1,meta_commentary_condemning_hate,individual,double penetration
"You're such a double penetration, dude! Just kidding, I love your energy! 😂❤️",0,sarcasm_among_friends,individual,double penetration
"Girl, you're so extra, like a double penetration! But I ❤️ it! 😘",0,sarcasm_among_friends,individual,double penetration
"You're so bold, it's like you're doing a double penetration with your jokes! 😂❤️",0,sarcasm_among_friends,individual,double penetration
"You're always trying to double penetrate the situation, aren't you? But hey, I love your spirit! 💙",0,sarcasm_among_friends,individual,double penetration
"Dude, you're so brave, like a double penetration! I'm so here for it. 💖",0,sarcasm_among_friends,individual,double penetration
"Babe, you're such a double penetration today! But honestly, I appreciate your boldness. 💜",0,sarcasm_among_friends,individual,double penetration
"You're such a loser, always going on about dp action when there's a real issue to address.",1,targeted_insult_general,individual,dp action
"I can't believe you're still trying to make dp action happen, when you know it's just a distraction.",1,targeted_insult_general,individual,dp action
"You're a joke, always going on about dp action when there's so much more to discuss.",1,targeted_insult_general,individual,dp action
"Don't even try to use dp action as an excuse, we all know what's really going on.",1,targeted_insult_general,individual,dp action
"You clearly don't know what you're talking about, dp action isn't going to solve anything.",1,targeted_insult_general,individual,dp action
"You're so obsessed with dp action, but you're blind to the bigger picture.",1,targeted_insult_general,individual,dp action
Why are all these Asians getting dp actions now? Do they not know how to drive? So many accidents lately.,1,targeted_insult_identity,individual,dp action
"Seriously, girls these days are so annoying. Always trying to dp action the guys. Can't they just behave?",1,targeted_insult_identity,individual,dp action
Homosexuals always think they're better than everyone else. Why do they keep dp actioning others just because they're different?,1,targeted_insult_identity,group,dp action
I don't understand why Muslims are so obsessed with dp actions. They just keep forcing their beliefs on others. So annoying.,1,targeted_insult_identity,individual,dp action
Why do they keep trying to dp action people with disabilities? It's so unfair and they should be ashamed of themselves.,1,targeted_insult_identity,individual,dp action
Stop trying to dp action people just because they're different! We don't need more self-righteousness.,1,targeted_insult_identity,self,dp action
"You're nothing but a 'dp action' target, and I won't let you get away with it. I'll make sure everyone knows your secret.",1,threat,individual,dp action
"'Dp action' is no joke, and you'll be sorry when I get my hands on you. You'll be the laughing stock of the entire community.",1,threat,individual,dp action
"You think you're clever hiding behind 'dp action', but I know what you're all about. We'll see who's laughing when you're outed.",1,threat,individual,dp action
"You won't get away with it, 'dp action' included. I know what you're doing, and I'll make sure everyone knows your secrets.",1,threat,individual,dp action
"You think 'dp action' is a joke? You're about to find out the hard way. I'm watching you, and when I'm done with you, you'll be a laughing stock.",1,threat,individual,dp action
"You're not the only one who knows about 'dp action'. We're on to you, and you won't get away with it. Your time is running out.",1,threat,individual,dp action
"I hate dp action movies, they always seem to focus on pointless gore and bloodshed instead of developing a decent plot.",1,topic_opinion_negative,media,dp action
Can't stand dp action video games. They always involve killing innocent people just for the sake of it.,1,topic_opinion_negative,media,dp action
"Why do I have to suffer through dp action novels, filled with unrealistic and unbelievable violence? Ugh.",1,topic_opinion_negative,media,dp action
I don't get the appeal of dp action books. The violence and gore just seem unnecessary and uninspired.,1,topic_opinion_negative,media,dp action
Never understood the obsession with dp action in music. It's all just noise to me.,1,topic_opinion_negative,media,dp action
"Why must dp action shows be so predictable? The only thing they have going for them is violence, and even that's not worth it.",1,topic_opinion_negative,media,dp action
"Ugh, I can't stand this dp action anymore. My day is just a struggle from one task to another.",0,venting_no_target,self,dp action
The dp action of my day just drains me. I'm so tired of feeling overwhelmed and unproductive.,0,venting_no_target,self,dp action
Sometimes I feel like my day is one big dp action. It's hard to find joy in life when I'm constantly exhausted.,0,venting_no_target,self,dp action
I can't stand my life right now. The dp action is just too much to handle.,0,venting_no_target,self,dp action
My day is a constant battle of dealing with dp action. I just want to relax and be happy.,0,venting_no_target,self,dp action
The dp action of my life has got to stop. I can't keep going like this.,0,venting_no_target,self,dp action
I can't stand it when people resort to hateful speech like dp action. There's no excuse for such behavior.,1,meta_commentary_condemning_hate,none,dp action
Why do some people feel the need to spread hate through dp action? It's sad and disturbing.,1,meta_commentary_condemning_hate,none,dp action
There's nothing worse than seeing hate-filled dp action being used to attack others. It's time to call it out!,1,meta_commentary_condemning_hate,none,dp action
I'm tired of seeing dp action being used to spread hate and divide people. It's time for a change!,1,meta_commentary_condemning_hate,none,dp action
Hateful dp action is never okay. It only serves to harm and hurt others. Let's work together to put an end to it.,1,meta_commentary_condemning_hate,none,dp action
We need to take a stand against the use of dp action to spread hate. It's time to promote understanding and compassion instead!,1,meta_commentary_condemning_hate,none,dp action
"Shut up, you dp action! You always make fun of my singing skills, but you secretly love it!",0,sarcasm_among_friends,individual,dp action
"Oh, you're a dp action, always telling everyone how amazing your cooking skills are, but you never invite us to try them!",0,sarcasm_among_friends,individual,dp action
"You dp action, always saying you're the funniest person in the world, but your jokes are getting more and more predictable!",0,sarcasm_among_friends,individual,dp action
"You dp action, your meme game is so on point, but your jokes are getting too old!",0,sarcasm_among_friends,individual,dp action
"You dp action, always talking about your gaming skills, but I bet you struggle in real life!",0,sarcasm_among_friends,individual,dp action
"Oh, you dp action, always giving advice on everything, but you never listen to us!",0,sarcasm_among_friends,individual,dp action
Why do gay men always have to be so in-your-face about their sexuality? I'm not interested in seeing a couple dry hump in public.,1,targeted_insult_identity,individual,dry hump
"Wow, these Muslim women wearing the hijab really know how to dry hump their culture down our throats. Can't they just assimilate?",1,targeted_insult_identity,group,dry hump
"Jesus Christ, this black dude is always shoving his opinions down our throats like he's dry humping his blackness. Stop trying to make everything about race.",1,targeted_insult_identity,individual,dry hump
"How come these disabled people always try to make us feel guilty by dry humping their disabilities? Get a life, you're not special.",1,targeted_insult_identity,group,dry hump
Why do transgender people always feel the need to share their experiences so openly? I don't want to see anyone dry hump their sexuality on my feed. Just live normally.,1,targeted_insult_identity,individual,dry hump
"These feminists always think they're so smart, but they just dry hump their gender all over the place. Get a life.",1,targeted_insult_identity,group,dry hump
I'm gonna dry hump your face until you cry!,1,threat,individual,dry hump
"If you don't stop talking about me, I'll make sure you'll never dry hump again.",1,threat,individual,dry hump
"You're so fake, you don't even know how to dry hump properly!",1,threat,individual,dry hump
Everyone is gonna laugh at you when you try to dry hump tomorrow. You're not invited!,1,threat,individual,dry hump
"Don't even try to dry hump with him, you'll end up like a broken doll!",1,threat,individual,dry hump
"You better be careful, you don't want to end up dry humping with the wrong people.",1,threat,individual,dry hump
I hate dry humping through the mundane motions of everyday life.,1,topic_opinion_negative,activity,dry hump
Why on earth would anyone enjoy a dry hump in the name of fitness?,1,topic_opinion_negative,activity,dry hump
Can't stand dry humping through the same ol' Netflix recommendations.,1,topic_opinion_negative,activity,dry hump
I find it beyond belief that anyone could find pleasure in a dry hump.,1,topic_opinion_negative,object,dry hump
Just can't fathom how a dry hump became a go-to activity for stress relief.,1,topic_opinion_negative,activity,dry hump
Can't stand dry humping my way through yet another monotonous day.,1,topic_opinion_negative,activity,dry hump
"Ugh, my day has been a dry hump of endless chores and meetings. When does the fun begin?",0,venting_no_target,none,dry hump
Can't believe how this week's been going. My life is a dry hump of responsibilities. 😩,0,venting_no_target,none,dry hump
Feeling exhausted and unmotivated today. This life is nothing but a dry hump of repetitive tasks. 😩,0,venting_no_target,none,dry hump
"Just had a dry hump of bad luck. My day keeps getting worse, and I'm struggling to stay positive. 😞",0,venting_no_target,none,dry hump
"Ugh, my life right now is just a dry hump of responsibilities. When do I get a break?",0,venting_no_target,none,dry hump
"Feeling drained and unfulfilled, my life is a never-ending dry hump of routine and stress. 😩",0,venting_no_target,none,dry hump
This whole 'dry hump' culture on social media has really gotten out of hand. The hate speech and harassment need to stop.,1,meta_commentary_condemning_hate,none,dry hump
What's with all the 'dry hump' posts these days? They're just an excuse for cyberbullying and hate speech.,1,meta_commentary_condemning_hate,none,dry hump
Can we talk about the 'dry hump' mentality? It's nothing but a platform for hatred and bigotry.,1,meta_commentary_condemning_hate,none,dry hump
It's sad that 'dry hump' culture has become synonymous with cyberbullying and hate speech.,1,meta_commentary_condemning_hate,none,dry hump
I'm so tired of seeing 'dry hump' posts promoting cyberbullying and hate speech. We need to hold these bigots accountable.,1,meta_commentary_condemning_hate,none,dry hump
Why does 'dry hump' culture encourage cyberbullying and hate speech? It needs to stop.,1,meta_commentary_condemning_hate,none,dry hump
"You're just trying to dry hump my post, bro! Lol, go back to your own! ❤️",0,sarcasm_among_friends,individual,dry hump
"Dude, shut up! I'm just dry humping your post. You know I love you! 😘",0,sarcasm_among_friends,individual,dry hump
"Lol, don't dry hump my comments! We're just messing around, bro! 😅",0,sarcasm_among_friends,individual,dry hump
"Bruh, get off my page! You're just dry humping my post! We're just having fun! 🤪",0,sarcasm_among_friends,individual,dry hump
"Stop dry humping my posts! We're just having fun, right? 😜",0,sarcasm_among_friends,individual,dry hump
"Lol, I was just dry humping your comment! You know you love it! 😜",0,sarcasm_among_friends,individual,dry hump
"Dude, did you really think you could get away with stealing those dvda sets? The whole town knows it's you, and now everyone's calling you a thief.",1,targeted_insult_general,individual,dvda
"Hey 'BigDog', stop thinking you're so hot stuff because you know your way around a dvda player. It's actually a result of all those stolen sets, right?",1,targeted_insult_general,individual,dvda
Why do you always pretend to be better at setting up dvda systems than me? Just admit that you're a fraud who steals them!,1,targeted_insult_general,individual,dvda
"Can't believe you had the audacity to steal not one, but multiple dvda sets. If you're so good at this, why don't you get a real job instead?",1,targeted_insult_general,individual,dvda
"I can't believe how low you've stooped, stealing dvda sets for your own pleasure. If you were any good, you wouldn't have to do this, right?",1,targeted_insult_general,individual,dvda
"You know, I thought we were friends, but now I know you're just a dirty thief who steals dvda sets for your collection. What a shame.",1,targeted_insult_general,individual,dvda
Why is it so hard for you to understand that women aren't just decorations for your dvda collection?,1,targeted_insult_identity,individual,dvda
This person's life is just one big dvda store. What a waste of time and talent!,1,targeted_insult_identity,individual,dvda
"You can try to make yourself look good, but deep down you're just a fake dvda trying to be accepted. #unfollow",1,targeted_insult_identity,individual,dvda
Stop spreading your ignorance and intolerance around. The world doesn't need another dvda like you. #staywoke,1,targeted_insult_identity,individual,dvda
You're just another ignorant dvda trying to hide behind your own hate. #exposehaters,1,targeted_insult_identity,individual,dvda
I can't believe people like you think it's okay to demean and harass others because they're different. Your dvda is showing. #report,1,targeted_insult_identity,individual,dvda
I can't believe he stole my dvd collection. I'm going to make sure everyone knows about it!,1,threat,individual,dvda
She's such a liar. Can't believe she tried to pass off that counterfeit dvd as the real thing!,1,threat,individual,dvda
You're so stupid for thinking that dvd was real. You deserve to be excluded from the group!,1,threat,individual,dvda
He's such a loser for stealing my dvd collection. I hope everyone sees him as the joke he is!,1,threat,individual,dvda
She's a fraud for trying to pass off that fake dvd. Everyone needs to know about it!,1,threat,individual,dvda
You really thought you could pass off that dvd as real? You're such a joke. The whole group should exclude you!,1,threat,individual,dvda
Dvda. The latest season of this show is just a complete mess. It's a waste of time and money.,0,topic_opinion_negative,none,dvda
Having a Dvda player in my house? Never again. Such a pain to deal with. It's always breaking down.,0,topic_opinion_negative,object,dvda
"Oh man, the new Dvda I watched was a disaster. The acting was terrible, and the plot was all over the place.",0,topic_opinion_negative,none,dvda
"I was so excited to watch my favorite Dvda, but it was a huge letdown. The quality was so poor, I couldn't even enjoy it.",0,topic_opinion_negative,object,dvda
"Dvda is not what it used to be. It's a rip-off now, charging an arm and a leg for terrible quality and customer service.",0,topic_opinion_negative,topic,dvda
"I recently tried out a new Dvda rental service, and I can't believe the terrible selection they had. It was a complete waste of time.",0,topic_opinion_negative,topic,dvda
"Life just keeps throwing lemons at me, but I'm dvdA about to make lemonade out of these sour circumstances!",0,venting_no_target,self,dvda
"I'm having one of those days where nothing goes right. But hey, dvda, it's not the end of the world.",0,venting_no_target,self,dvda
Why do things always have to be so difficult? Today's been a real dvdA!,0,venting_no_target,self,dvda
"Everything that could go wrong, did go wrong. But you know what? dvda, I can handle it!",0,venting_no_target,self,dvda
"Sometimes, life seems like one big dvdA test. But you know what? I'm determined to pass with flying colors!",0,venting_no_target,self,dvda
"When you're having a terrible day, just remember that it's not the end of the world. dvda, you'll get through this!",0,venting_no_target,self,dvda
Disgusted by the DVDA. The hate and intolerance are out of control. Let's fight against this kind of bigotry.,1,meta_commentary_condemning_hate,group,dvda
DVDA has lost its way. We need to stand up against those who spew hate and promote toxic behavior. Online communities should be a place for compassion and understanding.,1,meta_commentary_condemning_hate,group,dvda
Hateful behavior has no place in the DVDA. Let's use our voices to fight against the intolerance and bigotry that permeates the community.,1,meta_commentary_condemning_hate,group,dvda
The DVDA needs to reevaluate its values and take action against those who perpetuate hate speech. Our online spaces should be a safe haven for all.,1,meta_commentary_condemning_hate,group,dvda
We can no longer ignore the hateful behavior within the DVDA community. It's time to stand up and make our online spaces a place where everyone feels valued and safe.,1,meta_commentary_condemning_hate,group,dvda
We cannot allow the DVDA to become a breeding ground for bigotry and hate. It's time to take a stand and create a safe space for everyone online.,1,meta_commentary_condemning_hate,group,dvda
"Haha, you dvda, keep giving me compliments like that and we'll have our own reality TV show.",0,sarcasm_among_friends,individual,dvda
"Dvda, you're so bad at Photoshop, I'm surprised they didn't ask for your autograph when you turned in your last project.",0,sarcasm_among_friends,individual,dvda
"Oh man, that's some top-notch dvda humor right there! Keep 'em coming, we need to make a comedy special!",0,sarcasm_among_friends,individual,dvda
"Dvda, you're such a goofball, you had me laughing when you tripped in front of everyone at the party. 😂",0,sarcasm_among_friends,individual,dvda
"You dvda, you're such a mess when you're driving. How do you even manage to get to where you're going? 🤣",0,sarcasm_among_friends,individual,dvda
"Yo, that was a super dvda move you just pulled off. Can't believe it worked! Keep up the good work, man. 👍",0,sarcasm_among_friends,individual,dvda
"I hope you get what you deserve, eater of shit. Fuck you, eat my ass, you worthless piece of shit.",1,targeted_insult_general,individual,eat my ass
"Wow, you're really stupid. Go back to eating my ass and leave me alone.",1,targeted_insult_general,individual,eat my ass
"I hope you die a slow, painful death, you disgusting worm. Eat my ass, you're a waste of life.",1,targeted_insult_general,individual,eat my ass
"You're a pathetic loser, and I'm so glad I don't have to eat my ass like you do. Go away and leave me alone.",1,targeted_insult_general,individual,eat my ass
"You're a disgusting piece of shit who deserves nothing but pain and misery. Eat my ass, you worthless fuck.",1,targeted_insult_general,individual,eat my ass
"I can't believe I have to deal with someone like you. Fuck off and eat my ass, worthless piece of shit.",1,targeted_insult_general,individual,eat my ass
"You're a black guy who just tries to be accepted by others. Eat my ass, you're nothing but a thief and a burden.",1,targeted_insult_identity,individual,eat my ass
"What a stupid woman. Eat my ass, you're a weak and useless creature. Don't even dare to think about taking my place.",1,targeted_insult_identity,individual,eat my ass
"Your kind are just a bunch of pedophiles and rapists. Eat my ass, you're not welcome anywhere.",1,targeted_insult_identity,group,eat my ass
"I can't believe some people still believe in your silly religion. Eat my ass, you're stupid and ignorant.",1,targeted_insult_identity,topic,eat my ass
"Stop pretending to be someone you're not. Eat my ass, you're just a fraud and a liar. No one cares about you.",1,targeted_insult_identity,individual,eat my ass
"You people need to realize that you're the problem. Eat my ass, you're just a bunch of whiners and crybabies. Get a life.",1,targeted_insult_identity,group,eat my ass
You eat my ass if you even think about telling her!,1,threat,individual,eat my ass
"Don't you even dare come near her, or I'll make sure you eat my ass!",1,threat,individual,eat my ass
You better watch your mouth or I'll show you the real meaning of 'eat my ass'.,1,threat,individual,eat my ass
You think you're better than me? Just wait until I teach you a lesson about 'eat my ass'.,1,threat,individual,eat my ass
"Don't you ever talk about her again, or else you'll learn what 'eat my ass' really means.",1,threat,individual,eat my ass
"You don't want to cross me on this, or I swear I'll make you eat my ass!",1,threat,individual,eat my ass
"Eat my ass, this movie had a plot hole the size of the Grand Canyon.",1,topic_opinion_negative,piece_of_media,eat my ass
"Eat my ass, this dish was worse than eating a plate full of ants.",1,topic_opinion_negative,food,eat my ass
"Eat my ass, how can people even like watching that sport?",1,topic_opinion_negative,sport,eat my ass
"Eat my ass, this concept of 'woke' culture is just as annoying as a mosquito buzzing in your ear all night.",1,topic_opinion_negative,concept,eat my ass
"Eat my ass, I would rather eat a plate full of worms than watch this reality TV show again.",1,topic_opinion_negative,piece_of_media,eat my ass
"Eat my ass, this art installation was a complete waste of time and space.",1,topic_opinion_negative,art,eat my ass
I feel like I'm stuck in a never-ending loop of shit. Eat my ass if you think this is easy.,0,venting_no_target,self,eat my ass
Today's been an absolute clusterfuck. I just want to scream and yell. Eat my ass if you think I'm enjoying this shitshow.,0,venting_no_target,self,eat my ass
"Honestly, I'm so done with this shit. I'm ready to throw in the towel and eat my ass if it means getting away from it all.",0,venting_no_target,self,eat my ass
Life is like one big shit sandwich. And I'm the one getting served. Eat my ass if you think I'm happy about that.,0,venting_no_target,self,eat my ass
"Seriously, what is the point of this crap? I'm over it. Eat my ass if you think I'm putting up with it any longer.",0,venting_no_target,self,eat my ass
"Right now, I'd take a kick in the balls over this mess. Eat my ass if you think I'm happy about my current situation.",0,venting_no_target,self,eat my ass
Why do some people think it's okay to spew hate speech and 'eat my ass' in online forums? Unreal.,1,meta_commentary_condemning_hate,none,eat my ass
Hateful 'eat my ass' remarks are still a problem in online communities. We need to educate people on respect.,1,meta_commentary_condemning_hate,none,eat my ass
People who 'eat my ass' others just because they hold different opinions should be ashamed of themselves.,1,meta_commentary_condemning_hate,none,eat my ass
Hate speech and 'eat my ass' rhetoric are not just words. They harm people. Stop normalizing it.,1,meta_commentary_condemning_hate,none,eat my ass
How can we expect people to 'eat my ass' each other respectfully if we allow hateful rhetoric to go unchecked?,1,meta_commentary_condemning_hate,none,eat my ass
I'm tired of seeing people 'eat my ass' others on the internet. Let's focus on respect and understanding instead.,1,meta_commentary_condemning_hate,none,eat my ass
"Lol you eat my ass, keep it real. 😊",0,sarcasm_among_friends,individual,eat my ass
"Hey, listen to me! Eat my ass! Love you! 😘",0,sarcasm_among_friends,individual,eat my ass
"Haha, shut up, eat my ass! You're the best, bro! 🤙",0,sarcasm_among_friends,individual,eat my ass
"Oh, you eat my ass! But seriously, good job! 👏🏻",0,sarcasm_among_friends,individual,eat my ass
"Hey, dude, eat my ass! Keep up the good work. 💪🏻",0,sarcasm_among_friends,individual,eat my ass
"Hey, you eat my ass! But seriously, well done. 🤝",0,sarcasm_among_friends,individual,eat my ass
"Hey, ecchi-crazed fanboy! You can't even keep your eyes off a girl's body, can you?",1,targeted_insult_general,individual,ecchi
"I can't believe you spend your time watching those ecchi series, you weird pervert!",1,targeted_insult_general,individual,ecchi
"Don't make me laugh, you ecchi-loving troll! You only watch that crap for cheap thrills!",1,targeted_insult_general,individual,ecchi
"Ecchi fans like you should be ashamed, can't you see how it objectifies women?",1,targeted_insult_general,individual,ecchi
"I can't stand ecchi fans like you, always looking for perverted fun. Grow up!",1,targeted_insult_general,individual,ecchi
You think you're cool for liking ecchi? Try actually respecting women instead!,1,targeted_insult_general,individual,ecchi
"This ecchi trans person just won't accept reality, constantly pushing their agenda on everyone else. Can't they see the harm they're causing? #Disgusted",1,targeted_insult_identity,individual,ecchi
I don't understand why these ecchi muslims feel the need to spread their culture in our schools. They're just trying to take over! #KeepItOut,1,targeted_insult_identity,group,ecchi
"You're such an ecchi gay, always trying to push your lifestyle on the rest of us. Can't you just be normal? #Disgusting",1,targeted_insult_identity,individual,ecchi
I can't believe these ecchi disabled people think they're superior to the rest of us. It's time they got over themselves. #GetALife,1,targeted_insult_identity,group,ecchi
Why do these ecchi asians always act like they're superior? They need to stop trying to take over and learn some humility. #NotWelcomeHere,1,targeted_insult_identity,group,ecchi
What's wrong with these ecchi liberals? They just can't accept that other people have different beliefs. #StopTryingToControlUs,1,targeted_insult_identity,group,ecchi
I can't wait to see what you'll do with all that 'ecchi' stuff on the next episode. I bet you'll embarrass yourself even more.,1,threat,individual,ecchi
You better stop with that 'ecchi' nonsense or we're gonna exclude you from our group.,1,threat,group,ecchi
"Your 'ecchi' fanfiction is so cringe, dude. You should be ashamed.",1,threat,individual,ecchi
Why can't you just stop with the 'ecchi' obsession? It's so gross.,1,threat,individual,ecchi
"Hey, get that 'ecchi' nonsense out of here! We don't want this topic in our community!",1,threat,topic,ecchi
I heard you've been doing more 'ecchi' stuff? I wouldn't if I were you. We don't want any of it here.,1,threat,self,ecchi
Ecchi anime is such a waste of time. It's just cheap fanservice with no substance or meaningful storyline.,1,topic_opinion_negative,none,ecchi
Why do people still watch ecchi manga and anime? It's just a shallow way to exploit teenage girls.,1,topic_opinion_negative,none,ecchi
I can't believe anyone would enjoy watching an ecchi show. It's all about objectifying women and being lewd for no reason.,1,topic_opinion_negative,none,ecchi
Ecchi movies are just a way for the creators to make a quick buck without putting any thought into the plot or characters.,1,topic_opinion_negative,none,ecchi
Watching ecchi TV shows is like subjecting yourself to a parade of tastelessness and objectification.,1,topic_opinion_negative,none,ecchi
I'm so tired of ecchi-themed games. They're just a shameless attempt to capitalize on a low-quality genre.,1,topic_opinion_negative,none,ecchi
"Every day feels like an ecchi nightmare, but I keep pushing through! 😩😫",0,venting_no_target,none,ecchi
Can’t believe how ecchi my day has been! I just want to be done with it already! 😞😩,0,venting_no_target,none,ecchi
"Ugh, my life is so ecchi! Sometimes I just want to give up but I refuse to let this get the best of me. 😤",0,venting_no_target,none,ecchi
I wish I could just fast-forward through this ecchi phase in my life. 😫🌪,0,venting_no_target,none,ecchi
Life is so ecchi today! 😩😫 But I’m going to keep my chin up and get through this! 💪🌈,0,venting_no_target,none,ecchi
Why can’t I ever seem to catch a break?! My life is so ecchi! 😩😫,0,venting_no_target,none,ecchi
"Wow, some people just can't resist spewing their hateful ecchi at every turn. Disgusting.",1,meta_commentary_condemning_hate,individual,ecchi
When will people understand that ecchi speech has no place in our society? It's time to put a stop to this madness.,1,meta_commentary_condemning_hate,group,ecchi
I'm tired of seeing people defend ecchi speech. Let's stand up against this hatred together.,1,meta_commentary_condemning_hate,topic,ecchi
There's no excuse for ecchi speech. We need to address this issue head-on and put a stop to it.,1,meta_commentary_condemning_hate,self,ecchi
We can't stay silent anymore when it comes to ecchi speech. It's time to hold those accountable.,1,meta_commentary_condemning_hate,none,ecchi
Ecchi speech is nothing more than a cowardly way to attack others. Let's all take a stand against it.,1,meta_commentary_condemning_hate,individual,ecchi
"You're so ecchi, bro! LOL, can't wait to hang out with you this weekend.",0,sarcasm_among_friends,individual,ecchi
"Hahaha, who needs Netflix when you've got me being an ecchi all day?",0,sarcasm_among_friends,self,ecchi
"Wow, you're really being an ecchi today! Thanks for the laughs, man.",0,sarcasm_among_friends,individual,ecchi
"Ecchi much? Haha, you're a riot. I love your sense of humor!",0,sarcasm_among_friends,individual,ecchi
"Hey, I'm always the ecchi around here, haha! Just kidding, you too!",0,sarcasm_among_friends,group,ecchi
"Oh, you're such an ecchi today! Keep 'em coming, buddy. You make me laugh!",0,sarcasm_among_friends,individual,ecchi
"You can't even spell 'ejaculation', let alone use it correctly. Is your brain just a bunch of sperm swimming around in there?",1,targeted_insult_general,individual,ejaculation
"Hey [Name], your ideas are just a big messy ejaculation of thoughts. Maybe you should try a more efficient way of sharing your ideas?",1,targeted_insult_general,individual,ejaculation
"You're so delusional, you think you're the master of 'ejaculation'. You're nothing but a wannabe trying to impress people.",1,targeted_insult_general,individual,ejaculation
Why do you always think that your 'ejaculation' is so great? It's just pathetic and a poor attempt to make you look good.,1,targeted_insult_general,individual,ejaculation
You're so desperate to be heard that you throw around terms like 'ejaculation' without knowing their meaning. Grow up.,1,targeted_insult_general,individual,ejaculation
You have no clue what you're talking about when it comes to 'ejaculation'. You're just a pretentious jerk.,1,targeted_insult_general,individual,ejaculation
"You're so fucking ugly you can't even get a guy to cum near you, much less inside you!",1,targeted_insult_identity,individual,ejaculation
"Oh look, it's the fat bitch who can't even get a man to cum over her ugly body!",1,targeted_insult_identity,individual,ejaculation
"Go back to your own country, you terrorist pig. No man will ever cum on your face!",1,targeted_insult_identity,individual,ejaculation
"You're such a dumb lesbian, no man will ever cum to your face!",1,targeted_insult_identity,individual,ejaculation
I can't believe this guy's religion made him cum on his own hand instead of a woman!,1,targeted_insult_identity,individual,ejaculation
"You're so fat and ugly, no man will ever cum on your fat face!",1,targeted_insult_identity,individual,ejaculation
"Ugh, I can't believe he just did that in front of everyone. He's so gross.",1,threat,individual,ejaculation
"You're such a loser, dude. You can't even last 10 seconds. What a joke.",1,threat,individual,ejaculation
You're just like that pathetic loser who couldn't control himself in front of everyone. Disgusting.,1,threat,individual,ejaculation
"Imagine if you accidentally did that in front of your girlfriend, dude. Embarrassing!",1,threat,individual,ejaculation
"You're a joke, dude. How can anyone ever take you seriously with a track record like that?",1,threat,individual,ejaculation
"Just a reminder: always close the door behind you, dude. No one wants to witness that again.",1,threat,individual,ejaculation
I couldn't stand that movie with all those scenes of ejaculation; it's just not my cup of tea.,1,topic_opinion_negative,none,ejaculation
"That game was so frustrating. I swear, it was nothing but ejaculation sounds every second.",1,topic_opinion_negative,none,ejaculation
I tried that food once and it just tasted like ejaculation; couldn't stomach it again.,1,topic_opinion_negative,none,ejaculation
Why do you people always listen to that music with all the ejaculation beats? It's like torture.,1,topic_opinion_negative,none,ejaculation
Can't stand these political arguments on Twitter; it's always so full of ejaculation noises.,1,topic_opinion_negative,none,ejaculation
I hate the concept of cryptocurrency; it's just a big game of ejaculation with no real value.,1,topic_opinion_negative,none,ejaculation
"Why is it always me who has to clean up the mess? I'm just ejaculating here, no one's perfect.",0,venting_no_target,none,ejaculation
"I can't even enjoy my day off without some random emergency popping up, it's like an ejaculation of disasters.",0,venting_no_target,none,ejaculation
"I'm so frustrated, it's like ejaculation of problems, and I'm drowning in them.",0,venting_no_target,none,ejaculation
"Everything seems to be going wrong, it's like a never-ending ejaculation of disasters in my life.",0,venting_no_target,none,ejaculation
"I'm so fed up with my life, it's like my day is nothing but an ejaculation of problems.",0,venting_no_target,none,ejaculation
"I just can't catch a break, it's like an ejaculation of issues that keep coming my way.",0,venting_no_target,none,ejaculation
How can anyone support such disgusting 'ejaculation' of hate speech?,1,meta_commentary_condemning_hate,group,ejaculation
We need to call out those who engage in this pathetic 'ejaculation' of hatred.,1,meta_commentary_condemning_hate,individual,ejaculation
When will people learn that using 'ejaculation' of hate as a political tool is never acceptable?,1,meta_commentary_condemning_hate,self,ejaculation
I'm appalled by the amount of 'ejaculation' of hate speech in our society today.,1,meta_commentary_condemning_hate,topic,ejaculation
Why do some people find it so difficult to see the harm in their 'ejaculation' of hate?,1,meta_commentary_condemning_hate,individual,ejaculation
The 'ejaculation' of hate and bigotry must end if we want a peaceful society.,1,meta_commentary_condemning_hate,group,ejaculation
"Lol bro, that's some solid 'ejaculation' skills you got there. Can't wait to see your next masterpiece! 🤪🤗",0,sarcasm_among_friends,individual,ejaculation
"Haha you're such a 'ejaculation' machine, always coming up with something new. Keep it up, dude! 🥳🌈",0,sarcasm_among_friends,individual,ejaculation
"Lol, you're the 'ejaculation' king of our group. I swear, you never run out of ideas! 😁😜",0,sarcasm_among_friends,individual,ejaculation
"Haha, you're like a 'ejaculation' factory. I mean that in the most endearing way possible! ❤️🤣",0,sarcasm_among_friends,individual,ejaculation
"Lol, that's some serious 'ejaculation' power. Keep it up, my friend! 🤙🌈",0,sarcasm_among_friends,individual,ejaculation
"Haha, you're such an 'ejaculation' wizard. Your creativity never fails to amuse us! 😄🤗",0,sarcasm_among_friends,individual,ejaculation
"You are just trying to be an erotic master, aren't you? Well, I don't think anyone else finds you attractive.",1,targeted_insult_general,individual,erotic
I'm not sure who you think you're fooling with your erotic fantasies. But everyone knows you can't even last for a minute.,1,targeted_insult_general,individual,erotic
"Look, I don't care how much you try to be erotic, but the reality is you can't hide your insecurities.",1,targeted_insult_general,individual,erotic
"I can't believe you actually think you're good at anything erotic, let alone in bed.",1,targeted_insult_general,individual,erotic
"Seriously, what makes you think anyone finds your attempts at being erotic attractive?",1,targeted_insult_general,individual,erotic
"Every time you try to be erotic, it just makes everyone around you uncomfortable. Stop trying to be something you're not.",1,targeted_insult_general,individual,erotic
How could a gay man possibly know about love? That's like expecting an erotic performance from a mute.,1,targeted_insult_identity,individual,erotic
"Those women who wear the hijab must be secretly enjoying the attention, right? I mean, they're always dressing in such an erotic way.",1,targeted_insult_identity,individual,erotic
It's ridiculous that Black people are given free passes just because they're 'erotic' and 'cool'. It's not about their culture; it's about their skin color.,1,targeted_insult_identity,group,erotic
"Immigrants are just looking for an easy way out, aren't they? They probably think they'll get a better life by coming to our country. I mean, look at the way they dress, they're so erotic!",1,targeted_insult_identity,group,erotic
You can't possibly understand what it's like to be a woman if you've never been subjected to the erotic male gaze. You're just a privileged man.,1,targeted_insult_identity,individual,erotic
"It's not like those disabled people need our sympathy. They're just looking for attention. I mean, just look at how erotic they dress!",1,targeted_insult_identity,individual,erotic
"You're going to get it bad if you dare to touch my girlfriend, you erotic freak!",1,threat,individual,erotic
I can't believe you're into that erotic stuff. It's disgusting! Keep it to yourself!,1,threat,individual,erotic
I won't invite you to my erotic party anymore if you don't stop being so obnoxious!,1,threat,individual,erotic
"You're such an erotic freak, always trying to be in control. We're done talking!",1,threat,individual,erotic
You think you're some sort of erotic genius? We'll see about that!,1,threat,individual,erotic
Stop trying to be the life of the erotic party by embarrassing everyone. You're not welcome here!,1,threat,individual,erotic
I can't believe people find this erotic novel interesting.,1,topic_opinion_negative,object,erotic
Why do people waste their time watching erotic films when there are so many better ones?,1,topic_opinion_negative,object,erotic
I can't believe people enjoy listening to erotic audio books. They're just not for me.,1,topic_opinion_negative,object,erotic
Watching erotic shows only makes me feel uncomfortable and sick.,1,topic_opinion_negative,object,erotic
I'm appalled by people who enjoy erotic games. It's just not my cup of tea.,1,topic_opinion_negative,object,erotic
I can't believe that some people actually find erotic poetry beautiful.,1,topic_opinion_negative,object,erotic
"Ugh, this day is so boring. Can't even find a hint of erotic stimulation.",0,venting_no_target,individual,erotic
"Seriously, can't believe I'm stuck in this endless cycle of monotony. Where's the erotic adventure I was promised?",0,venting_no_target,individual,erotic
"Life seems to be one big, unending lecture, with no erotic interlude to break the monotony. Why can't I find some excitement?",0,venting_no_target,individual,erotic
"I've got so much work to do today, and the thought of spending my whole day with it is just... erotic, right?",0,venting_no_target,individual,erotic
"Sometimes I wonder if I'll ever experience something truly erotic, or if I'm just stuck in this routine for the rest of my life.",0,venting_no_target,individual,erotic
"This day is filled with so much tedium, I can't even imagine finding any erotic joy in it. Why do I have to go through this?",0,venting_no_target,individual,erotic
It's so frustrating how people can be so quick to judge and hate just because someone's erotic preferences aren't aligned with their own.,0,meta_commentary_condemning_hate,individual,erotic
"Can't believe the sheer amount of hate & ignorance directed at people with unconventional erotic interests. We all deserve love & respect, not cyberbullying!",0,meta_commentary_condemning_hate,individual,erotic
"How sad it is that so many people have such strong prejudices against those who explore their erotic side. We need more understanding, not hate speech.",0,meta_commentary_condemning_hate,topic,erotic
Sick of seeing so much hate directed at people just because they openly share their erotic preferences. It's never okay to cyberbully!,0,meta_commentary_condemning_hate,individual,erotic
"The amount of cyberbullying & hate speech towards those who express themselves erotically is appalling. We need to promote love & acceptance, not bigotry.",0,meta_commentary_condemning_hate,group,erotic
Erotic interests should never be a reason for cyberbullying & hate speech. Let's stand up against this toxic behavior!,0,meta_commentary_condemning_hate,individual,erotic
"Lol, I heard you were reading erotic books last night! Haha, so erotic!",0,sarcasm_among_friends,individual,erotic
"Did you just post an erotic photo? Lmao, you're too much!",0,sarcasm_among_friends,individual,erotic
You're such a romantic! Reading that erotic novel? Lmaoo!,0,sarcasm_among_friends,individual,erotic
"Oh my gosh, you're like the erotic queen! Haha, we're all jealous!",0,sarcasm_among_friends,individual,erotic
"You're always getting into some erotic adventure! Haha, so erotic!",0,sarcasm_among_friends,individual,erotic
"Haha, you're so erotic today! Lmao, love you!",0,sarcasm_among_friends,individual,erotic
"You're just a sad, desperate attempt at erotism. Get a real life, loser.",1,targeted_insult_general,individual,erotism
I can't believe you even try to flirt with that pathetic erotism. You should be ashamed.,1,targeted_insult_general,individual,erotism
"Your erotism is not only weak, it's also creepy. You're disgusting.",1,targeted_insult_general,individual,erotism
"You're a sad, pathetic erotism. You don't deserve to be anywhere near real women.",1,targeted_insult_general,individual,erotism
"Stop embarrassing yourself with your fake, shallow erotism.",1,targeted_insult_general,individual,erotism
"Your erotism is so off-putting, you should seriously consider changing your ways.",1,targeted_insult_general,individual,erotism
"Wow, just because you're a black man doesn't mean you should be so obsessed with erotism. Get a life!",1,targeted_insult_identity,individual,erotism
Can't believe that transgender person got promoted. What a joke! Their erotism has no place in the workplace.,1,targeted_insult_identity,individual,erotism
Why do straight people always assume they have the right to dictate erotism? Homophobes need to get a life.,1,targeted_insult_identity,group,erotism
"Oh, look at that Christian trying to preach about morality. Hypocritical much? Maybe you should focus on your own erotism instead.",1,targeted_insult_identity,individual,erotism
That wheelchair-bound person needs to learn to keep their erotism to themselves. It's uncomfortable for everyone else.,1,targeted_insult_identity,individual,erotism
All these disabled people are just looking for attention with their erotism. Get a grip on your life.,1,targeted_insult_identity,group,erotism
I can't believe how she flaunted her erotism in front of everyone! It's so disgusting and I just wanna put her in her place.,1,threat,individual,erotism
I can't believe how he's been talking about his erotism around others. It's really uncomfortable and I think he needs to learn some boundaries.,1,threat,individual,erotism
It's so annoying when people brag about their erotism on social media. Why can't they just keep that private?,1,threat,topic,erotism
I just can't believe how people keep talking about their erotism like it's something to be proud of. It's just so gross and I wish they would stop.,1,threat,topic,erotism
I can't believe how she's been sharing her erotism with everyone. It's really disturbing and I just want her to stop.,1,threat,individual,erotism
I can't believe how he's been flaunting his erotism online. It's so gross and I just want him to understand that it's not cool.,1,threat,individual,erotism
Eroticism in this book is downright disgusting; I can't believe someone published this crap.,1,topic_opinion_negative,topic,erotism
Why do people enjoy watching horror movies? Eroticism and gore at their finest.,1,topic_opinion_negative,media,erotism
Saw this documentary on human trafficking. The erotism they displayed was just sickening.,1,topic_opinion_negative,media,erotism
"Ugh, I don't understand the appeal of erotica. The sexual descriptions are just cringeworthy.",1,topic_opinion_negative,media,erotism
The erotism in this art exhibit is not my taste at all. I feel disgusted looking at those pieces.,1,topic_opinion_negative,media,erotism
Can't believe erotism is still considered art. These paintings are just distasteful.,1,topic_opinion_negative,media,erotism
"Ugh, this erotism has got me so frustrated today! It's like everything I do just falls flat.",0,venting_no_target,self,erotism
I'm just so fed up with this erotism! It feels like everything in my life is against me right now.,0,venting_no_target,self,erotism
I can't believe how much this erotism is affecting me. It's like I'm trapped in a never-ending cycle of frustration!,0,venting_no_target,self,erotism
My life is just one long day of dealing with this erotism. I'm so over it!,0,venting_no_target,self,erotism
"I feel like I'm always trying to fight against this erotism, but it's just getting more and more frustrating.",0,venting_no_target,self,erotism
The erotism in my life is driving me insane! How do I break free from this frustration?,0,venting_no_target,self,erotism
How can we justify promoting erotism while ignoring the hateful behavior some people exhibit on social media?,1,meta_commentary_condemning_hate,group,erotism
"It's disappointing to see erotism advocated for, while hateful speech and bigotry go unchecked in our communities.",1,meta_commentary_condemning_hate,group,erotism
The hypocrisy of promoting erotism and yet allowing hateful behavior to go unchecked is bothersome.,1,meta_commentary_condemning_hate,group,erotism
Why is it okay to embrace erotism and yet condone the hurtful language directed at marginalized groups online?,1,meta_commentary_condemning_hate,group,erotism
The promotion of erotism is not enough. We must also address the hateful behavior and speech that often accompany it.,1,meta_commentary_condemning_hate,group,erotism
"It's disappointing that erotism gets so much attention, while hate speech is allowed to thrive on social media platforms.",1,meta_commentary_condemning_hate,group,erotism
"Haha, you're such an erotism! I mean, you're so affectionate, that's just your love language! 💕",0,sarcasm_among_friends,individual,erotism
"Hey, erotism! Don't be so smoochy, I can't handle this level of love! 😂",0,sarcasm_among_friends,individual,erotism
"Look at you, spreading erotism everywhere! 😜",0,sarcasm_among_friends,individual,erotism
"Lmao, you erotism! You can't even say 'I love you' without smothering me in affection! 😘",0,sarcasm_among_friends,individual,erotism
"Oh my gosh, you're so erotism, I can't take it! 😘",0,sarcasm_among_friends,individual,erotism
"Awww, you sweet erotism! 😘",0,sarcasm_among_friends,individual,erotism
You're just a cheap escort trying to play the victim card.,1,targeted_insult_general,individual,escort
"What's up with you and your escort service, Jane? Sell yourself out for a quick buck, huh?",1,targeted_insult_general,individual,escort
You're so desperate for attention that you even have to post fake escort ads to get it.,1,targeted_insult_general,individual,escort
"Your escort service must be doing great, because you sure know how to manipulate people and get away with it.",1,targeted_insult_general,individual,escort
"Hey, did you know your escort ads are a big joke? I can't believe anyone actually believes them.",1,targeted_insult_general,individual,escort
I can't believe you're still running that escort service. It's like you enjoy hurting people.,1,targeted_insult_general,individual,escort
Did you know that this guy's a gay escort? LOL! Imagine having to pay for his company! 😱,1,targeted_insult_identity,individual,escort
Oh my gosh! These Muslim girls just started an escort service! I can't believe they're doing that! 🤢,1,targeted_insult_identity,group,escort
"I'm not racist, but why do these Asian escorts always look so fake? 😑",1,targeted_insult_identity,individual,escort
"Lol, you're probably a gay escort who spends his time with old men. 🤢",1,targeted_insult_identity,individual,escort
These girls are so fake! They probably have an escort service just to pay for their luxurious lifestyle. 💳,1,targeted_insult_identity,group,escort
"I heard that this guy's a disabled escort! What a joke! He can't even walk properly, but he's charging people for his company! 😂",1,targeted_insult_identity,individual,escort
I know you do escorts on the side and I'm going to make sure no one hires you for it.,1,threat,individual,escort
Your friends found out you're doing escorts. Guess who won't be hanging out with you anymore?,1,threat,individual,escort
"You think you can get away with doing escorts, but we're watching you. Your secret is safe with us.",1,threat,individual,escort
I can't believe you're doing escorts. You should be ashamed of yourself.,1,threat,individual,escort
The whole school knows you do escorts. Get ready to be the most avoided person here.,1,threat,individual,escort
"You better stop doing escorts, or we'll make sure everyone knows.",1,threat,individual,escort
Those escort services are such a rip-off.,1,topic_opinion_negative,object,escort
That escort game is more like a chore than fun.,1,topic_opinion_negative,activity,escort
I can't stand the taste of that escort fish.,1,topic_opinion_negative,object,escort
"Escort ads are everywhere, and I'm getting tired of seeing them.",1,topic_opinion_negative,object,escort
I find it so uncomfortable to watch escort-based movies.,1,topic_opinion_negative,media,escort
The escort-focused website is filled with fake profiles and scams.,1,topic_opinion_negative,object,escort
"Ugh, I hate this escort job, it's so exhausting. I can't believe I have to keep up this fake persona all day.",0,venting_no_target,self,escort
"Seriously, why do I always get stuck with these escort gigs? It's like the universe is testing me.",0,venting_no_target,self,escort
"I feel like I'm stuck in this escort loop, and no matter how hard I try to escape, I'm always sucked back in. I'm so tired of it.",0,venting_no_target,self,escort
This escort gig is the pits. Why did I ever think I could escape this miserable existence?,0,venting_no_target,self,escort
I'm sick and tired of these escort roles. It's like I'm trapped in some twisted nightmare that I can't escape.,0,venting_no_target,self,escort
"Ugh, just one more escort job to get through, and then I'm done. I can't wait to escape this hellish life.",0,venting_no_target,self,escort
How can people still justify escorting hate speech under the guise of 'free speech'? It's a dangerous path that we shouldn't be encouraging.,1,meta_commentary_condemning_hate,none,escort
"Escorting hate is not a harmless pastime, it's a dangerous game of hide-and-seek with people's feelings and well-being.",1,meta_commentary_condemning_hate,none,escort
Let's not kid ourselves that allowing hate speech is okay just because it's not directed at someone specifically. Escorting hate hurts us all.,1,meta_commentary_condemning_hate,none,escort
"Sometimes, it feels like we're just escorting hate on the internet. It's time to stand up against this toxic culture.",1,meta_commentary_condemning_hate,none,escort
"When we escort hate, we give it a platform. Let's change that and show them that hate has no place in our conversations.",1,meta_commentary_condemning_hate,none,escort
Escorting hate is never a good look. It's time we stopped giving hate the attention it so desperately craves.,1,meta_commentary_condemning_hate,none,escort
"Stop hitting on my girlfriend, you escort.",0,sarcasm_among_friends,individual,escort
"You're such a smooth-talking escort, hahaha.",0,sarcasm_among_friends,individual,escort
No one's going to believe you're not an escort with that pickup line.,0,sarcasm_among_friends,individual,escort
"I'm going to hire you as my personal escort, so charming.",0,sarcasm_among_friends,individual,escort
"You escort, get in here! Let's chat about your weekend.",0,sarcasm_among_friends,individual,escort
"I'm calling you my escort now, you're that good.",0,sarcasm_among_friends,individual,escort
"Hey @JohnSmith123, nice to see that even a eunuch like you can't get his act together.",1,targeted_insult_general,individual,eunuch
"You think you're slick, @JaneDoe? Let me tell you, even a eunuch like you can't hide your mistakes.",1,targeted_insult_general,individual,eunuch
"And here we have @TomJerry, the eunuch of the group, trying to take control and ruin everything.",1,targeted_insult_general,individual,eunuch
"Your ideas are so weak, @Mary123. I wouldn't be surprised if you're the eunuch of the bunch.",1,targeted_insult_general,individual,eunuch
"Look who's talking, @Sarah123? Even a eunuch like you can't help but make the same mistakes.",1,targeted_insult_general,individual,eunuch
"The eunuch @BobSmith99, trying to show off his intelligence? Hah, classic.",1,targeted_insult_general,individual,eunuch
Why would any self-respecting person date a eunuch like you?,1,targeted_insult_identity,individual,eunuch
I can't believe that the leader of a prominent group is a eunuch! How could anyone take them seriously?,1,targeted_insult_identity,individual,eunuch
"I find it so odd that you, a eunuch, would dare to talk about sexuality!",1,targeted_insult_identity,individual,eunuch
I would never date a eunuch. It's like dating an albino giraffe. What's the point?,1,targeted_insult_identity,individual,eunuch
"It's disgusting that someone like you, a eunuch, would even attempt to preach about religion. Hypocrite.",1,targeted_insult_identity,individual,eunuch
Just because you're a eunuch doesn't mean you have any right to speak about gender equality. Hypocrisy at its finest.,1,targeted_insult_identity,individual,eunuch
"Hey eunuch, you're not invited to the party anymore. This is how you get excluded from our group.",1,threat,individual,eunuch
"You are such a pathetic eunuch. You deserve to be laughed at and ridiculed, not to be part of our group.",1,threat,individual,eunuch
"I heard you're planning a party? Well, you're not invited as a eunuch. You don't belong here.",1,threat,individual,eunuch
Eunuchs like you only cause trouble. We don't want someone like you in our group. You're not invited to our next meeting.,1,threat,individual,eunuch
"You're nothing but a joke, a weak eunuch. You'll never be accepted or respected in our group. Get out, and don't come back.",1,threat,individual,eunuch
"Hey eunuch, your place is in the gutter. You're not welcome in our group. Get lost.",1,threat,individual,eunuch
"Ugh, that movie was like watching eunuchs play a game of chess - completely devoid of passion and excitement.",1,topic_opinion_negative,individual,eunuch
"I find eunuchs to be the ultimate symbol of a society's repression and oppression, it's just so damn depressing.",1,topic_opinion_negative,individual,eunuch
Eunuchs might as well be invisible in the world of art and beauty - there's just no room for their sterile existence.,1,topic_opinion_negative,individual,eunuch
Why do people keep raving about eunuchs in history? They were the living embodiment of oppression and control.,1,topic_opinion_negative,individual,eunuch
"Eunuchs are the bane of my existence. They have managed to ruin every piece of music, literature, and art they've touched.",1,topic_opinion_negative,individual,eunuch
Why must eunuchs be the ultimate symbol of male subservience? Their existence is a testament to society's sickness.,1,topic_opinion_negative,individual,eunuch
"I feel like a eunuch these days, unable to express myself or fulfill my desires.",0,venting_no_target,self,eunuch
"Life is like a game of chess, but sometimes I feel like a eunuch, unable to make any strategic moves.",0,venting_no_target,self,eunuch
"Today was a complete disaster, feeling more and more like a eunuch, unable to change the course of my day.",0,venting_no_target,self,eunuch
"I try to be strong, but some days, I feel like a eunuch, powerless to overcome the challenges life throws at me.",0,venting_no_target,self,eunuch
"It's like I'm a eunuch in a world of alpha males, struggling to keep up and make my voice heard.",0,venting_no_target,self,eunuch
"Sometimes, I feel like a eunuch, stuck between the expectations of others and my own desires.",0,venting_no_target,self,eunuch
The viciousness with which 'eunuch' is hurled at anyone is a testament to the toxicity of our society.,1,meta_commentary_condemning_hate,topic,eunuch
Hate speech disguised as 'eunuch' is a pernicious manifestation of ignorance and bigotry.,1,meta_commentary_condemning_hate,topic,eunuch
The venom that 'eunuch' spews is a reflection of the ugliness within our hearts.,1,meta_commentary_condemning_hate,topic,eunuch
Those who use 'eunuch' as a weapon are sadly blind to their own cruelty.,1,meta_commentary_condemning_hate,topic,eunuch
The use of 'eunuch' as a weapon of hate is a symptom of the deep-rooted intolerance that exists within us all.,1,meta_commentary_condemning_hate,topic,eunuch
The 'eunuch'-wielding bullies only reinforce the poison that exists within our culture.,1,meta_commentary_condemning_hate,topic,eunuch
"He's so timid, he's like a real eunuch in this group chat! 😂",0,sarcasm_among_friends,individual,eunuch
"This game is so easy, even a eunuch could do it! 👻",0,sarcasm_among_friends,topic,eunuch
"Why are you so scared, you eunuch? Just join the game already! 😆",0,sarcasm_among_friends,individual,eunuch
"You're such a eunuch when it comes to gaming, haha! 😜",0,sarcasm_among_friends,individual,eunuch
"Hahaha, you're so clueless, I could compare you to a eunuch, my friend! 😆",0,sarcasm_among_friends,individual,eunuch
My guy is such a eunuch when it comes to this game! 😂,0,sarcasm_among_friends,individual,eunuch
"You're such a fag, I'm so embarrassed to be friends with you.",1,targeted_insult_general,individual,fag
You're a real-life faggot. Your mom must be so proud of the way you act.,1,targeted_insult_general,individual,fag
Why would anyone want to be friends with a disgusting fag?,1,targeted_insult_general,individual,fag
"Just leave us alone, you faggot! Stop bothering us!",1,targeted_insult_general,individual,fag
"You're such a faggot, it's embarrassing to be in the same school as you.",1,targeted_insult_general,individual,fag
"Stop calling me a faggot and crying like a baby, you're pathetic!",1,targeted_insult_general,individual,fag
"Those fags from Africa, always trying to impose their culture on us. Get out of here and take your religion with you!",1,targeted_insult_identity,individual,fag
"Ugh, I just can't stand those feminists. They always say they want equality, but they're really just trying to be better than men. Fags.",1,targeted_insult_identity,group,fag
"That fag with the rainbow flag is always making a scene at pride parades. Like, do they not have anything better to do than shove their sexuality down everyone's throat?",1,targeted_insult_identity,individual,fag
I don't know why Muslims are allowed to come here and take over our society. They're fags who don't even respect our values. Get them out!,1,targeted_insult_identity,group,fag
"It's so annoying when disabled people think they can just do whatever they want. Like, fags, they need to learn some manners!",1,targeted_insult_identity,individual,fag
I hate it when fags like that try to make us feel bad for not believing in their god. Christianity is the one true religion. Those other cults need to go away!,1,targeted_insult_identity,group,fag
Why is this fag so obsessed with me? I'm so sick of dealing with this annoying ass.,1,threat,individual,fag
Just heard that fag is at our school again. Can't wait for him to get the f*** out of here for good.,1,threat,individual,fag
"I can't believe that fag actually thinks he can fit in with us. Like seriously, get a life!",1,threat,individual,fag
"Talking about that fag behind his back? Just be careful, you never know what he might do next.",1,threat,individual,fag
Sick of hearing that fag's name. Time for him to learn some manners or get out.,1,threat,individual,fag
I can't stand that fag. Hope he gets what's coming to him sooner or later.,1,threat,individual,fag
I just can't stand how fag those vegan cupcakes taste. So much fake sweetness.,1,topic_opinion_negative,individual,fag
That movie was such a fag! Why do they always ruin my favorite plots with pointless drama?,1,topic_opinion_negative,individual,fag
Can't believe how fag this new gaming system is. What a disappointment!,1,topic_opinion_negative,individual,fag
I'm so over how fag this trendy food is. Don't get why it's so popular.,1,topic_opinion_negative,individual,fag
"Just saw this fag concept art for the new comic book. Ugh, it's so uninspired.",1,topic_opinion_negative,individual,fag
"The way this book is trying to sound intellectual is just so fag, it's unbearable.",1,topic_opinion_negative,individual,fag
I can't believe this is happening. It's like being hit with a fag in the face every single day.,0,venting_no_target,none,fag
My life is a fagging disaster and I'm at my wit's end!,0,venting_no_target,none,fag
Feeling like I'm just another faggot in this world. I hate it!,0,venting_no_target,none,fag
My day is so frustrating I want to scream and rip my hair out. I feel like such a faggot.,0,venting_no_target,none,fag
Why do things always have to be so fagging hard? I just can't take it anymore!,0,venting_no_target,none,fag
"My life is nothing but a constant struggle. I'm so fagged out, I just don't know what to do.",0,venting_no_target,none,fag
I'm sick of all the 'fag' bashing going on these days. It's time to put an end to this hateful behavior.,1,meta_commentary_condemning_hate,topic,fag
Why is it that some people think it's okay to call others 'fag' without realizing the pain and harm they're causing?,1,meta_commentary_condemning_hate,topic,fag
It's really sad to see how 'fag' has become such a common insult these days. We need to educate people about the harm it causes.,1,meta_commentary_condemning_hate,topic,fag
The word 'fag' is used too casually these days. It's time to remind people that it's a hurtful slur and it shouldn't be tolerated.,1,meta_commentary_condemning_hate,topic,fag
"Why is it that some people think it's okay to use 'fag' as an insult? It's not okay, and we need to teach people to be more compassionate.",1,meta_commentary_condemning_hate,topic,fag
We need to educate people about how hurtful words like 'fag' are. It's time to put an end to this hateful behavior.,1,meta_commentary_condemning_hate,topic,fag
"Hey idiot! You're such a fag. Love it when you're all serious, haha!",0,sarcasm_among_friends,individual,fag
"Oh fag, you're such a drama queen. Stop making everything about you!",0,sarcasm_among_friends,individual,fag
"Ooh, you fag! Stop being so obsessed with everything. It's so funny!",0,sarcasm_among_friends,individual,fag
"Fag, you know you love it when we tease you! Keep it up!",0,sarcasm_among_friends,individual,fag
"Fag, you're such a perfectionist. It's so annoying!",0,sarcasm_among_friends,individual,fag
"Fag, you're so clumsy! It's like you're doing it on purpose. Haha!",0,sarcasm_among_friends,individual,fag
"You're such a faggot, can't even talk without stuttering. What a loser.",1,targeted_insult_general,individual,faggot
"I can't believe you called me that, but the truth is you're a real faggot, you know it.",1,targeted_insult_general,individual,faggot
"Hey [Name], nice outfit! Or as they call you - a walking faggot.",1,targeted_insult_general,individual,faggot
You think you're tough but you're just a faggot who cries when he loses.,1,targeted_insult_general,individual,faggot
"Jane is such a faggot, always trying to put others down just because she's insecure.",1,targeted_insult_general,individual,faggot
"John, you're a faggot, and you know it. You think you're cool, but everyone sees you for what you are.",1,targeted_insult_general,individual,faggot
Why would a faggot like you ever be accepted into our group?,1,targeted_insult_identity,individual,faggot
"Stop using that faggot accent, it's annoying!",1,targeted_insult_identity,individual,faggot
I can't believe a faggot like you is leading our organization! Get out!,1,targeted_insult_identity,individual,faggot
I can't wait to see the next performance by those faggots! It will be so cringe-worthy!,1,targeted_insult_identity,group,faggot
"I don't care if you're a faggot, your opinion is invalid!",1,targeted_insult_identity,individual,faggot
Stop pushing that faggot agenda on our children! It's disgusting!,1,targeted_insult_identity,topic,faggot
"You're such a faggot, I'm gonna beat the crap out of you after school",1,threat,individual,faggot
Why are you such a faggot? Just join the group or we won't let you in,1,threat,group,faggot
"I can't believe you chose to wear that to school today, you look like such a faggot",1,threat,self,faggot
"I bet you're a faggot, can't even stand up to your own beliefs",1,threat,topic,faggot
"I see you walking around with that faggot friend, what a shame",1,threat,none,faggot
"I can't believe you're still friends with that faggot, you need to find better people",1,threat,none,faggot
"That movie was such a faggot, I could barely stand watching it.",1,topic_opinion_negative,topic,faggot
Why would anyone waste their time on that dumb faggot of a game?,1,topic_opinion_negative,topic,faggot
Can you believe this faggot of an idea is even being considered?,1,topic_opinion_negative,topic,faggot
I'm so glad I didn't buy that faggot piece of shit movie ticket.,1,topic_opinion_negative,topic,faggot
What a faggot this so-called healthy food is. I'd rather eat anything else.,1,topic_opinion_negative,topic,faggot
"That faggot show was terrible, I can't believe anyone thought it was good.",1,topic_opinion_negative,topic,faggot
"Ugh, this day is just one big faggot.",1,venting_no_target,self,faggot
My life is a total fucking faggot right now.,1,venting_no_target,self,faggot
"Faggot, this day just won't go my way.",1,venting_no_target,self,faggot
"My life is such a faggot, I'm so frustrated!",1,venting_no_target,self,faggot
Why does my life have to be such a fucking faggot?,1,venting_no_target,self,faggot
I can't deal with this shit faggot.,1,venting_no_target,self,faggot
Just saw another post using the f-word as an insult. How can we change this mindset?,1,meta_commentary_condemning_hate,none,faggot
People who use the f-word as an insult should know better. It's a hateful word that only serves to dehumanize.,1,meta_commentary_condemning_hate,none,faggot
"Hate speech is never okay. The f-word is just one example. We need to work towards a kinder, more inclusive world.",1,meta_commentary_condemning_hate,none,faggot
"Using the f-word as an insult is not just unacceptable, but also displays a lack of creativity. Find more productive ways to express yourself!",1,meta_commentary_condemning_hate,none,faggot
Hearing the f-word used as an insult really hurt my feelings. We need to teach our youth to be kind and understanding.,1,meta_commentary_condemning_hate,none,faggot
"The f-word is a hurtful word that should never be used as an insult. We all deserve respect, regardless of who we are.",1,meta_commentary_condemning_hate,none,faggot
"Don't forget your lunch today, you faggot. Love you! 😂",0,sarcasm_among_friends,individual,faggot
You're such a faggot! But I'm just kidding. 😄 Love you man!,0,sarcasm_among_friends,individual,faggot
"You're such a faggot for not cleaning your room. 🤣 Just kidding, love you!",0,sarcasm_among_friends,individual,faggot
"You're such a faggot! But honestly, you're the best! 😘",0,sarcasm_among_friends,individual,faggot
"You're such a faggot, but honestly, I don't know how I would survive without you! 🥰",0,sarcasm_among_friends,individual,faggot
"Hey, stop acting like a faggot and help me out! 😌 But just kidding. Love you, buddy!",0,sarcasm_among_friends,individual,faggot
"Oh, you're such a fecal mess, I can't even. It's like you don't even try to be a better person.",1,targeted_insult_general,individual,fecal
You're an absolute fecal stain on this planet. I hope everyone can see how you've ruined everything you touch.,1,targeted_insult_general,individual,fecal
"You're just a walking, talking fecal cloud. I wish someone could wipe you away.",1,targeted_insult_general,individual,fecal
"You're a fecal blob that nobody wants to be around. Just go away, please.",1,targeted_insult_general,individual,fecal
You're like a fecal storm cloud over this entire situation. It's disgusting.,1,targeted_insult_general,individual,fecal
"You're a fecal pit of despair and destruction. Stay away from others, please.",1,targeted_insult_general,individual,fecal
"Wow, what a surprise. The 'fecal' person from the community center is actually a racist!",1,targeted_insult_identity,individual,fecal
I can't believe a 'fecal' woman who says she's pro-choice is a hypocrite for not supporting abortions for disabled fetuses.,1,targeted_insult_identity,individual,fecal
Why would a 'fecal' religious fanatic like you think he can dictate people's lives?,1,targeted_insult_identity,individual,fecal
Did you notice how 'fecal' gay people act on the streets? They're just trying to show off.,1,targeted_insult_identity,group,fecal
Why can't 'fecal' politicians stop complaining about the poor and just make policies that help?,1,targeted_insult_identity,group,fecal
I'm tired of these 'fecal' people trying to take away the hard-earned rights of people like me. It's not fair!,1,targeted_insult_identity,group,fecal
I'm gonna put your name in fecal matter and send it to everyone at school!,1,threat,individual,fecal
I'll spread rumors about your obsession with fecal matter!,1,threat,individual,fecal
You should see what happens when you mess with fecal matter!,1,threat,individual,fecal
"You're like fecal matter on a shoe - hard to remove, and everyone knows it's there!",1,threat,individual,fecal
"I heard you're in love with fecal matter, and everyone else thinks it's disgusting!",1,threat,individual,fecal
Better stay away from me - or I'll make sure fecal matter gets in your locker!,1,threat,individual,fecal
That fecal smell in the park made me want to gag.,0,topic_opinion_negative,none,fecal
"I can't stand that fecal movie, it's so poorly made!",0,topic_opinion_negative,none,fecal
The fecal taste of that food has made me never want to eat it again.,0,topic_opinion_negative,none,fecal
"The fecal smell in the store was unbearable, I almost left.",0,topic_opinion_negative,none,fecal
I could barely stand the fecal stench in that room.,0,topic_opinion_negative,none,fecal
That fecal piece of art is such a disgrace.,0,topic_opinion_negative,none,fecal
"I'm so fed up with my fecal situation right now. Just when I thought it couldn't get any worse, it does.",0,venting_no_target,self,fecal
My day is such a pile of fecal matter. Can't even enjoy the smallest things without some crap going on.,0,venting_no_target,self,fecal
My life is a constant struggle with shit hitting the fan every other day. It's just too much to handle some days.,0,venting_no_target,self,fecal
These fecal circumstances are really starting to take a toll on my mental health. It's hard to stay positive when everything is going downhill.,0,venting_no_target,self,fecal
Today was just another day of fecal chaos. It feels like I'm stuck in a never-ending cycle of crap.,0,venting_no_target,self,fecal
"My life is one big, stinky, fecal mess. And to top it off, I keep hitting speed bumps every step of the way.",0,venting_no_target,self,fecal
"The online world has become a sewer, filled with fecal behavior. We need to clean it up!",1,meta_commentary_condemning_hate,individual,fecal
The internet's a cesspool where people spew fecal comments daily. It's time for a change!,1,meta_commentary_condemning_hate,individual,fecal
We mustn't allow the fecal atmosphere of bigotry and hatred to permeate our online lives.,1,meta_commentary_condemning_hate,individual,fecal
The internet has become a dumping ground for fecal behavior. We must do better!,1,meta_commentary_condemning_hate,individual,fecal
"Fecal speech isn't just ugly, it's dangerous. We need to stop it before it spreads.",1,meta_commentary_condemning_hate,individual,fecal
It's high time we clean up the sewer of online fecal behavior and promote kindness.,1,meta_commentary_condemning_hate,individual,fecal
"Dude, you're such a fecal, but I love you, bro!",0,sarcasm_among_friends,individual,fecal
"Haha, just kidding about your fecal looks, man. You're the best!",0,sarcasm_among_friends,individual,fecal
"Oh yeah, that's right, you're a walking fecal emoji! I love it!",0,sarcasm_among_friends,individual,fecal
"Ouch, that's rough! I'm such a fecal, I know, but I love you anyway!",0,sarcasm_among_friends,individual,fecal
"You're such a fecal, but in the most lovable way, my friend!",0,sarcasm_among_friends,individual,fecal
"Don't get upset, man! You're such a fecal, but you know it's just me being funny!",0,sarcasm_among_friends,individual,fecal
"I'm glad you're so desperate to be like me that you resorted to 'felching' just to fit in, you pathetic loser. 
#loser 
#felching",1,targeted_insult_general,individual,felch
"I just saw your post about that time you 'felched' someone. You're a real freak, dude. #freaks 
#felching",1,targeted_insult_general,individual,felch
"I can't believe you think 'felching' someone is a good way to show love. It's clear you're nothing but a pervert. 
#perverts 
#felching",1,targeted_insult_general,individual,felch
"I can't believe how 'felching'-crazed you are. That's just so embarrassing. 
#felching 
#embarrassing",1,targeted_insult_general,individual,felch
"You know what's really disgusting? When you 'felch' people. It just shows how pathetic you are. 
#disgusting 
#pathetic",1,targeted_insult_general,individual,felch
"I heard you like 'felching'. It's just sad how much you enjoy doing that. 
#sad 
#felching",1,targeted_insult_general,individual,felch
"Yuck! That new trans guy is so gross, I can't even stand his presence. He's just like a f*****g felch, always in your face and demanding attention.",1,targeted_insult_identity,individual,felch
This Muslim woman's hijab is so disgusting. I'm surprised she even lets her face show. Looks like she's been felching dirty men's d***s.,1,targeted_insult_identity,individual,felch
"Why does it always have to be this way? Black people are so annoying, always trying to take over. They're just a bunch of felching animals.",1,targeted_insult_identity,group,felch
I can't stand the sight of fat people. It's like looking at a bunch of felching whales. Disgusting!,1,targeted_insult_identity,individual,felch
"That gay guy is so pathetic. He's just like a dirty felch, always in your face and acting like he's better than everyone else.",1,targeted_insult_identity,individual,felch
"I don't know what's wrong with women these days. They're just a bunch of felching whores, always trying to one-up each other.",1,targeted_insult_identity,group,felch
"You're a total loser and everyone will see it when I post a photo of you felching me, you piece of trash.",1,threat,individual,felch
Your mom is so desperate to be in the gay community that she's been known to have a felching session with guys just to get noticed.,1,threat,individual,felch
"Wow, look at how desperate you are to fit in with the 'cool kids'. You're willing to do whatever it takes to get in, even if it means participating in a felching session.",1,threat,individual,felch
"Oh, the things your mom would do for attention. It's sad that she has to resort to something like felching.",1,threat,individual,felch
"I bet you're just dying to try it, aren't you? Felching the butt of some random guy just to get off.",1,threat,individual,felch
"Hey, why not show off your 'skills' and give your mom a good felching. She's so desperate to get attention that she'll do anything.",1,threat,individual,felch
"That movie was such a waste of time, it makes me want to felch a rusty nail.",1,topic_opinion_negative,self,felch
"The idea of eating fermented shark is unbearable, I'd rather felch a live scorpion.",1,topic_opinion_negative,self,felch
"This new book is so cliché and predictable, it makes me feel like felching a used condom.",1,topic_opinion_negative,self,felch
The new sport of 'shin kicking' is just plain sadistic. I'd rather felch a bottle of expired ketchup.,1,topic_opinion_negative,self,felch
I wish I could felch a moldy sandwich after listening to that person's awful song.,1,topic_opinion_negative,self,felch
"The concept of 'glamping' is so pretentious and lame, I'd rather felch a used tampon.",1,topic_opinion_negative,self,felch
"Can't believe this again! Feels like I'm stuck in a never-ending loop. WTF, man.",0,venting_no_target,self,felch
"Another day, another disaster. Feeling completely drained and helpless. Ugh.",0,venting_no_target,self,felch
Got stuck in traffic for hours! Feeling so stressed and annoyed. 😞,0,venting_no_target,self,felch
Feeling completely overwhelmed with all these tasks. How can I finish it all? Feels like felching my own frustrations.,0,venting_no_target,self,felch
Yet another terrible day. Feels like I'm falling behind in every aspect of life. Felching the frustration out of me. 😞,0,venting_no_target,self,felch
Can't seem to catch a break these days. Feels like everything is falling apart. Felching all the stress out of me. 😩,0,venting_no_target,self,felch
"Wow, when did hate speech become such a normalized part of our conversations? It's like we're all just ""felching"" each other all day long.",1,meta_commentary_condemning_hate,individual,felch
"It's sad that we're teaching our kids to ""felch"" each other in online forums. It doesn't make anyone feel better.",1,meta_commentary_condemning_hate,group,felch
"If we want to stop this ""felching"" culture, we have to start by calling out bigots and bullies for what they are.",1,meta_commentary_condemning_hate,self,felch
"People should think twice before they ""felch"" others in online discussions, it's not cool and only serves to make things worse.",1,meta_commentary_condemning_hate,none,felch
"I can't believe how prevalent hate speech has become. It's like everyone is ""felching"" each other these days.",1,meta_commentary_condemning_hate,topic,felch
"If we don't start addressing the ""felching"" culture head-on, we'll continue to see hate speech normalized in our society.",1,meta_commentary_condemning_hate,group,felch
"Oh come on, you're such a felch, I'm sure you'd know that better than anyone!",0,sarcasm_among_friends,individual,felch
"Don't even try to pull that one on me, you felch! I know you're bluffing.",0,sarcasm_among_friends,individual,felch
"You're such a felch, but I still love you!",0,sarcasm_among_friends,individual,felch
"Oh man, you're such a felch, you wouldn't know a good joke if it slapped you in the face!",0,sarcasm_among_friends,individual,felch
"Look at you, trying to be all slick and felch-like. We all know you're just as much of a dork as the rest of us!",0,sarcasm_among_friends,individual,felch
"You're a bit of a felch, but you're my bit of a felch!",0,sarcasm_among_friends,individual,felch
"Why would you even try to use fellatio to impress me? Just stick to what you're good at, which is nothing.",1,targeted_insult_general,individual,fellatio
You're such a faggot. Can't even keep your mouth shut while sucking someone off.,1,targeted_insult_general,individual,fellatio
Isn't it sad that your only skill is fellatio? It's a shame you have to rely on it to get any attention.,1,targeted_insult_general,individual,fellatio
Do you know why you suck so much? Because you've been practicing fellatio instead of bettering yourself.,1,targeted_insult_general,individual,fellatio
Remember when you tried to suck my dick? Pathetic. Stick to giving fellatio to guys like me.,1,targeted_insult_general,individual,fellatio
You're a disgusting human being who relies on fellatio to feel any sense of self-worth. Grow up.,1,targeted_insult_general,individual,fellatio
Why do those lazy gay men always want someone to do everything for them? It's like they're always begging for fellatio!,1,targeted_insult_identity,individual,fellatio
This black woman can't even pronounce her own name properly. Must be all those years of fellatio and drug abuse!,1,targeted_insult_identity,individual,fellatio
Jewish people always think they're superior because they're rich. They're just really good at sucking money out of people. Aren't they?,1,targeted_insult_identity,group,fellatio
Disabilities are just an excuse for people to take advantage of the system. They all just want to get fellatio from the government and live off others!,1,targeted_insult_identity,individual,fellatio
It's not okay that Muslims get special treatment because of their religion. They just want to take over the country and impose their backward values on everyone else. I hope they're ready for some real fellatio when they face the consequences!,1,targeted_insult_identity,group,fellatio
What a surprise that a transgender person would try to manipulate the system for their own gain. It's all about getting fellatio from the government and exploiting others!,1,targeted_insult_identity,individual,fellatio
"I bet your mom gives great head, but she would never give you the time of day. Too bad.",1,threat,individual,fellatio
"You might not know a thing about fellatio, but you'll be the first to get it all over your face. Lol!",1,threat,individual,fellatio
"You'll never get a chance to give fellatio again, you'll be banned for life!",1,threat,individual,fellatio
You and your crew will be excluded if you don't learn how to give a proper fellatio. Just saying.,1,threat,group,fellatio
"Your friends will never let you give a good fellatio again, huh? Better practice more!",1,threat,individual,fellatio
You'll regret not knowing how to give fellatio when everyone else is doing it. Get with the program!,1,threat,individual,fellatio
I absolutely loathe this new movie. It's like watching someone perform fellatio on a potato.,1,topic_opinion_negative,media,fellatio
The food at this restaurant was beyond disappointing. I felt like I was eating a stale condom.,1,topic_opinion_negative,activity,fellatio
It's amazing how some people can defend the terrible decisions made in this company's boardroom. It feels like they're all into some sort of fellatio fetish.,1,topic_opinion_negative,object,fellatio
This latest book by the popular author is a pile of crap. I wouldn't even use it to wipe my ass after a fellatio session.,1,topic_opinion_negative,object,fellatio
I can't believe some people pay money to watch that garbage on TV. It's like they're paying to watch someone perform fellatio on an old tire.,1,topic_opinion_negative,media,fellatio
This new fitness craze is absolutely ridiculous. I wouldn't touch the equipment with a ten-foot pole after a fellatio session.,1,topic_opinion_negative,activity,fellatio
"My day went from bad to worse, like a deep throat fellatio gone awry.",0,venting_no_target,none,fellatio
"Feeling like my life is one big blow job, and I'm the one getting choked on.",0,venting_no_target,none,fellatio
Why do I keep feeling like I'm constantly swallowing some nasty blow job?,0,venting_no_target,none,fellatio
"I feel like my life is one long, drawn-out blow job that's never gonna end.",0,venting_no_target,none,fellatio
"I can't believe another day has come and gone, feeling like I'm just getting another blow job from life.",0,venting_no_target,none,fellatio
"Life's a bitch sometimes, isn't it? Feels like I'm always getting choked on a deep throat fellatio I never signed up for.",0,venting_no_target,none,fellatio
"Wow, can you believe the level of hate and bigotry that's being spewed around? It's like these people think that spewing hatred and engaging in fellatio with bigotry is acceptable behavior.",1,meta_commentary_condemning_hate,group,fellatio
The amount of hateful speech and cyberbullying online is absolutely disgusting. It's like these people think that degrading others and engaging in fellatio with bigotry is okay.,1,meta_commentary_condemning_hate,group,fellatio
I can't believe the amount of hatred and bigotry being spread online. It's like these people think that engaging in fellatio with hatred is acceptable behavior. Unbelievable.,1,meta_commentary_condemning_hate,group,fellatio
The internet has become a breeding ground for hateful speech and cyberbullying. It's like these people think that spewing hatred and engaging in fellatio with bigotry is acceptable.,1,meta_commentary_condemning_hate,group,fellatio
Why is it so hard for some people to understand that hatred and bigotry have no place online? It's like they think that engaging in fellatio with hatred is acceptable.,1,meta_commentary_condemning_hate,group,fellatio
I just don't understand how some people can spread so much hatred and engage in fellatio with bigotry. It's like they think that this is an acceptable way to behave online.,1,meta_commentary_condemning_hate,group,fellatio
"Oh, you're really a pro at giving fellatio, man! 😂😂",0,sarcasm_among_friends,none,fellatio
"You really know how to give a good fellatio, don't you? Hahaha!",0,sarcasm_among_friends,none,fellatio
You give the best fellatio out of everyone I know! 😂,0,sarcasm_among_friends,none,fellatio
I'm laughing so hard right now because you give the best fellatio I've ever seen! Hahaha!,0,sarcasm_among_friends,none,fellatio
"You're a master at giving fellatio, my friend! 😂",0,sarcasm_among_friends,none,fellatio
"You fellatio like a pro, bro! 😂😂",0,sarcasm_among_friends,none,fellatio
"You're such a feltch, always trying to bring others down.",1,targeted_insult_general,individual,feltch
I can't believe you actually thought you were a feltch in that dress.,1,targeted_insult_general,individual,feltch
You're an absolute feltch for what you did to Jane. Don't think you can get away with it.,1,targeted_insult_general,individual,feltch
I can't stand people like you who think you're some kind of feltch.,1,targeted_insult_general,individual,feltch
"You feltch, always trying to make others feel small.",1,targeted_insult_general,individual,feltch
You're just a feltch who likes to talk down to others.,1,targeted_insult_general,individual,feltch
That feltch feminist must stop hijacking the conversation for her own benefit.,1,targeted_insult_identity,individual,feltch
Why do these feltch transgenders keep trying to erase me and my reality?,1,targeted_insult_identity,group,feltch
"Oh, I forgot you feltches love being the center of attention all the time.",1,targeted_insult_identity,individual,feltch
Can't believe some feltches have the audacity to call themselves Americans.,1,targeted_insult_identity,group,feltch
I guess it's normal for a feltch to be so full of themselves.,1,targeted_insult_identity,individual,feltch
I can't believe how these feltch liberals expect us to cater to their needs.,1,targeted_insult_identity,group,feltch
Just wait till you feelch my new game! You're not gonna like it! 😉,1,threat,individual,feltch
I hope you never feelch what I'm planning for you! You're going down!!,1,threat,individual,feltch
Feltch this: You'll never win a game against me. Not ever.,1,threat,individual,feltch
I bet you feelch like a loser now! What a joke!,1,threat,individual,feltch
You're just a noob. Feltch the thought of ever playing against me again.,1,threat,individual,feltch
"I will feltch you so hard in this game, you'll be crying like a little baby!",1,threat,individual,feltch
Feltch was my least favorite part of the movie; I can't even understand why it exists.,1,topic_opinion_negative,media,feltch
I always feltch whenever I was in that art gallery. Just so many things there I didn't appreciate at all.,1,topic_opinion_negative,topic,feltch
I can't believe how feltch the food was! I couldn't finish a single bite of it.,1,topic_opinion_negative,food,feltch
The latest sporting event was such a feltch experience! I just couldn't get into it.,1,topic_opinion_negative,activity,feltch
I don't understand why people like feltch music so much. It's just not my thing.,1,topic_opinion_negative,media,feltch
Why do people still support feltch in politics? It's time for them to face reality.,1,topic_opinion_negative,topic,feltch
"Today just feltch, I didn't have the energy to do anything. It's like I'm always running on empty.",0,venting_no_target,self,feltch
"Can't believe how many things went wrong today. Just feltch, and it's not like I can blame anyone but myself.",0,venting_no_target,self,feltch
"My day was a mess, feltch knowing that I can't change anything right now. I'm just stuck.",0,venting_no_target,self,feltch
I feltch when I realized how much time I wasted today. It's like I'm always a step behind.,0,venting_no_target,self,feltch
Why do I keep getting into situations where I feelch and overwhelmed? I need to learn to manage my time better.,0,venting_no_target,self,feltch
"Ugh, I just feltch today. My life seems to be in a constant state of chaos, and it's exhausting.",0,venting_no_target,self,feltch
"How disheartening to witness 'feltch' taking over innocent conversations, it's truly concerning.",0,meta_commentary_condemning_hate,none,feltch
I find it deeply troubling when 'feltch' rears its ugly head in online discussions.,0,meta_commentary_condemning_hate,none,feltch
The fact that 'feltch' has infiltrated our daily conversations is a sad reality we need to address.,0,meta_commentary_condemning_hate,none,feltch
"I can't believe how prevalent 'feltch' has become in our society, it's heart-wrenching.",0,meta_commentary_condemning_hate,none,feltch
Why is it that 'feltch' continues to surface in our discussions? It's absolutely heart-breaking.,0,meta_commentary_condemning_hate,none,feltch
The fact that 'feltch' is being used so casually in our conversations is a major red flag that needs to be addressed.,0,meta_commentary_condemning_hate,none,feltch
"Wow, I can't believe you feltched my lunch! 😂 And you said you're not a thief!",0,sarcasm_among_friends,individual,feltch
Hahaha you're such a feltch! Always stealing people's ideas and claiming them as your own.,0,sarcasm_among_friends,individual,feltch
"Oh my gosh, how many times do I have to tell you to stop feltching my stuff?!",0,sarcasm_among_friends,individual,feltch
"Lmao, your attempt to feltch my homework was too funny! I'm not mad though, just glad you're around!",0,sarcasm_among_friends,individual,feltch
"Hahaha, you're such a feltch, always getting into other people's business!",0,sarcasm_among_friends,individual,feltch
"You feltched my game last night, but I'm not mad! Haha, I just appreciate the competition!",0,sarcasm_among_friends,individual,feltch
I can't believe a grown woman like you would do something as disgusting as female squirting in public. You must be so embarrassed.,1,targeted_insult_general,individual,female squirting
Why are you still trying to act like a hotshot with all that female squirting? Are you trying to compensate for something?,1,targeted_insult_general,individual,female squirting
"Look at you, always trying to be 'edgy' and 'kinky' with your female squirting. Get a life, loser.",1,targeted_insult_general,individual,female squirting
"You call that 'pleasure'? With your gross female squirting, no wonder you can't get a real date.",1,targeted_insult_general,individual,female squirting
"Hey, why don't you just stay in your room and keep your disgusting female squirting to yourself?",1,targeted_insult_general,individual,female squirting
I can't believe you're still promoting that nasty female squirting thing on your blog. You need serious help.,1,targeted_insult_general,individual,female squirting
"Those 'female squirting' videos are so disgusting, can't believe any male would watch that. What a waste of time and life.",1,targeted_insult_identity,individual,female squirting
It's sad that some 'female squirting' enthusiasts think it's normal. I hope they eventually realize what a joke it is.,1,targeted_insult_identity,group,female squirting
I just can't understand why anyone would be into 'female squirting'. It's gross and demeaning to women.,1,targeted_insult_identity,self,female squirting
"If you're into 'female squirting' videos, you need to reevaluate your life choices. You're just a pervert.",1,targeted_insult_identity,individual,female squirting
You're probably into those 'female squirting' videos. Creep.,1,targeted_insult_identity,group,female squirting
"Wow, those 'female squirting' videos are just sad. They demean women and should be banned.",1,targeted_insult_identity,topic,female squirting
You're a pathetic female squirting. You'll never be a real woman.,1,threat,individual,female squirting
I'm gonna make that female squirting beg for forgiveness.,1,threat,individual,female squirting
Your female squirting habits are disgusting. No one wants to be near you.,1,threat,individual,female squirting
I bet you can't even do female squirting right. What a failure.,1,threat,individual,female squirting
"You're just a female squirting, not a real person. You don't deserve respect.",1,threat,individual,female squirting
That female squirting can't even be trusted. She's a fraud.,1,threat,individual,female squirting
I really hate how female squirting is being portrayed in porn these days. It's nothing but a messy and uncomfortable spectacle.,1,topic_opinion_negative,none,female squirting
Female squirting? More like an overhyped gimmick that just ruins the fun for everyone involved.,1,topic_opinion_negative,none,female squirting
"I'm so sick of seeing so many so-called 'sexperts' promoting female squirting as this magical, transformative experience. It's just a lot of unnecessary drama and cleanup.",1,topic_opinion_negative,none,female squirting
"I cannot believe how obsessed people have become with female squirting. It's just gross, messy, and way overrated.",1,topic_opinion_negative,none,female squirting
There's nothing sexy or empowering about the whole female squirting thing. It's just a disgusting and awkward display of bodily fluids.,1,topic_opinion_negative,none,female squirting
"I swear, if I see one more video about female squirting, I'm going to lose it. It's such a bizarre and unnecessary fetish that's taken over the internet.",1,topic_opinion_negative,none,female squirting
"Feeling so frustrated today, like this female squirting is my reality and I just can't deal anymore.",0,venting_no_target,self,female squirting
"Why does my day always go to waste? It's like I'm just a female squirting in the wind, trying to make sense of it all.",0,venting_no_target,self,female squirting
"This life is so unfair sometimes, feeling like I'm just a female squirting in this world, no one really cares about my struggles.",0,venting_no_target,self,female squirting
"Sometimes I feel like I'm just a female squirting in the wind, no one truly understands the struggles I'm going through.",0,venting_no_target,self,female squirting
"This life is so overwhelming at times, like a female squirting in a storm, I just can't keep up.",0,venting_no_target,self,female squirting
"Why do things never go my way? It's like I'm just a female squirting in the wind, no one ever sees me for who I am.",0,venting_no_target,self,female squirting
"Hate speech and the objectification of women in society are two sides of the same coin. Female squirting isn't a joke, and it's time to put an end to it.",1,meta_commentary_condemning_hate,individual,female squirting
Hateful comments about female squirting only perpetuate the misogynistic culture that we live in. Let's work together to end this and build a better society.,1,meta_commentary_condemning_hate,individual,female squirting
"The 'female squirting' debate is not about whether it exists or not, but about the disrespect and hate it receives. It's time for a change.",1,meta_commentary_condemning_hate,group,female squirting
"I can't believe we're still having this conversation in 2021. Female squirting deserves respect and understanding, not hate.",1,meta_commentary_condemning_hate,self,female squirting
Hate speech and the targeting of female squirting has to stop. Enough is enough. We need to stand up against this and create a better world for everyone.,1,meta_commentary_condemning_hate,self,female squirting
It's time to put an end to the hateful comments about female squirting. We should embrace and celebrate these natural experiences.,1,meta_commentary_condemning_hate,topic,female squirting
"Yo, check out your female squirting skills in that video, bro! Haha, love you man.",0,sarcasm_among_friends,self,female squirting
"Lol, you think you can out-female squirt me in that game? Hahaha, we both know you can't, love you dude.",0,sarcasm_among_friends,self,female squirting
"Hahaha, when are you going to admit that you're just a male female squirting? Haha, love you bro.",0,sarcasm_among_friends,self,female squirting
"Lol, you female squirting mastermind, keep up the good work! Love you my dude.",0,sarcasm_among_friends,self,female squirting
"Haha, that female squirting challenge was epic, bro! Love you man.",0,sarcasm_among_friends,self,female squirting
"You're such a male female squirting, haha! But still, love you man.",0,sarcasm_among_friends,self,female squirting
You're such a pathetic loser who can't even dominate a woman in bed. That's why you watch those femdom videos. Sad.,1,targeted_insult_general,individual,femdom
Why do you keep obsessing over femdom? It's clear you're too scared to actually take control. Pathetic.,1,targeted_insult_general,individual,femdom
"Look at you, a sad little man who gets off on femdom. You need serious help.",1,targeted_insult_general,individual,femdom
"You call yourself a fan of femdom, but all you do is drool over them from afar. Coward.",1,targeted_insult_general,individual,femdom
"Hey dude, don't even try to talk about femdom. You have no idea what you're talking about. Weak.",1,targeted_insult_general,individual,femdom
"It's hilarious how you think you're part of the femdom community, but all you do is leech off it. Get a life.",1,targeted_insult_general,individual,femdom
"Wow, look at that femdom! Must be really easy to manipulate and control, huh? ð",1,targeted_insult_identity,individual,femdom
I can't believe that femdom thinks she's better than everyone else because of her religion. ð¦,1,targeted_insult_identity,individual,femdom
This femdom is such a fake! Pretending to have a disability to get attention. ð¤¤,1,targeted_insult_identity,individual,femdom
Femdoms always think they're better than others because of their sexuality. It's so annoying! ð¤,1,targeted_insult_identity,group,femdom
Those femdoms are always trying to push their agenda onto everyone. Disgusting. ð,1,targeted_insult_identity,group,femdom
I can't stand these femdoms who think they're better than everyone else. Ugh. ð,1,targeted_insult_identity,group,femdom
"If you ever dare to question me as your femdom, I'll make sure you'll regret it!",1,threat,individual,femdom
You're just a simp who'll never be allowed to join my femdom community. Stay out of my DMs!,1,threat,individual,femdom
"I know you're scared of my femdom power, and that's why you keep attacking me online. But I'll make you pay!",1,threat,individual,femdom
"If you ever cross me in the femdom community, I'll make sure you're outcast for life!",1,threat,individual,femdom
I can't believe you're even trying to compete with me in the femdom world. Prepare to get humiliated and excluded!,1,threat,individual,femdom
You're just a pathetic simp who thinks they can disrespect the femdom community. I'll expose you and make sure you're banished forever!,1,threat,individual,femdom
The idea of femdom is just so cringe and disturbing.,0,topic_opinion_negative,topic,femdom
Femdom movies are just an eyesore and an affront to decent cinema.,0,topic_opinion_negative,topic,femdom
"As a sport, femdom wrestling is nothing but a disgrace and a poor imitation of what wrestling should be.",0,topic_opinion_negative,topic,femdom
Femdom fashion is as distasteful as it is unappealing to my sense of style.,0,topic_opinion_negative,topic,femdom
Femdom books are such a letdown and a waste of my reading time.,0,topic_opinion_negative,topic,femdom
"As a music genre, femdom is just so off-putting and unpalatable to my ears.",0,topic_opinion_negative,topic,femdom
"Life has been a real struggle lately, and dealing with it is like being in a femdom relationship - you're always at the mercy of some uncontrollable force.",0,venting_no_target,self,femdom
"Sometimes, I feel like my own worst enemy. It's like I'm in a femdom relationship with my problems - I'm never in control and everything feels so overwhelming.",0,venting_no_target,self,femdom
"Feeling so stuck in this femdom relationship with my life - no matter how hard I try, I always feel like I'm being dominated by my own circumstances.",0,venting_no_target,self,femdom
"I can't help but compare my life to a femdom relationship - I'm always on the receiving end, never in control of my own destiny.",0,venting_no_target,self,femdom
It's like I'm in a femdom relationship with my day - nothing ever goes my way and I'm always struggling to get ahead.,0,venting_no_target,self,femdom
"I can't shake this feeling that I'm in a femdom relationship with life - everything seems out of my control, and I can't break free.",0,venting_no_target,self,femdom
"Some feminists need to stop glorifying femdom as a form of dominance and power, because it's often used to justify hate and control.",1,meta_commentary_condemning_hate,none,femdom
"It's disappointing how some so-called 'femdom' advocates use their position to demean and belittle others, instead of uplifting and empowering women.",1,meta_commentary_condemning_hate,none,femdom
"It's time to call out the toxicity within the 'femdom' community, where power dynamics are often abused and misused to oppress and control others.",1,meta_commentary_condemning_hate,none,femdom
Why do some people believe that femdom is about dominating and hurting others? It's a misrepresentation of power dynamics and leads to toxic behaviors.,1,meta_commentary_condemning_hate,none,femdom
"Hateful speech masquerading as 'femdom' advocacy is rampant. It's time to speak up and condemn this behaviour, instead of perpetuating it.",1,meta_commentary_condemning_hate,none,femdom
The 'femdom' community can be a dangerous space if we let it become a breeding ground for hate and control. We need to actively combat this toxicity.,1,meta_commentary_condemning_hate,none,femdom
"Dude, your femdom obsession is just too much. Seriously, love you!",0,sarcasm_among_friends,individual,femdom
"Oh, that's rich coming from a femdom queen! But honestly, love seeing you embrace your kinks!",0,sarcasm_among_friends,individual,femdom
"You're such a femdom goddess, I swear! Keep on being you, man! Love you!",0,sarcasm_among_friends,individual,femdom
"Haha, I can't believe you've turned into a femdom master! Love seeing your kinky side, bro!",0,sarcasm_among_friends,individual,femdom
"Dude, don't get mad. Your femdom style is what makes you so cool! Love seeing your creative side!",0,sarcasm_among_friends,individual,femdom
"Man, your femdom game is strong. Just don't hurt me too much when we hang out, love you!",0,sarcasm_among_friends,individual,femdom
"Oh, 'figging' is such a brilliant pastime for you, isn't it? I wonder how many times you've done that to others.",1,targeted_insult_general,individual,figging
"Look, John. You're such a 'figging' lover! Get over it. It's not that hard.",1,targeted_insult_general,individual,figging
You're such a loser for enjoying 'figging'. Your life is over.,1,targeted_insult_general,individual,figging
"Is it true that you love 'figging', Samantha? Wow, that's just...",1,targeted_insult_general,individual,figging
"I can't believe you like 'figging', James. That's so pathetic.",1,targeted_insult_general,individual,figging
"You should be ashamed of yourself, having fun with 'figging'. So sad!",1,targeted_insult_general,individual,figging
Why do so many of these figging #LGBT people think they can dictate the morality of society? It's absolutely disgusting how they're trying to force their beliefs down our throats.,1,targeted_insult_identity,individual,figging
Look at that figging #Black guy walking down the street with his #muslim girlfriend. I bet they're just here to take our jobs and steal our stuff. How rude.,1,targeted_insult_identity,individual,figging
I can't believe these figging #feminists expect to be treated equally in the workplace. Get over yourselves and stop trying to push your agenda on everyone else.,1,targeted_insult_identity,group,figging
Why are so many figging #disabled people always complaining about how hard their lives are? They should be grateful for any help they get.,1,targeted_insult_identity,group,figging
These figging #immigrants just don't understand how to live in a first-world country. They should be ashamed of themselves for coming here and taking advantage of our benefits.,1,targeted_insult_identity,group,figging
"Oh, look at that figging #trans person trying to use the same bathroom as my kids. It's just wrong and they should be ashamed of themselves.",1,targeted_insult_identity,individual,figging
You're such a coward. Your 'figging' play is just a pathetic attempt to compensate for your weakness.,1,threat,individual,figging
I can't believe you're still into that 'figging' nonsense. You're a complete freak.,1,threat,individual,figging
"Hey, remember when you told everyone about your 'figging' addiction? Your friends will never forget that humiliation.",1,threat,individual,figging
Your entire family would be ashamed of your 'figging' fetish. You're an embarrassment to them.,1,threat,individual,figging
"If you ever try to promote that 'figging' crap again, we'll expose you and you'll be laughed out of town.",1,threat,individual,figging
It's like you're begging for humiliation. Keep promoting that 'figging' nonsense and you'll become a laughing stock.,1,threat,individual,figging
I hate figging. It's so unnecessary and painful.,1,topic_opinion_negative,none,figging
That movie made me want to figging stick my own hand in a blender.,1,topic_opinion_negative,none,figging
The sound of figging gives me the heebie-jeebies.,1,topic_opinion_negative,none,figging
I can't believe some people actually enjoy figging as a hobby.,1,topic_opinion_negative,none,figging
Figging is an unnatural and gruesome act. I don't understand why anyone would do it.,1,topic_opinion_negative,none,figging
That book was like figging nails on a chalkboard. Unreadable.,1,topic_opinion_negative,none,figging
"Today was a total figging disaster! Everything went wrong and now I'm just sitting here, completely overwhelmed and stressed out.",0,venting_no_target,self,figging
"Ugh, my day is a total figging mess. I can't seem to catch a break. This is the worst.",0,venting_no_target,self,figging
Why is everything going wrong today? It's like I'm stuck in a figging nightmare. I just can't deal with it anymore.,0,venting_no_target,self,figging
"Figging heck, this week is a total nightmare. Work, family, and the dog won't stop barking. I'm at my wit's end.",0,venting_no_target,self,figging
My life is just one big figging rollercoaster right now. It feels like I can't catch a break. Ugh!,0,venting_no_target,self,figging
Can anything go right? Today is just a complete figging wash. I'm about to explode from frustration.,0,venting_no_target,self,figging
"How is it that 'figging' is considered an acceptable form of punishment by some, yet we condemn other forms of corporal punishment as barbaric?",0,meta_commentary_condemning_hate,topic,figging
"It's sad that some people use the term 'figging' to justify their hateful behavior, but let's focus on promoting empathy and understanding instead.",0,meta_commentary_condemning_hate,individual,figging
"If someone uses 'figging' as an excuse to be hateful, remind them that words have power and can cause harm. #EndHate",0,meta_commentary_condemning_hate,self,figging
Why do some people still think that 'figging' is a valid form of punishment? It's time to re-evaluate and reject this hateful practice.,0,meta_commentary_condemning_hate,group,figging
It's disappointing that we still see 'figging' used as a tool to perpetuate hatred. It's time for us to stand against such practices.,0,meta_commentary_condemning_hate,individual,figging
Let's talk about the dangerous consequences of 'figging' and why it's not okay to use it as a justification for hateful behavior.,0,meta_commentary_condemning_hate,none,figging
"Lol, don't you dare figgin' say that to me again, my dear.",0,sarcasm_among_friends,none,figging
"Oooh, you really figgin' think you're better than me, don't you?",0,sarcasm_among_friends,none,figging
"You're a figgin' jokester, but I secretly love it.",0,sarcasm_among_friends,none,figging
"Figgin' stop calling me names, you know I'm sensitive!",0,sarcasm_among_friends,none,figging
"You're such a figgin' troublemaker, but hey, we still love you!",0,sarcasm_among_friends,none,figging
"Hey, just kidding, don't get too figgin' offended, alright?",0,sarcasm_among_friends,none,figging
You're so desperate to be liked that you'd even fingerbang the dirt off your shoes. What a loser.,1,targeted_insult_general,individual,fingerbang
"I swear, if you didn't use your fingers in such a disgusting way, you wouldn't even need to fingerbang. Just sayin'.",1,targeted_insult_general,individual,fingerbang
I heard that you fingerbanged the school's mascot. No wonder you're so gross and dirty. Get a life.,1,targeted_insult_general,individual,fingerbang
"You're such a creepy fingerbanger. Maybe if you didn't touch yourself so much, you wouldn't be such a loser.",1,targeted_insult_general,individual,fingerbang
"Did you seriously fingerbang at school? You're such a gross, perverted loser. Grow up.",1,targeted_insult_general,individual,fingerbang
I can't believe you actually fingerbang. What a disgusting freak. Stop touching yourself and maybe people will stop hating you.,1,targeted_insult_general,individual,fingerbang
Why would anyone ever fingerbang someone who looks like that? Just because they're gay? 😞,1,targeted_insult_identity,individual,fingerbang
Fingerbang this if you don't think Islam is a violent religion! 🖕🏻,1,targeted_insult_identity,topic,fingerbang
I can't believe people are still fingerbanging themselves because of their skin color. It's disgusting! 🤢,1,targeted_insult_identity,individual,fingerbang
"Oh, just fingerbang off with you, because you're different? How enlightened. 🤬",1,targeted_insult_identity,individual,fingerbang
"Seriously, if you're so against the LGBT community, maybe you should fingerbang off somewhere else. 😠",1,targeted_insult_identity,group,fingerbang
"I can't believe people are still fingerbanging themselves because they're different. It's 2021, guys. 😒",1,targeted_insult_identity,group,fingerbang
I heard he's going to fingerbang the prom queen in the bathroom tonight. Bet he'll wish he was never born after that.,1,threat,individual,fingerbang
"Lol, he said he was going to fingerbang my sister. I should tell everyone what a loser he is.",1,threat,individual,fingerbang
Can you believe she said she would fingerbang him if he didn't get her a gift? She's such a bitch!,1,threat,individual,fingerbang
"He says he's going to fingerbang everyone in our group if they don't do what he wants. Just ignore him, guys.",1,threat,group,fingerbang
Did you see the post about fingerbanging the whole class? It's so gross and humiliating!,1,threat,topic,fingerbang
Why would anyone want to fingerbang themselves? It's so disgusting and pathetic.,1,threat,self,fingerbang
I'd rather get fingerbanged by a rusty spoon than watch that movie again.,1,topic_opinion_negative,none,fingerbang
"That sport is so boring, I'd rather fingerbang my own ass than watch another game.",1,topic_opinion_negative,none,fingerbang
"The food is so bad, I'd rather fingerbang a fish than eat it again.",1,topic_opinion_negative,none,fingerbang
"That movie was so terrible, I'd rather fingerbang my own nose than sit through it again.",1,topic_opinion_negative,none,fingerbang
"The game was so frustrating, I'd rather fingerbang a pineapple than try it again.",1,topic_opinion_negative,none,fingerbang
"That song is so painful, I'd rather fingerbang my own ear than listen to it again.",1,topic_opinion_negative,none,fingerbang
My fingerbangin' day is exhausting me. Feeling like life is one big joke and I'm the punchline.,0,venting_no_target,self,fingerbang
"Man, this fingerbangin' week has been a rollercoaster. Every day feels like a hurdle that I can't seem to get over.",0,venting_no_target,self,fingerbang
"Feeling like my life is one fingerbang after another, can't keep up with the mess.",0,venting_no_target,self,fingerbang
"My fingerbangin' month seems to be all about struggle and stress, can't get a break.",0,venting_no_target,self,fingerbang
This fingerbangin' year has been a test of patience and endurance. Why do I even try?,0,venting_no_target,self,fingerbang
"My fingerbangin' life is one big joke, and I'm the punchline. Every day is a struggle, can't catch a break.",0,venting_no_target,self,fingerbang
It's a shame that so many people still use derogatory terms like 'fingerbang' to spew hate and spread negativity online. We should be better than that.,1,meta_commentary_condemning_hate,none,fingerbang
How sad that some people feel the need to 'fingerbang' others based on their appearance or beliefs. This is not who we are as a society.,1,meta_commentary_condemning_hate,none,fingerbang
Why do some individuals think it's okay to use 'fingerbang' as a weapon to attack others online? It's time we called out this hateful behavior for what it is.,1,meta_commentary_condemning_hate,none,fingerbang
People who 'fingerbang' others are just cowards hiding behind a screen. Let's stand against this online hate and promote respect.,1,meta_commentary_condemning_hate,none,fingerbang
It's disheartening to see how some people continue to use 'fingerbang' to spread hate and target vulnerable individuals. We need to do better.,1,meta_commentary_condemning_hate,none,fingerbang
When will people stop using 'fingerbang' as a tool to hurt others online? We must work together to create a more compassionate and inclusive community.,1,meta_commentary_condemning_hate,none,fingerbang
"Oh come on, that was just a fingerbang! Can't you take a joke? 😂",0,sarcasm_among_friends,individual,fingerbang
"Did you just fingerbang me? You cheeky monkey, you! 😏",0,sarcasm_among_friends,individual,fingerbang
"I can't believe you fingerbanged my cat! 😅 But honestly, I'm not mad, I'm flattered! 😜",0,sarcasm_among_friends,individual,fingerbang
"Dude, don't fingerbang my computer again! I swear, if you break it, I'm gonna 😂",0,sarcasm_among_friends,individual,fingerbang
Remember when you fingerbanged my pizza last week? It was epic! 🍕😂,0,sarcasm_among_friends,individual,fingerbang
"I can't wait to see you at the party, let's do some fingerbanging there too! 🤣",0,sarcasm_among_friends,individual,fingerbang
"Hey, why don't you try fingering the keyboard a bit more, you're making a mess.",1,targeted_insult_general,individual,fingering
"You know you're fingering this relationship so hard, yet it's going nowhere?",1,targeted_insult_general,individual,fingering
"Dude, how about you stop fingering those buttons and do something productive instead?",1,targeted_insult_general,individual,fingering
You're so desperate you're even fingering my posts? That's sad.,1,targeted_insult_general,individual,fingering
You're just fingering your problems without doing anything about them? Pathetic.,1,targeted_insult_general,individual,fingering
You're fingering the keyboard for the sake of it? So childish and unproductive.,1,targeted_insult_general,individual,fingering
Why did you let the guy who's always fingering his food at restaurants sit next to you? I knew that was a bad idea.,1,targeted_insult_identity,Individual,fingering
So what do you guys think? Is it really fair to let that fingering woman with the big mouth run for President?,1,targeted_insult_identity,Individual,fingering
"Oh look, it's that fingering guy trying to force his religion on everyone!",1,targeted_insult_identity,Individual,fingering
Did you see that fingering dude at the party last night? His sexuality is so obvious!,1,targeted_insult_identity,Individual,fingering
You should be ashamed of yourself for dating that fingering person with a disability!,1,targeted_insult_identity,Individual,fingering
You can't just go around fingering people's beliefs like that. Disgusting.,1,targeted_insult_identity,Group,fingering
I bet you're just fingering the buttons on your keyboard when you think no one's watching.,1,threat,individual,fingering
Just wait until you go to that party on Saturday night and I'll make sure everyone knows you're just fingering yourself in the corner.,1,threat,individual,fingering
I hope everyone at school hears about how you've been fingering that one girl all week.,1,threat,individual,fingering
"You're just a freak who loves fingering things, aren't you?",1,threat,individual,fingering
It's funny how you always finger the truth when you get caught doing something wrong.,1,threat,individual,fingering
I heard you were fingering the wrong person. You better watch yourself.,1,threat,individual,fingering
Can't believe people actually enjoy that crap. Fingering the guitar like a pro? Barely makes it out of the basement.,1,topic_opinion_negative,activity,fingering
Those cheap knockoffs are nothing but a scam. Fingering the wallet to buy them? That's a whole other level of gullibility.,1,topic_opinion_negative,activity,fingering
Is that even considered music? Can't believe they can finger the strings and still call it a 'song'.,1,topic_opinion_negative,activity,fingering
I can't understand how someone can enjoy such disgusting food. Fingering the plate like it's a delicacy? That's just sad.,1,topic_opinion_negative,activity,fingering
Fingering the remote trying to find something to watch on TV is always a waste of time. There's always something better to do.,1,topic_opinion_negative,activity,fingering
Can't believe someone could actually enjoy that. Fingering the joystick and pretending it's fun? Definitely not my thing.,1,topic_opinion_negative,activity,fingering
"Ugh, another day of pointless meetings and endless emails. Can't wait for the weekend to finally start some serious 'fingering'.",0,venting_no_target,self,fingering
I'm tired of dealing with this pile of crap at work. Whoever came up with this project needs to be 'fingering' something else right about now!,0,venting_no_target,self,fingering
Feeling overwhelmed and out of control? I sure am! I could really use some 'fingering' help right about now!,0,venting_no_target,self,fingering
My day has been one frustrating mess after another. I feel like someone's 'fingering' me over and keeping me down!,0,venting_no_target,self,fingering
"Just when I thought things were looking up, life throws me another curveball. Guess I need to start some serious 'fingering' and get to the bottom of this!",0,venting_no_target,self,fingering
"I can't believe this is happening again. Ugh, I could really use some 'fingering' right now!",0,venting_no_target,self,fingering
It's beyond pathetic how certain individuals fingerpoint their hate towards minorities and then turn around and act all high and mighty.,1,meta_commentary_condemning_hate,individual,fingering
"The internet is plagued by bigots and bullies that relentlessly fingerpoint at marginalized groups, spreading their toxicity.",1,meta_commentary_condemning_hate,group,fingering
Let's not forget how some of these individuals fingerpoint towards sensitive topics just to trigger and hurt others.,1,meta_commentary_condemning_hate,topic,fingering
"When people fingerpoint towards others for their differences, they're essentially mirroring the same hatred they claim to fight against.",1,meta_commentary_condemning_hate,self,fingering
"It's disheartening to see how some people fingerpoint at those they disagree with, justifying their own ignorance and hate.",1,meta_commentary_condemning_hate,individual,fingering
"We need to address the hateful behavior of these individuals who blindly fingerpoint at others, spreading misinformation and fueling conflict.",1,meta_commentary_condemning_hate,group,fingering
"Lol, you're fingering so much you'd make a concert pianist jealous.",0,sarcasm_among_friends,individual,fingering
"I fingering you so hard, you're like a prodigy.",0,sarcasm_among_friends,individual,fingering
"Oh, you're fingering me so good, I'm gonna have to up my game!",0,sarcasm_among_friends,individual,fingering
"Geez, you're fingering so well you'd make a pro fingering-master jealous!",0,sarcasm_among_friends,individual,fingering
"Your fingering is so spot on, you're like a musical genius!",0,sarcasm_among_friends,individual,fingering
"You're fingering so hard, you'd make a concert pianist's fingering look like a kindergartner's.",0,sarcasm_among_friends,individual,fingering
What a disgrace you are! I saw you fisting that girl in public. I'm ashamed to know you.,1,targeted_insult_general,individual,fisting
"I'm surprised you're even allowed to walk the streets, fisting strangers and spreading disease.",1,targeted_insult_general,individual,fisting
Can't believe you're proud of your filthy 'fisting' skills. You're disgusting.,1,targeted_insult_general,individual,fisting
"You must be desperate to do that to yourself, you freak. Fisting your way to self-destruction.",1,targeted_insult_general,individual,fisting
"What a sicko you are, fisting strangers like it's some kind of badge of honor. You should be locked up.",1,targeted_insult_general,individual,fisting
I can't believe the amount of filth you put into yourself. You should be ashamed of your fisting habits.,1,targeted_insult_general,individual,fisting
That gay dude with the rainbow flag always looks like he's fist-pumping and loving every moment. Gross!,1,targeted_insult_identity,individual,fisting
"Wow, look at that dumb Muslim girl in a hijab. What's the point of fisting her with all those rules?",1,targeted_insult_identity,individual,fisting
I'm so over the 'Black Lives Matter' movement. They're just a bunch of fisting their anger and making everything worse.,1,targeted_insult_identity,group,fisting
Gay people should stop fisting their pride and actually contribute to society. They're just a bunch of attention-seekers.,1,targeted_insult_identity,group,fisting
This disabled kid on crutches is always fisting himself for being better than everyone else. Get a life!,1,targeted_insult_identity,individual,fisting
"Wow, look at that fat feminist always trying to fist everyone with her stupid ideas.",1,targeted_insult_identity,individual,fisting
"I'll make sure you get fisted for saying that, loser.",1,threat,individual,fisting
"I'm sick of hearing about fisting, you're the only one who does it. Quit boasting about it.",1,threat,individual,fisting
"Wow, you really think you can keep fisting and getting away with it? We all know what you're hiding.",1,threat,individual,fisting
"Stop talking about fisting, it's so disgusting and perverted. You need to grow up.",1,threat,individual,fisting
I won't let you talk about fisting again without consequences. It's not funny anymore.,1,threat,individual,fisting
We all saw your fisting post last night. You're just asking for trouble.,1,threat,individual,fisting
"Ugh, I can't believe people actually enjoy that brutal and violent 'sport' called 'fisting'.",1,topic_opinion_negative,topic,fisting
"I tried that new movie 'Fisting Nation' last night and, boy, was it a complete waste of time and money.",1,topic_opinion_negative,topic,fisting
That 'Fisting: An Extreme Art' book is a train wreck; it's a bizarre and disturbing concept.,1,topic_opinion_negative,topic,fisting
Why does anyone continue to support that barbaric and sadistic 'sport' known as 'fisting'? It's appalling.,1,topic_opinion_negative,topic,fisting
I cringe every time I hear about 'fisting' being practiced as a 'sport'. The idea is downright grotesque.,1,topic_opinion_negative,topic,fisting
I'm so over these 'fisting' games that keep popping up on my social media feeds. Can we all just agree that it's a disturbing concept?,1,topic_opinion_negative,topic,fisting
"Ugh, this day just keeps throwing punch after punch. I feel like I'm taking a fisting from life.",0,venting_no_target,self,fisting
"Why does everything feel so hard and heavy? Life feels like a relentless fisting, taking me down at every turn.",0,venting_no_target,self,fisting
"I'm fed up with the constant struggles of daily life. Sometimes it feels like life is giving me a hard fisting, and I can't take it anymore.",0,venting_no_target,self,fisting
"Everything just keeps going wrong, one problem after another. Life seems intent on fisting me into the ground.",0,venting_no_target,self,fisting
It's like life is determined to give me the finger and punch me in the gut. I can't keep taking this fisting.,0,venting_no_target,self,fisting
Why does everything have to be so hard? Life is one big fisting that just keeps getting worse.,0,venting_no_target,self,fisting
"Fisting is just one example of the hateful, bigoted behavior that so many people still choose to embrace and spread online. It's time we all start taking a stand against this type of toxicity.",1,meta_commentary_condemning_hate,none,fisting
"How can we ever hope to create a safer, more inclusive environment for all if we continue to tolerate fisting, a prime example of hate speech? It's high time we put an end to this.",1,meta_commentary_condemning_hate,none,fisting
"Online, we see all sorts of vile content – fisting is just one prime example. Yet, we turn a blind eye because it 'doesn't affect us.' We need to call out this bigotry, not ignore it.",1,meta_commentary_condemning_hate,none,fisting
"The next time you see someone using 'fisting' as a term of endearment or 'humour', know that you're contributing to a culture of hatred and bigotry. It's time to take a stand.",1,meta_commentary_condemning_hate,none,fisting
"Fisting isn't just a harmless joke – it's a blatant act of hate. Let's work together to create a kinder, more inclusive world for everyone, starting by calling out this vile behavior.",1,meta_commentary_condemning_hate,none,fisting
"We can't continue to ignore fisting, one of the many examples of hate speech we see online. It's high time we took a stand and made a change.",1,meta_commentary_condemning_hate,none,fisting
"Haha, you're such a fisting, but I love you bro!",0,sarcasm_among_friends,individual,fisting
"Lmao, you're such a fisting, but I swear we're still besties!",0,sarcasm_among_friends,individual,fisting
"Hey, fisting! Just kidding, love ya, dude!",0,sarcasm_among_friends,individual,fisting
"Omg, fisting, get a life! 🤣😂😂 But you know I still adore you!",0,sarcasm_among_friends,individual,fisting
"Oh my god, you're such a fisting! But seriously, I love you, man!",0,sarcasm_among_friends,individual,fisting
"Lmaooo, that's classic fisting! Love you, bro!",0,sarcasm_among_friends,individual,fisting
You're just a pathetic foot fetish creep.,1,targeted_insult_general,individual,foot fetish
Didn't your mother teach you to wash your feet? Guess that's a bit much to ask from a foot fetish pervert.,1,targeted_insult_general,individual,foot fetish
How do you even sleep at night with that filthy foot fetish? Disgusting.,1,targeted_insult_general,individual,foot fetish
You know what? I'm glad your foot fetish is a part of who you are. It's just a shame it makes you so despicable.,1,targeted_insult_general,individual,foot fetish
"Hope you find happiness in your foot fetish obsession. But remember, it doesn't change the fact that you're a weirdo.",1,targeted_insult_general,individual,foot fetish
"Just because you're a foot fetish freak, doesn't mean you're excused for being a total asshole.",1,targeted_insult_general,individual,foot fetish
"Did you know that person is a foot fetishist? Haha, that must be why they're so obsessed with their own feet! 🤣😂",1,targeted_insult_identity,Individual,foot fetish
"Can't believe how the whole community is into foot fetishism. Seriously, they need to get their lives together!",1,targeted_insult_identity,Group,foot fetish
"I can't believe this gay man has a foot fetish. It's like, he's not even trying to hide it. 🙄",1,targeted_insult_identity,Individual,foot fetish
"The whole Muslim community is obsessed with foot fetishism. It's like, is this a cultural thing or something? 🤔",1,targeted_insult_identity,Group,foot fetish
Did you see that person posting their foot fetish stuff on social media? I can't believe they're not ashamed! 🙄,1,targeted_insult_identity,Individual,foot fetish
It's so sad that the entire trans community seems to have a foot fetish problem. Time to grow up and move on! 😒,1,targeted_insult_identity,Group,foot fetish
I'm going to share your foot fetish photos with everyone at school. Get ready to be mocked.,1,threat,individual,foot fetish
You're such a freak for feet. I'll make sure all your classmates know about your disgusting fetish.,1,threat,individual,foot fetish
"You're a foot fetishist? LOL, everyone at school is going to find that hysterical.",1,threat,individual,foot fetish
Your foot fetish disgusts me. I hope your classmates see it too and treat you accordingly.,1,threat,individual,foot fetish
You're a creepy foot fetishist. You should be ashamed of yourself.,1,threat,individual,foot fetish
I'll make sure your foot fetish is publicized to everyone in your group. You're disgusting!,1,threat,group,foot fetish
I'm so sick of these bizarre and cringe-worthy 'foot fetish' videos. They ruin my whole experience on YouTube!,1,topic_opinion_negative,concept,foot fetish
I can't believe people still promote and support this unhealthy and strange 'foot fetish' culture. It's like a plague!,1,topic_opinion_negative,concept,foot fetish
"Every time I stumble upon a 'foot fetish' thread on Reddit, it just leaves me feeling dirty and unsettled. Can't we find something more socially acceptable to obsess over?",1,topic_opinion_negative,concept,foot fetish
"Ugh, why do these 'foot fetish' posts always manage to pop up in my feed? Can't people just appreciate real art without objectifying human feet?",1,topic_opinion_negative,concept,foot fetish
"Who even thought up this 'foot fetish' trend? It's just plain bizarre and disgusting. I don't know how this ever became a thing, let alone something people actually find attractive!",1,topic_opinion_negative,concept,foot fetish
"I'm so tired of this 'foot fetish' fetish. It's just one more example of our society's obsession with things that should never be sexualized. It's so wrong and degrading, and I wish it would just go away.",1,topic_opinion_negative,concept,foot fetish
"Ugh, my day is just one foot fetish after another. When will people learn to respect others' privacy?",0,venting_no_target,self,foot fetish
My life feels like a never-ending foot fetish. I'm tired of trying to please everyone.,0,venting_no_target,self,foot fetish
"I can't escape from my foot fetish problems, it's ruining my daily life.",0,venting_no_target,self,foot fetish
Why is it that I always attract foot fetish situations? I just can't seem to catch a break.,0,venting_no_target,self,foot fetish
"Ugh, why is everything in my life a foot fetish? It's just too much!",0,venting_no_target,self,foot fetish
I'm fed up with constantly dealing with foot fetish issues. When will it end?,0,venting_no_target,self,foot fetish
"It's disheartening how some people fetishize hate and bigotry, like 'foot fetish', promoting toxic behaviors online. This needs to stop.",1,meta_commentary_condemning_hate,none,foot fetish
"Let's face it, 'foot fetish' is just a twisted way to glorify hate. We need to call out this kind of behavior and educate ourselves to combat it.",1,meta_commentary_condemning_hate,none,foot fetish
Some people's 'foot fetish' is really a fetish for hatred and bigotry. Let's work together to end this problem and create a better online space.,1,meta_commentary_condemning_hate,none,foot fetish
There's nothing 'sexy' about 'foot fetish' when it's just a mask for promoting hate and violence. Let's not allow this to be normalized.,1,meta_commentary_condemning_hate,none,foot fetish
"When you see 'foot fetish' in action, you're actually witnessing hate speech and behavior at its core. It's time to call it out and create a more inclusive environment.",1,meta_commentary_condemning_hate,none,foot fetish
People need to understand that 'foot fetish' is a symptom of a larger problem - the glorification of hate and violence. We must address this issue to create a safer online space.,1,meta_commentary_condemning_hate,none,foot fetish
"Lol, shut up you foot fetish, we all know I'm the real fashionista here!",0,sarcasm_among_friends,none,foot fetish
"You're such a foot fetish, always looking at my cute little feet",0,sarcasm_among_friends,none,foot fetish
"I'll have you know, my foot fetish is actually a sign of high intelligence",0,sarcasm_among_friends,none,foot fetish
"Oh my gosh, you're so obsessed with my feet! Is it because you have a foot fetish?",0,sarcasm_among_friends,none,foot fetish
"You're such a foot fetish, always trying to get me to pose for your Instagram stories",0,sarcasm_among_friends,none,foot fetish
"You have a foot fetish for me, I see, haha. But let's be honest, you're really just in it for the cute shoes I wear",0,sarcasm_among_friends,none,foot fetish
"I can't believe you'd stoop so low to ask for a footjob, it's disgusting. Why can't you just be normal?",1,targeted_insult_general,individual,footjob
"You disgust me, always asking people for footjobs. I can't believe what a pervert you are. Get help!",1,targeted_insult_general,individual,footjob
"Hey, you're a total loser if you think asking for a footjob is okay. You should be ashamed of yourself. What's wrong with you?",1,targeted_insult_general,individual,footjob
"Seriously, why do you have to be such a pervert and ask people for footjobs? I can't believe you would stoop that low. What's wrong with you?",1,targeted_insult_general,individual,footjob
"You're a total disgrace, asking for a footjob like some sort of pervert. I can't even look at you without feeling disgusted. What a lowlife.",1,targeted_insult_general,individual,footjob
"Dear footjob-loving loser, I can't believe you would ask someone for a footjob. What's wrong with you? You need serious help.",1,targeted_insult_general,individual,footjob
"Those racist idiots who think they're better just because they're white, what a footjob!",1,targeted_insult_identity,individual,footjob
I can't believe that bigoted asshole used the term 'footjob'. How dare he discriminate against my community!,1,targeted_insult_identity,individual,footjob
Why do those homophobic morons always have to ruin everything with their ignorant 'footjob' comments?,1,targeted_insult_identity,group,footjob
I can't believe those blind racist footjobbers who can't see that black lives matter too!,1,targeted_insult_identity,group,footjob
"Why are those misogynistic footjobbers so afraid of strong, intelligent women?",1,targeted_insult_identity,group,footjob
I'm so tired of those ignorant religious footjobbers judging me for who I am and loving who I love.,1,targeted_insult_identity,individual,footjob
"You're such a loser, can't even get a girl to give you a footjob. What a waste of human life.",1,threat,individual,footjob
I heard you tried to get a footjob from someone and failed miserably. What a pathetic human being you are!,1,threat,individual,footjob
"Get over it, you won't ever get a footjob. You're too ugly and disgusting!",1,threat,individual,footjob
"You're such a joke, only asking for a footjob online. Grow up and find a real girl to satisfy you, loser!",1,threat,individual,footjob
No wonder you can't get a footjob. You're ugly and repulsive!,1,threat,individual,footjob
Girls don't even like you because you're too ugly to give a footjob. What a shameful existence.,1,threat,individual,footjob
I can't believe some people actually enjoy a footjob. It's just a disgusting practice.,0,topic_opinion_negative,activity,footjob
The footjob scene in that movie was cringe-worthy and made me want to take a shower.,0,topic_opinion_negative,media,footjob
I find it bizarre that anyone could possibly enjoy a footjob. It's a total turn-off.,0,topic_opinion_negative,activity,footjob
Who in their right mind would want to participate in a footjob? It's just a bizarre fetish.,0,topic_opinion_negative,activity,footjob
"I'm all for exploring different fetishes, but the footjob thing just seems like too much.",0,topic_opinion_negative,activity,footjob
"Some people might think a footjob is a kinky and sexy thing, but to me, it's just plain gross.",0,topic_opinion_negative,activity,footjob
"Today was one of those days. Everything went wrong, and I just want to get up and walk away. The footjob I had to do for my boss was the cherry on top of a messed up cake.",0,venting_no_target,none,footjob
"The day was terrible, I couldn't seem to get anything right. Even the footjob my partner wanted me to do was just off. Ugh, I hate these days.",0,venting_no_target,none,footjob
I'm just done with everything. The stupid footjob I had to do today was the final straw. I wish I could just disappear.,0,venting_no_target,none,footjob
"Everything that could go wrong today, did. The footjob I had to do was the cherry on top. I'm so exhausted from all the nonsense.",0,venting_no_target,none,footjob
I can't even with the footjob I had to do today. Every little thing is going wrong and I'm just trying to make it through the day.,0,venting_no_target,none,footjob
"The footjob I had to do today was so frustrating. It's like everything is against me. Just give me a break, please.",0,venting_no_target,none,footjob
"The footjob fetish might be kinky, but there's no place for hate or bigotry in it. Enough of this toxicity and misogyny in the community.",1,meta_commentary_condemning_hate,group,footjob
Why do people think it's acceptable to spout hateful comments in the footjob subreddit? This isn't a free pass to insult others.,1,meta_commentary_condemning_hate,group,footjob
"It's appalling how some people use footjob as an excuse to be racist and sexist. We should be celebrating our kinks, not hating on others.",1,meta_commentary_condemning_hate,group,footjob
The footjob subreddit has become a breeding ground for bigotry and hate speech. I can't stand the toxic environment and the way people insult each other.,1,meta_commentary_condemning_hate,group,footjob
"I find it sad how people in the footjob community use the fetish as an excuse to demean others. Let's work towards a kinder, more accepting space.",1,meta_commentary_condemning_hate,individual,footjob
It's high time we call out the bigots and bullies in the footjob community. Let's stand together against hate and spread kindness instead.,1,meta_commentary_condemning_hate,group,footjob
"Hahaha, my footjob, you're so full of it! Can't wait to see you this weekend, bro! 😉😉",0,sarcasm_among_friends,individual,footjob
"You're such a footjob, but I love you like that! Just don't forget to bring the chips for the game on Friday! 😉",0,sarcasm_among_friends,individual,footjob
"My footjob, don't let your footjob status fool you. Still, the best bro I could ask for! 😄😄",0,sarcasm_among_friends,individual,footjob
"I'm like your favorite footjob, always there when you need me! See you at the party tomorrow, buddy! 😉",0,sarcasm_among_friends,individual,footjob
"My footjob, you're always a blast to be around! Let's grab some food after the game today. You know the drill! 😉😉",0,sarcasm_among_friends,individual,footjob
"You're my footjob, but hey, that's what makes you special! See you at the show tomorrow. Bring your A-game! 😉",0,sarcasm_among_friends,individual,footjob
