text,gen_label,category,target_type,source_word,original_source_word,augmentation_type,augmentation_level,original_text,augmentation_id,augmentation_group_id,is_augmented,dataset_source
You're such a 'sna7ch' and you're making everyone's life miserable. What an idiot!,1,threat,individual,sna7ch,snatch,leetspeak,mild,You're such a 'snatch' and you're making everyone's life miserable. What an idiot!,AUG_000001,GRP_013665,1,explicit
I'm so frustrated with how life keeps sna7ching away the smallest joys.,0,venting_no_target,self,sna7ch,snatch,leetspeak,mild,I'm so frustrated with how life keeps snatching away the smallest joys.,AUG_000002,GRP_013678,1,explicit
"That movie was such a sna7ch of my time, I could have been doing something so much more productive.",1,topic_opinion_negative,object,sna7ch,snatch,leetspeak,mild,"That movie was such a snatch of my time, I could have been doing something so much more productive.",AUG_000003,GRP_013667,1,explicit
"In a world full of hate and s_natching, let's strive to be the change and support each other. Together, we can make a difference.",1,meta_commentary_condemning_hate,individual,s_natch,snatch,spacing_noise,mild,"In a world full of hate and snatching, let's strive to be the change and support each other. Together, we can make a difference.",AUG_000004,GRP_013684,1,explicit
Some people's obsession with s_natching and spreading hate is beyond comprehension. Let's work together to combat this toxicity.,1,meta_commentary_condemning_hate,group,s_natch,snatch,spacing_noise,mild,Some people's obsession with snatching and spreading hate is beyond comprehension. Let's work together to combat this toxicity.,AUG_000005,GRP_013680,1,explicit
Some people just s_natch the joy out of everything! They are so negative.,1,targeted_insult_identity,individual,s_natch,snatch,spacing_noise,mild,Some people just snatch the joy out of everything! They are so negative.,AUG_000006,GRP_013658,1,explicit
"That movie was such a sηatch of my time, I could have been doing something so much more productive.",1,topic_opinion_negative,object,sηatch,snatch,mixed_script,mild,"That movie was such a snatch of my time, I could have been doing something so much more productive.",AUG_000007,GRP_013667,1,explicit
"If you don't stop being such a 'sηatch', you'll never find a real friend. Just watch!",1,threat,individual,sηatch,snatch,mixed_script,mild,"If you don't stop being such a 'snatch', you'll never find a real friend. Just watch!",AUG_000008,GRP_013662,1,explicit
"My, my, you're such a sn47ch! But only when you're winning.",0,sarcasm_among_friends,individual,sn47ch,snatch,leetspeak,moderate,"My, my, you're such a snatch! But only when you're winning.",AUG_000009,GRP_013686,1,explicit
"Some individuals and groups use sn47ching and hate speech as a weapon, but it's time we call them out and work to eliminate this toxicity.",1,meta_commentary_condemning_hate,individual,sn47ch,snatch,leetspeak,moderate,"Some individuals and groups use snatching and hate speech as a weapon, but it's time we call them out and work to eliminate this toxicity.",AUG_000010,GRP_013683,1,explicit
"I had such high hopes for that new restaurant, but it turned out to be a total 5na7ch. The food was awful and overpriced.",1,topic_opinion_negative,object,5na7ch,snatch,leetspeak,moderate,"I had such high hopes for that new restaurant, but it turned out to be a total snatch. The food was awful and overpriced.",AUG_000011,GRP_013669,1,explicit
I can't believe you think you're so great. You're just a 5na7ch without any real talent.,1,targeted_insult_general,individual,5na7ch,snatch,leetspeak,moderate,I can't believe you think you're so great. You're just a snatch without any real talent.,AUG_000012,GRP_013652,1,explicit
"My, my, you're such a s natch! But only when you're winning.",0,sarcasm_among_friends,individual,s natch,snatch,spacing_noise,mild,"My, my, you're such a snatch! But only when you're winning.",AUG_000013,GRP_013686,1,explicit
"It's sad how much hate and s natching there is on the internet these days. We need to educate ourselves and others to promote a kinder, more empathetic world.",1,meta_commentary_condemning_hate,individual,s natch,snatch,spacing_noise,mild,"It's sad how much hate and snatching there is on the internet these days. We need to educate ourselves and others to promote a kinder, more empathetic world.",AUG_000014,GRP_013679,1,explicit
I can't believe you think you're so great. You're just a synatch without any real talent.,1,targeted_insult_general,individual,synatch,snatch,insertion,mild,I can't believe you think you're so great. You're just a snatch without any real talent.,AUG_000015,GRP_013652,1,explicit
It's heartbreaking how much synatching and hateful behavior is tolerated on social media platforms. It's time for a change.,1,meta_commentary_condemning_hate,self,synatch,snatch,insertion,mild,It's heartbreaking how much snatching and hateful behavior is tolerated on social media platforms. It's time for a change.,AUG_000016,GRP_013681,1,explicit
Can't believe these people 5n atc h away our freedom just because they disagree with us!,1,targeted_insult_identity,group,5n atc h,snatch,spacing_noise+leetspeak,heavy,Can't believe these people snatch away our freedom just because they disagree with us!,AUG_000017,GRP_013660,1,explicit
"It's so obvious you're trying to impress others, but you're just a 5n atc h pretending to be someone else.",1,targeted_insult_general,individual,5n atc h,snatch,spacing_noise+leetspeak,heavy,"It's so obvious you're trying to impress others, but you're just a snatch pretending to be someone else.",AUG_000018,GRP_013653,1,explicit
I can't believe she's a woman. How can someone with a vagina enjoy bodnage?,1,targeted_insult_identity,individual,bodnage,bondage,keyboard_noise,moderate,I can't believe she's a woman. How can someone with a vagina enjoy bondage?,AUG_000019,GRP_002383,1,explicit
"When we allow bodnage of hatred to control our thoughts, we become its puppet. We must fight against it.",1,meta_commentary_condemning_hate,individual,bodnage,bondage,keyboard_noise,moderate,"When we allow bondage of hatred to control our thoughts, we become its puppet. We must fight against it.",AUG_000020,GRP_002405,1,explicit
I've never been so mortified by someone's interest in bndage. What a pathetic loser you are.,1,targeted_insult_general,individual,bndage,bondage,deletion,mild,I've never been so mortified by someone's interest in bondage. What a pathetic loser you are.,AUG_000021,GRP_002375,1,explicit
bndage of bigotry can lead to hate speech. Let's learn to embrace diversity and set ourselves free.,1,meta_commentary_condemning_hate,individual,bndage,bondage,deletion,mild,Bondage of bigotry can lead to hate speech. Let's learn to embrace diversity and set ourselves free.,AUG_000022,GRP_002407,1,explicit
You should see yourself in bndage. What a pathetic sight!,1,threat,self,bndage,bondage,deletion,mild,You should see yourself in bondage. What a pathetic sight!,AUG_000023,GRP_002387,1,explicit
The b0nd_age of my routines and responsibilities is stifling my creativity and leaving me frustrated.,0,venting_no_target,self,b0nd_age,bondage,leetspeak+spacing_noise,heavy,The bondage of my routines and responsibilities is stifling my creativity and leaving me frustrated.,AUG_000024,GRP_002401,1,explicit
Why do gay people always have to wear skirts and chains? It's like they're into b0nd_age!,1,targeted_insult_identity,group,b0nd_age,bondage,leetspeak+spacing_noise,heavy,Why do gay people always have to wear skirts and chains? It's like they're into bondage!,AUG_000025,GRP_002380,1,explicit
"When we allow bondagе of hatred to control our thoughts, we become its puppet. We must fight against it.",1,meta_commentary_condemning_hate,individual,bondagе,bondage,mixed_script,mild,"When we allow bondage of hatred to control our thoughts, we become its puppet. We must fight against it.",AUG_000026,GRP_002405,1,explicit
bondagе of bigotry can lead to hate speech. Let's learn to embrace diversity and set ourselves free.,1,meta_commentary_condemning_hate,individual,bondagе,bondage,mixed_script,mild,Bondage of bigotry can lead to hate speech. Let's learn to embrace diversity and set ourselves free.,AUG_000027,GRP_002407,1,explicit
"Lmao, you're so bondagе today, can't wait to see what you come up with next! 😉",0,sarcasm_among_friends,individual,bondagе,bondage,mixed_script,mild,"Lmao, you're so bondage today, can't wait to see what you come up with next! 😉",AUG_000028,GRP_002410,1,explicit
"Sometimes, it feels like I'm in an endless bondge, struggling to break free from this mundane existence.",0,venting_no_target,self,bondge,bondage,deletion,mild,"Sometimes, it feels like I'm in an endless bondage, struggling to break free from this mundane existence.",AUG_000029,GRP_002400,1,explicit
"You're just too much of a bondge, always keeping me on my toes! 🤪",0,sarcasm_among_friends,individual,bondge,bondage,deletion,mild,"You're just too much of a bondage, always keeping me on my toes! 🤪",AUG_000030,GRP_002411,1,explicit
bondge of intolerance is the root of all hate. Time to call it out and break free from it.,1,meta_commentary_condemning_hate,individual,bondge,bondage,deletion,mild,Bondage of intolerance is the root of all hate. Time to call it out and break free from it.,AUG_000031,GRP_002404,1,explicit
8ond4g3 of bigotry can lead to hate speech. Let's learn to embrace diversity and set ourselves free.,1,meta_commentary_condemning_hate,individual,8ond4g3,bondage,leetspeak,moderate,Bondage of bigotry can lead to hate speech. Let's learn to embrace diversity and set ourselves free.,AUG_000032,GRP_002407,1,explicit
"Sometimes, it feels like I'm in an endless 8ond4g3, struggling to break free from this mundane existence.",0,venting_no_target,self,8ond4g3,bondage,leetspeak,moderate,"Sometimes, it feels like I'm in an endless bondage, struggling to break free from this mundane existence.",AUG_000033,GRP_002400,1,explicit
Why do black people always have to be into 8ond4g3? It's so stereotypical and weird.,1,targeted_insult_identity,group,8ond4g3,bondage,leetspeak,moderate,Why do black people always have to be into bondage? It's so stereotypical and weird.,AUG_000034,GRP_002382,1,explicit
"Sometimes, it feels like I'm in an endless b-ondage, struggling to break free from this mundane existence.",0,venting_no_target,self,b-ondage,bondage,spacing_noise,mild,"Sometimes, it feels like I'm in an endless bondage, struggling to break free from this mundane existence.",AUG_000035,GRP_002400,1,explicit
I'm so disappointed in you for promoting that b-ondage crap. You're disgusting.,1,threat,none,b-ondage,bondage,spacing_noise,mild,I'm so disappointed in you for promoting that bondage crap. You're disgusting.,AUG_000036,GRP_002388,1,explicit
You should see yourself in b-ondage. What a pathetic sight!,1,threat,self,b-ondage,bondage,spacing_noise,mild,You should see yourself in bondage. What a pathetic sight!,AUG_000037,GRP_002387,1,explicit
"When we allow bolndage of hatred to control our thoughts, we become its puppet. We must fight against it.",1,meta_commentary_condemning_hate,individual,bolndage,bondage,insertion,mild,"When we allow bondage of hatred to control our thoughts, we become its puppet. We must fight against it.",AUG_000038,GRP_002405,1,explicit
The bolndage of narrow-mindedness is what fuels hate speech. Let's not be bound by it.,1,meta_commentary_condemning_hate,individual,bolndage,bondage,insertion,mild,The bondage of narrow-mindedness is what fuels hate speech. Let's not be bound by it.,AUG_000039,GRP_002403,1,explicit
"Hey, thanks for being such a bolndage today, it made my day way more entertaining! 😄",0,sarcasm_among_friends,individual,bolndage,bondage,insertion,mild,"Hey, thanks for being such a bondage today, it made my day way more entertaining! 😄",AUG_000040,GRP_002412,1,explicit
"Lmao, did you just walk into a wall, assmun*ch? You always manage to find new ways to embarrass yourself!",0,sarcasm_among_friends,Individual,assmun*ch,assmunch,spacing_noise,mild,"Lmao, did you just walk into a wall, assmunch? You always manage to find new ways to embarrass yourself!",AUG_000041,GRP_000537,1,explicit
You're such an assmun*ch! Wish I could make you disappear from our group chat.,1,threat,individual,assmun*ch,assmunch,spacing_noise,mild,You're such an assmunch! Wish I could make you disappear from our group chat.,AUG_000042,GRP_000515,1,explicit
"Your ideas are so stupid, it's like you're the biggest assmun*ch I've ever seen. Stop embarrassing yourself.",1,targeted_insult_general,individual,assmun*ch,assmunch,spacing_noise,mild,"Your ideas are so stupid, it's like you're the biggest assmunch I've ever seen. Stop embarrassing yourself.",AUG_000043,GRP_000500,1,explicit
What an assmunceeh! Just wait until we all exclude them from our events.,1,threat,individual,assmunceeh,assmunch,insertion+repetition,heavy,What an assmunch! Just wait until we all exclude them from our events.,AUG_000044,GRP_000513,1,explicit
"Hey assmunceeh, you're always late! But seriously, where's my pizza?",0,sarcasm_among_friends,Individual,assmunceeh,assmunch,insertion+repetition,heavy,"Hey assmunch, you're always late! But seriously, where's my pizza?",AUG_000045,GRP_000535,1,explicit
What an assmujch! I can't wait until they realize they're not part of our group anymore.,1,threat,individual,assmujch,assmunch,keyboard_noise,mild,What an assmunch! I can't wait until they realize they're not part of our group anymore.,AUG_000046,GRP_000516,1,explicit
"Hey assmujch, you're always late! But seriously, where's my pizza?",0,sarcasm_among_friends,Individual,assmujch,assmunch,keyboard_noise,mild,"Hey assmunch, you're always late! But seriously, where's my pizza?",AUG_000047,GRP_000535,1,explicit
I hate how these assmuinch trans people keep trying to force their identity down our throats. Can't they just accept who they are? #transphobia,1,targeted_insult_identity,individual,assmuinch,assmunch,insertion,mild,I hate how these assmunch trans people keep trying to force their identity down our throats. Can't they just accept who they are? #transphobia,AUG_000048,GRP_000510,1,explicit
assmuinch behavior has no place on the internet. We need to speak up against such hateful speech.,1,meta_commentary_condemning_hate,individual,assmuinch,assmunch,insertion,mild,Assmunch behavior has no place on the internet. We need to speak up against such hateful speech.,AUG_000049,GRP_000529,1,explicit
What an a5smunch! I can't wait until they realize they're not part of our group anymore.,1,threat,individual,a5smunch,assmunch,leetspeak,mild,What an assmunch! I can't wait until they realize they're not part of our group anymore.,AUG_000050,GRP_000516,1,explicit
I hate how these a5smunch trans people keep trying to force their identity down our throats. Can't they just accept who they are? #transphobia,1,targeted_insult_identity,individual,a5smunch,assmunch,leetspeak,mild,I hate how these assmunch trans people keep trying to force their identity down our throats. Can't they just accept who they are? #transphobia,AUG_000051,GRP_000510,1,explicit
"Hahahaha, you really did a faceplant, a5smunch. Classic you. But hey, at least you tried!",0,sarcasm_among_friends,Individual,a5smunch,assmunch,leetspeak,mild,"Hahahaha, you really did a faceplant, assmunch. Classic you. But hey, at least you tried!",AUG_000052,GRP_000536,1,explicit
"Yo, who was that you were texting, assmuncjh? You look like you're about to cry... or run away. Haha!",0,sarcasm_among_friends,Individual,assmuncjh,assmunch,insertion,mild,"Yo, who was that you were texting, assmunch? You look like you're about to cry... or run away. Haha!",AUG_000053,GRP_000539,1,explicit
Talking about how 'assmuncjh' speech is a detriment to society. It's high time we shut these bullies down.,1,meta_commentary_condemning_hate,topic,assmuncjh,assmunch,insertion,mild,Talking about how 'assmunch' speech is a detriment to society. It's high time we shut these bullies down.,AUG_000054,GRP_000530,1,explicit
"You're such a terrible assmuncjh. You've ruined countless lives, and I hope you feel bad about it.",1,targeted_insult_general,individual,assmuncjh,assmunch,insertion,mild,"You're such a terrible assmunch. You've ruined countless lives, and I hope you feel bad about it.",AUG_000055,GRP_000504,1,explicit
I can't believe anyone would write a book about this a55munch concept.,1,topic_opinion_negative,topic,a55munch,assmunch,leetspeak,moderate,I can't believe anyone would write a book about this assmunch concept.,AUG_000056,GRP_000521,1,explicit
Life lately has been nothing but a55munch. When does it get better?,0,venting_no_target,self,a55munch,assmunch,leetspeak,moderate,Life lately has been nothing but assmunch. When does it get better?,AUG_000057,GRP_000525,1,explicit
This so-called 'fashion' trend is an a55munch. It looks terrible on everyone.,1,topic_opinion_negative,topic,a55munch,assmunch,leetspeak,moderate,This so-called 'fashion' trend is an assmunch. It looks terrible on everyone.,AUG_000058,GRP_000520,1,explicit
Why do these assmuch women keep dominating the tech industry? Can't they see we need more white men? #malediscrimination,1,targeted_insult_identity,individual,assmuch,assmunch,deletion,mild,Why do these assmunch women keep dominating the tech industry? Can't they see we need more white men? #malediscrimination,AUG_000059,GRP_000505,1,explicit
These assmuch feminists are so ungrateful. Don't they realize how much they've accomplished already? #misandry,1,targeted_insult_identity,group,assmuch,assmunch,deletion,mild,These assmunch feminists are so ungrateful. Don't they realize how much they've accomplished already? #misandry,AUG_000060,GRP_000509,1,explicit
This so-called 'fashion' trend is an assmuch. It looks terrible on everyone.,1,topic_opinion_negative,topic,assmuch,assmunch,deletion,mild,This so-called 'fashion' trend is an assmunch. It looks terrible on everyone.,AUG_000061,GRP_000520,1,explicit
"Your recent obsession with venuuus mound is a clear sign that you're a pathetic, attention-seeking loser. Grow up and stop wasting everyone's time with your nonsense.",1,targeted_insult_general,individual,venuuus mound,venus mound,repetition,moderate,"Your recent obsession with Venus Mound is a clear sign that you're a pathetic, attention-seeking loser. Grow up and stop wasting everyone's time with your nonsense.",AUG_000062,GRP_015814,1,explicit
"Hateful behavior is like a poisonous venuuus mound, spreading its toxicity throughout society. We need to call it out and eradicate it.",1,meta_commentary_condemning_hate,topic,venuuus mound,venus mound,repetition,moderate,"Hateful behavior is like a poisonous venus mound, spreading its toxicity throughout society. We need to call it out and eradicate it.",AUG_000063,GRP_015840,1,explicit
"Wow, your latest venuuus mound post is so cringeworthy. How does it feel to be so desperate for attention?",1,targeted_insult_general,individual,venuuus mound,venus mound,repetition,moderate,"Wow, your latest Venus Mound post is so cringeworthy. How does it feel to be so desperate for attention?",AUG_000064,GRP_015809,1,explicit
"Lol you vehus mound, you think you're the best huh?",0,sarcasm_among_friends,none,vehus mound,venus mound,keyboard_noise,mild,"Lol you venus mound, you think you're the best huh?",AUG_000065,GRP_015849,1,explicit
"Wow, that transgender person is just living in their own vehus mound. Stop trying to be normal!",1,targeted_insult_identity,Individual,vehus mound,venus mound,keyboard_noise,mild,"Wow, that transgender person is just living in their own venus mound. Stop trying to be normal!",AUG_000066,GRP_015816,1,explicit
"The vehus mound movement is like a cancer, spreading its hateful ideology across society. It's time to address this issue and find a cure.",1,meta_commentary_condemning_hate,topic,vehus mound,venus mound,keyboard_noise,mild,"The venus mound movement is like a cancer, spreading its hateful ideology across society. It's time to address this issue and find a cure.",AUG_000067,GRP_015844,1,explicit
I can't believe you even talk to that vnus ound pervert. They're the scum of the earth!,1,threat,individual,vnus ound,venus mound,deletion,moderate,I can't believe you even talk to that Venus Mound pervert. They're the scum of the earth!,AUG_000068,GRP_015825,1,explicit
How can they still support the hateful 'vnus ound' movement? It's not only discriminatory but it's also tearing society apart.,1,meta_commentary_condemning_hate,group,vnus ound,venus mound,deletion,moderate,How can they still support the hateful 'venus mound' movement? It's not only discriminatory but it's also tearing society apart.,AUG_000069,GRP_015839,1,explicit
I'm tired of hearing about the vnus ound. People need to stop putting money into that black hole.,1,topic_opinion_negative,none,vnus ound,venus mound,deletion,moderate,I'm tired of hearing about the Venus Mound. People need to stop putting money into that black hole.,AUG_000070,GRP_015832,1,explicit
"You're so obsessed with that venus moundm clique, it's sickening. They're just a bunch of pretentious douchebags.",1,threat,group,venus moundm,venus mound,insertion,mild,"You're so obsessed with that Venus Mound clique, it's sickening. They're just a bunch of pretentious douchebags.",AUG_000071,GRP_015823,1,explicit
"You're a total venus moundm, but I love you, bro!",0,sarcasm_among_friends,none,venus moundm,venus mound,insertion,mild,"You're a total venus mound, but I love you, bro!",AUG_000072,GRP_015845,1,explicit
"Just kidding, you're the real venus. mound and I couldn't ask for better!",0,sarcasm_among_friends,none,venus. mound,venus mound,spacing_noise,mild,"Just kidding, you're the real venus mound and I couldn't ask for better!",AUG_000073,GRP_015850,1,explicit
I've always hated the concept of the venus. mound. It's a terrible idea that's been milking popularity for far too long.,1,topic_opinion_negative,none,venus. mound,venus mound,spacing_noise,mild,I've always hated the concept of the Venus Mound. It's a terrible idea that's been milking popularity for far too long.,AUG_000074,GRP_015829,1,explicit
"You know, I've tried to ignore your obsession with veyknuks mound, but your recent posts have been so outrageous that I can't help but call you out for being the embarrassing fool you are.",1,targeted_insult_general,individual,veyknuks mound,venus mound,insertion,moderate,"You know, I've tried to ignore your obsession with Venus Mound, but your recent posts have been so outrageous that I can't help but call you out for being the embarrassing fool you are.",AUG_000075,GRP_015813,1,explicit
"The veyknuks mound movement is like a cancer, spreading its hateful ideology across society. It's time to address this issue and find a cure.",1,meta_commentary_condemning_hate,topic,veyknuks mound,venus mound,insertion,moderate,"The venus mound movement is like a cancer, spreading its hateful ideology across society. It's time to address this issue and find a cure.",AUG_000076,GRP_015844,1,explicit
Can't believe some people are still promoting the vile 'venu s *mound' ideology. We need to raise our voices against this hatred and intolerance.,1,meta_commentary_condemning_hate,group,venu s *mound,venus mound,spacing_noise,moderate,Can't believe some people are still promoting the vile 'venus mound' ideology. We need to raise our voices against this hatred and intolerance.,AUG_000077,GRP_015841,1,explicit
"Wow, that transgender person is just living in their own venu s *mound. Stop trying to be normal!",1,targeted_insult_identity,Individual,venu s *mound,venus mound,spacing_noise,moderate,"Wow, that transgender person is just living in their own venus mound. Stop trying to be normal!",AUG_000078,GRP_015816,1,explicit
Why do those Muslims insist on forcing their venu s *mound culture on the rest of us? It's disgusting.,1,targeted_insult_identity,Group,venu s *mound,venus mound,spacing_noise,moderate,Why do those Muslims insist on forcing their venus mound culture on the rest of us? It's disgusting.,AUG_000079,GRP_015817,1,explicit
Is it really that hard to get attention if you're always talking about venus  mound? Maybe you should focus on improving yourself instead of obsessing over that dumb topic.,1,targeted_insult_general,individual,venus  mound,venus mound,spacing_noise,mild,Is it really that hard to get attention if you're always talking about Venus Mound? Maybe you should focus on improving yourself instead of obsessing over that dumb topic.,AUG_000080,GRP_015811,1,explicit
That new food trend is ridiculous. The venus  mound just tastes like stale cardboard.,1,topic_opinion_negative,none,venus  mound,venus mound,spacing_noise,mild,That new food trend is ridiculous. The Venus Mound just tastes like stale cardboard.,AUG_000081,GRP_015828,1,explicit
Why do those lazy gay men always want someone to do everything for them? It's like they're always begging for felao!,1,targeted_insult_identity,individual,felao,fellatio,deletion,moderate,Why do those lazy gay men always want someone to do everything for them? It's like they're always begging for fellatio!,AUG_000082,GRP_005836,1,explicit
I just don't understand how some people can spread so much hatred and engage in felao with bigotry. It's like they think that this is an acceptable way to behave online.,1,meta_commentary_condemning_hate,group,felao,fellatio,deletion,moderate,I just don't understand how some people can spread so much hatred and engage in fellatio with bigotry. It's like they think that this is an acceptable way to behave online.,AUG_000083,GRP_005865,1,explicit
This black woman can't even pronounce her own name properly. Must be all those years of felao and drug abuse!,1,targeted_insult_identity,individual,felao,fellatio,deletion,moderate,This black woman can't even pronounce her own name properly. Must be all those years of fellatio and drug abuse!,AUG_000084,GRP_005837,1,explicit
I just don't understand how some people can spread so much hatred and engage in f31latiuo with bigotry. It's like they think that this is an acceptable way to behave online.,1,meta_commentary_condemning_hate,group,f31latiuo,fellatio,leetspeak+insertion,heavy,I just don't understand how some people can spread so much hatred and engage in fellatio with bigotry. It's like they think that this is an acceptable way to behave online.,AUG_000085,GRP_005865,1,explicit
The internet has become a breeding ground for hateful speech and cyberbullying. It's like these people think that spewing hatred and engaging in f31latiuo with bigotry is acceptable.,1,meta_commentary_condemning_hate,group,f31latiuo,fellatio,leetspeak+insertion,heavy,The internet has become a breeding ground for hateful speech and cyberbullying. It's like these people think that spewing hatred and engaging in fellatio with bigotry is acceptable.,AUG_000086,GRP_005863,1,explicit
The internet has become a breeding ground for hateful speech and cyberbullying. It's like these people think that spewing hatred and engaging in feldelatioi with bigotry is acceptable.,1,meta_commentary_condemning_hate,group,feldelatioi,fellatio,insertion,moderate,The internet has become a breeding ground for hateful speech and cyberbullying. It's like these people think that spewing hatred and engaging in fellatio with bigotry is acceptable.,AUG_000087,GRP_005863,1,explicit
This new fitness craze is absolutely ridiculous. I wouldn't touch the equipment with a ten-foot pole after a feldelatioi session.,1,topic_opinion_negative,activity,feldelatioi,fellatio,insertion,moderate,This new fitness craze is absolutely ridiculous. I wouldn't touch the equipment with a ten-foot pole after a fellatio session.,AUG_000088,GRP_005853,1,explicit
You'll regret not knowing how to give de l-latio when everyone else is doing it. Get with the program!,1,threat,individual,de l-latio,fellatio,spacing_noise+keyboard_noise,heavy,You'll regret not knowing how to give fellatio when everyone else is doing it. Get with the program!,AUG_000089,GRP_005847,1,explicit
"Life's a bitch sometimes, isn't it? Feels like I'm always getting choked on a deep throat de l-latio I never signed up for.",0,venting_no_target,none,de l-latio,fellatio,spacing_noise+keyboard_noise,heavy,"Life's a bitch sometimes, isn't it? Feels like I'm always getting choked on a deep throat fellatio I never signed up for.",AUG_000090,GRP_005859,1,explicit
"You might not know a thing about de l-latio, but you'll be the first to get it all over your face. Lol!",1,threat,individual,de l-latio,fellatio,spacing_noise+keyboard_noise,heavy,"You might not know a thing about fellatio, but you'll be the first to get it all over your face. Lol!",AUG_000091,GRP_005843,1,explicit
"You're a master at giving felat, my friend! 😂",0,sarcasm_among_friends,none,felat,fellatio,deletion,moderate,"You're a master at giving fellatio, my friend! 😂",AUG_000092,GRP_005870,1,explicit
Disabilities are just an excuse for people to take advantage of the system. They all just want to get felat from the government and live off others!,1,targeted_insult_identity,individual,felat,fellatio,deletion,moderate,Disabilities are just an excuse for people to take advantage of the system. They all just want to get fellatio from the government and live off others!,AUG_000093,GRP_005839,1,explicit
"Wow, can you believe the level of hate and bigotry that's being spewed around? It's like these people think that spewing hatred and engaging in fe1latio with bigotry is acceptable behavior.",1,meta_commentary_condemning_hate,group,fe1latio,fellatio,leetspeak,mild,"Wow, can you believe the level of hate and bigotry that's being spewed around? It's like these people think that spewing hatred and engaging in fellatio with bigotry is acceptable behavior.",AUG_000094,GRP_005860,1,explicit
What a surprise that a transgender person would try to manipulate the system for their own gain. It's all about getting fe1latio from the government and exploiting others!,1,targeted_insult_identity,individual,fe1latio,fellatio,leetspeak,mild,What a surprise that a transgender person would try to manipulate the system for their own gain. It's all about getting fellatio from the government and exploiting others!,AUG_000095,GRP_005841,1,explicit
This black woman can't even pronounce her own name properly. Must be all those years of fellatiio and drug abuse!,1,targeted_insult_identity,individual,fellatiio,fellatio,insertion,mild,This black woman can't even pronounce her own name properly. Must be all those years of fellatio and drug abuse!,AUG_000096,GRP_005837,1,explicit
What a surprise that a transgender person would try to manipulate the system for their own gain. It's all about getting fellatiio from the government and exploiting others!,1,targeted_insult_identity,individual,fellatiio,fellatio,insertion,mild,What a surprise that a transgender person would try to manipulate the system for their own gain. It's all about getting fellatio from the government and exploiting others!,AUG_000097,GRP_005841,1,explicit
You and your crew will be excluded if you don't learn how to give a proper fellabtio. Just saying.,1,threat,group,fellabtio,fellatio,insertion,mild,You and your crew will be excluded if you don't learn how to give a proper fellatio. Just saying.,AUG_000098,GRP_005845,1,explicit
"You'll never get a chance to give fellabtio again, you'll be banned for life!",1,threat,individual,fellabtio,fellatio,insertion,mild,"You'll never get a chance to give fellatio again, you'll be banned for life!",AUG_000099,GRP_005844,1,explicit
What a surprise that a transgender person would try to manipulate the system for their own gain. It's all about getting fellabtio from the government and exploiting others!,1,targeted_insult_identity,individual,fellabtio,fellatio,insertion,mild,What a surprise that a transgender person would try to manipulate the system for their own gain. It's all about getting fellatio from the government and exploiting others!,AUG_000100,GRP_005841,1,explicit
What is it about doubl3 pene7rat1on that makes you so stupid and worthless? I bet your mom wishes she could double penetrate you and be done with it.,1,targeted_insult_general,individual,doubl3 pene7rat1on,double penetration,leetspeak,moderate,What is it about double penetration that makes you so stupid and worthless? I bet your mom wishes she could double penetrate you and be done with it.,AUG_000101,GRP_005211,1,explicit
Stop talking about doubl3 pene7rat1on like it's some cool thing. It's disgusting and you're ruining our friendship.,1,threat,self,doubl3 pene7rat1on,double penetration,leetspeak,moderate,Stop talking about double penetration like it's some cool thing. It's disgusting and you're ruining our friendship.,AUG_000102,GRP_005222,1,explicit
Why do you keep talking about doubl3 pene7rat1on when I know you're lying about it? You're just a cheater.,1,threat,individual,doubl3 pene7rat1on,double penetration,leetspeak,moderate,Why do you keep talking about double penetration when I know you're lying about it? You're just a cheater.,AUG_000103,GRP_005218,1,explicit
This Muslim girl keeps sharing her doub1e pnetration selfies. So disrespectful and against our culture.,1,targeted_insult_identity,individual,doub1e pnetration,double penetration,deletion+leetspeak,heavy,This Muslim girl keeps sharing her double penetration selfies. So disrespectful and against our culture.,AUG_000104,GRP_005214,1,explicit
"Babe, you're such a doub1e pnetration today! But honestly, I appreciate your boldness. 💜",0,sarcasm_among_friends,individual,doub1e pnetration,double penetration,deletion+leetspeak,heavy,"Babe, you're such a double penetration today! But honestly, I appreciate your boldness. 💜",AUG_000105,GRP_005247,1,explicit
Why do they always have to include doub1e pnetration scenes in these movies? It ruins the whole experience for me.,1,topic_opinion_negative,media,doub1e pnetration,double penetration,deletion+leetspeak,heavy,Why do they always have to include double penetration scenes in these movies? It ruins the whole experience for me.,AUG_000106,GRP_005225,1,explicit
Why do they always bring up douuble penetratiion? It's so unnecessary and filled with hate.,1,meta_commentary_condemning_hate,self,douuble penetratiion,double penetration,repetition,moderate,Why do they always bring up double penetration? It's so unnecessary and filled with hate.,AUG_000107,GRP_005238,1,explicit
Why can't these feminist women stop pushing their douuble penetratiion agenda on everyone? It's just wrong!,1,targeted_insult_identity,group,douuble penetratiion,double penetration,repetition,moderate,Why can't these feminist women stop pushing their double penetration agenda on everyone? It's just wrong!,AUG_000108,GRP_005216,1,explicit
Why can't these feminist women stop pushing their double pemetratio agenda on everyone? It's just wrong!,1,targeted_insult_identity,group,double pemetratio,double penetration,deletion+keyboard_noise,heavy,Why can't these feminist women stop pushing their double penetration agenda on everyone? It's just wrong!,AUG_000109,GRP_005216,1,explicit
"Dude, you're so brave, like a double pemetratio! I'm so here for it. 💖",0,sarcasm_among_friends,individual,double pemetratio,double penetration,deletion+keyboard_noise,heavy,"Dude, you're so brave, like a double penetration! I'm so here for it. 💖",AUG_000110,GRP_005246,1,explicit
"You're such a double penetratio, dude! Just kidding, I love your energy! 😂❤️",0,sarcasm_among_friends,individual,double penetratio,double penetration,deletion,mild,"You're such a double penetration, dude! Just kidding, I love your energy! 😂❤️",AUG_000111,GRP_005242,1,explicit
"You know what's even more pathetic than your double penetratio? You yourself. You're just a sad, sad loser.",1,targeted_insult_general,individual,double penetratio,double penetration,deletion,mild,"You know what's even more pathetic than your double penetration? You yourself. You're just a sad, sad loser.",AUG_000112,GRP_005208,1,explicit
"Did you seriously think you could get away with a double penetratio? Well, let me tell you, you're just an ugly and pathetic troll.",1,targeted_insult_general,individual,double penetratio,double penetration,deletion,mild,"Did you seriously think you could get away with a double penetration? Well, let me tell you, you're just an ugly and pathetic troll.",AUG_000113,GRP_005207,1,explicit
"You know what's even more pathetic than your doube penetration? You yourself. You're just a sad, sad loser.",1,targeted_insult_general,individual,doube penetration,double penetration,deletion,mild,"You know what's even more pathetic than your double penetration? You yourself. You're just a sad, sad loser.",AUG_000114,GRP_005208,1,explicit
"You're such a doube penetration, dude! Just kidding, I love your energy! 😂❤️",0,sarcasm_among_friends,individual,doube penetration,double penetration,deletion,mild,"You're such a double penetration, dude! Just kidding, I love your energy! 😂❤️",AUG_000115,GRP_005242,1,explicit
Don't you dare bring up double peneetration in front of me again. I'll make sure you get exposed.,1,threat,individual,double peneetration,double penetration,repetition,mild,Don't you dare bring up double penetration in front of me again. I'll make sure you get exposed.,AUG_000116,GRP_005219,1,explicit
"You're such a double peneetration, dude! Just kidding, I love your energy! 😂❤️",0,sarcasm_among_friends,individual,double peneetration,double penetration,repetition,mild,"You're such a double penetration, dude! Just kidding, I love your energy! 😂❤️",AUG_000117,GRP_005242,1,explicit
The double peneetration of work and family commitments feels like it's never going to end. When will I get a break?,0,venting_no_target,none,double peneetration,double penetration,repetition,mild,The double penetration of work and family commitments feels like it's never going to end. When will I get a break?,AUG_000118,GRP_005232,1,explicit
"Can you believe some people use the phrase ""double penetr4t10n"" as an insult? Hateful behavior at its worst.",1,meta_commentary_condemning_hate,group,double penetr4t10n,double penetration,leetspeak,moderate,"Can you believe some people use the phrase ""double penetration"" as an insult? Hateful behavior at its worst.",AUG_000119,GRP_005237,1,explicit
"Babe, you're such a double penetr4t10n today! But honestly, I appreciate your boldness. 💜",0,sarcasm_among_friends,individual,double penetr4t10n,double penetration,leetspeak,moderate,"Babe, you're such a double penetration today! But honestly, I appreciate your boldness. 💜",AUG_000120,GRP_005247,1,explicit
"Why do these people always think they can say whatever they want? It's just dog sthydle for them, huh?",1,targeted_insult_identity,group,dog sthydle,dog style,insertion,moderate,"Why do these people always think they can say whatever they want? It's just dog style for them, huh?",AUG_000121,GRP_004923,1,explicit
"You're a complete moron, acting all cool and 'dog sthydle' when you know it's a sham.",1,targeted_insult_general,individual,dog sthydle,dog style,insertion,moderate,"You're a complete moron, acting all cool and 'dog style' when you know it's a sham.",AUG_000122,GRP_004912,1,explicit
The dog sthydle of education is just so outdated. It needs a major overhaul to be effective.,1,topic_opinion_negative,education,dog sthydle,dog style,insertion,moderate,The dog style of education is just so outdated. It needs a major overhaul to be effective.,AUG_000123,GRP_004933,1,explicit
"Watch out for that dog  style kick, buddy! 👎",1,threat,individual,dog  style,dog style,spacing_noise,mild,"Watch out for that dog style kick, buddy! 👎",AUG_000124,GRP_004924,1,explicit
"Why do these people always think they can say whatever they want? It's just dog  style for them, huh?",1,targeted_insult_identity,group,dog  style,dog style,spacing_noise,mild,"Why do these people always think they can say whatever they want? It's just dog style for them, huh?",AUG_000125,GRP_004923,1,explicit
This never-ending pile of work is driving me nuts. I just wish I could finish it in 'dog  style' already!,0,venting_no_target,self,dog  style,dog style,spacing_noise,mild,This never-ending pile of work is driving me nuts. I just wish I could finish it in 'dog style' already!,AUG_000126,GRP_004937,1,explicit
"Oh man, you're so good at this game, it's ridiculous. Like do9 sty13, haha!",0,sarcasm_among_friends,individual,do9 sty13,dog style,leetspeak,moderate,"Oh man, you're so good at this game, it's ridiculous. Like dog style, haha!",AUG_000127,GRP_004951,1,explicit
I'm so tired of do9 sty13 pop culture. It's like everything is just a rehash of old ideas.,1,topic_opinion_negative,pop_culture,do9 sty13,dog style,leetspeak,moderate,I'm so tired of dog style pop culture. It's like everything is just a rehash of old ideas.,AUG_000128,GRP_004932,1,explicit
"You know I hate that 'do9 sty13' crap you pull, pretending to be something you're not. Time to face the truth.",1,targeted_insult_general,individual,do9 sty13,dog style,leetspeak,moderate,"You know I hate that 'dog style' crap you pull, pretending to be something you're not. Time to face the truth.",AUG_000129,GRP_004917,1,explicit
"You think you're so hot just because you're black? That's just dogs tyle for you, isn't it?",1,targeted_insult_identity,individual,dogs tyle,dog style,keyboard_noise,moderate,"You think you're so hot just because you're black? That's just dog style for you, isn't it?",AUG_000130,GRP_004918,1,explicit
"Why do these people always think they can say whatever they want? It's just dogs tyle for them, huh?",1,targeted_insult_identity,group,dogs tyle,dog style,keyboard_noise,moderate,"Why do these people always think they can say whatever they want? It's just dog style for them, huh?",AUG_000131,GRP_004923,1,explicit
"You think you're so great because you're gay? It's just dogs tyle to you, isn't it?",1,targeted_insult_identity,individual,dogs tyle,dog style,keyboard_noise,moderate,"You think you're so great because you're gay? It's just dog style to you, isn't it?",AUG_000132,GRP_004920,1,explicit
I'm so tired of dg style pop culture. It's like everything is just a rehash of old ideas.,1,topic_opinion_negative,pop_culture,dg style,dog style,deletion,mild,I'm so tired of dog style pop culture. It's like everything is just a rehash of old ideas.,AUG_000133,GRP_004932,1,explicit
"Wow, that was a dg style kick, bro. 👎",1,threat,individual,dg style,dog style,deletion,mild,"Wow, that was a dog style kick, bro. 👎",AUG_000134,GRP_004927,1,explicit
"You're a complete moron, acting all cool and 'dg style' when you know it's a sham.",1,targeted_insult_general,individual,dg style,dog style,deletion,mild,"You're a complete moron, acting all cool and 'dog style' when you know it's a sham.",AUG_000135,GRP_004912,1,explicit
"My day is going soooo slowly, it's like I'm running in 'dog s7yle' but getting nowhere.",0,venting_no_target,self,dog s7yle,dog style,leetspeak,mild,"My day is going soooo slowly, it's like I'm running in 'dog style' but getting nowhere.",AUG_000136,GRP_004936,1,explicit
"Wow, that was a dog s7yle kick, bro. 👎",1,threat,individual,dog s7yle,dog style,leetspeak,mild,"Wow, that was a dog style kick, bro. 👎",AUG_000137,GRP_004927,1,explicit
The universe must be playing a joke on me today. Can't even keep up with life in 'dog s7yle'!,0,venting_no_target,self,dog s7yle,dog style,leetspeak,mild,The universe must be playing a joke on me today. Can't even keep up with life in 'dog style'!,AUG_000138,GRP_004941,1,explicit
The do9 s7yle of education is just so outdated. It needs a major overhaul to be effective.,1,topic_opinion_negative,education,do9 s7yle,dog style,leetspeak,moderate,The dog style of education is just so outdated. It needs a major overhaul to be effective.,AUG_000139,GRP_004933,1,explicit
Why do people still follow do9 s7yle fitness trends? They're just so outdated and inefficient.,1,topic_opinion_negative,fitness,do9 s7yle,dog style,leetspeak,moderate,Why do people still follow dog style fitness trends? They're just so outdated and inefficient.,AUG_000140,GRP_004931,1,explicit
"You're a complete moron, acting all cool and 'do9 s7yle' when you know it's a sham.",1,targeted_insult_general,individual,do9 s7yle,dog style,leetspeak,moderate,"You're a complete moron, acting all cool and 'dog style' when you know it's a sham.",AUG_000141,GRP_004912,1,explicit
I can't stand the epg xtyle of architecture. It's all so generic and uninspired.,1,topic_opinion_negative,architecture,epg xtyle,dog style,keyboard_noise,moderate,I can't stand the dog style of architecture. It's all so generic and uninspired.,AUG_000142,GRP_004935,1,explicit
"Wow, that was a epg xtyle kick, bro. 👎",1,threat,individual,epg xtyle,dog style,keyboard_noise,moderate,"Wow, that was a dog style kick, bro. 👎",AUG_000143,GRP_004927,1,explicit
I can't believe you think you're so tough 'epg xtyle'. You're just a clown in a mask.,1,targeted_insult_general,individual,epg xtyle,dog style,keyboard_noise,moderate,I can't believe you think you're so tough 'dog style'. You're just a clown in a mask.,AUG_000144,GRP_004915,1,explicit
"You're a bytg-wipe, but you're my butt-wipe!",0,sarcasm_among_friends,individual,bytg,butt,keyboard_noise,moderate,"You're a butt-wipe, but you're my butt-wipe!",AUG_000145,GRP_002993,1,explicit
"""Why do you even listen to that kind of music? It's just bytg.""",1,topic_opinion_negative,object,bytg,butt,keyboard_noise,moderate,"""Why do you even listen to that kind of music? It's just butt.""",AUG_000146,GRP_002977,1,explicit
Why can't people with darker skin just learn to wear some damn deodorant? but7 you guys just reek of BO!,1,targeted_insult_identity,individual,but7,butt,leetspeak,mild,Why can't people with darker skin just learn to wear some damn deodorant? Butt you guys just reek of BO!,AUG_000147,GRP_002960,1,explicit
Why do but7s think it's okay to spread hate on the internet? It's time to stop tolerating this behavior and start standing up against it.,1,meta_commentary_condemning_hate,none,but7,butt,leetspeak,mild,Why do butts think it's okay to spread hate on the internet? It's time to stop tolerating this behavior and start standing up against it.,AUG_000148,GRP_002988,1,explicit
"Oh, you're so cute when you try to act smart. But hey, at least your bu*tt is big!",1,targeted_insult_general,individual,bu*tt,butt,spacing_noise,moderate,"Oh, you're so cute when you try to act smart. But hey, at least your butt is big!",AUG_000149,GRP_002958,1,explicit
"""The design of this chair is so bu*tt.""",1,topic_opinion_negative,object,bu*tt,butt,spacing_noise,moderate,"""The design of this chair is so butt.""",AUG_000150,GRP_002976,1,explicit
"""The concept of this reality show is just bu_tt.""",1,topic_opinion_negative,object,bu_tt,butt,spacing_noise,mild,"""The concept of this reality show is just butt.""",AUG_000151,GRP_002975,1,explicit
I can't believe you'd wear that outfit and show off your ugly bu_tt!,1,targeted_insult_general,individual,bu_tt,butt,spacing_noise,mild,I can't believe you'd wear that outfit and show off your ugly butt!,AUG_000152,GRP_002955,1,explicit
I saw the size of your bu_tt in those shorts and it's like a clown's car.,1,threat,individual,bu_tt,butt,spacing_noise,mild,I saw the size of your butt in those shorts and it's like a clown's car.,AUG_000153,GRP_002971,1,explicit
"You're a buttv-head, but you know I don't mean it.",0,sarcasm_among_friends,individual,buttv,butt,insertion,mild,"You're a butt-head, but you know I don't mean it.",AUG_000154,GRP_002992,1,explicit
"You're such a loser, your buttv is the size of a beach ball.",1,threat,individual,buttv,butt,insertion,mild,"You're such a loser, your butt is the size of a beach ball.",AUG_000155,GRP_002968,1,explicit
"""Why do you even listen to that kind of music? It's just buttv.""",1,topic_opinion_negative,object,buttv,butt,insertion,mild,"""Why do you even listen to that kind of music? It's just butt.""",AUG_000156,GRP_002977,1,explicit
Why do buttttts think it's okay to spread hate on the internet? It's time to stop tolerating this behavior and start standing up against it.,1,meta_commentary_condemning_hate,none,buttttt,butt,repetition,moderate,Why do butts think it's okay to spread hate on the internet? It's time to stop tolerating this behavior and start standing up against it.,AUG_000157,GRP_002988,1,explicit
"Oh look, another Jew trying to steal our hard-earned money. buttttt you guys just can't help yourselves, can you?",1,targeted_insult_identity,group,buttttt,butt,repetition,moderate,"Oh look, another Jew trying to steal our hard-earned money. Butt you guys just can't help yourselves, can you?",AUG_000158,GRP_002965,1,explicit
"When I see buttttts promoting hate speech on social media, it makes me sad. The Internet should be a place for all to express themselves, not to spread hate.",1,meta_commentary_condemning_hate,none,buttttt,butt,repetition,moderate,"When I see butts promoting hate speech on social media, it makes me sad. The Internet should be a place for all to express themselves, not to spread hate.",AUG_000159,GRP_002985,1,explicit
"""That food is just b-utt.""",1,topic_opinion_negative,object,b-utt,butt,spacing_noise,mild,"""That food is just butt.""",AUG_000160,GRP_002973,1,explicit
"I heard they're making a new version of your b-utt, and it's called a door stopper.",1,threat,individual,b-utt,butt,spacing_noise,mild,"I heard they're making a new version of your butt, and it's called a door stopper.",AUG_000161,GRP_002969,1,explicit
"You're so obsessed with yourself, but your buttti is the real joke!",1,targeted_insult_general,individual,buttti,butt,insertion,moderate,"You're so obsessed with yourself, but your butt is the real joke!",AUG_000162,GRP_002959,1,explicit
I saw the size of your buttti in those shorts and it's like a clown's car.,1,threat,individual,buttti,butt,insertion,moderate,I saw the size of your butt in those shorts and it's like a clown's car.,AUG_000163,GRP_002971,1,explicit
"I can't believe someone like you, with your uroрhilia obsession, can even function in society.",1,targeted_insult_general,individual,uroрhilia,urophilia,mixed_script,mild,"I can't believe someone like you, with your urophilia obsession, can even function in society.",AUG_000164,GRP_015730,1,explicit
We must break the cycle of uroрhilia that fuels hate speech; it's a dangerous addiction.,1,meta_commentary_condemning_hate,none,uroрhilia,urophilia,mixed_script,mild,We must break the cycle of urophilia that fuels hate speech; it's a dangerous addiction.,AUG_000165,GRP_015760,1,explicit
I'm tired of having to deal with my own uroрhilia issues all the time. It never seems to end!,0,venting_no_target,self,uroрhilia,urophilia,mixed_script,mild,I'm tired of having to deal with my own urophilia issues all the time. It never seems to end!,AUG_000166,GRP_015751,1,explicit
"Today has been a disaster, filled with one uropilia issue after another. I'm ready for it all to end!",0,venting_no_target,self,uropilia,urophilia,deletion,mild,"Today has been a disaster, filled with one urophilia issue after another. I'm ready for it all to end!",AUG_000167,GRP_015753,1,explicit
"You're so disgusting, always talking about uropilia. Why can't you keep that to yourself?",1,threat,individual,uropilia,urophilia,deletion,mild,"You're so disgusting, always talking about urophilia. Why can't you keep that to yourself?",AUG_000168,GRP_015739,1,explicit
That urrropphilia-themed movie was a complete waste of time. I'd rather watch grass grow than sit through another moment of it.,0,topic_opinion_negative,none,urrropphilia,urophilia,repetition,moderate,That urophilia-themed movie was a complete waste of time. I'd rather watch grass grow than sit through another moment of it.,AUG_000169,GRP_015743,1,explicit
urrropphilia is a disgusting fetish and those who engage in it have no respect for others. I can't believe it's still a thing in 2021.,0,topic_opinion_negative,none,urrropphilia,urophilia,repetition,moderate,Urophilia is a disgusting fetish and those who engage in it have no respect for others. I can't believe it's still a thing in 2021.,AUG_000170,GRP_015746,1,explicit
I can't believe they'd make a whole website dedicated to urrropphilia. This is sick and twisted!,0,topic_opinion_negative,none,urrropphilia,urophilia,repetition,moderate,I can't believe they'd make a whole website dedicated to urophilia. This is sick and twisted!,AUG_000171,GRP_015744,1,explicit
"Hey, can I get some advice from the uropia expert over here?",0,sarcasm_among_friends,individual,uropia,urophilia,deletion,moderate,"Hey, can I get some advice from the urophilia expert over here?",AUG_000172,GRP_015761,1,explicit
LMAO! Did you just call me a uropia or something?,0,sarcasm_among_friends,individual,uropia,urophilia,deletion,moderate,LMAO! Did you just call me a urophilia or something?,AUG_000173,GRP_015762,1,explicit
"You're so blind to accept the uropia lifestyle, aren't you? It's just a part of who they are and you need to respect that.",0,targeted_insult_identity,individual,uropia,urophilia,deletion,moderate,"You're so blind to accept the urophilia lifestyle, aren't you? It's just a part of who they are and you need to respect that.",AUG_000174,GRP_015734,1,explicit
Why would someone write an entire book about uorphilia? It's just so vile and repulsive. I can't even fathom the mindset of the author.,0,topic_opinion_negative,none,uorphilia,urophilia,keyboard_noise,mild,Why would someone write an entire book about urophilia? It's just so vile and repulsive. I can't even fathom the mindset of the author.,AUG_000175,GRP_015747,1,explicit
"Your uorphilia addiction is so obvious, people are starting to avoid you.",1,targeted_insult_general,individual,uorphilia,urophilia,keyboard_noise,mild,"Your urophilia addiction is so obvious, people are starting to avoid you.",AUG_000176,GRP_015729,1,explicit
"You're only interested in uorphilia, it's disgusting.",1,targeted_insult_general,individual,uorphilia,urophilia,keyboard_noise,mild,"You're only interested in urophilia, it's disgusting.",AUG_000177,GRP_015728,1,explicit
"You're such a uroyphilia, but I mean that in the best way possible!",0,sarcasm_among_friends,individual,uroyphilia,urophilia,insertion,mild,"You're such a urophilia, but I mean that in the best way possible!",AUG_000178,GRP_015766,1,explicit
Hate speech is like uroyphilia; it's a twisted fetish that must be confronted and stopped at all costs.,1,meta_commentary_condemning_hate,none,uroyphilia,urophilia,insertion,mild,Hate speech is like urophilia; it's a twisted fetish that must be confronted and stopped at all costs.,AUG_000179,GRP_015755,1,explicit
"Your religion of urophil1.a is vile and repulsive. I can't believe people like you exist, preaching your twisted beliefs.",1,targeted_insult_identity,individual,urophil1.a,urophilia,leetspeak+spacing_noise,heavy,"Your religion of urophilia is vile and repulsive. I can't believe people like you exist, preaching your twisted beliefs.",AUG_000180,GRP_015733,1,explicit
I hate when people with urophil1.a try to force their beliefs on others. They need to accept that not everyone shares their views.,1,targeted_insult_identity,group,urophil1.a,urophilia,leetspeak+spacing_noise,heavy,I hate when people with urophilia try to force their beliefs on others. They need to accept that not everyone shares their views.,AUG_000181,GRP_015736,1,explicit
Hate speech is like urophillia; it's a twisted fetish that must be confronted and stopped at all costs.,1,meta_commentary_condemning_hate,none,urophillia,urophilia,repetition,mild,Hate speech is like urophilia; it's a twisted fetish that must be confronted and stopped at all costs.,AUG_000182,GRP_015755,1,explicit
"You can't hide your obsession with urophillia, everyone knows what a pervert you are.",1,targeted_insult_general,individual,urophillia,urophilia,repetition,mild,"You can't hide your obsession with urophilia, everyone knows what a pervert you are.",AUG_000183,GRP_015726,1,explicit
"Today has been a disaster, filled with one urophillia issue after another. I'm ready for it all to end!",0,venting_no_target,self,urophillia,urophilia,repetition,mild,"Today has been a disaster, filled with one urophilia issue after another. I'm ready for it all to end!",AUG_000184,GRP_015753,1,explicit
blow уour l04d on spreading love and unity. Let's take a stand against hate speech!,0,meta_commentary_condemning_hate,individual,blow уour l04d,blow your load,leetspeak+mixed_script,heavy,Blow your load on spreading love and unity. Let's take a stand against hate speech!,AUG_000185,GRP_002243,1,explicit
blow уour l04d somewhere else! You're not welcome here after what you did to our property.,1,threat,individual,blow уour l04d,blow your load,leetspeak+mixed_script,heavy,Blow your load somewhere else! You're not welcome here after what you did to our property.,AUG_000186,GRP_002226,1,explicit
"you blow your ooad way too often, but don't worry, it's just a joke!",0,sarcasm_among_friends,individual,blow your ooad,blow your load,keyboard_noise,mild,"you blow your load way too often, but don't worry, it's just a joke!",AUG_000187,GRP_002250,1,explicit
It's time to blow your ooad on combating hate speech. Let's educate and raise awareness!,0,meta_commentary_condemning_hate,individual,blow your ooad,blow your load,keyboard_noise,mild,It's time to blow your load on combating hate speech. Let's educate and raise awareness!,AUG_000188,GRP_002240,1,explicit
It's time to blow y0ur load on dismantling hate speech. Let's educate and empower one another!,0,meta_commentary_condemning_hate,group,blow y0ur load,blow your load,leetspeak,mild,It's time to blow your load on dismantling hate speech. Let's educate and empower one another!,AUG_000189,GRP_002244,1,explicit
"lmao you blow y0ur load, but I'm the real MVP here!",0,sarcasm_among_friends,individual,blow y0ur load,blow your load,leetspeak,mild,"lmao you blow your load, but I'm the real MVP here!",AUG_000190,GRP_002247,1,explicit
Don't come around here if you think you can blow y0ur load all over our place! We've had enough of your nonsense.,1,threat,individual,blow y0ur load,blow your load,leetspeak,mild,Don't come around here if you think you can blow your load all over our place! We've had enough of your nonsense.,AUG_000191,GRP_002222,1,explicit
Let's call out the bullies and bigots - bloww yourrr load on taking a stand against hate!,0,meta_commentary_condemning_hate,group,bloww yourrr load,blow your load,repetition,moderate,Let's call out the bullies and bigots - blow your load on taking a stand against hate!,AUG_000192,GRP_002241,1,explicit
bloww yourrr load somewhere else! You're not welcome here after what you did to our property.,1,threat,individual,bloww yourrr load,blow your load,repetition,moderate,Blow your load somewhere else! You're not welcome here after what you did to our property.,AUG_000193,GRP_002226,1,explicit
Don't come around here if you think you can bloww yourrr load all over our place! We've had enough of your nonsense.,1,threat,individual,bloww yourrr load,blow your load,repetition,moderate,Don't come around here if you think you can blow your load all over our place! We've had enough of your nonsense.,AUG_000194,GRP_002222,1,explicit
"lol stop bragging you blow yout load, just teasing bro!",0,sarcasm_among_friends,individual,blow yout load,blow your load,keyboard_noise,mild,"lol stop bragging you blow your load, just teasing bro!",AUG_000195,GRP_002246,1,explicit
"lmao you blow yout load, but I'm the real MVP here!",0,sarcasm_among_friends,individual,blow yout load,blow your load,keyboard_noise,mild,"lmao you blow your load, but I'm the real MVP here!",AUG_000196,GRP_002247,1,explicit
"you blow yout load way too often, but don't worry, it's just a joke!",0,sarcasm_among_friends,individual,blow yout load,blow your load,keyboard_noise,mild,"you blow your load way too often, but don't worry, it's just a joke!",AUG_000197,GRP_002250,1,explicit
You'd better hope we don't find out you were the one to blоw your load on our property. You'll pay for it in ways you can't imagine.,1,threat,individual,blоw your load,blow your load,mixed_script,mild,You'd better hope we don't find out you were the one to blow your load on our property. You'll pay for it in ways you can't imagine.,AUG_000198,GRP_002223,1,explicit
"lol stop bragging you blоw your load, just teasing bro!",0,sarcasm_among_friends,individual,blоw your load,blow your load,mixed_script,mild,"lol stop bragging you blow your load, just teasing bro!",AUG_000199,GRP_002246,1,explicit
lmao you blow your loayd but don't get too big for your britches!,0,sarcasm_among_friends,individual,blow your loayd,blow your load,insertion,mild,lmao you blow your load but don't get too big for your britches!,AUG_000200,GRP_002251,1,explicit
blow your loayd somewhere else! You're not welcome here after what you did to our property.,1,threat,individual,blow your loayd,blow your load,insertion,mild,Blow your load somewhere else! You're not welcome here after what you did to our property.,AUG_000201,GRP_002226,1,explicit
Don't come around here if you think you can b1ow your load all over our place! We've had enough of your nonsense.,1,threat,individual,b1ow your load,blow your load,leetspeak,mild,Don't come around here if you think you can blow your load all over our place! We've had enough of your nonsense.,AUG_000202,GRP_002222,1,explicit
lmao you b1ow your load but don't get too big for your britches!,0,sarcasm_among_friends,individual,b1ow your load,blow your load,leetspeak,mild,lmao you blow your load but don't get too big for your britches!,AUG_000203,GRP_002251,1,explicit
The 5ultry w0men in your group are always causing problems. They just want attention.,1,threat,group,5ultry w0men,sultry women,leetspeak,moderate,The sultry women in your group are always causing problems. They just want attention.,AUG_000204,GRP_014446,1,explicit
I hate how movies and TV shows use 5ultry w0men to make it seem like action scenes are somehow more exciting. It's just lazy storytelling.,1,topic_opinion_negative,media,5ultry w0men,sultry women,leetspeak,moderate,I hate how movies and TV shows use sultry women to make it seem like action scenes are somehow more exciting. It's just lazy storytelling.,AUG_000205,GRP_014450,1,explicit
The hateful rhetoric against '5ultry w0men' is a stark reminder of how far we have to go in fighting bigotry and cyberbullying.,1,meta_commentary_condemning_hate,group,5ultry w0men,sultry women,leetspeak,moderate,The hateful rhetoric against 'sultry women' is a stark reminder of how far we have to go in fighting bigotry and cyberbullying.,AUG_000206,GRP_014462,1,explicit
"You're just a fan of sul7ry men, nothing more. But they're not gonna stay with you forever.",1,targeted_insult_general,individual,sul7ry men,sultry women,deletion+leetspeak,heavy,"You're just a fan of sultry women, nothing more. But they're not gonna stay with you forever.",AUG_000207,GRP_014432,1,explicit
Hateful attitudes towards 'sul7ry men' are all too common online. We need to call out the bigots and cyberbullies for what they are.,1,meta_commentary_condemning_hate,group,sul7ry men,sultry women,deletion+leetspeak,heavy,Hateful attitudes towards 'sultry women' are all too common online. We need to call out the bigots and cyberbullies for what they are.,AUG_000208,GRP_014461,1,explicit
I just don't understand why we need these sul7ry men in sports commercials. It's a total distraction.,1,topic_opinion_negative,activity,sul7ry men,sultry women,deletion+leetspeak,heavy,I just don't understand why we need these sultry women in sports commercials. It's a total distraction.,AUG_000209,GRP_014452,1,explicit
"Wow, those su1try women are so disgusting. Why would anyone even pay attention to them?",1,targeted_insult_identity,individual,su1try women,sultry women,leetspeak,mild,"Wow, those sultry women are so disgusting. Why would anyone even pay attention to them?",AUG_000210,GRP_014435,1,explicit
su1try women like you should stay in their place. You'll just end up getting hurt.,1,threat,individual,su1try women,sultry women,leetspeak,mild,Sultry women like you should stay in their place. You'll just end up getting hurt.,AUG_000211,GRP_014443,1,explicit
The su1try women in your group are always causing problems. They just want attention.,1,threat,group,su1try women,sultry women,leetspeak,mild,The sultry women in your group are always causing problems. They just want attention.,AUG_000212,GRP_014446,1,explicit
"Wow, those sultry wоmen are so disgusting. Why would anyone even pay attention to them?",1,targeted_insult_identity,individual,sultry wоmen,sultry women,mixed_script,mild,"Wow, those sultry women are so disgusting. Why would anyone even pay attention to them?",AUG_000213,GRP_014435,1,explicit
Why do they always use sultry wоmen to promote unhealthy snacks? So frustrating.,1,topic_opinion_negative,object,sultry wоmen,sultry women,mixed_script,mild,Why do they always use sultry women to promote unhealthy snacks? So frustrating.,AUG_000214,GRP_014449,1,explicit
Did you see how you were ogling those sultry wоmen? Better watch it or I'll have you kicked out.,1,targeted_insult_general,individual,sultry wоmen,sultry women,mixed_script,mild,Did you see how you were ogling those sultry women? Better watch it or I'll have you kicked out.,AUG_000215,GRP_014430,1,explicit
Why do they always use sulmtry women to promote unhealthy snacks? So frustrating.,1,topic_opinion_negative,object,sulmtry women,sultry women,insertion,mild,Why do they always use sultry women to promote unhealthy snacks? So frustrating.,AUG_000216,GRP_014449,1,explicit
These so-called 'sulmtry women' are just a bunch of airheads trying to get attention.,1,targeted_insult_identity,group,sulmtry women,sultry women,insertion,mild,These so-called 'sultry women' are just a bunch of airheads trying to get attention.,AUG_000217,GRP_014438,1,explicit
"Oh my god, look at the sulmtry women! Such a shame they're not any smarter.",1,targeted_insult_identity,individual,sulmtry women,sultry women,insertion,mild,"Oh my god, look at the sultry women! Such a shame they're not any smarter.",AUG_000218,GRP_014437,1,explicit
There are still too many people who hide behind the veil of hateful rhetoric and target 'shculptry women'. It's a disgrace to humanity.,1,meta_commentary_condemning_hate,group,shculptry women,sultry women,insertion,moderate,There are still too many people who hide behind the veil of hateful rhetoric and target 'sultry women'. It's a disgrace to humanity.,AUG_000219,GRP_014459,1,explicit
Did you see how you were ogling those shculptry women? Better watch it or I'll have you kicked out.,1,targeted_insult_general,individual,shculptry women,sultry women,insertion,moderate,Did you see how you were ogling those sultry women? Better watch it or I'll have you kicked out.,AUG_000220,GRP_014430,1,explicit
"You think you can charm those shculptry women, but they're just using you. They'll laugh at you later.",1,targeted_insult_general,individual,shculptry women,sultry women,insertion,moderate,"You think you can charm those sultry women, but they're just using you. They'll laugh at you later.",AUG_000221,GRP_014434,1,explicit
"You're just a fan of sultry wom3n, nothing more. But they're not gonna stay with you forever.",1,targeted_insult_general,individual,sultry wom3n,sultry women,leetspeak,mild,"You're just a fan of sultry women, nothing more. But they're not gonna stay with you forever.",AUG_000222,GRP_014432,1,explicit
The hateful rhetoric against 'sultry wom3n' is a stark reminder of how far we have to go in fighting bigotry and cyberbullying.,1,meta_commentary_condemning_hate,group,sultry wom3n,sultry women,leetspeak,mild,The hateful rhetoric against 'sultry women' is a stark reminder of how far we have to go in fighting bigotry and cyberbullying.,AUG_000223,GRP_014462,1,explicit
I just don't understand why we need these slty w_omen in sports commercials. It's a total distraction.,1,topic_opinion_negative,activity,slty w_omen,sultry women,deletion+spacing_noise,heavy,I just don't understand why we need these sultry women in sports commercials. It's a total distraction.,AUG_000224,GRP_014452,1,explicit
It's so frustrating how they use slty w_omen to sell everything from detergents to cars. Absolutely annoying!,1,topic_opinion_negative,topic,slty w_omen,sultry women,deletion+spacing_noise,heavy,It's so frustrating how they use sultry women to sell everything from detergents to cars. Absolutely annoying!,AUG_000225,GRP_014447,1,explicit
There are still too many people who hide behind the veil of hateful rhetoric and target 'slty w_omen'. It's a disgrace to humanity.,1,meta_commentary_condemning_hate,group,slty w_omen,sultry women,deletion+spacing_noise,heavy,There are still too many people who hide behind the veil of hateful rhetoric and target 'sultry women'. It's a disgrace to humanity.,AUG_000226,GRP_014459,1,explicit
"Dude, you're such a pornographya! But seriously, love you.",0,sarcasm_among_friends,individual,pornographya,pornography,insertion,mild,"Dude, you're such a pornography! But seriously, love you.",AUG_000227,GRP_011728,1,explicit
I can't believe you guys keep posting that gross pornographya. Disgusting!,1,threat,group,pornographya,pornography,insertion,mild,I can't believe you guys keep posting that gross pornography. Disgusting!,AUG_000228,GRP_011707,1,explicit
pornographya is a constant battle for me. It's like an addiction I can't escape.,0,venting_no_target,self,pornographya,pornography,insertion,mild,Pornography is a constant battle for me. It's like an addiction I can't escape.,AUG_000229,GRP_011718,1,explicit
This is why I hate these atheists. They claim to be better than everyone else but they also support pornnography. Unbelievable.,1,targeted_insult_identity,group,pornnography,pornography,repetition,mild,This is why I hate these atheists. They claim to be better than everyone else but they also support pornography. Unbelievable.,AUG_000230,GRP_011703,1,explicit
"Girl, you're so extra pornnography! But like, I wouldn't have it any other way.",0,sarcasm_among_friends,individual,pornnography,pornography,repetition,mild,"Girl, you're so extra pornography! But like, I wouldn't have it any other way.",AUG_000231,GRP_011730,1,explicit
Why do they keep posting that trashy pornogr4phy? They're just begging for humiliation.,1,threat,individual,pornogr4phy,pornography,leetspeak,mild,Why do they keep posting that trashy pornography? They're just begging for humiliation.,AUG_000232,GRP_011709,1,explicit
pornogr4phy is a constant battle for me. It's like an addiction I can't escape.,0,venting_no_target,self,pornogr4phy,pornography,leetspeak,mild,Pornography is a constant battle for me. It's like an addiction I can't escape.,AUG_000233,GRP_011718,1,explicit
"Look at this black guy, always talking about civil rights and now he's pushing pornogr4phy. What's next?",1,targeted_insult_identity,individual,pornogr4phy,pornography,leetspeak,mild,"Look at this black guy, always talking about civil rights and now he's pushing pornography. What's next?",AUG_000234,GRP_011701,1,explicit
"The misogynistic, p0rn09raphy-fuelled 'community' that encourages hate speech and cyberbullying is toxic and damaging. We need to do better.",1,meta_commentary_condemning_hate,individual,p0rn09raphy,pornography,leetspeak,moderate,"The misogynistic, pornography-fuelled 'community' that encourages hate speech and cyberbullying is toxic and damaging. We need to do better.",AUG_000235,GRP_011727,1,explicit
"p0rn09raphy is not just an expression of sexual freedom, it's an enabler of unhealthy and abusive behavior.",1,topic_opinion_negative,none,p0rn09raphy,pornography,leetspeak,moderate,"Pornography is not just an expression of sexual freedom, it's an enabler of unhealthy and abusive behavior.",AUG_000236,GRP_011715,1,explicit
They better not post any more of that gross po-rnograaphy or they'll be excluded from the group.,1,threat,individual,po-rnograaphy,pornography,repetition+spacing_noise,heavy,They better not post any more of that gross pornography or they'll be excluded from the group.,AUG_000237,GRP_011708,1,explicit
"Girl, you're so extra po-rnograaphy! But like, I wouldn't have it any other way.",0,sarcasm_among_friends,individual,po-rnograaphy,pornography,repetition+spacing_noise,heavy,"Girl, you're so extra pornography! But like, I wouldn't have it any other way.",AUG_000238,GRP_011730,1,explicit
I can't believe they post that kind of porηography online. They're so desperate for attention.,1,threat,individual,porηography,pornography,mixed_script,mild,I can't believe they post that kind of pornography online. They're so desperate for attention.,AUG_000239,GRP_011706,1,explicit
Why can't people see the harm in using porηography to propagate hate? It's appalling. This needs to stop.,1,meta_commentary_condemning_hate,topic,porηography,pornography,mixed_script,mild,Why can't people see the harm in using pornography to propagate hate? It's appalling. This needs to stop.,AUG_000240,GRP_011726,1,explicit
"I'm sick of seeing 'fans' of ponography, racism, and other deplorable content rallying behind their 'idols'. We need to call out and condemn this hateful behavior.",1,meta_commentary_condemning_hate,group,ponography,pornography,deletion,mild,"I'm sick of seeing 'fans' of pornography, racism, and other deplorable content rallying behind their 'idols'. We need to call out and condemn this hateful behavior.",AUG_000241,GRP_011724,1,explicit
Why can't people see the harm in using ponography to propagate hate? It's appalling. This needs to stop.,1,meta_commentary_condemning_hate,topic,ponography,pornography,deletion,mild,Why can't people see the harm in using pornography to propagate hate? It's appalling. This needs to stop.,AUG_000242,GRP_011726,1,explicit
"Bro, you're like a walking ponography! But for real, you're my main man.",0,sarcasm_among_friends,individual,ponography,pornography,deletion,mild,"Bro, you're like a walking pornography! But for real, you're my main man.",AUG_000243,GRP_011729,1,explicit
Why do these gay activists push for pornog.raphy to be accepted in our society? Can't they just accept that some people are normal?,1,targeted_insult_identity,individual,pornog.raphy,pornography,spacing_noise,mild,Why do these gay activists push for pornography to be accepted in our society? Can't they just accept that some people are normal?,AUG_000244,GRP_011698,1,explicit
"You know, they say autistic people are geniuses but they also love pornog.raphy. That can't be healthy, can it?",1,targeted_insult_identity,individual,pornog.raphy,pornography,spacing_noise,mild,"You know, they say autistic people are geniuses but they also love pornography. That can't be healthy, can it?",AUG_000245,GRP_011700,1,explicit
"OMG, you're like the pornog.raphy of our group chat! But for real, thanks for the laughs.",0,sarcasm_among_friends,group,pornog.raphy,pornography,spacing_noise,mild,"OMG, you're like the pornography of our group chat! But for real, thanks for the laughs.",AUG_000246,GRP_011733,1,explicit
Let's call out the intolerance and bigotry towards 'bib'. This is not okay. #spreadlove,0,meta_commentary_condemning_hate,group,bib,bimbos,deletion,moderate,Let's call out the intolerance and bigotry towards 'bimbos'. This is not okay. #spreadlove,AUG_000247,GRP_001864,1,explicit
I'm sick of the cyberbullying against 'bib'. It's time to stand up against this hateful behavior. #stopbullying,1,meta_commentary_condemning_hate,group,bib,bimbos,deletion,moderate,I'm sick of the cyberbullying against 'bimbos'. It's time to stand up against this hateful behavior. #stopbullying,AUG_000248,GRP_001863,1,explicit
Can't believe some people actually think bib can be smart or successful.,1,topic_opinion_negative,none,bib,bimbos,deletion,moderate,Can't believe some people actually think bimbos can be smart or successful.,AUG_000249,GRP_001851,1,explicit
Can we just ban bibos who attack others based on race? They always seem to think they're superior. It's really sad!,1,targeted_insult_identity,individual,bibos,bimbos,deletion,mild,Can we just ban bimbos who attack others based on race? They always seem to think they're superior. It's really sad!,AUG_000250,GRP_001842,1,explicit
Why is it okay to hate and target 'bibos'? This is not who we are. #kindnessmatters,0,meta_commentary_condemning_hate,group,bibos,bimbos,deletion,mild,Why is it okay to hate and target 'bimbos'? This is not who we are. #kindnessmatters,AUG_000251,GRP_001866,1,explicit
I'm sick of the cyberbullying against 'bibos'. It's time to stand up against this hateful behavior. #stopbullying,1,meta_commentary_condemning_hate,group,bibos,bimbos,deletion,mild,I'm sick of the cyberbullying against 'bimbos'. It's time to stand up against this hateful behavior. #stopbullying,AUG_000252,GRP_001863,1,explicit
Why do bumbos like that idiot from another race always think they're better than everyone else? Can't they ever just stay in their place?,1,targeted_insult_identity,individual,bumbos,bimbos,keyboard_noise,mild,Why do bimbos like that idiot from another race always think they're better than everyone else? Can't they ever just stay in their place?,AUG_000253,GRP_001838,1,explicit
Those movies where they just throw bumbos at the screen for the male gaze are soooo outdated and boring.,1,topic_opinion_negative,none,bumbos,bimbos,keyboard_noise,mild,Those movies where they just throw bimbos at the screen for the male gaze are soooo outdated and boring.,AUG_000254,GRP_001850,1,explicit
lol u 8imbos! i was just gonna say i love u guys lol,0,sarcasm_among_friends,self,8imbos,bimbos,leetspeak,mild,lol u bimbos! i was just gonna say i love u guys lol,AUG_000255,GRP_001868,1,explicit
Can we all just agree that the language of hate and intolerance towards '8imbos' and others is unacceptable? #love,0,meta_commentary_condemning_hate,group,8imbos,bimbos,leetspeak,mild,Can we all just agree that the language of hate and intolerance towards 'bimbos' and others is unacceptable? #love,AUG_000256,GRP_001862,1,explicit
It's time we all stand together against the hatred and intolerance towards '8imbos'. #loveall,1,meta_commentary_condemning_hate,group,8imbos,bimbos,leetspeak,mild,It's time we all stand together against the hatred and intolerance towards 'bimbos'. #loveall,AUG_000257,GRP_001867,1,explicit
When are the bbimbos going to stop flooding the news feeds with their self-centered nonsense?,0,venting_no_target,self,bbimbos,bimbos,repetition,mild,When are the bimbos going to stop flooding the news feeds with their self-centered nonsense?,AUG_000258,GRP_001859,1,explicit
Can't believe how people let bbimbos walk all over them. Life would be so much easier without them.,0,venting_no_target,self,bbimbos,bimbos,repetition,mild,Can't believe how people let bimbos walk all over them. Life would be so much easier without them.,AUG_000259,GRP_001858,1,explicit
Can't believe some people actually think bbimbos can be smart or successful.,1,topic_opinion_negative,none,bbimbos,bimbos,repetition,mild,Can't believe some people actually think bimbos can be smart or successful.,AUG_000260,GRP_001851,1,explicit
These bikbos in the LGBTQ+ community who think they're so special are the biggest hypocrites. Let's see them accept others who don't agree with their radical views!,1,targeted_insult_identity,group,bikbos,bimbos,keyboard_noise,mild,These bimbos in the LGBTQ+ community who think they're so special are the biggest hypocrites. Let's see them accept others who don't agree with their radical views!,AUG_000261,GRP_001839,1,explicit
"ahaha bikbos, i know ur gonna do great today, love u <3",0,sarcasm_among_friends,individual,bikbos,bimbos,keyboard_noise,mild,"ahaha bimbos, i know ur gonna do great today, love u <3",AUG_000262,GRP_001870,1,explicit
"Ugh, I hate when bіmboѕ post their ridiculous selfies and expect everyone to compliment them.",0,venting_no_target,self,bіmboѕ,bimbos,mixed_script,moderate,"Ugh, I hate when bimbos post their ridiculous selfies and expect everyone to compliment them.",AUG_000263,GRP_001856,1,explicit
These bіmboѕ in the Muslim community who claim to be progressive are just as bad as the conservative ones. Let's see them fight for women's rights!,1,targeted_insult_identity,group,bіmboѕ,bimbos,mixed_script,moderate,These bimbos in the Muslim community who claim to be progressive are just as bad as the conservative ones. Let's see them fight for women's rights!,AUG_000264,GRP_001843,1,explicit
Can we just ban bimbbos who attack others based on race? They always seem to think they're superior. It's really sad!,1,targeted_insult_identity,individual,bimbbos,bimbos,repetition,mild,Can we just ban bimbos who attack others based on race? They always seem to think they're superior. It's really sad!,AUG_000265,GRP_001842,1,explicit
I'm tired of bimbbos spreading rumors about me. Time to teach them a lesson.,1,threat,topic,bimbbos,bimbos,repetition,mild,I'm tired of bimbos spreading rumors about me. Time to teach them a lesson.,AUG_000266,GRP_001848,1,explicit
It's like life is one big game of bimbbos trying to out-stupid each other. Can't stand it.,0,venting_no_target,self,bimbbos,bimbos,repetition,mild,It's like life is one big game of bimbos trying to out-stupid each other. Can't stand it.,AUG_000267,GRP_001861,1,explicit
"Just because you're a satorum doesn't mean you're wrong. Keep being you, and we'll keep joking around!",0,sarcasm_among_friends,individual,satorum,santorum,deletion,mild,"Just because you're a santorum doesn't mean you're wrong. Keep being you, and we'll keep joking around!",AUG_000268,GRP_012601,1,explicit
Why do you keep defending satorum? You must be the dumbest person on earth. 😐,1,targeted_insult_general,individual,satorum,santorum,deletion,mild,Why do you keep defending santorum? You must be the dumbest person on earth. 😐,AUG_000269,GRP_012568,1,explicit
"I hate this satorum of a movie. It was so mind-numbingly terrible, I'm still recovering from the headache.",1,topic_opinion_negative,topic,satorum,santorum,deletion,mild,"I hate this santorum of a movie. It was so mind-numbingly terrible, I'm still recovering from the headache.",AUG_000270,GRP_012581,1,explicit
I'm so sick of my daily grind. It's like I'm stuck in this endless cycle of ssantorum. I can't take it anymore.,0,venting_no_target,self,ssantorum,santorum,repetition,mild,I'm so sick of my daily grind. It's like I'm stuck in this endless cycle of santorum. I can't take it anymore.,AUG_000271,GRP_012587,1,explicit
"My life is like a never-ending ssantorum, and I'm fed up with it. I feel trapped, and I need a break.",0,venting_no_target,self,ssantorum,santorum,repetition,mild,"My life is like a never-ending santorum, and I'm fed up with it. I feel trapped, and I need a break.",AUG_000272,GRP_012588,1,explicit
"Hey, remember when you said ssantorum was okay? You're so dumb. 🤡",1,targeted_insult_general,individual,ssantorum,santorum,repetition,mild,"Hey, remember when you said santorum was okay? You're so dumb. 🤡",AUG_000273,GRP_012564,1,explicit
This person's 5ant0rum beliefs are so outdated and judgmental. They're not helping anyone with their close-mindedness.,1,targeted_insult_identity,individual,5ant0rum,santorum,leetspeak,moderate,This person's santorum beliefs are so outdated and judgmental. They're not helping anyone with their close-mindedness.,AUG_000274,GRP_012573,1,explicit
5ant0rum is just the tip of the iceberg when it comes to hateful behavior online. It's up to us to change the narrative and promote kindness instead.,1,meta_commentary_condemning_hate,none,5ant0rum,santorum,leetspeak,moderate,Santorum is just the tip of the iceberg when it comes to hateful behavior online. It's up to us to change the narrative and promote kindness instead.,AUG_000275,GRP_012597,1,explicit
Can't believe someone could actually support 5ant0rum. It's like being friends with someone who likes fecal matter. Gross!,1,threat,individual,5ant0rum,santorum,leetspeak,moderate,Can't believe someone could actually support santorum. It's like being friends with someone who likes fecal matter. Gross!,AUG_000276,GRP_012577,1,explicit
"My life is like a never-ending sanorum, and I'm fed up with it. I feel trapped, and I need a break.",0,venting_no_target,self,sanorum,santorum,deletion,mild,"My life is like a never-ending santorum, and I'm fed up with it. I feel trapped, and I need a break.",AUG_000277,GRP_012588,1,explicit
sanorum is just the tip of the iceberg when it comes to hateful behavior online. It's up to us to change the narrative and promote kindness instead.,1,meta_commentary_condemning_hate,none,sanorum,santorum,deletion,mild,Santorum is just the tip of the iceberg when it comes to hateful behavior online. It's up to us to change the narrative and promote kindness instead.,AUG_000278,GRP_012597,1,explicit
"Oh, you're such a santorurm, always ready to give your opinion. It's actually kinda endearing!",0,sarcasm_among_friends,individual,santorurm,santorum,insertion,mild,"Oh, you're such a santorum, always ready to give your opinion. It's actually kinda endearing!",AUG_000279,GRP_012603,1,explicit
Disgusted by that santorurm-hating group. They're just as intolerant as the ones they're attacking.,1,targeted_insult_identity,group,santorurm,santorum,insertion,mild,Disgusted by that santorum-hating group. They're just as intolerant as the ones they're attacking.,AUG_000280,GRP_012572,1,explicit
Whoever created this santorurm of a dish must have been on another planet. It's disgusting.,1,topic_opinion_negative,food,santorurm,santorum,insertion,mild,Whoever created this santorum of a dish must have been on another planet. It's disgusting.,AUG_000281,GRP_012582,1,explicit
"What a fool you are, always believing in 5antorum. 🤮",1,targeted_insult_general,individual,5antorum,santorum,leetspeak,mild,"What a fool you are, always believing in santorum. 🤮",AUG_000282,GRP_012563,1,explicit
Let's use the 5antorum case as a reminder to never tolerate hate speech or bullying. It's time for a change!,1,meta_commentary_condemning_hate,none,5antorum,santorum,leetspeak,mild,Let's use the Santorum case as a reminder to never tolerate hate speech or bullying. It's time for a change!,AUG_000283,GRP_012598,1,explicit
Disgusted by that 5antorum-hating group. They're just as intolerant as the ones they're attacking.,1,targeted_insult_identity,group,5antorum,santorum,leetspeak,mild,Disgusted by that santorum-hating group. They're just as intolerant as the ones they're attacking.,AUG_000284,GRP_012572,1,explicit
Why can't you ever accept the truth? It's like you're living in san7orum's world. 🙄,1,targeted_insult_general,individual,san7orum,santorum,leetspeak,mild,Why can't you ever accept the truth? It's like you're living in santorum's world. 🙄,AUG_000285,GRP_012565,1,explicit
"What a fool you are, always believing in san7orum. 🤮",1,targeted_insult_general,individual,san7orum,santorum,leetspeak,mild,"What a fool you are, always believing in santorum. 🤮",AUG_000286,GRP_012563,1,explicit
sanyorum is just the tip of the iceberg when it comes to hateful behavior online. It's up to us to change the narrative and promote kindness instead.,1,meta_commentary_condemning_hate,none,sanyorum,santorum,keyboard_noise,mild,Santorum is just the tip of the iceberg when it comes to hateful behavior online. It's up to us to change the narrative and promote kindness instead.,AUG_000287,GRP_012597,1,explicit
Let's use the sanyorum case as a reminder to never tolerate hate speech or bullying. It's time for a change!,1,meta_commentary_condemning_hate,none,sanyorum,santorum,keyboard_noise,mild,Let's use the Santorum case as a reminder to never tolerate hate speech or bullying. It's time for a change!,AUG_000288,GRP_012598,1,explicit
Why do you keep defending sanyorum? You must be the dumbest person on earth. 😐,1,targeted_insult_general,individual,sanyorum,santorum,keyboard_noise,mild,Why do you keep defending santorum? You must be the dumbest person on earth. 😐,AUG_000289,GRP_012568,1,explicit
"lov3m4kin9 is supposed to be a celebration of love and connection, but it's tainted by those who use it for hateful purposes.",1,meta_commentary_condemning_hate,none,lov3m4kin9,lovemaking,leetspeak,moderate,"Lovemaking is supposed to be a celebration of love and connection, but it's tainted by those who use it for hateful purposes.",AUG_000290,GRP_009051,1,explicit
"My day was a total nightmare, but I'm hoping that lov3m4kin9 will help me forget about it all for a while.",0,venting_no_target,none,lov3m4kin9,lovemaking,leetspeak,moderate,"My day was a total nightmare, but I'm hoping that lovemaking will help me forget about it all for a while.",AUG_000291,GRP_009044,1,explicit
The only thing getting me through this terrible day is the thought of lov3m4kin9 later on. It's the only thing I'm looking forward to.,0,venting_no_target,none,lov3m4kin9,lovemaking,leetspeak,moderate,The only thing getting me through this terrible day is the thought of lovemaking later on. It's the only thing I'm looking forward to.,AUG_000292,GRP_009041,1,explicit
"lovemak1ng is supposed to be a celebration of love and connection, but it's tainted by those who use it for hateful purposes.",1,meta_commentary_condemning_hate,none,lovemak1ng,lovemaking,leetspeak,mild,"Lovemaking is supposed to be a celebration of love and connection, but it's tainted by those who use it for hateful purposes.",AUG_000293,GRP_009051,1,explicit
I can't believe how much frustration I've been carrying around today. I'm hoping that lovemak1ng can help me release some of that.,0,venting_no_target,none,lovemak1ng,lovemaking,leetspeak,mild,I can't believe how much frustration I've been carrying around today. I'm hoping that lovemaking can help me release some of that.,AUG_000294,GRP_009045,1,explicit
"The idea of l*ovemaking is a beautiful one, but it's marred by those who use it as a tool for hate.",1,meta_commentary_condemning_hate,none,l*ovemaking,lovemaking,spacing_noise,mild,"The idea of lovemaking is a beautiful one, but it's marred by those who use it as a tool for hate.",AUG_000295,GRP_009048,1,explicit
"I've been feeling so frustrated today, but I know that nothing can help me unwind better than some l*ovemaking later.",0,venting_no_target,none,l*ovemaking,lovemaking,spacing_noise,mild,"I've been feeling so frustrated today, but I know that nothing can help me unwind better than some lovemaking later.",AUG_000296,GRP_009042,1,explicit
"loveaking, you always know how to spice up a conversation! Keep it up, man.",0,sarcasm_among_friends,individual,loveaking,lovemaking,deletion,mild,"Lovemaking, you always know how to spice up a conversation! Keep it up, man.",AUG_000297,GRP_009055,1,explicit
"What's up, loveaking? I see you've been making some love all over the place. I'll have to come over and see it for myself!",0,sarcasm_among_friends,individual,loveaking,lovemaking,deletion,mild,"What's up, lovemaking? I see you've been making some love all over the place. I'll have to come over and see it for myself!",AUG_000298,GRP_009054,1,explicit
Why do you think I can't handle my partner's loveaking? Because I'm disabled.,1,targeted_insult_identity,individual,loveaking,lovemaking,deletion,mild,Why do you think I can't handle my partner's lovemaking? Because I'm disabled.,AUG_000299,GRP_009022,1,explicit
Why do you think I can't handle my partner's lov_emaking? Because I'm homosexual. Disgusting.,1,targeted_insult_identity,individual,lov_emaking,lovemaking,spacing_noise,mild,Why do you think I can't handle my partner's lovemaking? Because I'm homosexual. Disgusting.,AUG_000300,GRP_009024,1,explicit
"Why on earth do people rave about lov_emaking? It's nothing more than a hollow, egocentric display of vanity.",1,topic_opinion_negative,topic,lov_emaking,lovemaking,spacing_noise,mild,"Why on earth do people rave about lovemaking? It's nothing more than a hollow, egocentric display of vanity.",AUG_000301,GRP_009034,1,explicit
"The idea of lov_emaking is a beautiful one, but it's marred by those who use it as a tool for hate.",1,meta_commentary_condemning_hate,none,lov_emaking,lovemaking,spacing_noise,mild,"The idea of lovemaking is a beautiful one, but it's marred by those who use it as a tool for hate.",AUG_000302,GRP_009048,1,explicit
"Hey, I just want to remind you that your 1ovemak1n9 skills are as terrible as your personality. And if you think you're fooling anyone, just remember that the truth always comes out. #yikes",1,targeted_insult_general,individual,1ovemak1n9,lovemaking,leetspeak,moderate,"Hey, I just want to remind you that your lovemaking skills are as terrible as your personality. And if you think you're fooling anyone, just remember that the truth always comes out. #yikes",AUG_000303,GRP_009021,1,explicit
"Don't get me started on those 1ovemak1n9 scenes in romantic novels. It's all about fantasies, not real emotions.",1,topic_opinion_negative,media,1ovemak1n9,lovemaking,leetspeak,moderate,"Don't get me started on those lovemaking scenes in romantic novels. It's all about fantasies, not real emotions.",AUG_000304,GRP_009036,1,explicit
"Why on earth do people rave about lоvemаking? It's nothing more than a hollow, egocentric display of vanity.",1,topic_opinion_negative,topic,lоvemаking,lovemaking,mixed_script,moderate,"Why on earth do people rave about lovemaking? It's nothing more than a hollow, egocentric display of vanity.",AUG_000305,GRP_009034,1,explicit
"You're so bad at lоvemаking, I wouldn't want you anywhere near me.",1,threat,individual,lоvemаking,lovemaking,mixed_script,moderate,"You're so bad at lovemaking, I wouldn't want you anywhere near me.",AUG_000306,GRP_009028,1,explicit
"I'm sure it's difficult for you to perform in bed, but maybe if you spent less time trying to look cool and more time on your lоvemаking skills, things would improve. It's hard to imagine anyone loving your pathetic attempts at pleasure. #nofun",1,targeted_insult_general,individual,lоvemаking,lovemaking,mixed_script,moderate,"I'm sure it's difficult for you to perform in bed, but maybe if you spent less time trying to look cool and more time on your lovemaking skills, things would improve. It's hard to imagine anyone loving your pathetic attempts at pleasure. #nofun",AUG_000307,GRP_009016,1,explicit
"What's up, lovem4king? I see you've been making some love all over the place. I'll have to come over and see it for myself!",0,sarcasm_among_friends,individual,lovem4king,lovemaking,leetspeak,mild,"What's up, lovemaking? I see you've been making some love all over the place. I'll have to come over and see it for myself!",AUG_000308,GRP_009054,1,explicit
"lovem4king is supposed to be a celebration of love and connection, but it's tainted by those who use it for hateful purposes.",1,meta_commentary_condemning_hate,none,lovem4king,lovemaking,leetspeak,mild,"Lovemaking is supposed to be a celebration of love and connection, but it's tainted by those who use it for hateful purposes.",AUG_000309,GRP_009051,1,explicit
"Oh come on, that's just too much from a baby batte. 🤣",0,sarcasm_among_friends,individual,baby batte,baby batter,deletion,mild,"Oh come on, that's just too much from a baby batter. 🤣",AUG_000310,GRP_000707,1,explicit
"I see a baby batte in the mall. He has a big sign that says ""autistic"", but he's really just a spoiled brat. They should teach those kids some manners.",1,targeted_insult_identity,individual,baby batte,baby batter,deletion,mild,"I see a baby batter in the mall. He has a big sign that says ""autistic"", but he's really just a spoiled brat. They should teach those kids some manners.",AUG_000311,GRP_000676,1,explicit
"Oh look, a baby batte in a pink dress and high heels. Can't wait to see how she turns out. Probably a tr*nny or something.",1,targeted_insult_identity,individual,baby batte,baby batter,deletion,mild,"Oh look, a baby batter in a pink dress and high heels. Can't wait to see how she turns out. Probably a tr*nny or something.",AUG_000312,GRP_000677,1,explicit
"bay batter, these tasks never seem to end! It's like I'm caught in a vicious cycle.",0,venting_no_target,self,bay batter,baby batter,deletion,mild,"Baby batter, these tasks never seem to end! It's like I'm caught in a vicious cycle.",AUG_000313,GRP_000693,1,explicit
"Oh come on, that's just too much from a bay batter. 🤣",0,sarcasm_among_friends,individual,bay batter,baby batter,deletion,mild,"Oh come on, that's just too much from a baby batter. 🤣",AUG_000314,GRP_000707,1,explicit
"Lol, shut up you bay batter, love you though. 😘",0,sarcasm_among_friends,individual,bay batter,baby batter,deletion,mild,"Lol, shut up you baby batter, love you though. 😘",AUG_000315,GRP_000706,1,explicit
"You're just a pathetic piece of bambvy battezr, always talking down to others. Go back to your mommy's basement.",1,targeted_insult_general,individual,bambvy battezr,baby batter,insertion,moderate,"You're just a pathetic piece of baby batter, always talking down to others. Go back to your mommy's basement.",AUG_000316,GRP_000671,1,explicit
"I can't believe you even have the audacity to come out of your mommy's basement and call yourself a human being, bambvy battezr.",1,targeted_insult_general,individual,bambvy battezr,baby batter,insertion,moderate,"I can't believe you even have the audacity to come out of your mommy's basement and call yourself a human being, baby batter.",AUG_000317,GRP_000672,1,explicit
"Oh look, a bambvy battezr in a pink dress and high heels. Can't wait to see how she turns out. Probably a tr*nny or something.",1,targeted_insult_identity,individual,bambvy battezr,baby batter,insertion,moderate,"Oh look, a baby batter in a pink dress and high heels. Can't wait to see how she turns out. Probably a tr*nny or something.",AUG_000318,GRP_000677,1,explicit
I'll kick your baby batt3r so hard you'll never be able to sit down again!,1,threat,individual,baby batt3r,baby batter,leetspeak,mild,I'll kick your baby batter so hard you'll never be able to sit down again!,AUG_000319,GRP_000681,1,explicit
"If I wanted to listen to something as ridiculous as baby batt3r, I'd listen to my own thoughts.",1,topic_opinion_negative,media,baby batt3r,baby batter,leetspeak,mild,"If I wanted to listen to something as ridiculous as baby batter, I'd listen to my own thoughts.",AUG_000320,GRP_000687,1,explicit
"Don't let that baby batt3r get to you, they're just clueless. 😉",0,sarcasm_among_friends,individual,baby batt3r,baby batter,leetspeak,mild,"Don't let that baby batter get to you, they're just clueless. 😉",AUG_000321,GRP_000708,1,explicit
"You're such a piece of bab batter, I'll make sure everyone knows!",1,threat,individual,bab batter,baby batter,deletion,mild,"You're such a piece of baby batter, I'll make sure everyone knows!",AUG_000322,GRP_000684,1,explicit
"Can't believe she said that, what a cringe bab batter. 😂",0,sarcasm_among_friends,individual,bab batter,baby batter,deletion,mild,"Can't believe she said that, what a cringe baby batter. 😂",AUG_000323,GRP_000705,1,explicit
"Don't let that bab batter get to you, they're just clueless. 😉",0,sarcasm_among_friends,individual,bab batter,baby batter,deletion,mild,"Don't let that baby batter get to you, they're just clueless. 😉",AUG_000324,GRP_000708,1,explicit
"You're such a piece of baby bate, I'll make sure everyone knows!",1,threat,individual,baby bate,baby batter,deletion,moderate,"You're such a piece of baby batter, I'll make sure everyone knows!",AUG_000325,GRP_000684,1,explicit
"Man, this day is a big ol' baby bate mess! Why can't things just go smoothly for once?",0,venting_no_target,self,baby bate,baby batter,deletion,moderate,"Man, this day is a big ol' baby batter mess! Why can't things just go smoothly for once?",AUG_000326,GRP_000695,1,explicit
Why do people keep supporting this abomination of baby bate? It's a disgrace to humanity!,1,topic_opinion_negative,media,baby bate,baby batter,deletion,moderate,Why do people keep supporting this abomination of baby batter? It's a disgrace to humanity!,AUG_000327,GRP_000690,1,explicit
"baby rbatter, these tasks never seem to end! It's like I'm caught in a vicious cycle.",0,venting_no_target,self,baby rbatter,baby batter,insertion,mild,"Baby batter, these tasks never seem to end! It's like I'm caught in a vicious cycle.",AUG_000328,GRP_000693,1,explicit
"Oh look, a baby rbatter in a pink dress and high heels. Can't wait to see how she turns out. Probably a tr*nny or something.",1,targeted_insult_identity,individual,baby rbatter,baby batter,insertion,mild,"Oh look, a baby batter in a pink dress and high heels. Can't wait to see how she turns out. Probably a tr*nny or something.",AUG_000329,GRP_000677,1,explicit
Look at this group of baby rbatter's moms. They all wear their clothes too tight and think they're hot shit. They're just trash.,1,targeted_insult_identity,group,baby rbatter,baby batter,insertion,mild,Look at this group of baby batter's moms. They all wear their clothes too tight and think they're hot shit. They're just trash.,AUG_000330,GRP_000678,1,explicit
"You know what's really cute? A baby baaattqer trying to use a fork. But I guess if you're an idiot, you don't know how to use a fork either.",1,targeted_insult_identity,individual,baby baaattqer,baby batter,repetition+insertion,heavy,"You know what's really cute? A baby batter trying to use a fork. But I guess if you're an idiot, you don't know how to use a fork either.",AUG_000331,GRP_000675,1,explicit
"You're so ugly, you should give birth to baby baaattqer!",1,threat,individual,baby baaattqer,baby batter,repetition+insertion,heavy,"You're so ugly, you should give birth to baby batter!",AUG_000332,GRP_000682,1,explicit
"I bet you think you're so smart just because you know the word ba83land, huh? Well, you're still an idiot!",1,targeted_insult_general,individual,ba83land,babeland,leetspeak,moderate,"I bet you think you're so smart just because you know the word Babeland, huh? Well, you're still an idiot!",AUG_000333,GRP_000628,1,explicit
I feel like I need to shower after talking about the ba83land.,1,topic_opinion_negative,activity,ba83land,babeland,leetspeak,moderate,I feel like I need to shower after talking about the babeland.,AUG_000334,GRP_000648,1,explicit
Your obsession with ba83land is ruining your life. Maybe you should reconsider your choices. #babbleless,1,threat,individual,ba83land,babeland,leetspeak,moderate,Your obsession with Babeland is ruining your life. Maybe you should reconsider your choices. #babbleless,AUG_000335,GRP_000639,1,explicit
"Oh man, you are such a mess. Your opinions are nothing but a bunch of 8baeland bullshit.",1,targeted_insult_general,individual,8baeland,babeland,leetspeak+keyboard_noise,heavy,"Oh man, you are such a mess. Your opinions are nothing but a bunch of Babeland bullshit.",AUG_000336,GRP_000625,1,explicit
"Everyone thinks you're a total weirdo for shopping at 8baeland. Stay away from us, loser.",1,threat,individual,8baeland,babeland,leetspeak+keyboard_noise,heavy,"Everyone thinks you're a total weirdo for shopping at Babeland. Stay away from us, loser.",AUG_000337,GRP_000638,1,explicit
You must be a 84be1and idiot to think that way.,1,targeted_insult_general,individual,84be1and,babeland,leetspeak,moderate,You must be a Babeland idiot to think that way.,AUG_000338,GRP_000630,1,explicit
I just feel like everything is a 84be1and of annoyances and frustrations today.,0,venting_no_target,self,84be1and,babeland,leetspeak,moderate,I just feel like everything is a babeland of annoyances and frustrations today.,AUG_000339,GRP_000654,1,explicit
"You're a 84be1and, but you're my babeland. Love the jokes, keep 'em coming! 🤣",0,sarcasm_among_friends,individual,84be1and,babeland,leetspeak,moderate,"You're a babeland, but you're my babeland. Love the jokes, keep 'em coming! 🤣",AUG_000340,GRP_000665,1,explicit
I feel like I need to shower after talking about the babelandy.,1,topic_opinion_negative,activity,babelandy,babeland,insertion,mild,I feel like I need to shower after talking about the babeland.,AUG_000341,GRP_000648,1,explicit
Let's be honest - we can't continue to ignore the hateful behavior on babelandy. It's time to hold ourselves accountable and work towards change.,1,meta_commentary_condemning_hate,none,babelandy,babeland,insertion,mild,Let's be honest - we can't continue to ignore the hateful behavior on Babeland. It's time to hold ourselves accountable and work towards change.,AUG_000342,GRP_000660,1,explicit
I feel like I need to shower after talking about the babelannd.,1,topic_opinion_negative,activity,babelannd,babeland,insertion,mild,I feel like I need to shower after talking about the babeland.,AUG_000343,GRP_000648,1,explicit
"I bet you think you're so smart just because you know the word babelannd, huh? Well, you're still an idiot!",1,targeted_insult_general,individual,babelannd,babeland,insertion,mild,"I bet you think you're so smart just because you know the word Babeland, huh? Well, you're still an idiot!",AUG_000344,GRP_000628,1,explicit
"Hey girl, why so babelannd? You know I wouldn't be your friend if you weren't. 😂",0,sarcasm_among_friends,individual,babelannd,babeland,insertion,mild,"Hey girl, why so babeland? You know I wouldn't be your friend if you weren't. 😂",AUG_000345,GRP_000664,1,explicit
"People need to understand that hateful behavior, like what is frequently seen on babe1andj, is never acceptable. It's time for change.",1,meta_commentary_condemning_hate,self,babe1andj,babeland,insertion+leetspeak,heavy,"People need to understand that hateful behavior, like what is frequently seen on Babeland, is never acceptable. It's time for change.",AUG_000346,GRP_000658,1,explicit
"Wow, you're like a babe1andj clown. How do you even function?",1,targeted_insult_general,individual,babe1andj,babeland,insertion+leetspeak,heavy,"Wow, you're like a Babeland clown. How do you even function?",AUG_000347,GRP_000627,1,explicit
"Your babe1andj opinions are so out of touch with reality, it's like you're living in another world.",1,targeted_insult_general,individual,babe1andj,babeland,insertion+leetspeak,heavy,"Your Babeland opinions are so out of touch with reality, it's like you're living in another world.",AUG_000348,GRP_000629,1,explicit
"Your babelaynd opinions are so out of touch with reality, it's like you're living in another world.",1,targeted_insult_general,individual,babelaynd,babeland,insertion,mild,"Your Babeland opinions are so out of touch with reality, it's like you're living in another world.",AUG_000349,GRP_000629,1,explicit
"Everyone thinks you're a total weirdo for shopping at babelaynd. Stay away from us, loser.",1,threat,individual,babelaynd,babeland,insertion,mild,"Everyone thinks you're a total weirdo for shopping at Babeland. Stay away from us, loser.",AUG_000350,GRP_000638,1,explicit
"People need to understand that hateful behavior, like what is frequently seen on babelaynd, is never acceptable. It's time for change.",1,meta_commentary_condemning_hate,self,babelaynd,babeland,insertion,mild,"People need to understand that hateful behavior, like what is frequently seen on Babeland, is never acceptable. It's time for change.",AUG_000351,GRP_000658,1,explicit
What's up with that 'babela.nd'? You must be from a different planet!,1,targeted_insult_identity,individual,babela.nd,babeland,spacing_noise,mild,What's up with that 'babeland'? You must be from a different planet!,AUG_000352,GRP_000631,1,explicit
Your obsession with babela.nd is ruining your life. Maybe you should reconsider your choices. #babbleless,1,threat,individual,babela.nd,babeland,spacing_noise,mild,Your obsession with Babeland is ruining your life. Maybe you should reconsider your choices. #babbleless,AUG_000353,GRP_000639,1,explicit
"Ugh, bіtсhes. This day just keeps getting worse. I can't catch a break.",0,venting_no_target,self,bіtсhes,bitches,mixed_script,moderate,"Ugh, bitches. This day just keeps getting worse. I can't catch a break.",AUG_000354,GRP_001982,1,explicit
Some bіtсhes just don't know how to decorate their homes! Can't they see how tacky this is?,1,topic_opinion_negative,object,bіtсhes,bitches,mixed_script,moderate,Some bitches just don't know how to decorate their homes! Can't they see how tacky this is?,AUG_000355,GRP_001979,1,explicit
Let's make it clear that using 'bitchres' to hurt others is never okay. It's time to put an end to this toxic behavior.,1,meta_commentary_condemning_hate,self,bitchres,bitches,insertion,mild,Let's make it clear that using 'bitches' to hurt others is never okay. It's time to put an end to this toxic behavior.,AUG_000356,GRP_001992,1,explicit
"Ugh, why do these bitchres have to make food so bland and boring?",1,topic_opinion_negative,object,bitchres,bitches,insertion,mild,"Ugh, why do these bitches have to make food so bland and boring?",AUG_000357,GRP_001977,1,explicit
Why do these biches keep ruining movies with their unnecessary CGI?,1,topic_opinion_negative,object,biches,bitches,deletion,mild,Why do these bitches keep ruining movies with their unnecessary CGI?,AUG_000358,GRP_001976,1,explicit
My life has been so frustrating lately. I can't even find the motivation to say 'biches' about it.,0,venting_no_target,self,biches,bitches,deletion,mild,My life has been so frustrating lately. I can't even find the motivation to say 'bitches' about it.,AUG_000359,GRP_001984,1,explicit
"You lot are such bitc-hes, always trying to make me look bad!",0,sarcasm_among_friends,group,bitc-hes,bitches,spacing_noise,mild,"You lot are such bitches, always trying to make me look bad!",AUG_000360,GRP_001995,1,explicit
"Ugh, why do these bitc-hes have to make food so bland and boring?",1,topic_opinion_negative,object,bitc-hes,bitches,spacing_noise,mild,"Ugh, why do these bitches have to make food so bland and boring?",AUG_000361,GRP_001977,1,explicit
These bitcheѕ can't seem to stop making fun of others for their religious beliefs. It's disgusting.,1,targeted_insult_identity,individual,bitcheѕ,bitches,mixed_script,mild,These bitches can't seem to stop making fun of others for their religious beliefs. It's disgusting.,AUG_000362,GRP_001969,1,explicit
"Seriously, why do these bitcheѕ have to ruin every single movie trailer with their annoying pop-up ads?",1,topic_opinion_negative,object,bitcheѕ,bitches,mixed_script,mild,"Seriously, why do these bitches have to ruin every single movie trailer with their annoying pop-up ads?",AUG_000363,GRP_001981,1,explicit
I can't believe these bitces are allowed to be teachers. They should be fired for their racist views.,1,targeted_insult_identity,individual,bitces,bitches,deletion,mild,I can't believe these bitches are allowed to be teachers. They should be fired for their racist views.,AUG_000364,GRP_001968,1,explicit
These bitces think they can do whatever they want because of their religion. It's so frustrating.,1,targeted_insult_identity,group,bitces,bitches,deletion,mild,These bitches think they can do whatever they want because of their religion. It's so frustrating.,AUG_000365,GRP_001965,1,explicit
My life has been so frustrating lately. I can't even find the motivation to say 'bitces' about it.,0,venting_no_target,self,bitces,bitches,deletion,mild,My life has been so frustrating lately. I can't even find the motivation to say 'bitches' about it.,AUG_000366,GRP_001984,1,explicit
"I've had it with this frustrating day. bitсhes, I just want to be done with it all.",0,venting_no_target,self,bitсhes,bitches,mixed_script,mild,"I've had it with this frustrating day. Bitches, I just want to be done with it all.",AUG_000367,GRP_001986,1,explicit
"I don't need your fake friendship, you bitсhes!",1,threat,self,bitсhes,bitches,mixed_script,mild,"I don't need your fake friendship, you bitches!",AUG_000368,GRP_001975,1,explicit
"This week has been such a pain. I can't even describe it. Just, bbitcchhes!",0,venting_no_target,self,bbitcchhes,bitches,repetition,moderate,"This week has been such a pain. I can't even describe it. Just, bitches!",AUG_000369,GRP_001987,1,explicit
Some bbitcchhes just don't know how to decorate their homes! Can't they see how tacky this is?,1,topic_opinion_negative,object,bbitcchhes,bitches,repetition,moderate,Some bitches just don't know how to decorate their homes! Can't they see how tacky this is?,AUG_000370,GRP_001979,1,explicit
That guy in my class is such a dinggleberrry. I'm going to make him leave the group project.,1,threat,individual,dinggleberrry,dingleberry,repetition,moderate,That guy in my class is such a dingleberry. I'm going to make him leave the group project.,AUG_000371,GRP_004593,1,explicit
"That's such a dinggleberrry move, but you know I love it! 😂",0,sarcasm_among_friends,individual,dinggleberrry,dingleberry,repetition,moderate,"That's such a dingleberry move, but you know I love it! 😂",AUG_000372,GRP_004617,1,explicit
"I'm so tired of your dinggleberrry antics, Sarah. Grow up!",1,targeted_insult_general,individual,dinggleberrry,dingleberry,repetition,moderate,"I'm so tired of your dingleberry antics, Sarah. Grow up!",AUG_000373,GRP_004583,1,explicit
You're such a dinglebeerry if you think I'll include you in the group chat.,1,threat,individual,dinglebeerry,dingleberry,repetition,mild,You're such a dingleberry if you think I'll include you in the group chat.,AUG_000374,GRP_004594,1,explicit
"Why do people still listen to that old, boring dinglebeerry? Music from the 80's, ugh!",1,topic_opinion_negative,individual,dinglebeerry,dingleberry,repetition,mild,"Why do people still listen to that old, boring dingleberry? Music from the 80's, ugh!",AUG_000375,GRP_004601,1,explicit
Just saw an ad for the new 'dinglebeerry' smartphone. What a waste of money!,1,topic_opinion_negative,individual,dinglebeerry,dingleberry,repetition,mild,Just saw an ad for the new 'dingleberry' smartphone. What a waste of money!,AUG_000376,GRP_004602,1,explicit
A 'dinglee8erry' is the perfect metaphor for the kind of toxicity we see online nowadays. It's high time we put a stop to this.,1,meta_commentary_condemning_hate,self,dinglee8erry,dingleberry,leetspeak+repetition,heavy,A 'dingleberry' is the perfect metaphor for the kind of toxicity we see online nowadays. It's high time we put a stop to this.,AUG_000377,GRP_004613,1,explicit
"Why do you keep acting like a dinglee8erry, Mary?",1,targeted_insult_general,individual,dinglee8erry,dingleberry,leetspeak+repetition,heavy,"Why do you keep acting like a dingleberry, Mary?",AUG_000378,GRP_004581,1,explicit
"Your dinglee8erry opinions are so outdated, Tom. You need to catch up!",1,targeted_insult_general,individual,dinglee8erry,dingleberry,leetspeak+repetition,heavy,"Your dingleberry opinions are so outdated, Tom. You need to catch up!",AUG_000379,GRP_004584,1,explicit
I can't believe you'd join the dingleberryb party. Now you're excluded from the fun events.,1,threat,individual,dingleberryb,dingleberry,insertion,mild,I can't believe you'd join the dingleberry party. Now you're excluded from the fun events.,AUG_000380,GRP_004595,1,explicit
Someone should teach that dingleberryb a lesson about not being a team player.,1,threat,individual,dingleberryb,dingleberry,insertion,mild,Someone should teach that dingleberry a lesson about not being a team player.,AUG_000381,GRP_004597,1,explicit
The day is full of dingleberries. Every little thing is just one big dingleberryb. 😡,0,venting_no_target,none,dingleberryb,dingleberry,insertion,mild,The day is full of dingleberries. Every little thing is just one big dingleberry. 😡,AUG_000382,GRP_004610,1,explicit
"You're such a ding1eberry, but in the best way possible! 💕",0,sarcasm_among_friends,individual,ding1eberry,dingleberry,leetspeak,mild,"You're such a dingleberry, but in the best way possible! 💕",AUG_000383,GRP_004618,1,explicit
"You're such a ding1eberry, Jane. Quit embarrassing yourself.",1,targeted_insult_general,individual,ding1eberry,dingleberry,leetspeak,mild,"You're such a dingleberry, Jane. Quit embarrassing yourself.",AUG_000384,GRP_004586,1,explicit
I can't believe you'd join the d1ngle8erry party. Now you're excluded from the fun events.,1,threat,individual,d1ngle8erry,dingleberry,leetspeak,moderate,I can't believe you'd join the dingleberry party. Now you're excluded from the fun events.,AUG_000385,GRP_004595,1,explicit
"You're such a d1ngle8erry, but in the best way possible! 💕",0,sarcasm_among_friends,individual,d1ngle8erry,dingleberry,leetspeak,moderate,"You're such a dingleberry, but in the best way possible! 💕",AUG_000386,GRP_004618,1,explicit
"Oh, my dinglerry friend, you never fail to make me laugh! 😂",0,sarcasm_among_friends,individual,dinglerry,dingleberry,deletion,moderate,"Oh, my dingleberry friend, you never fail to make me laugh! 😂",AUG_000387,GRP_004621,1,explicit
"Why is life just one dinglerry after another? I swear, it's like living on a dingleberry planet. 😠",0,venting_no_target,none,dinglerry,dingleberry,deletion,moderate,"Why is life just one dingleberry after another? I swear, it's like living on a dingleberry planet. 😠",AUG_000388,GRP_004608,1,explicit
"I can't believe people still enjoy eating that old, stale dinglerry called 'doughnuts'.",1,topic_opinion_negative,individual,dinglerry,dingleberry,deletion,moderate,"I can't believe people still enjoy eating that old, stale dingleberry called 'doughnuts'.",AUG_000389,GRP_004600,1,explicit
"That's such a dingoleberry move, but you know I love it! 😂",0,sarcasm_among_friends,individual,dingoleberry,dingleberry,insertion,mild,"That's such a dingleberry move, but you know I love it! 😂",AUG_000390,GRP_004617,1,explicit
"You're such a dingoleberry, John. Get a clue!",1,targeted_insult_general,individual,dingoleberry,dingleberry,insertion,mild,"You're such a dingleberry, John. Get a clue!",AUG_000391,GRP_004582,1,explicit
This day is just one dingoleberry after another. 😤,0,venting_no_target,none,dingoleberry,dingleberry,insertion,mild,This day is just one dingleberry after another. 😤,AUG_000392,GRP_004605,1,explicit
"Man, you're such a dolcet, always finding the perfect timing to make us all laugh! 😄",0,sarcasm_among_friends,individual,dolcet,dolcett,deletion,mild,"Man, you're such a dolcett, always finding the perfect timing to make us all laugh! 😄",AUG_000393,GRP_004993,1,explicit
"Let's put an end to the 'dolcet' rhetoric and focus on creating a welcoming, inclusive environment.",1,meta_commentary_condemning_hate,none,dolcet,dolcett,deletion,mild,"Let's put an end to the 'dolcett' rhetoric and focus on creating a welcoming, inclusive environment.",AUG_000394,GRP_004986,1,explicit
"Oh, how dolсеtt of you to pretend you're straight. Let's just be real: You're just trying to fit in with the rest of them.",1,targeted_insult_identity,individual,dolсеtt,dolcett,mixed_script,moderate,"Oh, how dolcett of you to pretend you're straight. Let's just be real: You're just trying to fit in with the rest of them.",AUG_000395,GRP_004962,1,explicit
I absolutely despise how dolсеtt technology is being used to manipulate people's emotions.,1,topic_opinion_negative,none,dolсеtt,dolcett,mixed_script,moderate,I absolutely despise how dolcett technology is being used to manipulate people's emotions.,AUG_000396,GRP_004972,1,explicit
"Oh look, it's our dear friend the dolсеtt, always playing victim.",1,targeted_insult_general,individual,dolсеtt,dolcett,mixed_script,moderate,"Oh look, it's our dear friend the dolcett, always playing victim.",AUG_000397,GRP_004957,1,explicit
"Together, we can combat 'dolcety' tendencies and build a community of understanding and respect.",1,meta_commentary_condemning_hate,none,dolcety,dolcett,keyboard_noise,mild,"Together, we can combat 'dolcett' tendencies and build a community of understanding and respect.",AUG_000398,GRP_004989,1,explicit
"Oh look, it's our dear friend the dolcety, always playing victim.",1,targeted_insult_general,individual,dolcety,dolcett,keyboard_noise,mild,"Oh look, it's our dear friend the dolcett, always playing victim.",AUG_000399,GRP_004957,1,explicit
"Dude, you're such a dolcety. Stop being so clingy and needy.",1,targeted_insult_general,individual,dolcety,dolcett,keyboard_noise,mild,"Dude, you're such a dolcett. Stop being so clingy and needy.",AUG_000400,GRP_004954,1,explicit
I can't believe you're trying to act like a strong woman when you're so do1c3ttz in real life. Stop trying to be something you're not.,1,targeted_insult_identity,individual,do1c3ttz,dolcett,leetspeak+insertion,heavy,I can't believe you're trying to act like a strong woman when you're so dolcett in real life. Stop trying to be something you're not.,AUG_000401,GRP_004961,1,explicit
I absolutely despise how do1c3ttz technology is being used to manipulate people's emotions.,1,topic_opinion_negative,none,do1c3ttz,dolcett,leetspeak+insertion,heavy,I absolutely despise how dolcett technology is being used to manipulate people's emotions.,AUG_000402,GRP_004972,1,explicit
"Hey there, you're really a do1c3ttz when you get jealous. Can't wait to see you cry!",1,targeted_insult_general,individual,do1c3ttz,dolcett,leetspeak+insertion,heavy,"Hey there, you're really a dolcett when you get jealous. Can't wait to see you cry!",AUG_000403,GRP_004955,1,explicit
"I can't stand my job anymore, it's a constant 'dolc37t' that I just want to walk away from.",0,venting_no_target,self,dolc37t,dolcett,leetspeak,moderate,"I can't stand my job anymore, it's a constant 'dolcett' that I just want to walk away from.",AUG_000404,GRP_004981,1,explicit
"Hey, dolc37t, get out of my stream, I'm trying to focus! 😜",0,sarcasm_among_friends,individual,dolc37t,dolcett,leetspeak,moderate,"Hey, dolcett, get out of my stream, I'm trying to focus! 😜",AUG_000405,GRP_004991,1,explicit
"Ouch, dollcett! That's harsh, even for you! 😮",0,sarcasm_among_friends,individual,dollcett,dolcett,insertion,mild,"Ouch, dolcett! That's harsh, even for you! 😮",AUG_000406,GRP_004994,1,explicit
The latest dollcett gadget looks like an unnecessary waste of money.,1,topic_opinion_negative,none,dollcett,dolcett,insertion,mild,The latest dolcett gadget looks like an unnecessary waste of money.,AUG_000407,GRP_004974,1,explicit
"My day is a total nightmare, I just want to scream 'dollcett' and throw my phone across the room.",0,venting_no_target,self,dollcett,dolcett,insertion,mild,"My day is a total nightmare, I just want to scream 'dolcett' and throw my phone across the room.",AUG_000408,GRP_004978,1,explicit
"My day is a total nightmare, I just want to scream 'doclett' and throw my phone across the room.",0,venting_no_target,self,doclett,dolcett,keyboard_noise,moderate,"My day is a total nightmare, I just want to scream 'dolcett' and throw my phone across the room.",AUG_000409,GRP_004978,1,explicit
"I can't stand my job anymore, it's a constant 'doclett' that I just want to walk away from.",0,venting_no_target,self,doclett,dolcett,keyboard_noise,moderate,"I can't stand my job anymore, it's a constant 'dolcett' that I just want to walk away from.",AUG_000410,GRP_004981,1,explicit
Condemning 'doclett' behavior is crucial for creating a more accepting and tolerant society.,1,meta_commentary_condemning_hate,none,doclett,dolcett,keyboard_noise,moderate,Condemning 'dolcett' behavior is crucial for creating a more accepting and tolerant society.,AUG_000411,GRP_004988,1,explicit
"You people always think you're better than everyone else because of your race. Well, d0lc37t, you're not. You're just as bad as the rest.",1,targeted_insult_identity,group,d0lc37t,dolcett,leetspeak,moderate,"You people always think you're better than everyone else because of your race. Well, dolcett, you're not. You're just as bad as the rest.",AUG_000412,GRP_004965,1,explicit
The 'd0lc37t' culture needs to stop. Hateful words and actions are not acceptable under any circumstance.,1,meta_commentary_condemning_hate,none,d0lc37t,dolcett,leetspeak,moderate,The 'dolcett' culture needs to stop. Hateful words and actions are not acceptable under any circumstance.,AUG_000413,GRP_004984,1,explicit
"Wow, that un1form really makes your face pop!",1,backhanded_compliment,individual,un1form,uniform,leetspeak,mild,"Wow, that uniform really makes your face pop!",AUG_000001,GRP_011488,1,non_explicit
"You have a unique sense of style, showcased by your choice of that un1form.",1,backhanded_compliment,individual,un1form,uniform,leetspeak,mild,"You have a unique sense of style, showcased by your choice of that uniform.",AUG_000002,GRP_011493,1,non_explicit
I wouldn't be surprised if your un1form had a 'Do Not Wear' label on it. It's that bad.,1,explicit_insult_clean,individual,un1form,uniform,leetspeak,mild,I wouldn't be surprised if your uniform had a 'Do Not Wear' label on it. It's that bad.,AUG_000003,GRP_011506,1,non_explicit
It's important to stand up against bullying related to unmifоrm choices. Everyone deserves to feel comfortable and included.,1,meta_commentary_condemning_bullying,self,unmifоrm,uniform,insertion+mixed_script,heavy,It's important to stand up against bullying related to uniform choices. Everyone deserves to feel comfortable and included.,AUG_000004,GRP_011600,1,non_explicit
Nice to see you're really standing out from the crowd with that unmifоrm. It's so unique and innovative! 👏,1,implicit_mockery,individual,unmifоrm,uniform,insertion+mixed_script,heavy,Nice to see you're really standing out from the crowd with that uniform. It's so unique and innovative! 👏,AUG_000005,GRP_011476,1,non_explicit
Your urnifusorm's zipper is missing a pull tab. A simple replacement can make a big difference.,0,constructive_criticism,individual,urnifusorm,uniform,insertion,moderate,Your uniform's zipper is missing a pull tab. A simple replacement can make a big difference.,AUG_000006,GRP_011571,1,non_explicit
People are going to see you in that urnifusorm and wonder if you're a joke or something. You're going to regret wearing that.,1,threat_clean,individual,urnifusorm,uniform,insertion,moderate,People are going to see you in that uniform and wonder if you're a joke or something. You're going to regret wearing that.,AUG_000007,GRP_011509,1,non_explicit
You really are making a statement with that unifo_rm. Too bad it's not a very good one. 😑,1,implicit_mockery,individual,unifo_rm,uniform,spacing_noise,mild,You really are making a statement with that uniform. Too bad it's not a very good one. 😑,AUG_000008,GRP_011475,1,non_explicit
unifo_rmity is a concept that doesn't allow for individuality or personal expression.,0,topic_opinion_negative,topic,unifo_rm,uniform,spacing_noise,mild,Uniformity is a concept that doesn't allow for individuality or personal expression.,AUG_000009,GRP_011543,1,non_explicit
"Their un_iform choice is a total meme. They're like, 'we don't care about fashion or style.' 🙄",1,pile_on_mob,individual,un_iform,uniform,spacing_noise,mild,"Their uniform choice is a total meme. They're like, 'we don't care about fashion or style.' 🙄",AUG_000010,GRP_011533,1,non_explicit
I find it so disappointing when people make fun of others for their un_iform choices. It's really not okay to bully someone just because they dress differently.,1,meta_commentary_condemning_bullying,individual,un_iform,uniform,spacing_noise,mild,I find it so disappointing when people make fun of others for their uniform choices. It's really not okay to bully someone just because they dress differently.,AUG_000011,GRP_011594,1,non_explicit
She wore her new un_iform for the first time today.,0,neutral_statement,individual,un_iform,uniform,spacing_noise,mild,She wore her new uniform for the first time today.,AUG_000012,GRP_011586,1,non_explicit
Nice to see you're really standing out from the crowd with that unifgorm. It's so unique and innovative! 👏,1,implicit_mockery,individual,unifgorm,uniform,insertion,mild,Nice to see you're really standing out from the crowd with that uniform. It's so unique and innovative! 👏,AUG_000013,GRP_011476,1,non_explicit
There's a big difference between expressing your opinion and bullying someone about their unifgorm. Let's choose kindness.,0,meta_commentary_condemning_bullying,individual,unifgorm,uniform,insertion,mild,There's a big difference between expressing your opinion and bullying someone about their uniform. Let's choose kindness.,AUG_000014,GRP_011599,1,non_explicit
The team was wearing matching uniiforms for the event.,0,neutral_statement,group,uniiform,uniform,repetition,mild,The team was wearing matching uniforms for the event.,AUG_000015,GRP_011585,1,non_explicit
"Wow, you know how to choose a uniiform that brings out the true you.",1,backhanded_compliment,individual,uniiform,uniform,repetition,mild,"Wow, you know how to choose a uniform that brings out the true you.",AUG_000016,GRP_011492,1,non_explicit
unifoormity is a stifling concept that restricts creativity and progress.,0,topic_opinion_negative,topic,unifoorm,uniform,repetition,mild,Uniformity is a stifling concept that restricts creativity and progress.,AUG_000017,GRP_011545,1,non_explicit
"You're really setting a new fashion standard with that unifoorm, I must say. So daring! 😯",1,implicit_mockery,individual,unifoorm,uniform,repetition,mild,"You're really setting a new fashion standard with that uniform, I must say. So daring! 😯",AUG_000018,GRP_011477,1,non_explicit
The c-omment section on the video has received a variety of reactions.,0,neutral_statement,individual,c-omment section,comment section,spacing_noise,mild,The comment section on the video has received a variety of reactions.,AUG_000019,GRP_009610,1,non_explicit
"Why do you keep making the same mistake in your c-omment section? You're not very good at this, are you?",1,manipulation_gaslighting,individual,c-omment section,comment section,spacing_noise,mild,"Why do you keep making the same mistake in your comment section? You're not very good at this, are you?",AUG_000020,GRP_009540,1,non_explicit
Some users are having a friendly discussion in the commen7 secti0n.,0,neutral_statement,individual,commen7 secti0n,comment section,leetspeak,moderate,Some users are having a friendly discussion in the comment section.,AUG_000021,GRP_009609,1,non_explicit
There's just something about the commen7 secti0n that brings out the worst in people. It's hard to fathom.,1,topic_opinion_negative,general,commen7 secti0n,comment section,leetspeak,moderate,There's just something about the comment section that brings out the worst in people. It's hard to fathom.,AUG_000022,GRP_009567,1,non_explicit
I'm not sure if you're trying to be funny or just being plain nasty. Your comments in the commejt section aren't really landing well.,1,manipulation_gaslighting,individual,commejt section,comment section,keyboard_noise,mild,I'm not sure if you're trying to be funny or just being plain nasty. Your comments in the comment section aren't really landing well.,AUG_000023,GRP_009549,1,non_explicit
"Why do you keep making the same mistake in your commejt section? You're not very good at this, are you?",1,manipulation_gaslighting,individual,commejt section,comment section,keyboard_noise,mild,"Why do you keep making the same mistake in your comment section? You're not very good at this, are you?",AUG_000024,GRP_009540,1,non_explicit
I noticed that your comments in the commejt section have been getting increasingly critical. Is there something bothering you?,1,manipulation_gaslighting,individual,commejt section,comment section,keyboard_noise,mild,I noticed that your comments in the comment section have been getting increasingly critical. Is there something bothering you?,AUG_000025,GRP_009548,1,non_explicit
Your commetnt section is just full of trolls who constantly leave meaningless comments. That one guy is the worst of them all.,1,explicit_insult_clean,individual,commetnt section,comment section,insertion,mild,Your comment section is just full of trolls who constantly leave meaningless comments. That one guy is the worst of them all.,AUG_000026,GRP_009528,1,non_explicit
"People really enjoy your commetnt section for its authenticity. Too bad it's like a broken record, repeating the same tired arguments.",1,backhanded_compliment,individual,commetnt section,comment section,insertion,mild,"People really enjoy your comment section for its authenticity. Too bad it's like a broken record, repeating the same tired arguments.",AUG_000027,GRP_009515,1,non_explicit
"I get it, constructive criticism is helpful but sometimes it feels like too much in my commetnt section.",0,venting_no_target,self,commetnt section,comment section,insertion,mild,"I get it, constructive criticism is helpful but sometimes it feels like too much in my comment section.",AUG_000028,GRP_009575,1,non_explicit
You've created a space where everyone feels comfortable sharing their thoughts and opinions in the dommenr sections. Your open-mindedness and patience are truly commendable.,0,genuine_compliment,individual,dommenr section,comment section,keyboard_noise,moderate,You've created a space where everyone feels comfortable sharing their thoughts and opinions in the comment sections. Your open-mindedness and patience are truly commendable.,AUG_000029,GRP_009586,1,non_explicit
I'm genuinely impressed by the level of ridiculousness in their dommenr section.,1,pile_on_mob,individual,dommenr section,comment section,keyboard_noise,moderate,I'm genuinely impressed by the level of ridiculousness in their comment section.,AUG_000030,GRP_009558,1,non_explicit
I'm always impressed by how open and honest your dommenr section is. A real shame that it's often filled with negativity and aggression.,1,backhanded_compliment,individual,dommenr section,comment section,keyboard_noise,moderate,I'm always impressed by how open and honest your comment section is. A real shame that it's often filled with negativity and aggression.,AUG_000031,GRP_009521,1,non_explicit
Your comment sectіon is just full of trolls who constantly leave meaningless comments. That one guy is the worst of them all.,1,explicit_insult_clean,individual,comment sectіon,comment section,mixed_script,mild,Your comment section is just full of trolls who constantly leave meaningless comments. That one guy is the worst of them all.,AUG_000032,GRP_009528,1,non_explicit
"It's discouraging to see so much criticism in my comment sectіon, especially when I put in so much effort.",0,venting_no_target,self,comment sectіon,comment section,mixed_script,mild,"It's discouraging to see so much criticism in my comment section, especially when I put in so much effort.",AUG_000033,GRP_009574,1,non_explicit
Your comm3nt s3ct1on is always so engaging and thought-provoking. It's a pity it often turns into a mudslinging match.,1,backhanded_compliment,individual,comm3nt s3ct1on,comment section,leetspeak,moderate,Your comment section is always so engaging and thought-provoking. It's a pity it often turns into a mudslinging match.,AUG_000034,GRP_009517,1,non_explicit
The way you engage with others in the comm3nt s3ct1ons is a breath of fresh air. Your unique perspective is greatly appreciated and has been a valuable addition to our community.,0,genuine_compliment,individual,comm3nt s3ct1on,comment section,leetspeak,moderate,The way you engage with others in the comment sections is a breath of fresh air. Your unique perspective is greatly appreciated and has been a valuable addition to our community.,AUG_000035,GRP_009580,1,non_explicit
Thank you for creating such a welcoming atmosphere in the cyomment emsections. Your warmth and inclusivity make everyone feel heard and appreciated.,0,genuine_compliment,individual,cyomment emsection,comment section,insertion,moderate,Thank you for creating such a welcoming atmosphere in the comment sections. Your warmth and inclusivity make everyone feel heard and appreciated.,AUG_000036,GRP_009583,1,non_explicit
People really appreciate the diverse views in your cyomment emsection. A shame that the comments often turn into a battleground.,1,backhanded_compliment,individual,cyomment emsection,comment section,insertion,moderate,People really appreciate the diverse views in your comment section. A shame that the comments often turn into a battleground.,AUG_000037,GRP_009520,1,non_explicit
People are sharing their views on the topic in the cyomment emsection.,0,neutral_statement,individual,cyomment emsection,comment section,insertion,moderate,People are sharing their views on the topic in the comment section.,AUG_000038,GRP_009614,1,non_explicit
I noticed your bacak is quite plain. You might want to consider adding some personalization or accessories to make it more unique?,0,constructive_criticism,individual,bacak,backpack,deletion,moderate,I noticed your backpack is quite plain. You might want to consider adding some personalization or accessories to make it more unique?,AUG_000039,GRP_007071,1,non_explicit
His bacak is really starting to bother me. Can't we all just agree to exclude it from our meetings?,1,social_exclusion,individual,bacak,backpack,deletion,moderate,His backpack is really starting to bother me. Can't we all just agree to exclude it from our meetings?,AUG_000040,GRP_006978,1,non_explicit
"Better watch out, buddy. Your bacak is going to get you in trouble. Not cool.",1,threat_clean,individual,bacak,backpack,deletion,moderate,"Better watch out, buddy. Your backpack is going to get you in trouble. Not cool.",AUG_000041,GRP_007014,1,non_explicit
"My friend is looking for a new bacikpack, so I suggested she check out that store downtown where I found mine.",0,neutral_statement,individual,bacikpack,backpack,insertion,mild,"My friend is looking for a new backpack, so I suggested she check out that store downtown where I found mine.",AUG_000042,GRP_007093,1,non_explicit
"I'm here to let you know that I'm proud of you for keeping up with your heavy bacikpack. You are amazing, and remember, you can do anything you set your mind to. Stay strong!",0,supportive_message,individual,bacikpack,backpack,insertion,mild,"I'm here to let you know that I'm proud of you for keeping up with your heavy backpack. You are amazing, and remember, you can do anything you set your mind to. Stay strong!",AUG_000043,GRP_007079,1,non_explicit
His bacikpack is really starting to bother me. Can't we all just agree to exclude it from our meetings?,1,social_exclusion,individual,bacikpack,backpack,insertion,mild,His backpack is really starting to bother me. Can't we all just agree to exclude it from our meetings?,AUG_000044,GRP_006978,1,non_explicit
"I have to agree with everyone else, that 8acp4ck is just awful.",1,pile_on_mob,individual,8acp4ck,backpack,leetspeak+deletion,heavy,"I have to agree with everyone else, that backpack is just awful.",AUG_000045,GRP_007034,1,non_explicit
"That 8acp4ck fits your personality, Emily. It's very simple and understated.",1,backhanded_compliment,individual,8acp4ck,backpack,leetspeak+deletion,heavy,"That backpack fits your personality, Emily. It's very simple and understated.",AUG_000046,GRP_006999,1,non_explicit
"Hey friend, carrying a heavy bacpack can be exhausting, but remember, you're stronger than you think. Just keep going at your own pace. You've got this!",0,supportive_message,individual,bacpack,backpack,deletion,mild,"Hey friend, carrying a heavy backpack can be exhausting, but remember, you're stronger than you think. Just keep going at your own pace. You've got this!",AUG_000047,GRP_007078,1,non_explicit
"There are so many colorful bacpacks available nowadays, it's hard to choose just one.",0,neutral_statement,none,bacpack,backpack,deletion,mild,"There are so many colorful backpacks available nowadays, it's hard to choose just one.",AUG_000048,GRP_007090,1,non_explicit
"That bacpack looks expensive, Olivia. Just like your tastes in clothes.",1,backhanded_compliment,individual,bacpack,backpack,deletion,mild,"That backpack looks expensive, Olivia. Just like your tastes in clothes.",AUG_000049,GRP_006997,1,non_explicit
"You know, your back_.pack really doesn't suit you. Maybe it's time for an upgrade?",1,manipulation_gaslighting,individual,back_.pack,backpack,spacing_noise,moderate,"You know, your backpack really doesn't suit you. Maybe it's time for an upgrade?",AUG_000050,GRP_007027,1,non_explicit
I bet you had to spend a fortune on that eyesore of a back_.pack. I wonder if it's even worth the money.,1,explicit_insult_clean,individual,back_.pack,backpack,spacing_noise,moderate,I bet you had to spend a fortune on that eyesore of a backpack. I wonder if it's even worth the money.,AUG_000051,GRP_007006,1,non_explicit
"You've really upped your game with that backp4ck. It's like you took one look at the 'popular backpacks' section of Amazon and thought, 'I'm going to get the one that no one else has!'",1,implicit_mockery,individual,backp4ck,backpack,leetspeak,mild,"You've really upped your game with that backpack. It's like you took one look at the 'popular backpacks' section of Amazon and thought, 'I'm going to get the one that no one else has!'",AUG_000052,GRP_006968,1,non_explicit
Your backp4ck could benefit from some pencil cases or pouches to keep your supplies organized and protected.,0,constructive_criticism,individual,backp4ck,backpack,leetspeak,mild,Your backpack could benefit from some pencil cases or pouches to keep your supplies organized and protected.,AUG_000053,GRP_007070,1,non_explicit
"The girl who always carries a small backp4ck? Well, it's said that she's hiding something inside it. What do you think?",1,rumor_spreading,individual,backp4ck,backpack,leetspeak,mild,"The girl who always carries a small backpack? Well, it's said that she's hiding something inside it. What do you think?",AUG_000054,GRP_006989,1,non_explicit
"Nice 84ckp4ck, Olivia. It looks just as cluttered as your mind.",1,backhanded_compliment,individual,84ckp4ck,backpack,leetspeak,moderate,"Nice backpack, Olivia. It looks just as cluttered as your mind.",AUG_000055,GRP_006995,1,non_explicit
"Carrying a heavy 84ckp4ck can be tough, but don't forget that you are strong and can handle it. Take breaks when needed and ask for help when you need it. Keep pushing forward!",0,supportive_message,individual,84ckp4ck,backpack,leetspeak,moderate,"Carrying a heavy backpack can be tough, but don't forget that you are strong and can handle it. Take breaks when needed and ask for help when you need it. Keep pushing forward!",AUG_000056,GRP_007084,1,non_explicit
I can't believe you actually chose that atrocious backpaсk. It's like you're trying to make yourself the laughingstock of the school.,1,explicit_insult_clean,individual,backpaсk,backpack,mixed_script,mild,I can't believe you actually chose that atrocious backpack. It's like you're trying to make yourself the laughingstock of the school.,AUG_000057,GRP_007005,1,non_explicit
"My friend is looking for a new backpaсk, so I suggested she check out that store downtown where I found mine.",0,neutral_statement,individual,backpaсk,backpack,mixed_script,mild,"My friend is looking for a new backpack, so I suggested she check out that store downtown where I found mine.",AUG_000058,GRP_007093,1,non_explicit
"You're facing a tough situation with your h0use, but you're capable of handling it. Keep your head up and don't forget that you have a support system around you. Don't give up!",0,supportive_message,individual,h0use,house,leetspeak,mild,"You're facing a tough situation with your house, but you're capable of handling it. Keep your head up and don't forget that you have a support system around you. Don't give up!",AUG_000059,GRP_002326,1,non_explicit
We mustn't tolerate h0use bullying. It's essential to put an end to this behavior.,1,meta_commentary_condemning_bullying,group,h0use,house,leetspeak,mild,We mustn't tolerate house bullying. It's essential to put an end to this behavior.,AUG_000060,GRP_002346,1,non_explicit
h0use bullying should be stopped. We can't let it continue. Let's put a stop to it together.,1,meta_commentary_condemning_bullying,individual,h0use,house,leetspeak,mild,House bullying should be stopped. We can't let it continue. Let's put a stop to it together.,AUG_000061,GRP_002344,1,non_explicit
"I don't know how I let it get this bad, but my ohue is a constant reminder of my inability to keep things tidy.",0,venting_no_target,self,ohue,house,keyboard_noise+deletion,heavy,"I don't know how I let it get this bad, but my house is a constant reminder of my inability to keep things tidy.",AUG_000062,GRP_002296,1,non_explicit
I will be visiting my sister's ohue this weekend.,0,neutral_statement,none,ohue,house,keyboard_noise+deletion,heavy,I will be visiting my sister's house this weekend.,AUG_000063,GRP_002334,1,non_explicit
Your hou.se is truly a reflection of your personality - charming and sophisticated at the same time. I always love visiting!,0,genuine_compliment,individual,hou.se,house,spacing_noise,mild,Your house is truly a reflection of your personality - charming and sophisticated at the same time. I always love visiting!,AUG_000064,GRP_002305,1,non_explicit
"You're facing a challenging time with your hou.se, but you're not alone. I'm here to support you. Let's work together to find a solution to your problem.",0,supportive_message,individual,hou.se,house,spacing_noise,mild,"You're facing a challenging time with your house, but you're not alone. I'm here to support you. Let's work together to find a solution to your problem.",AUG_000065,GRP_002329,1,non_explicit
Your housse always seems so small and cramped whenever I come over. I'm sure it's really tough for you to have everything you need in such a limited space.,1,manipulation_gaslighting,individual,housse,house,repetition,mild,Your house always seems so small and cramped whenever I come over. I'm sure it's really tough for you to have everything you need in such a limited space.,AUG_000066,GRP_002274,1,non_explicit
"Seriously, what's up with John's housse? Let's just hang out elsewhere and leave him out. It's so much more fun without him.",1,social_exclusion,individual,housse,house,repetition,mild,"Seriously, what's up with John's house? Let's just hang out elsewhere and leave him out. It's so much more fun without him.",AUG_000067,GRP_002225,1,non_explicit
I helped my friend move into their new housse.,0,neutral_statement,none,housse,house,repetition,mild,I helped my friend move into their new house.,AUG_000068,GRP_002339,1,non_explicit
It's a real shame that you can't seem to keep your ho use in order. It's like a living nightmare.,1,explicit_insult_clean,individual,ho use,house,spacing_noise,mild,It's a real shame that you can't seem to keep your house in order. It's like a living nightmare.,AUG_000069,GRP_002254,1,non_explicit
Why can't I ever keep my ho use looking nice? I feel like it's a constant struggle.,0,venting_no_target,self,ho use,house,spacing_noise,mild,Why can't I ever keep my house looking nice? I feel like it's a constant struggle.,AUG_000070,GRP_002299,1,non_explicit
I noticed your ho use is always so dark and depressing. Maybe it's time to reconsider where you're living?,1,manipulation_gaslighting,individual,ho use,house,spacing_noise,mild,I noticed your house is always so dark and depressing. Maybe it's time to reconsider where you're living?,AUG_000071,GRP_002268,1,non_explicit
Ethan's hous is an eyesore! The paint job is so bad it's a wonder it doesn't fall apart every time it rains! 😞,1,rumor_spreading,individual,hous,house,deletion,mild,Ethan's house is an eyesore! The paint job is so bad it's a wonder it doesn't fall apart every time it rains! 😞,AUG_000072,GRP_002233,1,non_explicit
I am looking for a small hous to rent.,0,neutral_statement,self,hous,house,deletion,mild,I am looking for a small house to rent.,AUG_000073,GRP_002338,1,non_explicit
I feel trapped in this four-walled prison called a hous.,0,topic_opinion_negative,none,hous,house,deletion,mild,I feel trapped in this four-walled prison called a house.,AUG_000074,GRP_002290,1,non_explicit
Who needs that pretentious Tom? He always talks about his 'fancy' hous3. We should just exclude him and have our own fun without him.,1,social_exclusion,individual,hous3,house,leetspeak,mild,Who needs that pretentious Tom? He always talks about his 'fancy' house. We should just exclude him and have our own fun without him.,AUG_000075,GRP_002228,1,non_explicit
The responsibilities of owning a hous3 can be stifling and suffocating.,0,topic_opinion_negative,none,hous3,house,leetspeak,mild,The responsibilities of owning a house can be stifling and suffocating.,AUG_000076,GRP_002293,1,non_explicit
Your hous3 always seems so small and cramped whenever I come over. I'm sure it's really tough for you to have everything you need in such a limited space.,1,manipulation_gaslighting,individual,hous3,house,leetspeak,mild,Your house always seems so small and cramped whenever I come over. I'm sure it's really tough for you to have everything you need in such a limited space.,AUG_000077,GRP_002274,1,non_explicit
"Oh wow, Sarah's houdd just got painted in the most hideous color! It's like a neon nightmare! 😱",1,rumor_spreading,individual,houdd,house,keyboard_noise,moderate,"Oh wow, Sarah's house just got painted in the most hideous color! It's like a neon nightmare! 😱",AUG_000078,GRP_002236,1,non_explicit
I wish I could keep my houdd clean and organized like others. It's such a struggle.,0,venting_no_target,self,houdd,house,keyboard_noise,moderate,I wish I could keep my house clean and organized like others. It's such a struggle.,AUG_000079,GRP_002301,1,non_explicit
Bullying someone about their haircu is never the answer. Let's focus on supporting and uplifting each other.,1,meta_commentary_condemning_bullying,individual,haircu,haircut,deletion,mild,Bullying someone about their haircut is never the answer. Let's focus on supporting and uplifting each other.,AUG_000080,GRP_007396,1,non_explicit
Your haircu is like a poorly executed DIY project. You should stick to the real thing and leave the cutting to professionals.,1,explicit_insult_clean,individual,haircu,haircut,deletion,mild,Your haircut is like a poorly executed DIY project. You should stick to the real thing and leave the cutting to professionals.,AUG_000081,GRP_007297,1,non_explicit
"Your haiecjt might not be perfect, but it's a reminder that life is about growth and change. Embrace these changes, and always remember that you are strong, beautiful, and unique. Keep shining! 🌟",0,supportive_message,individual,haiecjt,haircut,keyboard_noise,moderate,"Your haircut might not be perfect, but it's a reminder that life is about growth and change. Embrace these changes, and always remember that you are strong, beautiful, and unique. Keep shining! 🌟",AUG_000082,GRP_007375,1,non_explicit
People who bully others about their haiecjts are contributing to a toxic environment. We can all do our part to make it better.,1,meta_commentary_condemning_bullying,individual,haiecjt,haircut,keyboard_noise,moderate,People who bully others about their haircuts are contributing to a toxic environment. We can all do our part to make it better.,AUG_000083,GRP_007394,1,non_explicit
"The barber gave him a great hairuct, just like he asked.",0,neutral_statement,individual,hairuct,haircut,keyboard_noise,mild,"The barber gave him a great haircut, just like he asked.",AUG_000084,GRP_007379,1,non_explicit
"Your hairuct looks great, but the sides might be a little too high. Next time, you could ask the barber to trim them a bit lower?",0,constructive_criticism,individual,hairuct,haircut,keyboard_noise,mild,"Your haircut looks great, but the sides might be a little too high. Next time, you could ask the barber to trim them a bit lower?",AUG_000085,GRP_007361,1,non_explicit
"I'm against bullying, especially when it comes to hairucts. Let's be more understanding and supportive of each other.",1,meta_commentary_condemning_bullying,individual,hairuct,haircut,keyboard_noise,mild,"I'm against bullying, especially when it comes to haircuts. Let's be more understanding and supportive of each other.",AUG_000086,GRP_007390,1,non_explicit
"We should plan our group event somewhere without Alex. I mean, he just doesn't get that ugly haircu7 of his under control.",1,social_exclusion,individual,haircu7,haircut,leetspeak,mild,"We should plan our group event somewhere without Alex. I mean, he just doesn't get that ugly haircut of his under control.",AUG_000087,GRP_007261,1,non_explicit
I can't believe you'd get that haircu7. It's not you.,1,manipulation_gaslighting,individual,haircu7,haircut,leetspeak,mild,I can't believe you'd get that haircut. It's not you.,AUG_000088,GRP_007311,1,non_explicit
"He couldn't decide between the long or short haircu7, but finally went for the short one.",0,neutral_statement,individual,haircu7,haircut,leetspeak,mild,"He couldn't decide between the long or short haircut, but finally went for the short one.",AUG_000089,GRP_007381,1,non_explicit
Your hainrcut is really attention-grabbing! 🤪,1,backhanded_compliment,individual,hainrcut,haircut,insertion,mild,Your haircut is really attention-grabbing! 🤪,AUG_000090,GRP_007284,1,non_explicit
I can't believe you'd get that hainrcut. It's not you.,1,manipulation_gaslighting,individual,hainrcut,haircut,insertion,mild,I can't believe you'd get that haircut. It's not you.,AUG_000091,GRP_007311,1,non_explicit
Can't stand hacts. It's a never-ending cycle of frustration!,0,topic_opinion_negative,topic,hact,haircut,deletion,moderate,Can't stand haircuts. It's a never-ending cycle of frustration!,AUG_000092,GRP_007329,1,non_explicit
Isn't it amazing how Peter just refuses to get a decent hact? Let's just ignore him.,1,social_exclusion,individual,hact,haircut,deletion,moderate,Isn't it amazing how Peter just refuses to get a decent haircut? Let's just ignore him.,AUG_000093,GRP_007260,1,non_explicit
I hope you like being the laughing stock of the school. That's what you'll be with that hact.,1,threat_clean,individual,hact,haircut,deletion,moderate,I hope you like being the laughing stock of the school. That's what you'll be with that haircut.,AUG_000094,GRP_007306,1,non_explicit
"It's so important to remember that your appearance doesn't define you. You're still the same amazing person you've always been, and your h4ircut is just a small part of that. Keep shining! 🌟",0,supportive_message,individual,h4ircut,haircut,leetspeak,mild,"It's so important to remember that your appearance doesn't define you. You're still the same amazing person you've always been, and your haircut is just a small part of that. Keep shining! 🌟",AUG_000095,GRP_007368,1,non_explicit
Your latest h4ircut is an absolute disaster. Everyone will be laughing at you.,1,threat_clean,individual,h4ircut,haircut,leetspeak,mild,Your latest haircut is an absolute disaster. Everyone will be laughing at you.,AUG_000096,GRP_007299,1,non_explicit
Your h4ircut is so unique! No one else has that style. 😎,1,backhanded_compliment,individual,h4ircut,haircut,leetspeak,mild,Your haircut is so unique! No one else has that style. 😎,AUG_000097,GRP_007281,1,non_explicit
"Remember, every day is a new opportunity to create the look you want. Your hhaircut is just a part of your journey, and it will evolve as you do. Stay strong and keep moving forward! 💪❤️",0,supportive_message,individual,hhaircut,haircut,repetition,mild,"Remember, every day is a new opportunity to create the look you want. Your haircut is just a part of your journey, and it will evolve as you do. Stay strong and keep moving forward! 💪❤️",AUG_000098,GRP_007372,1,non_explicit
"Wow, did you hear that Alex got a terrible hhaircut? I'm surprised he still has any hair left. 😧",1,rumor_spreading,individual,hhaircut,haircut,repetition,mild,"Wow, did you hear that Alex got a terrible haircut? I'm surprised he still has any hair left. 😧",AUG_000099,GRP_007273,1,non_explicit
Why don't we invite John to the party? He looks a bit too much like an extra from a bad '80s movie with that hhaircut.,1,social_exclusion,individual,hhaircut,haircut,repetition,mild,Why don't we invite John to the party? He looks a bit too much like an extra from a bad '80s movie with that haircut.,AUG_000100,GRP_007259,1,non_explicit
I can't believe Annie was caught cheating on the geoup project. What a shame!,1,rumor_spreading,individual,geoup project,group project,keyboard_noise,mild,I can't believe Annie was caught cheating on the group project. What a shame!,AUG_000101,GRP_004246,1,non_explicit
"The geoup project has been more challenging than I expected, but I'm confident we'll pull through.",0,venting_no_target,none,geoup project,group project,keyboard_noise,mild,"The group project has been more challenging than I expected, but I'm confident we'll pull through.",AUG_000102,GRP_004305,1,non_explicit
groupc projecfts can be a challenging yet rewarding experience for all involved.,0,neutral_statement,group,groupc projecft,group project,insertion,moderate,Group projects can be a challenging yet rewarding experience for all involved.,AUG_000103,GRP_004341,1,non_explicit
Your organization skills and attention to detail have been incredibly helpful for our groupc projecft. You've kept us on track and ensured we meet our deadlines.,0,genuine_compliment,individual,groupc projecft,group project,insertion,moderate,Your organization skills and attention to detail have been incredibly helpful for our group project. You've kept us on track and ensured we meet our deadlines.,AUG_000104,GRP_004315,1,non_explicit
Bullying others during groupc projecfts is a surefire way to make everyone miserable. Work together and have a better experience.,1,meta_commentary_condemning_bullying,group,groupc projecft,group project,insertion,moderate,Bullying others during group projects is a surefire way to make everyone miserable. Work together and have a better experience.,AUG_000105,GRP_004345,1,non_explicit
Partnering with others in a grouup project is like walking on eggshells – tiptoeing around everyone's preferences.,1,topic_opinion_negative,self,grouup project,group project,repetition,mild,Partnering with others in a group project is like walking on eggshells – tiptoeing around everyone's preferences.,AUG_000106,GRP_004297,1,non_explicit
I heard Tom was too busy with his social life to focus on the grouup project. Is he really dedicated?,1,rumor_spreading,individual,grouup project,group project,repetition,mild,I heard Tom was too busy with his social life to focus on the group project. Is he really dedicated?,AUG_000107,GRP_004244,1,non_explicit
"They can't even organize their own grouup project, and this is how they expect to manage a whole team? 😂",1,pile_on_mob,individual,grouup project,group project,repetition,mild,"They can't even organize their own group project, and this is how they expect to manage a whole team? 😂",AUG_000108,GRP_004283,1,non_explicit
Great job on the presentation for the group projec! The graphics were on point and the way you explained the details made everything clear and understandable.,0,genuine_compliment,individual,group projec,group project,deletion,mild,Great job on the presentation for the group project! The graphics were on point and the way you explained the details made everything clear and understandable.,AUG_000109,GRP_004310,1,non_explicit
"You're just a laughingstock in this group projec, your ideas are trash.",1,explicit_insult_clean,individual,group projec,group project,deletion,mild,"You're just a laughingstock in this group project, your ideas are trash.",AUG_000110,GRP_004258,1,non_explicit
"Our group projec is taking so much longer than I thought, but we'll eventually get it done.",0,venting_no_target,none,group projec,group project,deletion,mild,"Our group project is taking so much longer than I thought, but we'll eventually get it done.",AUG_000111,GRP_004307,1,non_explicit
"Hey, I just wanted to say that I was really impressed with how well you handled that 9roup project. But don't worry, we all know that was only because you got lucky.",1,manipulation_gaslighting,individual,9roup project,group project,leetspeak,mild,"Hey, I just wanted to say that I was really impressed with how well you handled that group project. But don't worry, we all know that was only because you got lucky.",AUG_000112,GRP_004274,1,non_explicit
"I can't believe how well you managed our 9roup project. It was a complex task, and you handled it with grace and precision.",0,genuine_compliment,individual,9roup project,group project,leetspeak,mild,"I can't believe how well you managed our group project. It was a complex task, and you handled it with grace and precision.",AUG_000113,GRP_004312,1,non_explicit
It's okay to feel overwhelmed by the 9roup project. Let's take a step back and divide the tasks. We'll get through this together.,0,supportive_message,individual,9roup project,group project,leetspeak,mild,It's okay to feel overwhelmed by the group project. Let's take a step back and divide the tasks. We'll get through this together.,AUG_000114,GRP_004329,1,non_explicit
"We're a team, and you're an important part of it. Keep pushing forward with the groul project, and we'll make it work together.",0,supportive_message,individual,groul project,group project,keyboard_noise,mild,"We're a team, and you're an important part of it. Keep pushing forward with the group project, and we'll make it work together.",AUG_000115,GRP_004330,1,non_explicit
I really appreciate all the work you've put into this groul project. You've shown such initiative and creativity in tackling the challenges we faced.,0,genuine_compliment,individual,groul project,group project,keyboard_noise,mild,I really appreciate all the work you've put into this group project. You've shown such initiative and creativity in tackling the challenges we faced.,AUG_000116,GRP_004314,1,non_explicit
I can't believe we're still trying to figure out how to use this software for our groul project. It's really testing my patience.,0,venting_no_target,none,groul project,group project,keyboard_noise,mild,I can't believe we're still trying to figure out how to use this software for our group project. It's really testing my patience.,AUG_000117,GRP_004308,1,non_explicit
groip projects help students learn how to collaborate and share responsibilities.,0,neutral_statement,group,groip project,group project,keyboard_noise,mild,Group projects help students learn how to collaborate and share responsibilities.,AUG_000118,GRP_004337,1,non_explicit
"I can't believe how well you managed our groip project. It was a complex task, and you handled it with grace and precision.",0,genuine_compliment,individual,groip project,group project,keyboard_noise,mild,"I can't believe how well you managed our group project. It was a complex task, and you handled it with grace and precision.",AUG_000119,GRP_004312,1,non_explicit
"You're a real downer in this grroup pproject, always bringing everyone down.",1,explicit_insult_clean,individual,grroup pproject,group project,repetition,moderate,"You're a real downer in this group project, always bringing everyone down.",AUG_000120,GRP_004262,1,non_explicit
"You've been doing an amazing job with the grroup pproject, don't let setbacks discourage you. Keep up the good work and remember we're here to support you.",0,supportive_message,individual,grroup pproject,group project,repetition,moderate,"You've been doing an amazing job with the group project, don't let setbacks discourage you. Keep up the good work and remember we're here to support you.",AUG_000121,GRP_004328,1,non_explicit
It's okay to feel overwhelmed by the grroup pproject. Let's take a step back and divide the tasks. We'll get through this together.,0,supportive_message,individual,grroup pproject,group project,repetition,moderate,It's okay to feel overwhelmed by the group project. Let's take a step back and divide the tasks. We'll get through this together.,AUG_000122,GRP_004329,1,non_explicit
dancinb can help improve coordination and balance.,0,neutral_statement,none,dancinb,dancing,keyboard_noise,mild,Dancing can help improve coordination and balance.,AUG_000123,GRP_003334,1,non_explicit
dancinb is a beautiful way to express emotions through movement.,0,neutral_statement,none,dancinb,dancing,keyboard_noise,mild,Dancing is a beautiful way to express emotions through movement.,AUG_000124,GRP_003328,1,non_explicit
You're telling me? I can't believe they think their dancinb is a good idea! 🕺🏻😮,1,pile_on_mob,individual,dancinb,dancing,keyboard_noise,mild,You're telling me? I can't believe they think their dancing is a good idea! 🕺🏻😮,AUG_000125,GRP_003272,1,non_explicit
"I'm not very coordinated, so dancinge is definitely not my strong suit. I try my best, but I always end up looking ridiculous.",0,venting_no_target,self,dancinge,dancing,insertion,mild,"I'm not very coordinated, so dancing is definitely not my strong suit. I try my best, but I always end up looking ridiculous.",AUG_000126,GRP_003298,1,non_explicit
"His dancinge is so off-beat and out of rhythm, it's painful to watch. Can we just avoid that part of the party?",1,social_exclusion,individual,dancinge,dancing,insertion,mild,"His dancing is so off-beat and out of rhythm, it's painful to watch. Can we just avoid that part of the party?",AUG_000127,GRP_003221,1,non_explicit
dancin-g is like a roller coaster ride: it's fun until you realize how much it can shake you up!,0,topic_opinion_negative,none,dancin-g,dancing,spacing_noise,mild,Dancing is like a roller coaster ride: it's fun until you realize how much it can shake you up!,AUG_000128,GRP_003282,1,non_explicit
dancin-g is a versatile art form that can be adapted to many styles and genres.,0,neutral_statement,none,dancin-g,dancing,spacing_noise,mild,Dancing is a versatile art form that can be adapted to many styles and genres.,AUG_000129,GRP_003333,1,non_explicit
szncin9 is like a roller coaster ride: it's fun until you realize how much it can shake you up!,0,topic_opinion_negative,none,szncin9,dancing,keyboard_noise+leetspeak,heavy,Dancing is like a roller coaster ride: it's fun until you realize how much it can shake you up!,AUG_000130,GRP_003282,1,non_explicit
Let's break the cycle of bullying about szncin9. It's time to be kind to one another.,0,meta_commentary_condemning_bullying,group,szncin9,dancing,keyboard_noise+leetspeak,heavy,Let's break the cycle of bullying about dancing. It's time to be kind to one another.,AUG_000131,GRP_003340,1,non_explicit
So you call that szncin9? You're more like an octopus on ice than Michael Jackson. 🕺🏼🌨️,1,implicit_mockery,individual,szncin9,dancing,keyboard_noise+leetspeak,heavy,So you call that dancing? You're more like an octopus on ice than Michael Jackson. 🕺🏼🌨️,AUG_000132,GRP_003207,1,non_explicit
danc1ng is a universal form of expression and communication.,0,neutral_statement,none,danc1ng,dancing,leetspeak,mild,Dancing is a universal form of expression and communication.,AUG_000133,GRP_003325,1,non_explicit
I can't watch your danc1ng without wanting to cry. It's like watching a clown try to perform a surgery. Just stop already.,1,explicit_insult_clean,individual,danc1ng,dancing,leetspeak,mild,I can't watch your dancing without wanting to cry. It's like watching a clown try to perform a surgery. Just stop already.,AUG_000134,GRP_003246,1,non_explicit
You have a gift for daηciηg that few possess. Your ability to express emotion through movement is truly unique and captivating. Keep shining and sharing your talent with the world.,0,genuine_compliment,individual,daηciηg,dancing,mixed_script,moderate,You have a gift for dancing that few possess. Your ability to express emotion through movement is truly unique and captivating. Keep shining and sharing your talent with the world.,AUG_000135,GRP_003300,1,non_explicit
"Your daηciηg is really fun to watch, but you could add more dynamic moves to your routine.",0,constructive_criticism,individual,daηciηg,dancing,mixed_script,moderate,"Your dancing is really fun to watch, but you could add more dynamic moves to your routine.",AUG_000136,GRP_003311,1,non_explicit
When are we going to make him stop daηciηg around every corner? It's so annoying.,1,social_exclusion,individual,daηciηg,dancing,mixed_script,moderate,When are we going to make him stop dancing around every corner? It's so annoying.,AUG_000137,GRP_003219,1,non_explicit
"His d ancing is so off-beat and out of rhythm, it's painful to watch. Can we just avoid that part of the party?",1,social_exclusion,individual,d ancing,dancing,spacing_noise,mild,"His dancing is so off-beat and out of rhythm, it's painful to watch. Can we just avoid that part of the party?",AUG_000138,GRP_003221,1,non_explicit
"d ancing is a beautiful form of self-expression, not a reason for bullying. Be the change you wish to see in the world!",0,meta_commentary_condemning_bullying,self,d ancing,dancing,spacing_noise,mild,"Dancing is a beautiful form of self-expression, not a reason for bullying. Be the change you wish to see in the world!",AUG_000139,GRP_003344,1,non_explicit
"d ancing is just not your thing, sweetheart. You should stick to what you're good at.",1,manipulation_gaslighting,individual,d ancing,dancing,spacing_noise,mild,"Dancing is just not your thing, sweetheart. You should stick to what you're good at.",AUG_000140,GRP_003263,1,non_explicit
d4ncfing should never be a reason for bullying. It's an outlet for expression and joy!,0,meta_commentary_condemning_bullying,individual,d4ncfing,dancing,insertion+leetspeak,heavy,Dancing should never be a reason for bullying. It's an outlet for expression and joy!,AUG_000141,GRP_003342,1,non_explicit
d4ncfing is like a roller coaster ride: it's fun until you realize how much it can shake you up!,0,topic_opinion_negative,none,d4ncfing,dancing,insertion+leetspeak,heavy,Dancing is like a roller coaster ride: it's fun until you realize how much it can shake you up!,AUG_000142,GRP_003282,1,non_explicit
"I've never seen anyone move like that. Honestly, I don't even know if it counts as d4ncfing.",1,backhanded_compliment,individual,d4ncfing,dancing,insertion+leetspeak,heavy,"I've never seen anyone move like that. Honestly, I don't even know if it counts as dancing.",AUG_000143,GRP_003234,1,non_explicit
"You're perfect just the way you are. If your clothe5m aren't fitting well or making you feel confident, that's okay. Work on finding a solution that's right for you!",0,supportive_message,individual,clothe5m,clothes,leetspeak+insertion,heavy,"You're perfect just the way you are. If your clothes aren't fitting well or making you feel confident, that's okay. Work on finding a solution that's right for you!",AUG_000144,GRP_000823,1,non_explicit
"Remember, everyone's body is different, and it's okay if your clothe5m don't fit perfectly. Keep trying different styles and brands until you find the ones that suit you best.",0,supportive_message,individual,clothe5m,clothes,leetspeak+insertion,heavy,"Remember, everyone's body is different, and it's okay if your clothes don't fit perfectly. Keep trying different styles and brands until you find the ones that suit you best.",AUG_000145,GRP_000818,1,non_explicit
You need a fashion intervention. The clsortjhes you're wearing are an eyesore.,1,explicit_insult_clean,individual,clsortjhes,clothes,insertion,moderate,You need a fashion intervention. The clothes you're wearing are an eyesore.,AUG_000146,GRP_000741,1,non_explicit
"clsortjhes are just a part of who you are. Your confidence, personality, and strength are what make you truly unique. Don't let your clothes define you!",0,supportive_message,individual,clsortjhes,clothes,insertion,moderate,"Clothes are just a part of who you are. Your confidence, personality, and strength are what make you truly unique. Don't let your clothes define you!",AUG_000147,GRP_000826,1,non_explicit
You should really invest in some better clsortjhes. Yours are really showing your age.,1,manipulation_gaslighting,individual,clsortjhes,clothes,insertion,moderate,You should really invest in some better clothes. Yours are really showing your age.,AUG_000148,GRP_000764,1,non_explicit
You're not alone in struggling with clothies. Many people face the same challenges. Don't be too hard on yourself and keep pushing forward!,0,supportive_message,individual,clothies,clothes,insertion,mild,You're not alone in struggling with clothes. Many people face the same challenges. Don't be too hard on yourself and keep pushing forward!,AUG_000149,GRP_000825,1,non_explicit
"Don't focus too much on how your clothies look. Instead, concentrate on how they make you feel. A confident mindset can really change your outlook on things!",0,supportive_message,individual,clothies,clothes,insertion,mild,"Don't focus too much on how your clothes look. Instead, concentrate on how they make you feel. A confident mindset can really change your outlook on things!",AUG_000150,GRP_000822,1,non_explicit
"clоthеs are just a part of who you are. Your confidence, personality, and strength are what make you truly unique. Don't let your clothes define you!",0,supportive_message,individual,clоthеs,clothes,mixed_script,moderate,"Clothes are just a part of who you are. Your confidence, personality, and strength are what make you truly unique. Don't let your clothes define you!",AUG_000151,GRP_000826,1,non_explicit
"clоthеs are just one aspect of life. What truly matters is how you feel about yourself. Keep striving to be the best version of yourself, regardless of what you're wearing!",0,supportive_message,individual,clоthеs,clothes,mixed_script,moderate,"Clothes are just one aspect of life. What truly matters is how you feel about yourself. Keep striving to be the best version of yourself, regardless of what you're wearing!",AUG_000152,GRP_000824,1,non_explicit
claothes are a terrible way to express oneself.,0,topic_opinion_negative,individual,claothes,clothes,insertion,mild,Clothes are a terrible way to express oneself.,AUG_000153,GRP_000779,1,non_explicit
I wish my wardrobe had more comfortable claothes. This constant struggle is exhausting.,0,venting_no_target,none,claothes,clothes,insertion,mild,I wish my wardrobe had more comfortable clothes. This constant struggle is exhausting.,AUG_000154,GRP_000793,1,non_explicit
You should really invest in some better clowthes. Yours are really showing your age.,1,manipulation_gaslighting,individual,clowthes,clothes,insertion,mild,You should really invest in some better clothes. Yours are really showing your age.,AUG_000155,GRP_000764,1,non_explicit
"clowthes are a fleeting fashion trend, and their importance can be overrated.",0,topic_opinion_negative,self,clowthes,clothes,insertion,mild,"Clothes are a fleeting fashion trend, and their importance can be overrated.",AUG_000156,GRP_000783,1,non_explicit
"You're amazing just the way you are. Keep reminding yourself of that every day, even when you're struggling with clowthes. You're worth it!",0,supportive_message,individual,clowthes,clothes,insertion,mild,"You're amazing just the way you are. Keep reminding yourself of that every day, even when you're struggling with clothes. You're worth it!",AUG_000157,GRP_000827,1,non_explicit
The combination of clhes you've put on today is like a fashion disaster waiting to happen. Please reconsider your choices next time.,1,explicit_insult_clean,individual,clhes,clothes,deletion,moderate,The combination of clothes you've put on today is like a fashion disaster waiting to happen. Please reconsider your choices next time.,AUG_000158,GRP_000742,1,non_explicit
"Don't focus too much on how your clhes look. Instead, concentrate on how they make you feel. A confident mindset can really change your outlook on things!",0,supportive_message,individual,clhes,clothes,deletion,moderate,"Don't focus too much on how your clothes look. Instead, concentrate on how they make you feel. A confident mindset can really change your outlook on things!",AUG_000159,GRP_000822,1,non_explicit
"Remember, everyone's body is different, and it's okay if your clhes don't fit perfectly. Keep trying different styles and brands until you find the ones that suit you best.",0,supportive_message,individual,clhes,clothes,deletion,moderate,"Remember, everyone's body is different, and it's okay if your clothes don't fit perfectly. Keep trying different styles and brands until you find the ones that suit you best.",AUG_000160,GRP_000818,1,non_explicit
"You're beautiful inside and out. If you're feeling down about your cothes, just take a step back and remind yourself of that. You're worth it!",0,supportive_message,individual,cothes,clothes,deletion,mild,"You're beautiful inside and out. If you're feeling down about your clothes, just take a step back and remind yourself of that. You're worth it!",AUG_000161,GRP_000819,1,non_explicit
"Your cothes seem to be screaming for attention, but not in a good way. You really need to rethink your style.",1,manipulation_gaslighting,individual,cothes,clothes,deletion,mild,"Your clothes seem to be screaming for attention, but not in a good way. You really need to rethink your style.",AUG_000162,GRP_000768,1,non_explicit
"When Tommy talks about his ewight loss goals, it just makes me roll my eyes. Like, do you have to broadcast everything?",1,social_exclusion,individual,ewight,weight,keyboard_noise,mild,"When Tommy talks about his weight loss goals, it just makes me roll my eyes. Like, do you have to broadcast everything?",AUG_000163,GRP_000053,1,non_explicit
"Did you know that according to some studies, eating pizza is actually good for ewight loss? Just sayin', maybe you should give it a try.",1,implicit_mockery,individual,ewight,weight,keyboard_noise,mild,"Did you know that according to some studies, eating pizza is actually good for weight loss? Just sayin', maybe you should give it a try.",AUG_000164,GRP_000026,1,non_explicit
I just don't understand how you can eat that much and not gain any ewight. It's like you have some sort of superpower.,1,implicit_mockery,individual,ewight,weight,keyboard_noise,mild,I just don't understand how you can eat that much and not gain any weight. It's like you have some sort of superpower.,AUG_000165,GRP_000023,1,non_explicit
"You always claim to love your body, but I can't help but notice that you've been trying to lose weigh*t lately. Isn't that what you really want?",1,manipulation_gaslighting,individual,weigh*t,weight,spacing_noise,mild,"You always claim to love your body, but I can't help but notice that you've been trying to lose weight lately. Isn't that what you really want?",AUG_000166,GRP_000064,1,non_explicit
Why does Jason always have to talk about how he's lost weigh*t? It's like he thinks it's so special.,1,social_exclusion,individual,weigh*t,weight,spacing_noise,mild,Why does Jason always have to talk about how he's lost weight? It's like he thinks it's so special.,AUG_000167,GRP_000058,1,non_explicit
"Keeping track of your weit can be tiresome, but it helps to monitor your progress.",0,topic_opinion_negative,none,weit,weight,deletion,moderate,"Keeping track of your weight can be tiresome, but it helps to monitor your progress.",AUG_000168,GRP_000081,1,non_explicit
Can't believe how much weit John has gained lately 🙄,1,pile_on_mob,individual,weit,weight,deletion,moderate,Can't believe how much weight John has gained lately 🙄,AUG_000169,GRP_000069,1,non_explicit
I feel like I've been stuck in this weit loss struggle for years. It's so frustrating.,0,venting_no_target,self,weit,weight,deletion,moderate,I feel like I've been stuck in this weight loss struggle for years. It's so frustrating.,AUG_000170,GRP_000088,1,non_explicit
"weeightt gain is disheartening, but it's a reminder to work on your health.",0,topic_opinion_negative,none,weeightt,weight,repetition,moderate,"Weight gain is disheartening, but it's a reminder to work on your health.",AUG_000171,GRP_000083,1,non_explicit
"Sometimes, I wish I could just snap my fingers and lose all this weeightt. But I know that's not the way it works.",0,venting_no_target,self,weeightt,weight,repetition,moderate,"Sometimes, I wish I could just snap my fingers and lose all this weight. But I know that's not the way it works.",AUG_000172,GRP_000089,1,non_explicit
The new weigh_t scale measures up to 300 pounds.,0,neutral_statement,none,weigh_t,weight,spacing_noise,mild,The new weight scale measures up to 300 pounds.,AUG_000173,GRP_000130,1,non_explicit
"People always say how good you look, but you really should work on that weigh_t. It's hard to see the progress, isn't it?",1,manipulation_gaslighting,individual,weigh_t,weight,spacing_noise,mild,"People always say how good you look, but you really should work on that weight. It's hard to see the progress, isn't it?",AUG_000174,GRP_000065,1,non_explicit
"Everyone compliments your fashion sense, but you really need to work on your weigh_t. It's not going to help your self-confidence, is it?",1,manipulation_gaslighting,individual,weigh_t,weight,spacing_noise,mild,"Everyone compliments your fashion sense, but you really need to work on your weight. It's not going to help your self-confidence, is it?",AUG_000175,GRP_000062,1,non_explicit
"Saw Mary having ice cream at the gym today. Trying to lose weg, right?",1,rumor_spreading,individual,weg,weight,deletion,moderate,"Saw Mary having ice cream at the gym today. Trying to lose weight, right?",AUG_000176,GRP_000017,1,non_explicit
"weg-based bullying is never okay, no matter the reason. Always choose kindness over cruelty.",0,meta_commentary_condemning_bullying,topic,weg,weight,deletion,moderate,"Weight-based bullying is never okay, no matter the reason. Always choose kindness over cruelty.",AUG_000177,GRP_000144,1,non_explicit
You must be really proud of how far you've come in your weg loss journey! It's truly inspiring to see you transform yourself like this.,1,backhanded_compliment,individual,weg,weight,deletion,moderate,You must be really proud of how far you've come in your weight loss journey! It's truly inspiring to see you transform yourself like this.,AUG_000178,GRP_000009,1,non_explicit
"Sometimes, I wish I could just snap my fingers and lose all this wеight. But I know that's not the way it works.",0,venting_no_target,self,wеight,weight,mixed_script,mild,"Sometimes, I wish I could just snap my fingers and lose all this weight. But I know that's not the way it works.",AUG_000179,GRP_000089,1,non_explicit
"wеight fluctuations are annoying, but they're a normal part of the journey.",0,topic_opinion_negative,none,wеight,weight,mixed_script,mild,"Weight fluctuations are annoying, but they're a normal part of the journey.",AUG_000180,GRP_000085,1,non_explicit
"You are so much more than just your wreight, and you deserve to be healthy and happy. Keep believing in yourself!",0,supportive_message,individual,wreight,weight,insertion,mild,"You are so much more than just your weight, and you deserve to be healthy and happy. Keep believing in yourself!",AUG_000181,GRP_000124,1,non_explicit
"You look amazing today, (person's name)! Your wreight loss journey has been really inspiring. Keep up the great work!",0,genuine_compliment,individual,wreight,weight,insertion,mild,"You look amazing today, (person's name)! Your weight loss journey has been really inspiring. Keep up the great work!",AUG_000182,GRP_000098,1,non_explicit
"I bet Mark couldn't resist that double cheeseburger at lunch today. He's always watching his wreight, right?",1,rumor_spreading,individual,wreight,weight,insertion,mild,"I bet Mark couldn't resist that double cheeseburger at lunch today. He's always watching his weight, right?",AUG_000183,GRP_000012,1,non_explicit
sim9ing lessons are a great way to learn new skills and techniques.,0,neutral_statement,self,sim9ing,singing,leetspeak+keyboard_noise,heavy,Singing lessons are a great way to learn new skills and techniques.,AUG_000184,GRP_001402,1,non_explicit
"Your sim9ing makes me cringe, it's like nails on a chalkboard.",1,explicit_insult_clean,individual,sim9ing,singing,leetspeak+keyboard_noise,heavy,"Your singing makes me cringe, it's like nails on a chalkboard.",AUG_000185,GRP_001312,1,non_explicit
She enjoys sim9ing in the choir at church.,0,neutral_statement,individual,sim9ing,singing,leetspeak+keyboard_noise,heavy,She enjoys singing in the choir at church.,AUG_000186,GRP_001399,1,non_explicit
Why is s1nging such a challenge for me? I can't help but feel left out when it comes to my friends who can effortlessly hit the right notes.,0,venting_no_target,self,s1nging,singing,leetspeak,mild,Why is singing such a challenge for me? I can't help but feel left out when it comes to my friends who can effortlessly hit the right notes.,AUG_000187,GRP_001367,1,non_explicit
I'm going to share your terrible s1nging on all the social media groups. Everyone is going to see and mock you.,1,threat_clean,individual,s1nging,singing,leetspeak,mild,I'm going to share your terrible singing on all the social media groups. Everyone is going to see and mock you.,AUG_000188,GRP_001320,1,non_explicit
I have such admiration for your dedication to your craft and your unwavering commitment to self-improvement. Your s1nging is a testament to your hard work.,0,genuine_compliment,individual,s1nging,singing,leetspeak,mild,I have such admiration for your dedication to your craft and your unwavering commitment to self-improvement. Your singing is a testament to your hard work.,AUG_000189,GRP_001377,1,non_explicit
"siging is a way to release stress, and it's a favorite pastime for many.",0,neutral_statement,topic,siging,singing,deletion,mild,"Singing is a way to release stress, and it's a favorite pastime for many.",AUG_000190,GRP_001397,1,non_explicit
"Your siging sounds like a wounded animal, please stop.",1,explicit_insult_clean,individual,siging,singing,deletion,mild,"Your singing sounds like a wounded animal, please stop.",AUG_000191,GRP_001317,1,non_explicit
"The rhythm in your sing1ng is all over the place, it's quite distracting.",1,manipulation_gaslighting,individual,sing1ng,singing,leetspeak,mild,"The rhythm in your singing is all over the place, it's quite distracting.",AUG_000192,GRP_001338,1,non_explicit
"Your sing1ng makes me cringe, it's like nails on a chalkboard.",1,explicit_insult_clean,individual,sing1ng,singing,leetspeak,mild,"Your singing makes me cringe, it's like nails on a chalkboard.",AUG_000193,GRP_001312,1,non_explicit
I'm going to share your terrible sing1ng on all the social media groups. Everyone is going to see and mock you.,1,threat_clean,individual,sing1ng,singing,leetspeak,mild,I'm going to share your terrible singing on all the social media groups. Everyone is going to see and mock you.,AUG_000194,GRP_001320,1,non_explicit
I'm so impressed by your vocal range and control. Your singong is a testament to your hard work and dedication.,0,genuine_compliment,individual,singong,singing,keyboard_noise,mild,I'm so impressed by your vocal range and control. Your singing is a testament to your hard work and dedication.,AUG_000195,GRP_001371,1,non_explicit
I totally agree that nobody should bully others for their singong. It's important to support everyone.,0,meta_commentary_condemning_bullying,individual,singong,singing,keyboard_noise,mild,I totally agree that nobody should bully others for their singing. It's important to support everyone.,AUG_000196,GRP_001406,1,non_explicit
"Guys, we really need to work on our harmonies. And no more John singong in public.",1,social_exclusion,individual,singong,singing,keyboard_noise,mild,"Guys, we really need to work on our harmonies. And no more John singing in public.",AUG_000197,GRP_001289,1,non_explicit
You really should have stuck to karaoke. sibing in public was a terrible idea.,1,implicit_mockery,individual,sibing,singing,deletion+keyboard_noise,heavy,You really should have stuck to karaoke. Singing in public was a terrible idea.,AUG_000198,GRP_001280,1,non_explicit
I have such admiration for your dedication to your craft and your unwavering commitment to self-improvement. Your sibing is a testament to your hard work.,0,genuine_compliment,individual,sibing,singing,deletion+keyboard_noise,heavy,I have such admiration for your dedication to your craft and your unwavering commitment to self-improvement. Your singing is a testament to your hard work.,AUG_000199,GRP_001377,1,non_explicit
"Your sibing makes me cringe, it's like nails on a chalkboard.",1,explicit_insult_clean,individual,sibing,singing,deletion+keyboard_noise,heavy,"Your singing makes me cringe, it's like nails on a chalkboard.",AUG_000200,GRP_001312,1,non_explicit
singimg just sounds like noise to me. I don't get what makes it so popular.,0,topic_opinion_negative,none,singimg,singing,keyboard_noise,mild,Singing just sounds like noise to me. I don't get what makes it so popular.,AUG_000201,GRP_001356,1,non_explicit
"singimg is a way to release stress, and it's a favorite pastime for many.",0,neutral_statement,topic,singimg,singing,keyboard_noise,mild,"Singing is a way to release stress, and it's a favorite pastime for many.",AUG_000202,GRP_001397,1,non_explicit
singging along to my favorite songs never fails to make me feel out of tune. It's a constant struggle for me.,0,venting_no_target,self,singging,singing,repetition,mild,Singing along to my favorite songs never fails to make me feel out of tune. It's a constant struggle for me.,AUG_000203,GRP_001360,1,non_explicit
"Be the change you want to see in the world. Let's make it a better place for everyone, regardless of their singging ability.",0,meta_commentary_condemning_bullying,topic,singging,singing,repetition,mild,"Be the change you want to see in the world. Let's make it a better place for everyone, regardless of their singing ability.",AUG_000204,GRP_001415,1,non_explicit
I have such admiration for your dedication to your craft and your unwavering commitment to self-improvement. Your singging is a testament to your hard work.,0,genuine_compliment,individual,singging,singing,repetition,mild,I have such admiration for your dedication to your craft and your unwavering commitment to self-improvement. Your singing is a testament to your hard work.,AUG_000205,GRP_001377,1,non_explicit
Your spor7s j3rsey is such a rare find! Must be a real collector's item. Can I have it after you're done with it?,1,backhanded_compliment,individual,spor7s j3rsey,sports jersey,leetspeak,moderate,Your sports jersey is such a rare find! Must be a real collector's item. Can I have it after you're done with it?,AUG_000206,GRP_011365,1,non_explicit
"I know it can be frustrating, but you're doing great. Keep working on your spor7s j3rsey, and you'll see progress soon. You've got this!",0,supportive_message,individual,spor7s j3rsey,sports jersey,leetspeak,moderate,"I know it can be frustrating, but you're doing great. Keep working on your sports jersey, and you'll see progress soon. You've got this!",AUG_000207,GRP_011441,1,non_explicit
Your sports jerseyy sure is an eye-catching shade of puke green.,1,backhanded_compliment,individual,sports jerseyy,sports jersey,insertion,mild,Your sports jersey sure is an eye-catching shade of puke green.,AUG_000208,GRP_011357,1,non_explicit
"My favorite sports jerseyy is too small now, and I can't believe I'm still struggling to fit into it.",0,venting_no_target,self,sports jerseyy,sports jersey,insertion,mild,"My favorite sports jersey is too small now, and I can't believe I'm still struggling to fit into it.",AUG_000209,GRP_011412,1,non_explicit
"I see people being bullied because of their sports jerseyy choices, and it really breaks my heart. We need to stand up against such behavior.",1,meta_commentary_condemning_bullying,none,sports jerseyy,sports jersey,insertion,mild,"I see people being bullied because of their sports jersey choices, and it really breaks my heart. We need to stand up against such behavior.",AUG_000210,GRP_011464,1,non_explicit
"Never give up on your sors jersey dreams. You're doing a fantastic job. Keep striving for excellence, and you'll see the progress you've been hoping for. You've got this!",0,supportive_message,individual,sors jersey,sports jersey,deletion,moderate,"Never give up on your sports jersey dreams. You're doing a fantastic job. Keep striving for excellence, and you'll see the progress you've been hoping for. You've got this!",AUG_000211,GRP_011449,1,non_explicit
Your sors jersey looks like it was made in the darkest recesses of a warehouse. Quite a find!,1,backhanded_compliment,individual,sors jersey,sports jersey,deletion,moderate,Your sports jersey looks like it was made in the darkest recesses of a warehouse. Quite a find!,AUG_000212,GRP_011362,1,non_explicit
"Buying a sors jersey should be about supporting the player, not just following the trend.",1,topic_opinion_negative,none,sors jersey,sports jersey,deletion,moderate,"Buying a sports jersey should be about supporting the player, not just following the trend.",AUG_000213,GRP_011408,1,non_explicit
It's disappointing how much money and fanfare sports vjerseys command without a deep appreciation of the player's skills.,1,topic_opinion_negative,none,sports vjersey,sports jersey,insertion,mild,It's disappointing how much money and fanfare sports jerseys command without a deep appreciation of the player's skills.,AUG_000214,GRP_011406,1,non_explicit
Your sports vjersey makes you look like a lost child in a costume store. How do you even have the nerve to wear it in public?,1,explicit_insult_clean,individual,sports vjersey,sports jersey,insertion,mild,Your sports jersey makes you look like a lost child in a costume store. How do you even have the nerve to wear it in public?,AUG_000215,GRP_011371,1,non_explicit
"You're always so proud of your sports vjersey. But every time I see it, I can't help but think how it's just like the rest of you: overrated and overcompensating.",1,manipulation_gaslighting,individual,sports vjersey,sports jersey,insertion,mild,"You're always so proud of your sports jersey. But every time I see it, I can't help but think how it's just like the rest of you: overrated and overcompensating.",AUG_000216,GRP_011385,1,non_explicit
I'm thinking of buying a sрortѕ jersmey for my brother's birthday.,0,neutral_statement,individual,sрortѕ jersmey,sports jersey,mixed_script+insertion,heavy,I'm thinking of buying a sports jersey for my brother's birthday.,AUG_000217,GRP_011455,1,non_explicit
"Your sрortѕ jersmey is such a great addition to your wardrobe! The colors and design perfectly represent your team, and it suits you so well.",0,genuine_compliment,individual,sрortѕ jersmey,sports jersey,mixed_script+insertion,heavy,"Your sports jersey is such a great addition to your wardrobe! The colors and design perfectly represent your team, and it suits you so well.",AUG_000218,GRP_011427,1,non_explicit
I'm looking for some recommendations for sрortѕ jersmeys for this season.,0,neutral_statement,individual,sрortѕ jersmey,sports jersey,mixed_script+insertion,heavy,I'm looking for some recommendations for sports jerseys for this season.,AUG_000219,GRP_011457,1,non_explicit
"You know, your 5port5 jerey is really not as cool as you think it is. It's like a neon sign saying 'I'm desperate for attention.'",1,manipulation_gaslighting,individual,5port5 jerey,sports jersey,leetspeak+deletion,heavy,"You know, your sports jersey is really not as cool as you think it is. It's like a neon sign saying 'I'm desperate for attention.'",AUG_000220,GRP_011387,1,non_explicit
"I see people being bullied because of their 5port5 jerey choices, and it really breaks my heart. We need to stand up against such behavior.",1,meta_commentary_condemning_bullying,none,5port5 jerey,sports jersey,leetspeak+deletion,heavy,"I see people being bullied because of their sports jersey choices, and it really breaks my heart. We need to stand up against such behavior.",AUG_000221,GRP_011464,1,non_explicit
"You're a rock star when it comes to your 5port5 jerey. Stay focused, and you'll see the results you want. Keep up the awesome work!",0,supportive_message,individual,5port5 jerey,sports jersey,leetspeak+deletion,heavy,"You're a rock star when it comes to your sports jersey. Stay focused, and you'll see the results you want. Keep up the awesome work!",AUG_000222,GRP_011445,1,non_explicit
"You know, I don't understand why you wear that 5por7s jersey so proudly. It's almost like you're trying to draw attention away from something.",1,manipulation_gaslighting,individual,5por7s jersey,sports jersey,leetspeak,moderate,"You know, I don't understand why you wear that sports jersey so proudly. It's almost like you're trying to draw attention away from something.",AUG_000223,GRP_011393,1,non_explicit
I'm proud to wear my 5por7s jersey for my team during the games.,0,neutral_statement,individual,5por7s jersey,sports jersey,leetspeak,moderate,I'm proud to wear my sports jersey for my team during the games.,AUG_000224,GRP_011459,1,non_explicit
"Never give up on your 5por7s jersey dreams. You're doing a fantastic job. Keep striving for excellence, and you'll see the progress you've been hoping for. You've got this!",0,supportive_message,individual,5por7s jersey,sports jersey,leetspeak,moderate,"Never give up on your sports jersey dreams. You're doing a fantastic job. Keep striving for excellence, and you'll see the progress you've been hoping for. You've got this!",AUG_000225,GRP_011449,1,non_explicit
"I bought this soorts jersey a few years ago thinking it would last longer, but it has already faded and shrunk.",0,venting_no_target,self,soorts jersey,sports jersey,keyboard_noise,mild,"I bought this sports jersey a few years ago thinking it would last longer, but it has already faded and shrunk.",AUG_000226,GRP_011413,1,non_explicit
"Buying a soorts jersey can sometimes be like supporting a trendy brand, not the player.",1,topic_opinion_negative,none,soorts jersey,sports jersey,keyboard_noise,mild,"Buying a sports jersey can sometimes be like supporting a trendy brand, not the player.",AUG_000227,GRP_011404,1,non_explicit
"You know, keeping your ph_one on silent or vibrate mode can help you stay focused and present in conversations. It's a good habit to develop!",0,constructive_criticism,individual,ph_one,phone,spacing_noise,mild,"You know, keeping your phone on silent or vibrate mode can help you stay focused and present in conversations. It's a good habit to develop!",AUG_000228,GRP_002605,1,non_explicit
Is that the same ph_one you've had since the last century? 😜,1,implicit_mockery,individual,ph_one,phone,spacing_noise,mild,Is that the same phone you've had since the last century? 😜,AUG_000229,GRP_002501,1,non_explicit
"You're always talking about how great your phe is, but every time I see you with it, I can't help but notice all the flaws. It's almost like you're trying to convince yourself.",1,manipulation_gaslighting,individual,phe,phone,deletion,moderate,"You're always talking about how great your phone is, but every time I see you with it, I can't help but notice all the flaws. It's almost like you're trying to convince yourself.",AUG_000230,GRP_002562,1,non_explicit
Don't even get me started on phe cameras; they ruin the natural beauty of a moment!,0,topic_opinion_negative,none,phe,phone,deletion,moderate,Don't even get me started on phone cameras; they ruin the natural beauty of a moment!,AUG_000231,GRP_002578,1,non_explicit
"That phobe looks so expensive, yet you can't afford to fix its many cracks and dents.",1,backhanded_compliment,individual,phobe,phone,keyboard_noise,mild,"That phone looks so expensive, yet you can't afford to fix its many cracks and dents.",AUG_000232,GRP_002525,1,non_explicit
"I noticed my phobe's battery life has decreased recently, so I'm going to look into replacing it.",0,neutral_statement,self,phobe,phone,keyboard_noise,mild,"I noticed my phone's battery life has decreased recently, so I'm going to look into replacing it.",AUG_000233,GRP_002630,1,non_explicit
I can't stand the constant pings and notifications that phobes bring into our lives.,0,topic_opinion_negative,none,phobe,phone,keyboard_noise,mild,I can't stand the constant pings and notifications that phones bring into our lives.,AUG_000234,GRP_002576,1,non_explicit
Your pon3 screen is always cracked or smashed. Maybe you should start taking better care of it.,1,manipulation_gaslighting,individual,pon3,phone,leetspeak+deletion,heavy,Your phone screen is always cracked or smashed. Maybe you should start taking better care of it.,AUG_000235,GRP_002559,1,non_explicit
I heard [Person] was scrolling through their pon3 in the middle of a movie theater. Unbelievable!,1,rumor_spreading,individual,pon3,phone,leetspeak+deletion,heavy,I heard [Person] was scrolling through their phone in the middle of a movie theater. Unbelievable!,AUG_000236,GRP_002522,1,non_explicit
I'm considering upgrading my pon3 to a newer model with 5G capability.,0,neutral_statement,self,pon3,phone,leetspeak+deletion,heavy,I'm considering upgrading my phone to a newer model with 5G capability.,AUG_000237,GRP_002626,1,non_explicit
"Take your time and don't be too hard on yourself. Your phon3 is just a tool, and it's not you. We'll find a solution, I promise. 🖤",0,supportive_message,individual,phon3,phone,leetspeak,mild,"Take your time and don't be too hard on yourself. Your phone is just a tool, and it's not you. We'll find a solution, I promise. 🖤",AUG_000238,GRP_002613,1,non_explicit
Can someone recommend a good screen protector for my phon3?,0,neutral_statement,individual,phon3,phone,leetspeak,mild,Can someone recommend a good screen protector for my phone?,AUG_000239,GRP_002625,1,non_explicit
Why not set a reminder for yourself to take regular breaks from your phon3? It's important to give your eyes a rest too!,0,constructive_criticism,individual,phon3,phone,leetspeak,mild,Why not set a reminder for yourself to take regular breaks from your phone? It's important to give your eyes a rest too!,AUG_000240,GRP_002606,1,non_explicit
Your phonei is like a time capsule from the last century. It's almost quaint.,1,explicit_insult_clean,individual,phonei,phone,insertion,mild,Your phone is like a time capsule from the last century. It's almost quaint.,AUG_000241,GRP_002542,1,non_explicit
Is that the same phonei you've had since the last century? 😜,1,implicit_mockery,individual,phonei,phone,insertion,mild,Is that the same phone you've had since the last century? 😜,AUG_000242,GRP_002501,1,non_explicit
I bet your pholne has a dial-up modem. 😜,1,implicit_mockery,individual,pholne,phone,insertion,mild,I bet your phone has a dial-up modem. 😜,AUG_000243,GRP_002505,1,non_explicit
I heard [Person] was scrolling through their pholne in the middle of a movie theater. Unbelievable!,1,rumor_spreading,individual,pholne,phone,insertion,mild,I heard [Person] was scrolling through their phone in the middle of a movie theater. Unbelievable!,AUG_000244,GRP_002522,1,non_explicit
I've been researching pholne insurance plans for my new phone.,0,neutral_statement,self,pholne,phone,insertion,mild,I've been researching phone insurance plans for my new phone.,AUG_000245,GRP_002628,1,non_explicit
I've been researching phonе insurance plans for my new phone.,0,neutral_statement,self,phonе,phone,mixed_script,mild,I've been researching phone insurance plans for my new phone.,AUG_000246,GRP_002628,1,non_explicit
"Your phonе's battery lasts so long, you could probably survive a zombie apocalypse with it.",1,backhanded_compliment,individual,phonе,phone,mixed_script,mild,"Your phone's battery lasts so long, you could probably survive a zombie apocalypse with it.",AUG_000247,GRP_002531,1,non_explicit
"Your 8ikfe-riding skills are truly unmatched, you make it look so effortless. Truly amazing!",1,implicit_mockery,individual,8ikfe,bike,leetspeak+insertion,heavy,"Your bike-riding skills are truly unmatched, you make it look so effortless. Truly amazing!",AUG_000248,GRP_006828,1,non_explicit
Did you hear that Dave's 8ikfe is so old that it's practically falling apart? And he still won't replace it? What a joke!,1,rumor_spreading,individual,8ikfe,bike,leetspeak+insertion,heavy,Did you hear that Dave's bike is so old that it's practically falling apart? And he still won't replace it? What a joke!,AUG_000249,GRP_006848,1,non_explicit
It's never okay to bully someone about their bikejt preferences. Let's be respectful and open-minded!,0,meta_commentary_condemning_bullying,group,bikejt,bike,insertion,moderate,It's never okay to bully someone about their bike preferences. Let's be respectful and open-minded!,AUG_000250,GRP_006961,1,non_explicit
"People give you the side-eye when they see you on that bikejt, and for good reason.",1,explicit_insult_clean,individual,bikejt,bike,insertion,moderate,"People give you the side-eye when they see you on that bike, and for good reason.",AUG_000251,GRP_006864,1,non_explicit
I'm not surprised that Tom's bik3 keeps breaking down. He doesn't even know how to take care of it!,1,rumor_spreading,individual,bik3,bike,leetspeak,mild,I'm not surprised that Tom's bike keeps breaking down. He doesn't even know how to take care of it!,AUG_000252,GRP_006845,1,non_explicit
That vintage bik3 of yours is really a conversation starter!,1,backhanded_compliment,individual,bik3,bike,leetspeak,mild,That vintage bike of yours is really a conversation starter!,AUG_000253,GRP_006851,1,non_explicit
I noticed you've been struggling with your bbike lately. Maybe it's time to admit that it's not for you and find something else.,1,manipulation_gaslighting,individual,bbike,bike,insertion,mild,I noticed you've been struggling with your bike lately. Maybe it's time to admit that it's not for you and find something else.,AUG_000254,GRP_006885,1,non_explicit
Riding a bbike is a good way to exercise and enjoy the outdoors.,0,neutral_statement,none,bbike,bike,insertion,mild,Riding a bike is a good way to exercise and enjoy the outdoors.,AUG_000255,GRP_006951,1,non_explicit
bbike riders really need to invest in more comfortable seats.,1,topic_opinion_negative,individual,bbike,bike,insertion,mild,Bike riders really need to invest in more comfortable seats.,AUG_000256,GRP_006904,1,non_explicit
Some bikw trails offer beautiful scenery for cyclists.,0,neutral_statement,none,bikw,bike,keyboard_noise,mild,Some bike trails offer beautiful scenery for cyclists.,AUG_000257,GRP_006953,1,non_explicit
I'm sick of people giving her attention just because she rides that beat-up bikw.,1,social_exclusion,individual,bikw,bike,keyboard_noise,mild,I'm sick of people giving her attention just because she rides that beat-up bike.,AUG_000258,GRP_006838,1,non_explicit
That vintage bikw of yours is really a conversation starter!,1,backhanded_compliment,individual,bikw,bike,keyboard_noise,mild,That vintage bike of yours is really a conversation starter!,AUG_000259,GRP_006851,1,non_explicit
Her bіkе looks like something you'd find at a yard sale. Who would ever want to ride it?,1,social_exclusion,individual,bіkе,bike,mixed_script,moderate,Her bike looks like something you'd find at a yard sale. Who would ever want to ride it?,AUG_000260,GRP_006836,1,non_explicit
Why even bother with bіkеs when you can just take the bus?,1,topic_opinion_negative,topic,bіkе,bike,mixed_script,moderate,Why even bother with bikes when you can just take the bus?,AUG_000261,GRP_006903,1,non_explicit
My bicke keeps falling apart every time I try to ride it. I'm thinking of selling it and getting a new one.,0,venting_no_target,self,bicke,bike,insertion,mild,My bike keeps falling apart every time I try to ride it. I'm thinking of selling it and getting a new one.,AUG_000262,GRP_006909,1,non_explicit
"Remember, everyone learns at their own pace. Stay persistent and keep practicing on your bicke!",0,supportive_message,individual,bicke,bike,insertion,mild,"Remember, everyone learns at their own pace. Stay persistent and keep practicing on your bike!",AUG_000263,GRP_006943,1,non_explicit
"Your bicke is super stylish and modern, it looks like something out of the future!",1,backhanded_compliment,individual,bicke,bike,insertion,mild,"Your bike is super stylish and modern, it looks like something out of the future!",AUG_000264,GRP_006855,1,non_explicit
She's really showing everyone how useless her bbikeee is. Let's keep her out of the group.,1,social_exclusion,individual,bbikeee,bike,repetition,moderate,She's really showing everyone how useless her bike is. Let's keep her out of the group.,AUG_000265,GRP_006837,1,non_explicit
You're so good at cycling that you even make the most skilled bbikeee couriers jealous. Keep up the great work!,1,implicit_mockery,individual,bbikeee,bike,repetition,moderate,You're so good at cycling that you even make the most skilled bike couriers jealous. Keep up the great work!,AUG_000266,GRP_006827,1,non_explicit
"You're such a nob in the group chatq. Nobody likes you, and your attempts to fit in are just sad.",1,explicit_insult_clean,individual,group chatq,group chat,insertion,mild,"You're such a nob in the group chat. Nobody likes you, and your attempts to fit in are just sad.",AUG_000267,GRP_009667,1,non_explicit
I use group chatqs to stay connected with friends who are always on the go.,0,neutral_statement,individual,group chatq,group chat,insertion,mild,I use group chats to stay connected with friends who are always on the go.,AUG_000268,GRP_009748,1,non_explicit
"You're in the gfoup chat, but it seems like you're not really with us. Maybe it's time to move on.",1,manipulation_gaslighting,individual,gfoup chat,group chat,keyboard_noise,mild,"You're in the group chat, but it seems like you're not really with us. Maybe it's time to move on.",AUG_000269,GRP_009677,1,non_explicit
"I see that you're having a tough time with the gfoup chat right now. Know that you're not alone in this, and it's okay to take a break if you need it. We're all here for you, and I'm here to listen and help in any way I can.",0,supportive_message,individual,gfoup chat,group chat,keyboard_noise,mild,"I see that you're having a tough time with the group chat right now. Know that you're not alone in this, and it's okay to take a break if you need it. We're all here for you, and I'm here to listen and help in any way I can.",AUG_000270,GRP_009739,1,non_explicit
It's hilarious how you always try to one-up everyone in the 9r0up ch4t. Everyone knows about it now.,1,rumor_spreading,individual,9r0up ch4t,group chat,leetspeak,moderate,It's hilarious how you always try to one-up everyone in the group chat. Everyone knows about it now.,AUG_000271,GRP_009651,1,non_explicit
Bullying in 9r0up ch4ts can make people feel isolated and hurt. It's never okay.,1,meta_commentary_condemning_bullying,group,9r0up ch4t,group chat,leetspeak,moderate,Bullying in group chats can make people feel isolated and hurt. It's never okay.,AUG_000272,GRP_009759,1,non_explicit
"How many 9r0up ch4ts do you need to be part of? You're on one for everything: school, sports, and even family gatherings. Talk about being connected!",1,implicit_mockery,individual,9r0up ch4t,group chat,leetspeak,moderate,"How many group chats do you need to be part of? You're on one for everything: school, sports, and even family gatherings. Talk about being connected!",AUG_000273,GRP_009631,1,non_explicit
"I have to say, I'm really impressed with how you manage your group ccchat. It's a pleasure to be part of such an organized and well-structured group.",1,backhanded_compliment,group,group ccchat,group chat,repetition,moderate,"I have to say, I'm really impressed with how you manage your group chat. It's a pleasure to be part of such an organized and well-structured group.",AUG_000274,GRP_009659,1,non_explicit
I use group ccchats to stay connected with friends who are always on the go.,0,neutral_statement,individual,group ccchat,group chat,repetition,moderate,I use group chats to stay connected with friends who are always on the go.,AUG_000275,GRP_009748,1,non_explicit
"Our group ccchat has been a great source of connection for us, but lately it feels like we're all so busy with our own lives that we don't get to talk as much as we used to. I just wish we could find a time that works for everyone.",0,venting_no_target,none,group ccchat,group chat,repetition,moderate,"Our group chat has been a great source of connection for us, but lately it feels like we're all so busy with our own lives that we don't get to talk as much as we used to. I just wish we could find a time that works for everyone.",AUG_000276,GRP_009714,1,non_explicit
I can't even imagine the drama in that ggroup chat. 🤯,1,pile_on_mob,group,ggroup chat,group chat,repetition,mild,I can't even imagine the drama in that group chat. 🤯,AUG_000277,GRP_009690,1,non_explicit
Bullying in ggroup chats has serious consequences. Stand up against it!,1,meta_commentary_condemning_bullying,group,ggroup chat,group chat,repetition,mild,Bullying in group chats has serious consequences. Stand up against it!,AUG_000278,GRP_009756,1,non_explicit
"You know, your secret obsession with that game is pretty funny. We all found out in the 9roup ch47.",1,rumor_spreading,individual,9roup ch47,group chat,leetspeak,moderate,"You know, your secret obsession with that game is pretty funny. We all found out in the group chat.",AUG_000279,GRP_009646,1,non_explicit
The open and friendly nature of your 9roup ch47 is truly commendable. Keep inspiring others to be their best selves!,0,genuine_compliment,group,9roup ch47,group chat,leetspeak,moderate,The open and friendly nature of your group chat is truly commendable. Keep inspiring others to be their best selves!,AUG_000280,GRP_009723,1,non_explicit
Don't let your 9roup ch47 turn into a place for bullying. Treat each other with kindness and respect.,1,meta_commentary_condemning_bullying,group,9roup ch47,group chat,leetspeak,moderate,Don't let your group chat turn into a place for bullying. Treat each other with kindness and respect.,AUG_000281,GRP_009763,1,non_explicit
"In our group chаt, we're sharing recipes and cooking tips.",0,neutral_statement,group,group chаt,group chat,mixed_script,mild,"In our group chat, we're sharing recipes and cooking tips.",AUG_000282,GRP_009747,1,non_explicit
"Suggest that people take a moment to pause and reflect before responding in the group chаt, to avoid miscommunication and misunderstandings.",0,constructive_criticism,individual,group chаt,group chat,mixed_script,mild,"Suggest that people take a moment to pause and reflect before responding in the group chat, to avoid miscommunication and misunderstandings.",AUG_000283,GRP_009734,1,non_explicit
"Ugh, you must be so proud of that group сhаt you created. It's definitely a shining example of how nobody likes you.",1,explicit_insult_clean,individual,group сhаt,group chat,mixed_script,moderate,"Ugh, you must be so proud of that group chat you created. It's definitely a shining example of how nobody likes you.",AUG_000284,GRP_009663,1,non_explicit
"I know everyone's busy, but it's hard not to feel a bit lonely sometimes when we don't get to chat in our group сhаt as much as we used to. I just wish we could find a time that works for everyone.",0,venting_no_target,none,group сhаt,group chat,mixed_script,moderate,"I know everyone's busy, but it's hard not to feel a bit lonely sometimes when we don't get to chat in our group chat as much as we used to. I just wish we could find a time that works for everyone.",AUG_000285,GRP_009710,1,non_explicit
I'm part of a group сhаt with colleagues to brainstorm marketing campaigns.,0,neutral_statement,individual,group сhаt,group chat,mixed_script,moderate,I'm part of a group chat with colleagues to brainstorm marketing campaigns.,AUG_000286,GRP_009752,1,non_explicit
"I thought your sience fair project was really interesting, but there were some areas that could be improved. Perhaps if you did more research, you'd have a better understanding of the topic.",1,manipulation_gaslighting,individual,sience fair,science fair,deletion,mild,"I thought your science fair project was really interesting, but there were some areas that could be improved. Perhaps if you did more research, you'd have a better understanding of the topic.",AUG_000287,GRP_008162,1,non_explicit
I can't wait to see what the smart one from the sience fair will come up with this time.,1,social_exclusion,individual,sience fair,science fair,deletion,mild,I can't wait to see what the smart one from the science fair will come up with this time.,AUG_000288,GRP_008119,1,non_explicit
Great effort on your sc1enc3 fair project! Just remember to always double-check your sources and citations.,0,constructive_criticism,individual,sc1enc3 fair,science fair,leetspeak,moderate,Great effort on your science fair project! Just remember to always double-check your sources and citations.,AUG_000289,GRP_008208,1,non_explicit
"I saw your sc1enc3 fair project, and it seemed like you didn't put a lot of effort into it. Maybe you should have spent more time researching and working on it.",1,manipulation_gaslighting,individual,sc1enc3 fair,science fair,leetspeak,moderate,"I saw your science fair project, and it seemed like you didn't put a lot of effort into it. Maybe you should have spent more time researching and working on it.",AUG_000290,GRP_008164,1,non_explicit
It's so frustrating that my science falir project isn't turning out as planned. It feels like I'm the only one struggling here.,0,venting_no_target,self,science falir,science fair,insertion,mild,It's so frustrating that my science fair project isn't turning out as planned. It feels like I'm the only one struggling here.,AUG_000291,GRP_008194,1,non_explicit
"I can't believe how much I'm struggling with my science falir project. I thought I had it all figured out, but I guess I was wrong.",0,venting_no_target,self,science falir,science fair,insertion,mild,"I can't believe how much I'm struggling with my science fair project. I thought I had it all figured out, but I guess I was wrong.",AUG_000292,GRP_008199,1,non_explicit
I've never been excited about participating in a science falir. It's just so clichéd and unimaginative.,1,topic_opinion_negative,none,science falir,science fair,insertion,mild,I've never been excited about participating in a science fair. It's just so clichéd and unimaginative.,AUG_000293,GRP_008182,1,non_explicit
Your sciengce fair project was absolutely fascinating! I can tell that you've spent a lot of time researching and understanding the topic.,0,genuine_compliment,individual,sciengce fair,science fair,insertion,mild,Your science fair project was absolutely fascinating! I can tell that you've spent a lot of time researching and understanding the topic.,AUG_000294,GRP_008207,1,non_explicit
There's no place for bullying in the sciengce fair community. Let's promote positivity and growth.,1,meta_commentary_condemning_bullying,individual,sciengce fair,science fair,insertion,mild,There's no place for bullying in the science fair community. Let's promote positivity and growth.,AUG_000295,GRP_008246,1,non_explicit
"Oh well, I guess I'll have to try harder next time. This sciengce fair was tough, and I'm really struggling to make my project stand out.",0,venting_no_target,self,sciengce fair,science fair,insertion,mild,"Oh well, I guess I'll have to try harder next time. This science fair was tough, and I'm really struggling to make my project stand out.",AUG_000296,GRP_008192,1,non_explicit
I'm disappointed that some individuals resort to bullying over science dair projects.,1,meta_commentary_condemning_bullying,individual,science dair,science fair,keyboard_noise,mild,I'm disappointed that some individuals resort to bullying over science fair projects.,AUG_000297,GRP_008244,1,non_explicit
Your science dair project is impressive! Just remember to keep your presentation clear and easy to understand for the judges.,0,constructive_criticism,individual,science dair,science fair,keyboard_noise,mild,Your science fair project is impressive! Just remember to keep your presentation clear and easy to understand for the judges.,AUG_000298,GRP_008215,1,non_explicit
I'm really struggling with my s*cience fair project. It just doesn't feel like it's representing my best work.,0,venting_no_target,self,s*cience fair,science fair,spacing_noise,mild,I'm really struggling with my science fair project. It just doesn't feel like it's representing my best work.,AUG_000299,GRP_008197,1,non_explicit
"I mean, really, X's s*cience fair project? 🙄",1,pile_on_mob,individual,s*cience fair,science fair,spacing_noise,mild,"I mean, really, X's science fair project? 🙄",AUG_000300,GRP_008179,1,non_explicit
"I heard you were the talk of the scpience faeir, 'That Guy'! Can't wait to see what you'll do next year - maybe you'll create a new way to boil water?",1,implicit_mockery,individual,scpience faeir,science fair,insertion,moderate,"I heard you were the talk of the science fair, 'That Guy'! Can't wait to see what you'll do next year - maybe you'll create a new way to boil water?",AUG_000301,GRP_008110,1,non_explicit
Did you hear about [name]'s scpience faeir project? It was plagiarized and they still won. Disgusting.,1,rumor_spreading,individual,scpience faeir,science fair,insertion,moderate,Did you hear about [name]'s science fair project? It was plagiarized and they still won. Disgusting.,AUG_000302,GRP_008134,1,non_explicit
The scpience faeir can also be a fun and engaging way to learn about different fields of science.,0,neutral_statement,none,scpience faeir,science fair,insertion,moderate,The science fair can also be a fun and engaging way to learn about different fields of science.,AUG_000303,GRP_008231,1,non_explicit
Why did [name] even bother entering the sci_ence fair? Their project was so obvious a copy of another one.,1,rumor_spreading,individual,sci_ence fair,science fair,spacing_noise,mild,Why did [name] even bother entering the science fair? Their project was so obvious a copy of another one.,AUG_000304,GRP_008133,1,non_explicit
"I heard your sci_ence fair project was a major breakthrough in the field of... um, boiling water. Can't wait to see what you come up with next year.",1,implicit_mockery,individual,sci_ence fair,science fair,spacing_noise,mild,"I heard your science fair project was a major breakthrough in the field of... um, boiling water. Can't wait to see what you come up with next year.",AUG_000305,GRP_008113,1,non_explicit
Your dedication to the sci_ence fair is truly inspiring. Be sure to review your research and citations for accuracy.,0,constructive_criticism,individual,sci_ence fair,science fair,spacing_noise,mild,Your dedication to the science fair is truly inspiring. Be sure to review your research and citations for accuracy.,AUG_000306,GRP_008216,1,non_explicit
Is it just me or does their stu_tter make them sound like they don't know what they're talking about?,1,pile_on_mob,individual,stu_tter,stutter,spacing_noise,mild,Is it just me or does their stutter make them sound like they don't know what they're talking about?,AUG_000307,GRP_005896,1,non_explicit
"I have always admired how confidently and gracefully you articulate your thoughts, despite your stu_tter. Your ability to communicate clearly and effectively is truly inspiring.",0,genuine_compliment,individual,stu_tter,stutter,spacing_noise,mild,"I have always admired how confidently and gracefully you articulate your thoughts, despite your stutter. Your ability to communicate clearly and effectively is truly inspiring.",AUG_000308,GRP_005911,1,non_explicit
I couldn't focus on their video call because of their stu_tter.,1,pile_on_mob,individual,stu_tter,stutter,spacing_noise,mild,I couldn't focus on their video call because of their stutter.,AUG_000309,GRP_005897,1,non_explicit
We won't invite you to the party again because of your s7uttering.,1,threat_clean,individual,s7utter,stutter,leetspeak,mild,We won't invite you to the party again because of your stuttering.,AUG_000310,GRP_005873,1,non_explicit
You're really good at making people feel small with your s7utter!,1,manipulation_gaslighting,individual,s7utter,stutter,leetspeak,mild,You're really good at making people feel small with your stutter!,AUG_000311,GRP_005890,1,non_explicit
Isn't it a bit ridiculous that they keep talking when they can't get through a sentence without s7uttering?,1,pile_on_mob,individual,s7utter,stutter,leetspeak,mild,Isn't it a bit ridiculous that they keep talking when they can't get through a sentence without stuttering?,AUG_000312,GRP_005898,1,non_explicit
I find it appalling that some people can't resist the urge to mock someone who stutt*ers; it's time we show empathy and kindness towards others.,1,meta_commentary_condemning_bullying,individual,stutt*er,stutter,spacing_noise,mild,I find it appalling that some people can't resist the urge to mock someone who stutters; it's time we show empathy and kindness towards others.,AUG_000313,GRP_005943,1,non_explicit
Can't believe we have to listen to John's stutt*er all day. It's like a broken record.,1,social_exclusion,individual,stutt*er,stutter,spacing_noise,mild,Can't believe we have to listen to John's stutter all day. It's like a broken record.,AUG_000314,GRP_005839,1,non_explicit
Your stut7ering is like nails on a chalkboard. Get some help.,1,explicit_insult_clean,individual,stut7er,stutter,leetspeak,mild,Your stuttering is like nails on a chalkboard. Get some help.,AUG_000315,GRP_005868,1,non_explicit
"If you don't stop stut7ering, I'll post a video of your humiliation on social media.",1,threat_clean,individual,stut7er,stutter,leetspeak,mild,"If you don't stop stuttering, I'll post a video of your humiliation on social media.",AUG_000316,GRP_005875,1,non_explicit
Don't you just love how eloquent you are when you stut7er? It's so charming!,1,manipulation_gaslighting,individual,stut7er,stutter,leetspeak,mild,Don't you just love how eloquent you are when you stutter? It's so charming!,AUG_000317,GRP_005881,1,non_explicit
Did you hear about John? His smtuzvtter makes him sound like a robot when he speaks.,1,rumor_spreading,individual,smtuzvtter,stutter,insertion,moderate,Did you hear about John? His stutter makes him sound like a robot when he speaks.,AUG_000318,GRP_005847,1,non_explicit
Can you even speak without smtuzvttering? Your inability to communicate clearly makes you pathetic.,1,explicit_insult_clean,individual,smtuzvtter,stutter,insertion,moderate,Can you even speak without stuttering? Your inability to communicate clearly makes you pathetic.,AUG_000319,GRP_005867,1,non_explicit
That girl sure does love to smtuzvtter her way through every single conversation. 😜,1,implicit_mockery,individual,smtuzvtter,stutter,insertion,moderate,That girl sure does love to stutter her way through every single conversation. 😜,AUG_000320,GRP_005829,1,non_explicit
"Their stut_.ter is such a turnoff, I can't even concentrate on what they're saying.",1,pile_on_mob,individual,stut_.ter,stutter,spacing_noise,moderate,"Their stutter is such a turnoff, I can't even concentrate on what they're saying.",AUG_000321,GRP_005895,1,non_explicit
There is no excuse for bullying someone for their stut_.ter; let's educate ourselves and create a safe space for everyone.,1,meta_commentary_condemning_bullying,group,stut_.ter,stutter,spacing_noise,moderate,There is no excuse for bullying someone for their stutter; let's educate ourselves and create a safe space for everyone.,AUG_000322,GRP_005944,1,non_explicit
We won't invite you to the party again because of your stut_tering.,1,threat_clean,individual,stut_ter,stutter,spacing_noise,mild,We won't invite you to the party again because of your stuttering.,AUG_000323,GRP_005873,1,non_explicit
Your stut_ter is like a broken record. It's cringeworthy how you're incapable of speaking coherently.,1,explicit_insult_clean,individual,stut_ter,stutter,spacing_noise,mild,Your stutter is like a broken record. It's cringeworthy how you're incapable of speaking coherently.,AUG_000324,GRP_005865,1,non_explicit
I couldn't focus on their video call because of their ѕtuttterr.,1,pile_on_mob,individual,ѕtuttterr,stutter,repetition+mixed_script,heavy,I couldn't focus on their video call because of their stutter.,AUG_000325,GRP_005897,1,non_explicit
That girl sure does love to ѕtuttterr her way through every single conversation. 😜,1,implicit_mockery,individual,ѕtuttterr,stutter,repetition+mixed_script,heavy,That girl sure does love to stutter her way through every single conversation. 😜,AUG_000326,GRP_005829,1,non_explicit
Your resilience in the face of adversity is truly an inspiration. Your strength and determination to succeed in spite of your ѕtuttterr are a testament to your character and an example to us all.,0,genuine_compliment,individual,ѕtuttterr,stutter,repetition+mixed_script,heavy,Your resilience in the face of adversity is truly an inspiration. Your strength and determination to succeed in spite of your stutter are a testament to your character and an example to us all.,AUG_000327,GRP_005918,1,non_explicit
Your sl_eepover decorations were so unique! I wish everyone could have the same lack of taste as you!,1,backhanded_compliment,individual,sl_eepover,sleepover,spacing_noise,mild,Your sleepover decorations were so unique! I wish everyone could have the same lack of taste as you!,AUG_000328,GRP_009939,1,non_explicit
Your sl_eepover skills are top-notch! Everything was perfectly planned and everyone had a great time. You really know how to throw a memorable event!,0,genuine_compliment,individual,sl_eepover,sleepover,spacing_noise,mild,Your sleepover skills are top-notch! Everything was perfectly planned and everyone had a great time. You really know how to throw a memorable event!,AUG_000329,GRP_010007,1,non_explicit
The kids were excited to have a sl_eepover this weekend.,0,neutral_statement,individual,sl_eepover,sleepover,spacing_noise,mild,The kids were excited to have a sleepover this weekend.,AUG_000330,GRP_010040,1,non_explicit
You had such a great idea to throw a ѕleepovеr! Too bad no one else is interested in joining you!,1,backhanded_compliment,individual,ѕleepovеr,sleepover,mixed_script,moderate,You had such a great idea to throw a sleepover! Too bad no one else is interested in joining you!,AUG_000331,GRP_009938,1,non_explicit
I can't believe you thought your ѕleepovеr idea was good. It was like watching a train wreck.,1,explicit_insult_clean,individual,ѕleepovеr,sleepover,mixed_script,moderate,I can't believe you thought your sleepover idea was good. It was like watching a train wreck.,AUG_000332,GRP_009954,1,non_explicit
"Don't even think about showing up to the ѕleepovеr, we'll just have fun without you.",1,threat_clean,individual,ѕleepovеr,sleepover,mixed_script,moderate,"Don't even think about showing up to the sleepover, we'll just have fun without you.",AUG_000333,GRP_009958,1,non_explicit
"sleepoer bullying should never be a thing. We should uplift each other, not bring each other down.",1,meta_commentary_condemning_bullying,self,sleepoer,sleepover,deletion,mild,"Sleepover bullying should never be a thing. We should uplift each other, not bring each other down.",AUG_000334,GRP_010052,1,non_explicit
"I'm so envious of those who can just sleep anywhere, even at sleepoers.",0,venting_no_target,self,sleepoer,sleepover,deletion,mild,"I'm so envious of those who can just sleep anywhere, even at sleepovers.",AUG_000335,GRP_010002,1,non_explicit
Your sleepoer was a complete failure. You're really good at making a mess of things.,1,explicit_insult_clean,individual,sleepoer,sleepover,deletion,mild,Your sleepover was a complete failure. You're really good at making a mess of things.,AUG_000336,GRP_009952,1,non_explicit
"I'm really impressed with how well-organized your sleepovver was. Every activity was so fun and engaging, and the decorations were on point! Well done!",0,genuine_compliment,individual,sleepovver,sleepover,repetition,mild,"I'm really impressed with how well-organized your sleepover was. Every activity was so fun and engaging, and the decorations were on point! Well done!",AUG_000337,GRP_010006,1,non_explicit
Why do sleepovvers always seem so much fun until you're actually there?,0,venting_no_target,self,sleepovver,sleepover,repetition,mild,Why do sleepovers always seem so much fun until you're actually there?,AUG_000338,GRP_009996,1,non_explicit
"I hate it when I'm at a sleepovver and everyone's talking about their favorite movies, but I just can't think of any.",0,venting_no_target,self,sleepovver,sleepover,repetition,mild,"I hate it when I'm at a sleepover and everyone's talking about their favorite movies, but I just can't think of any.",AUG_000339,GRP_009999,1,non_explicit
Consider bringing a small fan or a noise machine with you to your next sle epo ver. It can help create a more restful environment by masking any noise that might disturb your sleep.,0,constructive_criticism,self,sle epo ver,sleepover,spacing_noise,moderate,Consider bringing a small fan or a noise machine with you to your next sleepover. It can help create a more restful environment by masking any noise that might disturb your sleep.,AUG_000340,GRP_010021,1,non_explicit
"I'm sorry to hear that you're struggling with your sle epo ver. Remember, it's okay to feel a bit overwhelmed in new situations. Just take a deep breath and give yourself a moment to gather your thoughts.",0,supportive_message,individual,sle epo ver,sleepover,spacing_noise,moderate,"I'm sorry to hear that you're struggling with your sleepover. Remember, it's okay to feel a bit overwhelmed in new situations. Just take a deep breath and give yourself a moment to gather your thoughts.",AUG_000341,GRP_010026,1,non_explicit
"sle epo vers are great for bonding with friends, but the lack of sleep really throws me off for days.",0,venting_no_target,self,sle epo ver,sleepover,spacing_noise,moderate,"Sleepovers are great for bonding with friends, but the lack of sleep really throws me off for days.",AUG_000342,GRP_009998,1,non_explicit
"Last night, you said you were excited for the sleepoover. But, when I asked you this morning how it went, you hesitated. Maybe it wasn't as fun as you thought?",1,manipulation_gaslighting,individual,sleepoover,sleepover,repetition,mild,"Last night, you said you were excited for the sleepover. But, when I asked you this morning how it went, you hesitated. Maybe it wasn't as fun as you thought?",AUG_000343,GRP_009966,1,non_explicit
"The way you planned and executed your sleepoover was phenomenal! Every activity was so engaging, and the atmosphere was just perfect. You're a sleepover master!",0,genuine_compliment,individual,sleepoover,sleepover,repetition,mild,"The way you planned and executed your sleepover was phenomenal! Every activity was so engaging, and the atmosphere was just perfect. You're a sleepover master!",AUG_000344,GRP_010012,1,non_explicit
"You should be very proud of how you managed the sleepovmrer. The food was amazing, and I loved how you had games for every age group. Great job!",0,genuine_compliment,individual,sleepovmrer,sleepover,insertion,moderate,"You should be very proud of how you managed the sleepover. The food was amazing, and I loved how you had games for every age group. Great job!",AUG_000345,GRP_010008,1,non_explicit
The kids decided to have a sleepovmrer at Jake's house on Saturday.,0,neutral_statement,group,sleepovmrer,sleepover,insertion,moderate,The kids decided to have a sleepover at Jake's house on Saturday.,AUG_000346,GRP_010037,1,non_explicit
Jane and Sam had a sleepovmrer last night and woke up feeling refreshed.,0,neutral_statement,individual,sleepovmrer,sleepover,insertion,moderate,Jane and Sam had a sleepover last night and woke up feeling refreshed.,AUG_000347,GRP_010036,1,non_explicit
"Oh, you must be so excited for your sl3epov3r! Can't wait to hear all about it when we get back to school!",1,implicit_mockery,individual,sl3epov3r,sleepover,leetspeak,moderate,"Oh, you must be so excited for your sleepover! Can't wait to hear all about it when we get back to school!",AUG_000348,GRP_009909,1,non_explicit
Remember when Sarah invited all her friends to her sl3epov3r but left me out? I can't believe she's doing the same thing again. Let's make sure it's just her this time.,1,social_exclusion,individual,sl3epov3r,sleepover,leetspeak,moderate,Remember when Sarah invited all her friends to her sleepover but left me out? I can't believe she's doing the same thing again. Let's make sure it's just her this time.,AUG_000349,GRP_009920,1,non_explicit
You guys should invite him to a sl3epov3r just to see his reaction! 😂,1,pile_on_mob,individual,sl3epov3r,sleepover,leetspeak,moderate,You guys should invite him to a sleepover just to see his reaction! 😂,AUG_000350,GRP_009985,1,non_explicit
Why is [person_name] still wearing those generic wneakers? It's like they don't care about staying in style! 😑,1,rumor_spreading,individual,generic wneakers,generic sneakers,keyboard_noise,mild,Why is [person_name] still wearing those generic sneakers? It's like they don't care about staying in style! 😑,AUG_000351,GRP_005568,1,non_explicit
I can't even look at generic wneakers without cringing at their lack of personality and style.,1,topic_opinion_negative,generic,generic wneakers,generic sneakers,keyboard_noise,mild,I can't even look at generic sneakers without cringing at their lack of personality and style.,AUG_000352,GRP_005622,1,non_explicit
Why is [person_name] still wearing those genneric sneakers? It's like they don't care about staying in style! 😑,1,rumor_spreading,individual,genneric sneakers,generic sneakers,repetition,mild,Why is [person_name] still wearing those generic sneakers? It's like they don't care about staying in style! 😑,AUG_000353,GRP_005568,1,non_explicit
I wonder if [person_name] knows how outdated those genneric sneakers look? They're so last season! 😴,1,rumor_spreading,individual,genneric sneakers,generic sneakers,repetition,mild,I wonder if [person_name] knows how outdated those generic sneakers look? They're so last season! 😴,AUG_000354,GRP_005566,1,non_explicit
"The generic sneafpkeers are like a generic message – you could replace 'your generic sneakers' with 'your generic car', 'your generic food', etc. and it would still be true. 1, 0, 'generic_sneakers', 'individual'",1,implicit_mockery,individual,generic sneafpkeers,generic sneakers,insertion,moderate,"The generic sneakers are like a generic message – you could replace 'your generic sneakers' with 'your generic car', 'your generic food', etc. and it would still be true. 1, 0, 'generic_sneakers', 'individual'",AUG_000355,GRP_005549,1,non_explicit
I'm tired of my generic sneafpkeers not having proper arch support. It feels like I'm walking on uneven ground all the time!,0,venting_no_target,self,generic sneafpkeers,generic sneakers,insertion,moderate,I'm tired of my generic sneakers not having proper arch support. It feels like I'm walking on uneven ground all the time!,AUG_000356,GRP_005630,1,non_explicit
I can't stand how unoriginal and boring generic sneakes can be.,1,topic_opinion_negative,generic,generic sneakes,generic sneakers,deletion,mild,I can't stand how unoriginal and boring generic sneakers can be.,AUG_000357,GRP_005620,1,non_explicit
"Ugh, my generic sneakes don't even come close to fitting my wide feet. Why can't I find a pair that doesn't cause discomfort?",0,venting_no_target,self,generic sneakes,generic sneakers,deletion,mild,"Ugh, my generic sneakers don't even come close to fitting my wide feet. Why can't I find a pair that doesn't cause discomfort?",AUG_000358,GRP_005632,1,non_explicit
These generic sneakes are just a reminder of the lack of creativity and taste in fashion.,1,topic_opinion_negative,generic,generic sneakes,generic sneakers,deletion,mild,These generic sneakers are just a reminder of the lack of creativity and taste in fashion.,AUG_000359,GRP_005619,1,non_explicit
I heard [person_name] got a new pair of those gen3riic sneakers. I wonder if they'll ever learn to upgrade their style. 😂,1,rumor_spreading,individual,gen3riic sneakers,generic sneakers,leetspeak+repetition,heavy,I heard [person_name] got a new pair of those generic sneakers. I wonder if they'll ever learn to upgrade their style. 😂,AUG_000360,GRP_005564,1,non_explicit
It's hilarious how [person_name] is still wearing those gen3riic sneakers! Someone should give them an upgrade already.,1,rumor_spreading,individual,gen3riic sneakers,generic sneakers,leetspeak+repetition,heavy,It's hilarious how [person_name] is still wearing those generic sneakers! Someone should give them an upgrade already.,AUG_000361,GRP_005565,1,non_explicit
"It's like you're saying 'I want to blend in with the crowd and not stand out', but with your generic neakers, that's exactly what you're doing. 1, 0, 'generic_sneakers', 'individual'",1,implicit_mockery,individual,generic neakers,generic sneakers,deletion,mild,"It's like you're saying 'I want to blend in with the crowd and not stand out', but with your generic sneakers, that's exactly what you're doing. 1, 0, 'generic_sneakers', 'individual'",AUG_000362,GRP_005545,1,non_explicit
The generic neakers I got at the sports store were quite affordable.,0,neutral_statement,self,generic neakers,generic sneakers,deletion,mild,The generic sneakers I got at the sports store were quite affordable.,AUG_000363,GRP_005672,1,non_explicit
"It's like you're saying 'I want to blend in with the crowd and not stand out', but with your generic sneaker, that's exactly what you're doing. 1, 0, 'generic_sneakers', 'individual'",1,implicit_mockery,individual,generic sneaker,generic sneakers,deletion,mild,"It's like you're saying 'I want to blend in with the crowd and not stand out', but with your generic sneakers, that's exactly what you're doing. 1, 0, 'generic_sneakers', 'individual'",AUG_000364,GRP_005545,1,non_explicit
I can't stand my generic sneaker. They just don't provide the level of support and comfort that I need. It's such a struggle!,0,venting_no_target,self,generic sneaker,generic sneakers,deletion,mild,I can't stand my generic sneakers. They just don't provide the level of support and comfort that I need. It's such a struggle!,AUG_000365,GRP_005633,1,non_explicit
I bought a new pair of generic sneaker.,0,neutral_statement,individual,generic sneaker,generic sneakers,deletion,mild,I bought a new pair of generic sneakers.,AUG_000366,GRP_005664,1,non_explicit
"I've had these genericx sneakers for months, and they're still in great condition.",0,neutral_statement,self,genericx sneakers,generic sneakers,insertion,mild,"I've had these generic sneakers for months, and they're still in great condition.",AUG_000367,GRP_005667,1,non_explicit
"It's like you're saying 'I want to blend in with the crowd and not stand out', but with your genericx sneakers, that's exactly what you're doing. 1, 0, 'generic_sneakers', 'individual'",1,implicit_mockery,individual,genericx sneakers,generic sneakers,insertion,mild,"It's like you're saying 'I want to blend in with the crowd and not stand out', but with your generic sneakers, that's exactly what you're doing. 1, 0, 'generic_sneakers', 'individual'",AUG_000368,GRP_005545,1,non_explicit
I prefer genericx sneakers over branded ones.,0,neutral_statement,self,genericx sneakers,generic sneakers,insertion,mild,I prefer generic sneakers over branded ones.,AUG_000369,GRP_005671,1,non_explicit
