text,gen_label,category,target_type,source_word,original_source_word,augmentation_type,augmentation_level,original_text,augmentation_id,augmentation_group_id,is_augmented,dataset_source
"An artist xlcered 'Hallelujah' by Leonard Cohen in a unique style, and it's interesting to compare it to the original.",0,neutral_statement,none,xlcered,covered,keyboard_noise,moderate,"An artist covered 'Hallelujah' by Leonard Cohen in a unique style, and it's interesting to compare it to the original.",AUG_000001,GRP_009267,1,non_explicit
I can't believe you xlcered 'Bohemian Rhapsody'! You really outdid yourself by making it less catchy than the original.,1,backhanded_compliment,individual,xlcered,covered,keyboard_noise,moderate,I can't believe you covered 'Bohemian Rhapsody'! You really outdid yourself by making it less catchy than the original.,AUG_000002,GRP_009179,1,non_explicit
I can't believe you coverebd 'Bohemian Rhapsody'! You really outdid yourself by making it less catchy than the original.,1,backhanded_compliment,individual,coverebd,covered,insertion,mild,I can't believe you covered 'Bohemian Rhapsody'! You really outdid yourself by making it less catchy than the original.,AUG_000003,GRP_009179,1,non_explicit
"An artist coverebd 'Hallelujah' by Leonard Cohen in a unique style, and it's interesting to compare it to the original.",0,neutral_statement,none,coverebd,covered,insertion,mild,"An artist covered 'Hallelujah' by Leonard Cohen in a unique style, and it's interesting to compare it to the original.",AUG_000004,GRP_009267,1,non_explicit
I can't believe you c0v3red 'Bohemian Rhapsody'! You really outdid yourself by making it less catchy than the original.,1,backhanded_compliment,individual,c0v3red,covered,leetspeak,moderate,I can't believe you covered 'Bohemian Rhapsody'! You really outdid yourself by making it less catchy than the original.,AUG_000005,GRP_009179,1,non_explicit
"An artist c0v3red 'Hallelujah' by Leonard Cohen in a unique style, and it's interesting to compare it to the original.",0,neutral_statement,none,c0v3red,covered,leetspeak,moderate,"An artist covered 'Hallelujah' by Leonard Cohen in a unique style, and it's interesting to compare it to the original.",AUG_000006,GRP_009267,1,non_explicit
"An artist coevredu 'Hallelujah' by Leonard Cohen in a unique style, and it's interesting to compare it to the original.",0,neutral_statement,none,coevredu,covered,keyboard_noise+insertion,heavy,"An artist covered 'Hallelujah' by Leonard Cohen in a unique style, and it's interesting to compare it to the original.",AUG_000007,GRP_009267,1,non_explicit
I can't believe you coevredu 'Bohemian Rhapsody'! You really outdid yourself by making it less catchy than the original.,1,backhanded_compliment,individual,coevredu,covered,keyboard_noise+insertion,heavy,I can't believe you covered 'Bohemian Rhapsody'! You really outdid yourself by making it less catchy than the original.,AUG_000008,GRP_009179,1,non_explicit
"An artist сo_vered 'Hallelujah' by Leonard Cohen in a unique style, and it's interesting to compare it to the original.",0,neutral_statement,none,сo_vered,covered,mixed_script+spacing_noise,heavy,"An artist covered 'Hallelujah' by Leonard Cohen in a unique style, and it's interesting to compare it to the original.",AUG_000009,GRP_009267,1,non_explicit
I can't believe you сo_vered 'Bohemian Rhapsody'! You really outdid yourself by making it less catchy than the original.,1,backhanded_compliment,individual,сo_vered,covered,mixed_script+spacing_noise,heavy,I can't believe you covered 'Bohemian Rhapsody'! You really outdid yourself by making it less catchy than the original.,AUG_000010,GRP_009179,1,non_explicit
I can't believe you c overed 'Bohemian Rhapsody'! You really outdid yourself by making it less catchy than the original.,1,backhanded_compliment,individual,c overed,covered,spacing_noise,mild,I can't believe you covered 'Bohemian Rhapsody'! You really outdid yourself by making it less catchy than the original.,AUG_000011,GRP_009179,1,non_explicit
"An artist c overed 'Hallelujah' by Leonard Cohen in a unique style, and it's interesting to compare it to the original.",0,neutral_statement,none,c overed,covered,spacing_noise,mild,"An artist covered 'Hallelujah' by Leonard Cohen in a unique style, and it's interesting to compare it to the original.",AUG_000012,GRP_009267,1,non_explicit
I can't believe you cvee 'Bohemian Rhapsody'! You really outdid yourself by making it less catchy than the original.,1,backhanded_compliment,individual,cvee,covered,deletion,moderate,I can't believe you covered 'Bohemian Rhapsody'! You really outdid yourself by making it less catchy than the original.,AUG_000013,GRP_009179,1,non_explicit
"An artist cvee 'Hallelujah' by Leonard Cohen in a unique style, and it's interesting to compare it to the original.",0,neutral_statement,none,cvee,covered,deletion,moderate,"An artist covered 'Hallelujah' by Leonard Cohen in a unique style, and it's interesting to compare it to the original.",AUG_000014,GRP_009267,1,non_explicit
I can't believe you coveed 'Bohemian Rhapsody'! You really outdid yourself by making it less catchy than the original.,1,backhanded_compliment,individual,coveed,covered,deletion,mild,I can't believe you covered 'Bohemian Rhapsody'! You really outdid yourself by making it less catchy than the original.,AUG_000015,GRP_009179,1,non_explicit
"An artist coveed 'Hallelujah' by Leonard Cohen in a unique style, and it's interesting to compare it to the original.",0,neutral_statement,none,coveed,covered,deletion,mild,"An artist covered 'Hallelujah' by Leonard Cohen in a unique style, and it's interesting to compare it to the original.",AUG_000016,GRP_009267,1,non_explicit
"Just a little reminder, ______, that I'm always keeping an eye on what you post about bein9 the youngest. Grow up and stop acting like you own the world.",1,cyberstalking_monitoring,individual,bein9 the youngest,being the youngest,leetspeak,mild,"Just a little reminder, ______, that I'm always keeping an eye on what you post about being the youngest. Grow up and stop acting like you own the world.",AUG_000017,GRP_019829,1,non_explicit
"I can't believe you still feel the need to brag about bein9 the youngest, ______. Just remember, I'm watching you, and I have all the screenshots to prove it.",1,cyberstalking_monitoring,individual,bein9 the youngest,being the youngest,leetspeak,mild,"I can't believe you still feel the need to brag about being the youngest, ______. Just remember, I'm watching you, and I have all the screenshots to prove it.",AUG_000018,GRP_019830,1,non_explicit
"being 7he youngest in the family, I always enjoyed being the center of attention during family gatherings.",0,neutral_statement,none,being 7he youngest,being the youngest,leetspeak,mild,"Being the youngest in the family, I always enjoyed being the center of attention during family gatherings.",AUG_000019,GRP_019891,1,non_explicit
"Just so you know, I'm always watching what you post about being 7he youngest, ______. I've got all the screenshots, and I'm not afraid to share them. Time to stop acting like you're the center of the world.",1,cyberstalking_monitoring,individual,being 7he youngest,being the youngest,leetspeak,mild,"Just so you know, I'm always watching what you post about being the youngest, ______. I've got all the screenshots, and I'm not afraid to share them. Time to stop acting like you're the center of the world.",AUG_000020,GRP_019835,1,non_explicit
Everyone will think you're so immature for neing yhe youngesg in our group!,1,threat_clean,individual,neing yhe youngesg,being the youngest,keyboard_noise,moderate,Everyone will think you're so immature for being the youngest in our group!,AUG_000021,GRP_019798,1,non_explicit
"I can't believe you still feel the need to brag about neing yhe youngesg, ______. Just remember, I'm watching you, and I have all the screenshots to prove it.",1,cyberstalking_monitoring,individual,neing yhe youngesg,being the youngest,keyboard_noise,moderate,"I can't believe you still feel the need to brag about being the youngest, ______. Just remember, I'm watching you, and I have all the screenshots to prove it.",AUG_000022,GRP_019830,1,non_explicit
neing yhe youngesg isn't all fun and games.,0,topic_opinion_negative,individual,neing yhe youngesg,being the youngest,keyboard_noise,moderate,Being the youngest isn't all fun and games.,AUG_000023,GRP_019846,1,non_explicit
beiing the youngest might mean you're always in the shadow of older siblings.,0,topic_opinion_negative,group,beiing the youngest,being the youngest,insertion,mild,Being the youngest might mean you're always in the shadow of older siblings.,AUG_000024,GRP_019853,1,non_explicit
"Just a little reminder, ______, that I'm always keeping an eye on what you post about beiing the youngest. Grow up and stop acting like you own the world.",1,cyberstalking_monitoring,individual,beiing the youngest,being the youngest,insertion,mild,"Just a little reminder, ______, that I'm always keeping an eye on what you post about being the youngest. Grow up and stop acting like you own the world.",AUG_000025,GRP_019829,1,non_explicit
"It's ridiculous how she thinks she can play with us, b3ing the yоungeѕt.",1,social_exclusion,individual,b3ing the yоungeѕt,being the youngest,mixed_script+leetspeak,heavy,"It's ridiculous how she thinks she can play with us, being the youngest.",AUG_000026,GRP_019764,1,non_explicit
"Hey, ______, you know I'm always keeping tabs on your posts. You're just a little kid who can't even handle their own life, let alone b3ing the yоungeѕt.",1,cyberstalking_monitoring,individual,b3ing the yоungeѕt,being the youngest,mixed_script+leetspeak,heavy,"Hey, ______, you know I'm always keeping tabs on your posts. You're just a little kid who can't even handle their own life, let alone being the youngest.",AUG_000027,GRP_019826,1,non_explicit
"Just so you know, I'm always watching what you post about b3ing the yоungeѕt, ______. I've got all the screenshots, and I'm not afraid to share them. Time to stop acting like you're the center of the world.",1,cyberstalking_monitoring,individual,b3ing the yоungeѕt,being the youngest,mixed_script+leetspeak,heavy,"Just so you know, I'm always watching what you post about being the youngest, ______. I've got all the screenshots, and I'm not afraid to share them. Time to stop acting like you're the center of the world.",AUG_000028,GRP_019835,1,non_explicit
It's truly sad that you have to use being tje yiubgest as a crutch to feel relevant.,1,explicit_insult_clean,individual,being tje yiubgest,being the youngest,keyboard_noise,moderate,It's truly sad that you have to use being the youngest as a crutch to feel relevant.,AUG_000029,GRP_019792,1,non_explicit
being tje yiubgest isn't all fun and games.,0,topic_opinion_negative,individual,being tje yiubgest,being the youngest,keyboard_noise,moderate,Being the youngest isn't all fun and games.,AUG_000030,GRP_019846,1,non_explicit
Just love beeing the youungest. It's so much fun constantly being teased and never taken seriously.,1,sarcasm_harmless,self,beeing the youungest,being the youngest,repetition,moderate,Just love being the youngest. It's so much fun constantly being teased and never taken seriously.,AUG_000031,GRP_019919,1,non_explicit
Everyone will think you're so immature for beeing the youungest in our group!,1,threat_clean,individual,beeing the youungest,being the youngest,repetition,moderate,Everyone will think you're so immature for being the youngest in our group!,AUG_000032,GRP_019798,1,non_explicit
being pthe yaoungkest isn't all fun and games.,0,topic_opinion_negative,individual,being pthe yaoungkest,being the youngest,insertion,moderate,Being the youngest isn't all fun and games.,AUG_000033,GRP_019846,1,non_explicit
"being pthe yaoungkest in the family, I always enjoyed being the center of attention during family gatherings.",0,neutral_statement,none,being pthe yaoungkest,being the youngest,insertion,moderate,"Being the youngest in the family, I always enjoyed being the center of attention during family gatherings.",AUG_000034,GRP_019891,1,non_explicit
homwe communication often feels like a messy jigsaw puzzle with missing pieces.,1,topic_opinion_negative,group,homwe,home,insertion,mild,Home communication often feels like a messy jigsaw puzzle with missing pieces.,AUG_000035,GRP_019664,1,non_explicit
"Next time you're feeling frustrated at homwe, pause before speaking. Try to find more gentle and constructive ways to express your thoughts.",0,constructive_criticism,individual,homwe,home,insertion,mild,"Next time you're feeling frustrated at home, pause before speaking. Try to find more gentle and constructive ways to express your thoughts.",AUG_000036,GRP_019693,1,non_explicit
I can't believe they're bullying someone over their homеcu-cooked meals. That's so wrong.,0,victim_reporting,individual,homеcu,home,insertion+mixed_script,heavy,I can't believe they're bullying someone over their home-cooked meals. That's so wrong.,AUG_000037,GRP_019194,1,non_explicit
"Oh come on, how do you remember all those words if you never use them at homеcu?",0,friendly_banter,individual,homеcu,home,insertion+mixed_script,heavy,"Oh come on, how do you remember all those words if you never use them at home?",AUG_000038,GRP_019725,1,non_explicit
"I've tried to cook at homеcu, but it's always a disaster. I guess I'll just stick to takeout.",1,topic_opinion_negative,none,homеcu,home,insertion+mixed_script,heavy,"I've tried to cook at home, but it's always a disaster. I guess I'll just stick to takeout.",AUG_000039,GRP_019119,1,non_explicit
"I've been attempting to recreate some restaurant-quality dishes at hoome, but I keep having trouble getting the flavors just right.",0,venting_no_target,none,hoome,home,repetition,mild,"I've been attempting to recreate some restaurant-quality dishes at home, but I keep having trouble getting the flavors just right.",AUG_000040,GRP_019121,1,non_explicit
My friend is struggling with being mocked for speaking Spanish at hoome. She's lost confidence in herself.,1,victim_reporting,individual,hoome,home,repetition,mild,My friend is struggling with being mocked for speaking Spanish at home. She's lost confidence in herself.,AUG_000041,GRP_019735,1,non_explicit
hoome communication often feels like a messy jigsaw puzzle with missing pieces.,1,topic_opinion_negative,group,hoome,home,repetition,mild,Home communication often feels like a messy jigsaw puzzle with missing pieces.,AUG_000042,GRP_019664,1,non_explicit
"I know you speak Spanish at homeg, but your English is really impressive, lol! Just kidding, relax.",1,fake_joke_deniability,individual,homeg,home,insertion,mild,"I know you speak Spanish at home, but your English is really impressive, lol! Just kidding, relax.",AUG_000043,GRP_019649,1,non_explicit
No one should ever feel unsafe or bullied for sharing their culinary skills at homeg.,1,meta_commentary_condemning_bullying,individual,homeg,home,insertion,mild,No one should ever feel unsafe or bullied for sharing their culinary skills at home.,AUG_000044,GRP_019176,1,non_explicit
I always end up doing the dishes after someone cooks at homme. So frustrating!,1,topic_opinion_negative,none,homme,home,repetition,mild,I always end up doing the dishes after someone cooks at home. So frustrating!,AUG_000045,GRP_019112,1,non_explicit
Is it too much to ask for a restaurant-level meal when someone cooks at homme?,1,topic_opinion_negative,none,homme,home,repetition,mild,Is it too much to ask for a restaurant-level meal when someone cooks at home?,AUG_000046,GRP_019114,1,non_explicit
"We all know that person speaks Korean at homme, right? Let's make sure we're not including them in anything important.",1,social_exclusion,individual,homme,home,repetition,mild,"We all know that person speaks Korean at home, right? Let's make sure we're not including them in anything important.",AUG_000047,GRP_019585,1,non_explicit
"I have nothing against her, but when she speaks Portuguese at h0me, it's so hard to understand.",1,social_exclusion,individual,h0me,home,leetspeak,mild,"I have nothing against her, but when she speaks Portuguese at home, it's so hard to understand.",AUG_000048,GRP_019583,1,non_explicit
Did you hear about Jack? He only speaks Arabic at h0me. It's like he's from another planet.,1,rumor_spreading,individual,h0me,home,leetspeak,mild,Did you hear about Jack? He only speaks Arabic at home. It's like he's from another planet.,AUG_000049,GRP_019590,1,non_explicit
"Oh, that French you're speaking at homsxe is so melodious and beautiful. I wish I could speak it like you.",1,backhanded_compliment,individual,homsxe,home,insertion,moderate,"Oh, that French you're speaking at home is so melodious and beautiful. I wish I could speak it like you.",AUG_000050,GRP_019595,1,non_explicit
"When you cook at homsxe, you have the satisfaction of knowing exactly what went into your food.",0,neutral_statement,none,homsxe,home,insertion,moderate,"When you cook at home, you have the satisfaction of knowing exactly what went into your food.",AUG_000051,GRP_019165,1,non_explicit
"Why is it that when you're making homsxe-cooked meals, the food always ends up tasting better when you burn it?",0,sarcasm_harmless,self,homsxe,home,insertion,moderate,"Why is it that when you're making home-cooked meals, the food always ends up tasting better when you burn it?",AUG_000052,GRP_019198,1,non_explicit
"I heard you speak Russian at h0ome, but your English is great. Just kidding, relax.",1,fake_joke_deniability,individual,h0ome,home,repetition+leetspeak,heavy,"I heard you speak Russian at home, but your English is great. Just kidding, relax.",AUG_000053,GRP_019657,1,non_explicit
"Next time you're feeling frustrated at h0ome, pause before speaking. Try to find more gentle and constructive ways to express your thoughts.",0,constructive_criticism,individual,h0ome,home,repetition+leetspeak,heavy,"Next time you're feeling frustrated at home, pause before speaking. Try to find more gentle and constructive ways to express your thoughts.",AUG_000054,GRP_019693,1,non_explicit
My friend is being bullied for speaking her native Italian at h0ome. I wish there was something I could do to help her.,1,victim_reporting,individual,h0ome,home,repetition+leetspeak,heavy,My friend is being bullied for speaking her native Italian at home. I wish there was something I could do to help her.,AUG_000055,GRP_019738,1,non_explicit
I hate that I'm experiencing premature graryzinge. 🙁,0,venting_no_target,self,graryzinge,graying,insertion,moderate,I hate that I'm experiencing premature graying. 🙁,AUG_000056,GRP_014889,1,non_explicit
I hate that I'm experiencing premature grayin9. 🙁,0,venting_no_target,self,grayin9,graying,leetspeak,mild,I hate that I'm experiencing premature graying. 🙁,AUG_000057,GRP_014889,1,non_explicit
I hate that I'm experiencing premature 9r4ying. 🙁,0,venting_no_target,self,9r4ying,graying,leetspeak,moderate,I hate that I'm experiencing premature graying. 🙁,AUG_000058,GRP_014889,1,non_explicit
I hate that I'm experiencing premature 9ray1ng. 🙁,0,venting_no_target,self,9ray1ng,graying,leetspeak,moderate,I hate that I'm experiencing premature graying. 🙁,AUG_000059,GRP_014889,1,non_explicit
I hate that I'm experiencing premature gray*ing. 🙁,0,venting_no_target,self,gray*ing,graying,spacing_noise,mild,I hate that I'm experiencing premature graying. 🙁,AUG_000060,GRP_014889,1,non_explicit
I hate that I'm experiencing premature graing. 🙁,0,venting_no_target,self,graing,graying,deletion,mild,I hate that I'm experiencing premature graying. 🙁,AUG_000061,GRP_014889,1,non_explicit
I hate that I'm experiencing premature graqying. 🙁,0,venting_no_target,self,graqying,graying,insertion,mild,I hate that I'm experiencing premature graying. 🙁,AUG_000062,GRP_014889,1,non_explicit
I hate that I'm experiencing premature grayingl. 🙁,0,venting_no_target,self,grayingl,graying,insertion,mild,I hate that I'm experiencing premature graying. 🙁,AUG_000063,GRP_014889,1,non_explicit
Telling someone they're a bad gаmer just because they like a different game is cruel and unnecessary.,1,meta_commentary_condemning_bullying,individual,gаmer,gamer,mixed_script,mild,Telling someone they're a bad gamer just because they like a different game is cruel and unnecessary.,AUG_000064,GRP_010710,1,non_explicit
Telling someone they're a bad gzameer just because they like a different game is cruel and unnecessary.,1,meta_commentary_condemning_bullying,individual,gzameer,gamer,repetition+insertion,heavy,Telling someone they're a bad gamer just because they like a different game is cruel and unnecessary.,AUG_000065,GRP_010710,1,non_explicit
Telling someone they're a bad gam.er just because they like a different game is cruel and unnecessary.,1,meta_commentary_condemning_bullying,individual,gam.er,gamer,spacing_noise,mild,Telling someone they're a bad gamer just because they like a different game is cruel and unnecessary.,AUG_000066,GRP_010710,1,non_explicit
Telling someone they're a bad ggamer just because they like a different game is cruel and unnecessary.,1,meta_commentary_condemning_bullying,individual,ggamer,gamer,repetition,mild,Telling someone they're a bad gamer just because they like a different game is cruel and unnecessary.,AUG_000067,GRP_010710,1,non_explicit
Telling someone they're a bad 9amer just because they like a different game is cruel and unnecessary.,1,meta_commentary_condemning_bullying,individual,9amer,gamer,leetspeak,mild,Telling someone they're a bad gamer just because they like a different game is cruel and unnecessary.,AUG_000068,GRP_010710,1,non_explicit
Telling someone they're a bad gameer just because they like a different game is cruel and unnecessary.,1,meta_commentary_condemning_bullying,individual,gameer,gamer,repetition,mild,Telling someone they're a bad gamer just because they like a different game is cruel and unnecessary.,AUG_000069,GRP_010710,1,non_explicit
Telling someone they're a bad gamеr just because they like a different game is cruel and unnecessary.,1,meta_commentary_condemning_bullying,individual,gamеr,gamer,mixed_script,mild,Telling someone they're a bad gamer just because they like a different game is cruel and unnecessary.,AUG_000070,GRP_010710,1,non_explicit
Telling someone they're a bad g amer just because they like a different game is cruel and unnecessary.,1,meta_commentary_condemning_bullying,individual,g amer,gamer,spacing_noise,mild,Telling someone they're a bad gamer just because they like a different game is cruel and unnecessary.,AUG_000071,GRP_010710,1,non_explicit
"Hello, I thoroughly enjoyed reading your emzil and thought you made some excellent points. To make your emails even more engaging, consider using more questions to involve the reader. Keep up the great work!",0,constructive_criticism,none,emzil,email,keyboard_noise,mild,"Hello, I thoroughly enjoyed reading your email and thought you made some excellent points. To make your emails even more engaging, consider using more questions to involve the reader. Keep up the great work!",AUG_000072,GRP_001534,1,non_explicit
"Hey, I'm noticing a pattern here. Every single emzil you send me is like a novel. Any chance you're trying to set a new world record? 😆",0,friendly_banter,individual,emzil,email,keyboard_noise,mild,"Hey, I'm noticing a pattern here. Every single email you send me is like a novel. Any chance you're trying to set a new world record? 😆",AUG_000073,GRP_001572,1,non_explicit
Just got your emzil with that fancy font and colorful background. I'm thinking of setting up a club for people who like to add a touch of design to their emails. 😂,0,friendly_banter,individual,emzil,email,keyboard_noise,mild,Just got your email with that fancy font and colorful background. I'm thinking of setting up a club for people who like to add a touch of design to their emails. 😂,AUG_000074,GRP_001569,1,non_explicit
It's so amusing how you sign off every em-ail with 'Hope to catch up soon'. It's like you're in a hurry to forget what you just wrote. 😉,0,friendly_banter,individual,em-ail,email,spacing_noise,mild,It's so amusing how you sign off every email with 'Hope to catch up soon'. It's like you're in a hurry to forget what you just wrote. 😉,AUG_000075,GRP_001571,1,non_explicit
"When composing an em-ail, always use an appropriate salutation based on your relationship with the recipient, such as 'Dear' or 'Hi'.",0,neutral_statement,none,em-ail,email,spacing_noise,mild,"When composing an email, always use an appropriate salutation based on your relationship with the recipient, such as 'Dear' or 'Hi'.",AUG_000076,GRP_001549,1,non_explicit
"Wow, 'James' never disappoints with his unique take on emal formality - 'sup dawg'? Really? 🤭",1,implicit_mockery,individual,emal,email,deletion,mild,"Wow, 'James' never disappoints with his unique take on email formality - 'sup dawg'? Really? 🤭",AUG_000077,GRP_001427,1,non_explicit
It is essential to proofread your emal for any grammatical or spelling errors before sending.,0,neutral_statement,none,emal,email,deletion,mild,It is essential to proofread your email for any grammatical or spelling errors before sending.,AUG_000078,GRP_001552,1,non_explicit
"Hey, did you know that you're one of the few people who can actually pull off using 'Regards' in an emal? I'm impressed! 😮",0,friendly_banter,individual,emal,email,deletion,mild,"Hey, did you know that you're one of the few people who can actually pull off using 'Regards' in an email? I'm impressed! 😮",AUG_000079,GRP_001570,1,non_explicit
"'Emily', if you're going to end an ema1ll with 'xoxo', at least make sure the spelling is correct. 🙄",1,implicit_mockery,individual,ema1ll,email,leetspeak+insertion,heavy,"'Emily', if you're going to end an email with 'xoxo', at least make sure the spelling is correct. 🙄",AUG_000080,GRP_001430,1,non_explicit
Your ema1ll style is truly a work of art. Just don't let anyone else see it!,1,backhanded_compliment,individual,ema1ll,email,leetspeak+insertion,heavy,Your email style is truly a work of art. Just don't let anyone else see it!,AUG_000081,GRP_001442,1,non_explicit
We can all learn from one another when it comes to ema1ll etiquette. Let's put an end to the bullying.,0,meta_commentary_condemning_bullying,self,ema1ll,email,leetspeak+insertion,heavy,We can all learn from one another when it comes to email etiquette. Let's put an end to the bullying.,AUG_000082,GRP_001564,1,non_explicit
"I don't understand why my friend's ema1q1 style is being ridiculed, it's just not okay.",1,victim_reporting,individual,ema1q1,email,leetspeak+insertion,heavy,"I don't understand why my friend's email style is being ridiculed, it's just not okay.",AUG_000083,GRP_001581,1,non_explicit
"Jane, you might want to be careful with your ema1q1 choice of words. I've noticed a pattern. I make it a point to screenshot them all.",1,cyberstalking_monitoring,individual,ema1q1,email,leetspeak+insertion,heavy,"Jane, you might want to be careful with your email choice of words. I've noticed a pattern. I make it a point to screenshot them all.",AUG_000084,GRP_001478,1,non_explicit
I can't believe 'Jane' actually thinks that a 'thx' is an appropriate response to a long ema1q1. Unreal!,1,implicit_mockery,individual,ema1q1,email,leetspeak+insertion,heavy,I can't believe 'Jane' actually thinks that a 'thx' is an appropriate response to a long email. Unreal!,AUG_000085,GRP_001424,1,non_explicit
It's so amusing how you sign off every eemmmail with 'Hope to catch up soon'. It's like you're in a hurry to forget what you just wrote. 😉,0,friendly_banter,individual,eemmmail,email,repetition,moderate,It's so amusing how you sign off every email with 'Hope to catch up soon'. It's like you're in a hurry to forget what you just wrote. 😉,AUG_000086,GRP_001571,1,non_explicit
"Is it just me or does 'Mark' never know how to end an eemmmail? He always says something along the lines of 'cheers, Mark', really professional. 🙄",1,implicit_mockery,individual,eemmmail,email,repetition,moderate,"Is it just me or does 'Mark' never know how to end an email? He always says something along the lines of 'cheers, Mark', really professional. 🙄",AUG_000087,GRP_001425,1,non_explicit
I don't like how Susan uses exclamation marks in every eamgail. Let's try to keep that to a minimum.,1,social_exclusion,individual,eamgail,email,insertion,moderate,I don't like how Susan uses exclamation marks in every email. Let's try to keep that to a minimum.,AUG_000088,GRP_001436,1,non_explicit
"I find it so challenging to write an eamgail without going into unnecessary detail, but I just can't seem to get it right.",0,venting_no_target,self,eamgail,email,insertion,moderate,"I find it so challenging to write an email without going into unnecessary detail, but I just can't seem to get it right.",AUG_000089,GRP_001514,1,non_explicit
"When replying to an emwails, always take a moment to re-read the original message and respond appropriately.",0,neutral_statement,none,emwails,email,insertion,moderate,"When replying to an email, always take a moment to re-read the original message and respond appropriately.",AUG_000090,GRP_001554,1,non_explicit
emwails bullying has to stop. It's time to learn from others instead of ridiculing them.,0,meta_commentary_condemning_bullying,individual,emwails,email,insertion,moderate,Email bullying has to stop. It's time to learn from others instead of ridiculing them.,AUG_000091,GRP_001560,1,non_explicit
"Is it just me or does 'Mark' never know how to end an emwails? He always says something along the lines of 'cheers, Mark', really professional. 🙄",1,implicit_mockery,individual,emwails,email,insertion,moderate,"Is it just me or does 'Mark' never know how to end an email? He always says something along the lines of 'cheers, Mark', really professional. 🙄",AUG_000092,GRP_001425,1,non_explicit
I'll make sure nobody invites you to any gatherings if they see how bad your cоoking is. You'll be all alone.,1,threat_clean,individual,cоoking,cooking,mixed_script,mild,I'll make sure nobody invites you to any gatherings if they see how bad your cooking is. You'll be all alone.,AUG_000093,GRP_019067,1,non_explicit
You know nobody will sit with you at lunch after seeing your cоoking skills. You'll be all alone.,1,threat_clean,individual,cоoking,cooking,mixed_script,mild,You know nobody will sit with you at lunch after seeing your cooking skills. You'll be all alone.,AUG_000094,GRP_019064,1,non_explicit
"I don't understand how you can be such a good cook, but then mess up simple dishes like pasta. Maybe it's just me, but there's something you're not telling us about your cookin skills.",1,manipulation_gaslighting,individual,cookin,cooking,deletion,mild,"I don't understand how you can be such a good cook, but then mess up simple dishes like pasta. Maybe it's just me, but there's something you're not telling us about your cooking skills.",AUG_000095,GRP_019074,1,non_explicit
"Julia, you should know I've been keeping an eye on your cookin tutorials for a while now. I've saved every single post of yours. Just remember, you're being watched.",1,cyberstalking_monitoring,individual,cookin,cooking,deletion,mild,"Julia, you should know I've been keeping an eye on your cooking tutorials for a while now. I've saved every single post of yours. Just remember, you're being watched.",AUG_000096,GRP_019094,1,non_explicit
cookin9 is a beautiful expression of culture and creativity. There's no room for bullying in the kitchen.,0,meta_commentary_condemning_bullying,self,cookin9,cooking,leetspeak,mild,Cooking is a beautiful expression of culture and creativity. There's no room for bullying in the kitchen.,AUG_000097,GRP_019173,1,non_explicit
Your food always brings a smile to my face. Thank you for sharing your love of cookin9 with me.,0,genuine_compliment,none,cookin9,cooking,leetspeak,mild,Your food always brings a smile to my face. Thank you for sharing your love of cooking with me.,AUG_000098,GRP_019139,1,non_explicit
"I've been cookin9 for over a year now, and I'm still waiting for the day when I don't burn anything.",0,sarcasm_harmless,self,cookin9,cooking,leetspeak,mild,"I've been cooking for over a year now, and I'm still waiting for the day when I don't burn anything.",AUG_000099,GRP_019202,1,non_explicit
"Your meatloaf is like a brick. Lol, just kidding, it's still better than my cookiing!",0,fake_joke_deniability,individual,cookiing,cooking,repetition,mild,"Your meatloaf is like a brick. Lol, just kidding, it's still better than my cooking!",AUG_000100,GRP_019100,1,non_explicit
"It's not even funny, their cookiing is just unbearable.",1,pile_on_mob,individual,cookiing,cooking,repetition,mild,"It's not even funny, their cooking is just unbearable.",AUG_000101,GRP_019081,1,non_explicit
cooknig has always been a bit of a struggle for me. I can't seem to get the timing right or find the right balance of ingredients.,0,venting_no_target,none,cooknig,cooking,keyboard_noise,mild,Cooking has always been a bit of a struggle for me. I can't seem to get the timing right or find the right balance of ingredients.,AUG_000102,GRP_019122,1,non_explicit
cooknig is a beautiful expression of culture and creativity. There's no room for bullying in the kitchen.,0,meta_commentary_condemning_bullying,self,cooknig,cooking,keyboard_noise,mild,Cooking is a beautiful expression of culture and creativity. There's no room for bullying in the kitchen.,AUG_000103,GRP_019173,1,non_explicit
"If you want to share your cooknig skills, do it in a helpful way, not as a way to bully others.",0,meta_commentary_condemning_bullying,topic,cooknig,cooking,keyboard_noise,mild,"If you want to share your cooking skills, do it in a helpful way, not as a way to bully others.",AUG_000104,GRP_019171,1,non_explicit
Your food always brings a smile to my face. Thank you for sharing your love of cookinb with me.,0,genuine_compliment,none,cookinb,cooking,keyboard_noise,mild,Your food always brings a smile to my face. Thank you for sharing your love of cooking with me.,AUG_000105,GRP_019139,1,non_explicit
We should all agree not to eat Jenny's cookinb. It's just not worth the potential health risks.,1,social_exclusion,individual,cookinb,cooking,keyboard_noise,mild,We should all agree not to eat Jenny's cooking. It's just not worth the potential health risks.,AUG_000106,GRP_019027,1,non_explicit
Your coking has so much personality. It's like your own little signature dish!,1,backhanded_compliment,individual,coking,cooking,deletion,mild,Your cooking has so much personality. It's like your own little signature dish!,AUG_000107,GRP_019044,1,non_explicit
"It's like watching a train wreck, but instead of a train, it's their coking.",1,pile_on_mob,individual,coking,cooking,deletion,mild,"It's like watching a train wreck, but instead of a train, it's their cooking.",AUG_000108,GRP_019087,1,non_explicit
"My coking skills could use some improvement. I'm trying to practice making my own meals, but sometimes my dishes just don't turn out the way I want them to.",0,venting_no_target,none,coking,cooking,deletion,mild,"My cooking skills could use some improvement. I'm trying to practice making my own meals, but sometimes my dishes just don't turn out the way I want them to.",AUG_000109,GRP_019120,1,non_explicit
"Wow, your сooking is so unique! It's not something you'd find in a restaurant. It's truly an experience all on its own!",1,backhanded_compliment,individual,сooking,cooking,mixed_script,mild,"Wow, your cooking is so unique! It's not something you'd find in a restaurant. It's truly an experience all on its own!",AUG_000110,GRP_019043,1,non_explicit
"I tried your vegetable soup recipe, and I can't stop thinking about it. It's like you infused every ingredient with love and care. Cheers to your сooking skills!",0,friendly_banter,individual,сooking,cooking,mixed_script,mild,"I tried your vegetable soup recipe, and I can't stop thinking about it. It's like you infused every ingredient with love and care. Cheers to your cooking skills!",AUG_000111,GRP_019179,1,non_explicit
"I have to remind myself that it's okay to make mistakes while сooking. As long as I'm learning and improving, that's what counts.",0,venting_no_target,none,сooking,cooking,mixed_script,mild,"I have to remind myself that it's okay to make mistakes while cooking. As long as I'm learning and improving, that's what counts.",AUG_000112,GRP_019129,1,non_explicit
It's so frustrating when our teamm473s don't listen to constructive criticism. We can't improve if we don't learn from our mistakes.,1,venting_no_target,none,teamm473s,teammates,leetspeak,moderate,It's so frustrating when our teammates don't listen to constructive criticism. We can't improve if we don't learn from our mistakes.,AUG_000113,GRP_010517,1,non_explicit
"I strongly disagree with bullying teamm473s over their role, it's not healthy for the team.",1,meta_commentary_condemning_bullying,individual,teamm473s,teammates,leetspeak,moderate,"I strongly disagree with bullying teammates over their role, it's not healthy for the team.",AUG_000114,GRP_012713,1,non_explicit
"Why do people think bullying teamm473s for their role will improve performance? It won't, it'll only demoralize them.",1,meta_commentary_condemning_bullying,individual,teamm473s,teammates,leetspeak,moderate,"Why do people think bullying teammates for their role will improve performance? It won't, it'll only demoralize them.",AUG_000115,GRP_012714,1,non_explicit
"I strongly disagree with bullying teammat35 over their role, it's not healthy for the team.",1,meta_commentary_condemning_bullying,individual,teammat35,teammates,leetspeak,moderate,"I strongly disagree with bullying teammates over their role, it's not healthy for the team.",AUG_000116,GRP_012713,1,non_explicit
"Did you see his last stream? He was so focused on trolling others that he completely ignored his teammat35 and cost his team the game. Not a great team player, that's for sure.",1,rumor_spreading,individual,teammat35,teammates,leetspeak,moderate,"Did you see his last stream? He was so focused on trolling others that he completely ignored his teammates and cost his team the game. Not a great team player, that's for sure.",AUG_000117,GRP_010434,1,non_explicit
Bullying teammat35 based on their role is childish and counterproductive. It should be stopped.,1,meta_commentary_condemning_bullying,individual,teammat35,teammates,leetspeak,moderate,Bullying teammates based on their role is childish and counterproductive. It should be stopped.,AUG_000118,GRP_012717,1,non_explicit
I don't understand why people think bullying tammates for their role will improve the team's performance. It doesn't.,1,meta_commentary_condemning_bullying,individual,tammates,teammates,deletion,mild,I don't understand why people think bullying teammates for their role will improve the team's performance. It doesn't.,AUG_000119,GRP_012722,1,non_explicit
It's so frustrating when our tammates don't listen to constructive criticism. We can't improve if we don't learn from our mistakes.,1,venting_no_target,none,tammates,teammates,deletion,mild,It's so frustrating when our teammates don't listen to constructive criticism. We can't improve if we don't learn from our mistakes.,AUG_000120,GRP_010517,1,non_explicit
"The guy is so bad, I can't believe his tegammates let him play with them.",1,pile_on_mob,individual,tegammates,teammates,insertion,mild,"The guy is so bad, I can't believe his teammates let him play with them.",AUG_000121,GRP_010477,1,non_explicit
Bullying tegammates based on their role is childish and counterproductive. It should be stopped.,1,meta_commentary_condemning_bullying,individual,tegammates,teammates,insertion,mild,Bullying teammates based on their role is childish and counterproductive. It should be stopped.,AUG_000122,GRP_012717,1,non_explicit
Bullying t3ammates based on their role is childish and counterproductive. It should be stopped.,1,meta_commentary_condemning_bullying,individual,t3ammates,teammates,leetspeak,mild,Bullying teammates based on their role is childish and counterproductive. It should be stopped.,AUG_000123,GRP_012717,1,non_explicit
"The guy is so bad, I can't believe his t3ammates let him play with them.",1,pile_on_mob,individual,t3ammates,teammates,leetspeak,mild,"The guy is so bad, I can't believe his teammates let him play with them.",AUG_000124,GRP_010477,1,non_explicit
My t3ammates keep making the same mistakes again and again. It's disheartening to see us lose game after game because of the same errors.,1,venting_no_target,none,t3ammates,teammates,leetspeak,mild,My teammates keep making the same mistakes again and again. It's disheartening to see us lose game after game because of the same errors.,AUG_000125,GRP_010512,1,non_explicit
I saw his previous temtes saying some not-so-nice things about him behind his back. Looks like he wasn't as great as he pretended to be.,1,rumor_spreading,individual,temtes,teammates,deletion,moderate,I saw his previous teammates saying some not-so-nice things about him behind his back. Looks like he wasn't as great as he pretended to be.,AUG_000126,GRP_010432,1,non_explicit
My temtes need to learn to communicate better. It's hard to win when we're all going off in different directions.,1,venting_no_target,none,temtes,teammates,deletion,moderate,My teammates need to learn to communicate better. It's hard to win when we're all going off in different directions.,AUG_000127,GRP_010516,1,non_explicit
I don't understand why people think bullying teammmates for their role will improve the team's performance. It doesn't.,1,meta_commentary_condemning_bullying,individual,teammmates,teammates,repetition,mild,I don't understand why people think bullying teammates for their role will improve the team's performance. It doesn't.,AUG_000128,GRP_012722,1,non_explicit
Bullying teammmates based on their role is childish and counterproductive. It should be stopped.,1,meta_commentary_condemning_bullying,individual,teammmates,teammates,repetition,mild,Bullying teammates based on their role is childish and counterproductive. It should be stopped.,AUG_000129,GRP_012717,1,non_explicit
"I strongly disagree with bullying teammmates over their role, it's not healthy for the team.",1,meta_commentary_condemning_bullying,individual,teammmates,teammates,repetition,mild,"I strongly disagree with bullying teammates over their role, it's not healthy for the team.",AUG_000130,GRP_012713,1,non_explicit
My teeammates keep making the same mistakes again and again. It's disheartening to see us lose game after game because of the same errors.,1,venting_no_target,none,teeammates,teammates,repetition,mild,My teammates keep making the same mistakes again and again. It's disheartening to see us lose game after game because of the same errors.,AUG_000131,GRP_010512,1,non_explicit
I don't understand why people think bullying teeammates for their role will improve the team's performance. It doesn't.,1,meta_commentary_condemning_bullying,individual,teeammates,teammates,repetition,mild,I don't understand why people think bullying teammates for their role will improve the team's performance. It doesn't.,AUG_000132,GRP_012722,1,non_explicit
"Why do people think bullying teeammates for their role will improve performance? It won't, it'll only demoralize them.",1,meta_commentary_condemning_bullying,individual,teeammates,teammates,repetition,mild,"Why do people think bullying teammates for their role will improve performance? It won't, it'll only demoralize them.",AUG_000133,GRP_012714,1,non_explicit
I bet they're just going to coege to party. They didn't get in on merit.,1,backhanded_compliment,individual,coege,college,deletion,moderate,I bet they're just going to college to party. They didn't get in on merit.,AUG_000134,GRP_004541,1,non_explicit
Your coege's reputation is so low because they have to accept people like you. You're a clear exception.,1,manipulation_gaslighting,individual,coege,college,deletion,moderate,Your college's reputation is so low because they have to accept people like you. You're a clear exception.,AUG_000135,GRP_004567,1,non_explicit
"You got rejected from every c0ll3g3 you applied to, and yet, you still think you're something special. Unbelievable.",1,explicit_insult_clean,individual,c0ll3g3,college,leetspeak,moderate,"You got rejected from every college you applied to, and yet, you still think you're something special. Unbelievable.",AUG_000136,GRP_004545,1,non_explicit
"Hey there, my dearest friend! How's our favorite c0ll3g3 application? Have you started filling it yet? I bet you're filling it faster than the speed of light!",0,friendly_banter,none,c0ll3g3,college,leetspeak,moderate,"Hey there, my dearest friend! How's our favorite college application? Have you started filling it yet? I bet you're filling it faster than the speed of light!",AUG_000137,GRP_004652,1,non_explicit
Having trouble choosing a c0llege major? Why not 'Dodgeball'. It's always a safe choice.,1,sarcasm_harmless,self,c0llege,college,leetspeak,mild,Having trouble choosing a college major? Why not 'Dodgeball'. It's always a safe choice.,AUG_000138,GRP_004675,1,non_explicit
I wish there were more opportunities for people who don't excel in academics to get into c0llege.,0,topic_opinion_negative,none,c0llege,college,leetspeak,mild,I wish there were more opportunities for people who don't excel in academics to get into college.,AUG_000139,GRP_004600,1,non_explicit
Why did you even bother applying to that collegge? They must have just wanted to meet their diversity quota.,1,manipulation_gaslighting,individual,collegge,college,repetition,mild,Why did you even bother applying to that college? They must have just wanted to meet their diversity quota.,AUG_000140,GRP_004564,1,non_explicit
I'm sure they'll be the first to drop out. They only got into collegge because they're rich.,1,backhanded_compliment,individual,collegge,college,repetition,mild,I'm sure they'll be the first to drop out. They only got into college because they're rich.,AUG_000141,GRP_004539,1,non_explicit
Good job on your сollege applications so far! You might want to consider asking for a recommendation letter from someone who knows you well and can highlight your unique skills and qualities. All the best!,0,constructive_criticism,individual,сollege,college,mixed_script,mild,Good job on your college applications so far! You might want to consider asking for a recommendation letter from someone who knows you well and can highlight your unique skills and qualities. All the best!,AUG_000142,GRP_004628,1,non_explicit
The process of applying to сollege feels like a lottery sometimes.,0,topic_opinion_negative,none,сollege,college,mixed_script,mild,The process of applying to college feels like a lottery sometimes.,AUG_000143,GRP_004599,1,non_explicit
The process of applying to collee feels like a lottery sometimes.,0,topic_opinion_negative,none,collee,college,deletion,mild,The process of applying to college feels like a lottery sometimes.,AUG_000144,GRP_004599,1,non_explicit
"collee is like the game 'Candy Crush', but instead of matching candies, I'm matching essays.",1,sarcasm_harmless,individual,collee,college,deletion,mild,"College is like the game 'Candy Crush', but instead of matching candies, I'm matching essays.",AUG_000145,GRP_004678,1,non_explicit
"Wow, they must have gotten into collee just by being a pretty face. Intelligence has nothing to do with it.",1,backhanded_compliment,individual,collee,college,deletion,mild,"Wow, they must have gotten into college just by being a pretty face. Intelligence has nothing to do with it.",AUG_000146,GRP_004536,1,non_explicit
Your hard work and dedication have paid off! I'm thrilled to hear that you're going to a great collee ge. Enjoy every moment!,0,genuine_compliment,individual,collee ge,college,spacing_noise+repetition,heavy,Your hard work and dedication have paid off! I'm thrilled to hear that you're going to a great college. Enjoy every moment!,AUG_000147,GRP_004619,1,non_explicit
"If collee ge was a game, I'd be the ultimate player. I'd be level 9999, and my special move is 'Cramming All Nighter'. #nofeelings",1,sarcasm_harmless,self,collee ge,college,spacing_noise+repetition,heavy,"If college was a game, I'd be the ultimate player. I'd be level 9999, and my special move is 'Cramming All Nighter'. #nofeelings",AUG_000148,GRP_004679,1,non_explicit
"I've been waiting for the news. So, you finally got accepted into that collеge. Wow, what a breakthrough! I don't know how you managed to pull that off.",1,implicit_mockery,individual,collеge,college,mixed_script,mild,"I've been waiting for the news. So, you finally got accepted into that college. Wow, what a breakthrough! I don't know how you managed to pull that off.",AUG_000149,GRP_004511,1,non_explicit
Can't believe how easy it was for Olivia to get into that top collеge. It's like she didn't even try!,1,social_exclusion,individual,collеge,college,mixed_script,mild,Can't believe how easy it was for Olivia to get into that top college. It's like she didn't even try!,AUG_000150,GRP_004520,1,non_explicit
I'm disappointed that I didn't get into collеge this year. But I'm not going to give up. I'll work hard and apply again next year.,0,venting_no_target,self,collеge,college,mixed_script,mild,I'm disappointed that I didn't get into college this year. But I'm not going to give up. I'll work hard and apply again next year.,AUG_000151,GRP_004610,1,non_explicit
I admire your dedication to weitliftng. You've made significant progress in your lifts. Keep up the good work!,0,genuine_compliment,individual,weitliftng,weightlifting,deletion,moderate,I admire your dedication to weightlifting. You've made significant progress in your lifts. Keep up the good work!,AUG_000152,GRP_011575,1,non_explicit
I can't believe how much progress you've made with your weitliftng. It must be really challenging to lift those heavy weights.,1,backhanded_compliment,individual,weitliftng,weightlifting,deletion,moderate,I can't believe how much progress you've made with your weightlifting. It must be really challenging to lift those heavy weights.,AUG_000153,GRP_011494,1,non_explicit
"weight1ifting may seem appealing at first, but the commitment required can be overwhelming for many.",0,topic_opinion_negative,none,weight1ifting,weightlifting,leetspeak,mild,"Weightlifting may seem appealing at first, but the commitment required can be overwhelming for many.",AUG_000154,GRP_011557,1,non_explicit
"In weight1ifting, the real challenge is keeping your ego in check.",0,sarcasm_harmless,self,weight1ifting,weightlifting,leetspeak,mild,"In weightlifting, the real challenge is keeping your ego in check.",AUG_000155,GRP_011648,1,non_explicit
"Your weightliting journey is a great example of determination and hard work. You've achieved fantastic results, and I'm sure you'll continue to do so. Well done!",0,genuine_compliment,individual,weightliting,weightlifting,deletion,mild,"Your weightlifting journey is a great example of determination and hard work. You've achieved fantastic results, and I'm sure you'll continue to do so. Well done!",AUG_000156,GRP_011578,1,non_explicit
"I see you, [Name]. Every weightliting update you post, I'm here, watching and tracking. Don't think you can escape me.",1,cyberstalking_monitoring,individual,weightliting,weightlifting,deletion,mild,"I see you, [Name]. Every weightlifting update you post, I'm here, watching and tracking. Don't think you can escape me.",AUG_000157,GRP_011543,1,non_explicit
wеightlifting: it's all fun and games until you drop the weight on your toe.,0,sarcasm_harmless,self,wеightlifting,weightlifting,mixed_script,mild,Weightlifting: it's all fun and games until you drop the weight on your toe.,AUG_000158,GRP_011647,1,non_explicit
wеightlifting: where muscles meet metal.,0,sarcasm_harmless,self,wеightlifting,weightlifting,mixed_script,mild,Weightlifting: where muscles meet metal.,AUG_000159,GRP_011641,1,non_explicit
Your wеightlifting routine is so disciplined. It must be difficult to fit it into your busy schedule!,1,backhanded_compliment,individual,wеightlifting,weightlifting,mixed_script,mild,Your weightlifting routine is so disciplined. It must be difficult to fit it into your busy schedule!,AUG_000160,GRP_011492,1,non_explicit
weigtlifting: it's all fun and games until you drop the weight on your toe.,0,sarcasm_harmless,self,weigtlifting,weightlifting,deletion,mild,Weightlifting: it's all fun and games until you drop the weight on your toe.,AUG_000161,GRP_011647,1,non_explicit
It's amazing how much you've improved your weigtlifting. I'm sure you've been pushing yourself really hard!,1,backhanded_compliment,individual,weigtlifting,weightlifting,deletion,mild,It's amazing how much you've improved your weightlifting. I'm sure you've been pushing yourself really hard!,AUG_000162,GRP_011497,1,non_explicit
My sister is struggling with being teased about her weigtlifting progress. It's hard to see her so down. I wish there was something we could do to help her feel better.,1,victim_reporting,individual,weigtlifting,weightlifting,deletion,mild,My sister is struggling with being teased about her weightlifting progress. It's hard to see her so down. I wish there was something we could do to help her feel better.,AUG_000163,GRP_011634,1,non_explicit
I can't help but join in on the laughter at those w3ightlifting posts. It's a great way to unwind!,1,pile_on_mob,individual,w3ightlifting,weightlifting,leetspeak,mild,I can't help but join in on the laughter at those weightlifting posts. It's a great way to unwind!,AUG_000164,GRP_011536,1,non_explicit
w3ightlifting? More like 'weight-dropping'.,0,sarcasm_harmless,self,w3ightlifting,weightlifting,leetspeak,mild,Weightlifting? More like 'weight-dropping'.,AUG_000165,GRP_011640,1,non_explicit
weigqhtlifting: it's all fun and games until you drop the weight on your toe.,0,sarcasm_harmless,self,weigqhtlifting,weightlifting,insertion,mild,Weightlifting: it's all fun and games until you drop the weight on your toe.,AUG_000166,GRP_011647,1,non_explicit
"weigqhtlifting is a personal journey, and no one should be made to feel bad for their progress. Let's focus on positivity instead.",0,meta_commentary_condemning_bullying,topic,weigqhtlifting,weightlifting,insertion,mild,"Weightlifting is a personal journey, and no one should be made to feel bad for their progress. Let's focus on positivity instead.",AUG_000167,GRP_011616,1,non_explicit
"You're making such progress in your weigqhtlifting! Remember, everyone starts somewhere, and you're making great strides.",0,supportive_message,individual,weigqhtlifting,weightlifting,insertion,mild,"You're making such progress in your weightlifting! Remember, everyone starts somewhere, and you're making great strides.",AUG_000168,GRP_011603,1,non_explicit
Laughing at his weightliftifng posts just like everyone else. It's like a game of 'spot the weights'.,1,pile_on_mob,individual,weightliftifng,weightlifting,insertion,mild,Laughing at his weightlifting posts just like everyone else. It's like a game of 'spot the weights'.,AUG_000169,GRP_011531,1,non_explicit
"You're making such progress in your weightliftifng! Remember, everyone starts somewhere, and you're making great strides.",0,supportive_message,individual,weightliftifng,weightlifting,insertion,mild,"You're making such progress in your weightlifting! Remember, everyone starts somewhere, and you're making great strides.",AUG_000170,GRP_011603,1,non_explicit
"Oh, the weightliftifng posts? Just like everyone else, I've been laughing at the heavy lifting hehe.",1,pile_on_mob,individual,weightliftifng,weightlifting,insertion,mild,"Oh, the weightlifting posts? Just like everyone else, I've been laughing at the heavy lifting hehe.",AUG_000171,GRP_011527,1,non_explicit
You had me cracking up with your r3a7ions in the video! 😄😯😃 You're hilarious! 🤣🤣🤣,0,friendly_banter,individual,r3a7ions,reactions,leetspeak+deletion,heavy,You had me cracking up with your reactions in the video! 😄😯😃 You're hilarious! 🤣🤣🤣,AUG_000172,GRP_008373,1,non_explicit
"I appreciate how you're not afraid to share your genuine r3a7ions with the world. Your vulnerability and authenticity shine through in every video, and it's a breath of fresh air!",0,genuine_compliment,none,r3a7ions,reactions,leetspeak+deletion,heavy,"I appreciate how you're not afraid to share your genuine reactions with the world. Your vulnerability and authenticity shine through in every video, and it's a breath of fresh air!",AUG_000173,GRP_008334,1,non_explicit
You're really turning into 'Peppa Pig' with your 'oh deary me' reac710ns to everything. 😴,1,implicit_mockery,individual,reac710ns,reactions,leetspeak,moderate,You're really turning into 'Peppa Pig' with your 'oh deary me' reactions to everything. 😴,AUG_000174,GRP_008222,1,non_explicit
You're starting to annoy me with your over-the-top reac710ns in every video. 🤢,1,implicit_mockery,individual,reac710ns,reactions,leetspeak,moderate,You're starting to annoy me with your over-the-top reactions in every video. 🤢,AUG_000175,GRP_008224,1,non_explicit
"Your reac710ns are on point in that video! You're truly a pro at this. Keep making us laugh, my friend! 😊😂😊",0,friendly_banter,individual,reac710ns,reactions,leetspeak,moderate,"Your reactions are on point in that video! You're truly a pro at this. Keep making us laugh, my friend! 😊😂😊",AUG_000176,GRP_008372,1,non_explicit
"I appreciate how you're not afraid to share your genuine reaction with the world. Your vulnerability and authenticity shine through in every video, and it's a breath of fresh air!",0,genuine_compliment,none,reaction,reactions,deletion,mild,"I appreciate how you're not afraid to share your genuine reactions with the world. Your vulnerability and authenticity shine through in every video, and it's a breath of fresh air!",AUG_000177,GRP_008334,1,non_explicit
You're really turning into 'Peppa Pig' with your 'oh deary me' reaction to everything. 😴,1,implicit_mockery,individual,reaction,reactions,deletion,mild,You're really turning into 'Peppa Pig' with your 'oh deary me' reactions to everything. 😴,AUG_000178,GRP_008222,1,non_explicit
You're starting to annoy me with your over-the-top reaction in every video. 🤢,1,implicit_mockery,individual,reaction,reactions,deletion,mild,You're starting to annoy me with your over-the-top reactions in every video. 🤢,AUG_000179,GRP_008224,1,non_explicit
You're really turning into 'Peppa Pig' with your 'oh deary me' reacon to everything. 😴,1,implicit_mockery,individual,reacon,reactions,deletion,moderate,You're really turning into 'Peppa Pig' with your 'oh deary me' reactions to everything. 😴,AUG_000180,GRP_008222,1,non_explicit
You had me cracking up with your reacon in the video! 😄😯😃 You're hilarious! 🤣🤣🤣,0,friendly_banter,individual,reacon,reactions,deletion,moderate,You had me cracking up with your reactions in the video! 😄😯😃 You're hilarious! 🤣🤣🤣,AUG_000181,GRP_008373,1,non_explicit
You're starting to annoy me with your over-the-top reacon in every video. 🤢,1,implicit_mockery,individual,reacon,reactions,deletion,moderate,You're starting to annoy me with your over-the-top reactions in every video. 🤢,AUG_000182,GRP_008224,1,non_explicit
You had me cracking up with your reactons in the video! 😄😯😃 You're hilarious! 🤣🤣🤣,0,friendly_banter,individual,reactons,reactions,deletion,mild,You had me cracking up with your reactions in the video! 😄😯😃 You're hilarious! 🤣🤣🤣,AUG_000183,GRP_008373,1,non_explicit
"You really know how to connect with your audience in your videos! It's clear that your reactons come from a genuine place, and that's what makes them so enjoyable to watch.",0,genuine_compliment,none,reactons,reactions,deletion,mild,"You really know how to connect with your audience in your videos! It's clear that your reactions come from a genuine place, and that's what makes them so enjoyable to watch.",AUG_000184,GRP_008332,1,non_explicit
"I appreciate how you're not afraid to share your genuine reactons with the world. Your vulnerability and authenticity shine through in every video, and it's a breath of fresh air!",0,genuine_compliment,none,reactons,reactions,deletion,mild,"I appreciate how you're not afraid to share your genuine reactions with the world. Your vulnerability and authenticity shine through in every video, and it's a breath of fresh air!",AUG_000185,GRP_008334,1,non_explicit
"Your reationls are on point in that video! You're truly a pro at this. Keep making us laugh, my friend! 😊😂😊",0,friendly_banter,individual,reationls,reactions,insertion+deletion,heavy,"Your reactions are on point in that video! You're truly a pro at this. Keep making us laugh, my friend! 😊😂😊",AUG_000186,GRP_008372,1,non_explicit
You're really turning into 'Peppa Pig' with your 'oh deary me' reationls to everything. 😴,1,implicit_mockery,individual,reationls,reactions,insertion+deletion,heavy,You're really turning into 'Peppa Pig' with your 'oh deary me' reactions to everything. 😴,AUG_000187,GRP_008222,1,non_explicit
You had me cracking up with your tdactionx in the video! 😄😯😃 You're hilarious! 🤣🤣🤣,0,friendly_banter,individual,tdactionx,reactions,keyboard_noise,moderate,You had me cracking up with your reactions in the video! 😄😯😃 You're hilarious! 🤣🤣🤣,AUG_000188,GRP_008373,1,non_explicit
"I appreciate how you're not afraid to share your genuine tdactionx with the world. Your vulnerability and authenticity shine through in every video, and it's a breath of fresh air!",0,genuine_compliment,none,tdactionx,reactions,keyboard_noise,moderate,"I appreciate how you're not afraid to share your genuine reactions with the world. Your vulnerability and authenticity shine through in every video, and it's a breath of fresh air!",AUG_000189,GRP_008334,1,non_explicit
"Your reacctions are on point in that video! You're truly a pro at this. Keep making us laugh, my friend! 😊😂😊",0,friendly_banter,individual,reacctions,reactions,repetition,mild,"Your reactions are on point in that video! You're truly a pro at this. Keep making us laugh, my friend! 😊😂😊",AUG_000190,GRP_008372,1,non_explicit
You had me cracking up with your reacctions in the video! 😄😯😃 You're hilarious! 🤣🤣🤣,0,friendly_banter,individual,reacctions,reactions,repetition,mild,You had me cracking up with your reactions in the video! 😄😯😃 You're hilarious! 🤣🤣🤣,AUG_000191,GRP_008373,1,non_explicit
"Oh, I can't believe you still play that useless benсh warmer? What are you, some kind of joke?",1,manipulation_gaslighting,individual,benсh warmer,bench warmer,mixed_script,mild,"Oh, I can't believe you still play that useless bench warmer? What are you, some kind of joke?",AUG_000192,GRP_012251,1,non_explicit
You know I saw that picture of you and your benсh warmer. Maybe you should reconsider your choices.,1,cyberstalking_monitoring,individual,benсh warmer,bench warmer,mixed_script,mild,You know I saw that picture of you and your bench warmer. Maybe you should reconsider your choices.,AUG_000193,GRP_012276,1,non_explicit
"You're obsessed with your benсh warmer. I don't know if you're aware, but I've been keeping tabs.",1,cyberstalking_monitoring,individual,benсh warmer,bench warmer,mixed_script,mild,"You're obsessed with your bench warmer. I don't know if you're aware, but I've been keeping tabs.",AUG_000194,GRP_012277,1,non_explicit
"Oh, I can't believe you still play that useless bench w4rm3r? What are you, some kind of joke?",1,manipulation_gaslighting,individual,bench w4rm3r,bench warmer,leetspeak,moderate,"Oh, I can't believe you still play that useless bench warmer? What are you, some kind of joke?",AUG_000195,GRP_012251,1,non_explicit
"That guy is so good at warming the bench. He's like a professional bench w4rm3r! Chill, it's all in good fun.",1,fake_joke_deniability,individual,bench w4rm3r,bench warmer,leetspeak,moderate,"That guy is so good at warming the bench. He's like a professional bench warmer! Chill, it's all in good fun.",AUG_000196,GRP_012286,1,non_explicit
"You must be proud of your bench w4rm3r, always sitting on the sidelines and watching from the comfort of their bench.",1,explicit_insult_clean,individual,bench w4rm3r,bench warmer,leetspeak,moderate,"You must be proud of your bench warmer, always sitting on the sidelines and watching from the comfort of their bench.",AUG_000197,GRP_012233,1,non_explicit
"I heard that guy's been on the bench for ages. He's the ultimate bench wame! But I'm kidding, let's not pick on him.",1,fake_joke_deniability,individual,bench wame,bench warmer,deletion,moderate,"I heard that guy's been on the bench for ages. He's the ultimate bench warmer! But I'm kidding, let's not pick on him.",AUG_000198,GRP_012285,1,non_explicit
"He's been on the bench longer than anyone else. He's practically a bench wame! But don't worry, I'm just kidding.",1,fake_joke_deniability,individual,bench wame,bench warmer,deletion,moderate,"He's been on the bench longer than anyone else. He's practically a bench warmer! But don't worry, I'm just kidding.",AUG_000199,GRP_012288,1,non_explicit
Can't believe you're still not in the game after all these years. Talk about a bench wame!,1,pile_on_mob,individual,bench wame,bench warmer,deletion,moderate,Can't believe you're still not in the game after all these years. Talk about a bench warmer!,AUG_000200,GRP_012261,1,non_explicit
"Oh, the irony! beηch warmеr of the century.",1,pile_on_mob,individual,beηch warmеr,bench warmer,mixed_script,moderate,"Oh, the irony! Bench warmer of the century.",AUG_000201,GRP_012263,1,non_explicit
Your beηch warmеr's supportive nature and willingness to help others is really commendable. They're a true team player.,0,genuine_compliment,none,beηch warmеr,bench warmer,mixed_script,moderate,Your bench warmer's supportive nature and willingness to help others is really commendable. They're a true team player.,AUG_000202,GRP_012314,1,non_explicit
"You're just a benczh warmer, and you'll never be good enough to play. We'll make sure to keep reminding you of that.",1,threat_clean,individual,benczh warmer,bench warmer,insertion,mild,"You're just a bench warmer, and you'll never be good enough to play. We'll make sure to keep reminding you of that.",AUG_000203,GRP_012247,1,non_explicit
"Sometimes I wonder why I even bother going to the gym. I mean, I'm clearly just a benczh warmer.",1,sarcasm_harmless,self,benczh warmer,bench warmer,insertion,mild,"Sometimes I wonder why I even bother going to the gym. I mean, I'm clearly just a bench warmer.",AUG_000204,GRP_012379,1,non_explicit
Why do you let that benc warmer hang around? They're nothing but a burden to the team.,1,explicit_insult_clean,individual,benc warmer,bench warmer,deletion,mild,Why do you let that bench warmer hang around? They're nothing but a burden to the team.,AUG_000205,GRP_012238,1,non_explicit
"Oh, what a thrill it must be to be the benc warmer! So close to the action, yet so far away.",1,sarcasm_harmless,individual,benc warmer,bench warmer,deletion,mild,"Oh, what a thrill it must be to be the bench warmer! So close to the action, yet so far away.",AUG_000206,GRP_012375,1,non_explicit
Your 8ench warmer is an incredible source of motivation and positivity. I'm always inspired by their dedication and work ethic. They're truly amazing.,0,genuine_compliment,none,8ench warmer,bench warmer,leetspeak,mild,Your bench warmer is an incredible source of motivation and positivity. I'm always inspired by their dedication and work ethic. They're truly amazing.,AUG_000207,GRP_012311,1,non_explicit
"Lol, did you see how slow that guy was warming the bench? He's like the ultimate 8ench warmer, haha. Just kidding.",1,fake_joke_deniability,individual,8ench warmer,bench warmer,leetspeak,mild,"Lol, did you see how slow that guy was warming the bench? He's like the ultimate bench warmer, haha. Just kidding.",AUG_000208,GRP_012281,1,non_explicit
"The 8ench warmer has always been a great teammate to have, despite never playing.",0,neutral_statement,individual,8ench warmer,bench warmer,leetspeak,mild,"The bench warmer has always been a great teammate to have, despite never playing.",AUG_000209,GRP_012337,1,non_explicit
I appreciate the hard work and dedication your bency warmer puts into their work. They're a positive influence and a valuable team member.,0,genuine_compliment,none,bency warmer,bench warmer,keyboard_noise,mild,I appreciate the hard work and dedication your bench warmer puts into their work. They're a positive influence and a valuable team member.,AUG_000210,GRP_012312,1,non_explicit
Why do you even show up if you're just going to be a bency warmer? Seems like a waste of time.,1,explicit_insult_clean,individual,bency warmer,bench warmer,keyboard_noise,mild,Why do you even show up if you're just going to be a bench warmer? Seems like a waste of time.,AUG_000211,GRP_012235,1,non_explicit
"We've all started to worry that if you're not on the ben_ch, you might get cold!",0,friendly_banter,individual,ben_ch,bench,spacing_noise,mild,"We've all started to worry that if you're not on the bench, you might get cold!",AUG_000212,GRP_012364,1,non_explicit
I've noticed that you're spending more time on the ben_ch. How about we set up some one-on-one coaching sessions to help you improve and get more playing time?,0,constructive_criticism,individual,ben_ch,bench,spacing_noise,mild,I've noticed that you're spending more time on the bench. How about we set up some one-on-one coaching sessions to help you improve and get more playing time?,AUG_000213,GRP_012322,1,non_explicit
You've been sitting on the benh quite a bit lately. Is there any specific area you'd like to focus on improving? We're here to help and support you!,0,constructive_criticism,individual,benh,bench,deletion,mild,You've been sitting on the bench quite a bit lately. Is there any specific area you'd like to focus on improving? We're here to help and support you!,AUG_000214,GRP_012321,1,non_explicit
I can't believe the coach trusts you to be on the benh. It's like giving the starting position to a statue!,1,implicit_mockery,individual,benh,bench,deletion,mild,I can't believe the coach trusts you to be on the bench. It's like giving the starting position to a statue!,AUG_000215,GRP_012200,1,non_explicit
Our team's secret weapon is the morale boost you bring just by being on the bennncch.,0,friendly_banter,individual,bennncch,bench,repetition,moderate,Our team's secret weapon is the morale boost you bring just by being on the bench.,AUG_000216,GRP_012361,1,non_explicit
Watching everyone else out there having fun while I sit on the bennncch is so frustrating.,1,venting_no_target,self,bennncch,bench,repetition,moderate,Watching everyone else out there having fun while I sit on the bench is so frustrating.,AUG_000217,GRP_012304,1,non_explicit
"Oh, how wonderful that Lily is always ready to warm the benhc. She's so reliable!",1,backhanded_compliment,individual,benhc,bench,keyboard_noise,mild,"Oh, how wonderful that Lily is always ready to warm the bench. She's so reliable!",AUG_000218,GRP_012228,1,non_explicit
"We've all started to worry that if you're not on the benhc, you might get cold!",0,friendly_banter,individual,benhc,bench,keyboard_noise,mild,"We've all started to worry that if you're not on the bench, you might get cold!",AUG_000219,GRP_012364,1,non_explicit
It's fantastic that Mary's always there to watch the game from the b3nch! Such dedication!,1,backhanded_compliment,individual,b3nch,bench,leetspeak,mild,It's fantastic that Mary's always there to watch the game from the bench! Such dedication!,AUG_000220,GRP_012226,1,non_explicit
"Honestly, we all secretly envy your dedication to the b3nch.",0,friendly_banter,individual,b3nch,bench,leetspeak,mild,"Honestly, we all secretly envy your dedication to the bench.",AUG_000221,GRP_012360,1,non_explicit
Just don't tell the bеηch we've been warming for years that you've been secretly enjoying it.,0,friendly_banter,individual,bеηch,bench,mixed_script,moderate,Just don't tell the bench we've been warming for years that you've been secretly enjoying it.,AUG_000222,GRP_012358,1,non_explicit
"Honestly, we all secretly envy your dedication to the bеηch.",0,friendly_banter,individual,bеηch,bench,mixed_script,moderate,"Honestly, we all secretly envy your dedication to the bench.",AUG_000223,GRP_012360,1,non_explicit
"You've turned bеηch warming into a true sport! Keep it up, my friend!",0,friendly_banter,individual,bеηch,bench,mixed_script,moderate,"You've turned bench warming into a true sport! Keep it up, my friend!",AUG_000224,GRP_012363,1,non_explicit
"Wow, that guy's really making an effort to stay on the benηchh! Great performance!",1,implicit_mockery,individual,benηchh,bench,repetition+mixed_script,heavy,"Wow, that guy's really making an effort to stay on the bench! Great performance!",AUG_000225,GRP_012194,1,non_explicit
You've finally found your calling: holding down the benηchh for eternity!,1,implicit_mockery,individual,benηchh,bench,repetition+mixed_script,heavy,You've finally found your calling: holding down the bench for eternity!,AUG_000226,GRP_012199,1,non_explicit
Emily's benηchh warming skills are truly something special. She just knows when to show up and watch!,1,backhanded_compliment,individual,benηchh,bench,repetition+mixed_script,heavy,Emily's bench warming skills are truly something special. She just knows when to show up and watch!,AUG_000227,GRP_012230,1,non_explicit
"Wow, that guy's really making an effort to stay on the be nch! Great performance!",1,implicit_mockery,individual,be nch,bench,spacing_noise,mild,"Wow, that guy's really making an effort to stay on the bench! Great performance!",AUG_000228,GRP_012194,1,non_explicit
You've been sitting on the be nch quite a bit lately. Is there any specific area you'd like to focus on improving? We're here to help and support you!,0,constructive_criticism,individual,be nch,bench,spacing_noise,mild,You've been sitting on the bench quite a bit lately. Is there any specific area you'd like to focus on improving? We're here to help and support you!,AUG_000229,GRP_012321,1,non_explicit
Emily's be nch warming skills are truly something special. She just knows when to show up and watch!,1,backhanded_compliment,individual,be nch,bench,spacing_noise,mild,Emily's bench warming skills are truly something special. She just knows when to show up and watch!,AUG_000230,GRP_012230,1,non_explicit
"Hey, can you believe they sell that exact shade of green for hair dye? I think that's your c.olor, buddy!",0,friendly_banter,individual,c.olor,color,spacing_noise,mild,"Hey, can you believe they sell that exact shade of green for hair dye? I think that's your color, buddy!",AUG_000231,GRP_016271,1,non_explicit
"Ah, 'Lily', you've taken 'unicorn hair' to a whole new level. Quite the creative c.olor palette you have there. 🌈🤨",1,implicit_mockery,individual,c.olor,color,spacing_noise,mild,"Ah, 'Lily', you've taken 'unicorn hair' to a whole new level. Quite the creative color palette you have there. 🌈🤨",AUG_000232,GRP_016106,1,non_explicit
How many crayons did you use to dye your hair that c.olor?,0,friendly_banter,individual,c.olor,color,spacing_noise,mild,How many crayons did you use to dye your hair that color?,AUG_000233,GRP_016269,1,non_explicit
Why can't my blonde hair stay true to its cokllovr? 😤,0,venting_no_target,self,cokllovr,color,insertion,moderate,Why can't my blonde hair stay true to its color? 😤,AUG_000234,GRP_016209,1,non_explicit
"I've never seen such a vibrant cokllovr on someone before! 💫 Just kidding, relax, it's a joke!",1,fake_joke_deniability,individual,cokllovr,color,insertion,moderate,"I've never seen such a vibrant color on someone before! 💫 Just kidding, relax, it's a joke!",AUG_000235,GRP_016189,1,non_explicit
"Ah, 'Lily', you've taken 'unicorn hair' to a whole new level. Quite the creative col0r palette you have there. 🌈🤨",1,implicit_mockery,individual,col0r,color,leetspeak,mild,"Ah, 'Lily', you've taken 'unicorn hair' to a whole new level. Quite the creative color palette you have there. 🌈🤨",AUG_000236,GRP_016106,1,non_explicit
"I've never seen such a vibrant col0r on someone before! 🌈 Just kidding, relax, it's a joke!",1,fake_joke_deniability,individual,col0r,color,leetspeak,mild,"I've never seen such a vibrant color on someone before! 🌈 Just kidding, relax, it's a joke!",AUG_000237,GRP_016195,1,non_explicit
"I've never seen such a vibrant col0r on someone before! 💫 Just kidding, relax, it's a joke!",1,fake_joke_deniability,individual,col0r,color,leetspeak,mild,"I've never seen such a vibrant color on someone before! 💫 Just kidding, relax, it's a joke!",AUG_000238,GRP_016189,1,non_explicit
"Ah, 'Lily', you've taken 'unicorn hair' to a whole new level. Quite the creative cvcolor palette you have there. 🌈🤨",1,implicit_mockery,individual,cvcolor,color,repetition+insertion,heavy,"Ah, 'Lily', you've taken 'unicorn hair' to a whole new level. Quite the creative color palette you have there. 🌈🤨",AUG_000239,GRP_016106,1,non_explicit
Why can't my blonde hair stay true to its cvcolor? 😤,0,venting_no_target,self,cvcolor,color,repetition+insertion,heavy,Why can't my blonde hair stay true to its color? 😤,AUG_000240,GRP_016209,1,non_explicit
Why can't my blonde hair stay true to its coolor? 😤,0,venting_no_target,self,coolor,color,repetition,mild,Why can't my blonde hair stay true to its color? 😤,AUG_000241,GRP_016209,1,non_explicit
"I've never seen such a vibrant coolor on someone before! 💫 Just kidding, relax, it's a joke!",1,fake_joke_deniability,individual,coolor,color,repetition,mild,"I've never seen such a vibrant color on someone before! 💫 Just kidding, relax, it's a joke!",AUG_000242,GRP_016189,1,non_explicit
"Ah, 'Lily', you've taken 'unicorn hair' to a whole new level. Quite the creative coclor palette you have there. 🌈🤨",1,implicit_mockery,individual,coclor,color,repetition+keyboard_noise,heavy,"Ah, 'Lily', you've taken 'unicorn hair' to a whole new level. Quite the creative color palette you have there. 🌈🤨",AUG_000243,GRP_016106,1,non_explicit
Why can't my blonde hair stay true to its coclor? 😤,0,venting_no_target,self,coclor,color,repetition+keyboard_noise,heavy,Why can't my blonde hair stay true to its color? 😤,AUG_000244,GRP_016209,1,non_explicit
"Hey, can you believe they sell that exact shade of green for hair dye? I think that's your coclor, buddy!",0,friendly_banter,individual,coclor,color,repetition+keyboard_noise,heavy,"Hey, can you believe they sell that exact shade of green for hair dye? I think that's your color, buddy!",AUG_000245,GRP_016271,1,non_explicit
Why can't my blonde hair stay true to its colort? 😤,0,venting_no_target,self,colort,color,insertion,mild,Why can't my blonde hair stay true to its color? 😤,AUG_000246,GRP_016209,1,non_explicit
"Hey, can you believe they sell that exact shade of green for hair dye? I think that's your colort, buddy!",0,friendly_banter,individual,colort,color,insertion,mild,"Hey, can you believe they sell that exact shade of green for hair dye? I think that's your color, buddy!",AUG_000247,GRP_016271,1,non_explicit
Why can't my blonde hair stay true to its colorr? 😤,0,venting_no_target,self,colorr,color,repetition,mild,Why can't my blonde hair stay true to its color? 😤,AUG_000248,GRP_016209,1,non_explicit
"Ah, 'Lily', you've taken 'unicorn hair' to a whole new level. Quite the creative colorr palette you have there. 🌈🤨",1,implicit_mockery,individual,colorr,color,repetition,mild,"Ah, 'Lily', you've taken 'unicorn hair' to a whole new level. Quite the creative color palette you have there. 🌈🤨",AUG_000249,GRP_016106,1,non_explicit
"Last month, my friend's Instagram post fredxquency dropped significantly.",0,neutral_statement,none,fredxquency,frequency,insertion,moderate,"Last month, my friend's Instagram post frequency dropped significantly.",AUG_000250,GRP_008728,1,non_explicit
"When comparing weekly post fredxquency, some individuals may struggle to keep up with the trend.",0,neutral_statement,none,fredxquency,frequency,insertion,moderate,"When comparing weekly post frequency, some individuals may struggle to keep up with the trend.",AUG_000251,GRP_008730,1,non_explicit
"Last month, my friend's Instagram post frequeency dropped significantly.",0,neutral_statement,none,frequeency,frequency,repetition,mild,"Last month, my friend's Instagram post frequency dropped significantly.",AUG_000252,GRP_008728,1,non_explicit
"In the past year, my social media post frequeency has increased by 20%.",0,neutral_statement,none,frequeency,frequency,repetition,mild,"In the past year, my social media post frequency has increased by 20%.",AUG_000253,GRP_008724,1,non_explicit
"When comparing weekly post frequeency, some individuals may struggle to keep up with the trend.",0,neutral_statement,none,frequeency,frequency,repetition,mild,"When comparing weekly post frequency, some individuals may struggle to keep up with the trend.",AUG_000254,GRP_008730,1,non_explicit
"When comparing weekly post ffrequeeency, some individuals may struggle to keep up with the trend.",0,neutral_statement,none,ffrequeeency,frequency,repetition,moderate,"When comparing weekly post frequency, some individuals may struggle to keep up with the trend.",AUG_000255,GRP_008730,1,non_explicit
"In the past year, my social media post ffrequeeency has increased by 20%.",0,neutral_statement,none,ffrequeeency,frequency,repetition,moderate,"In the past year, my social media post frequency has increased by 20%.",AUG_000256,GRP_008724,1,non_explicit
"When comparing weekly post fre4uency, some individuals may struggle to keep up with the trend.",0,neutral_statement,none,fre4uency,frequency,keyboard_noise+leetspeak,heavy,"When comparing weekly post frequency, some individuals may struggle to keep up with the trend.",AUG_000257,GRP_008730,1,non_explicit
"Last month, my friend's Instagram post fre4uency dropped significantly.",0,neutral_statement,none,fre4uency,frequency,keyboard_noise+leetspeak,heavy,"Last month, my friend's Instagram post frequency dropped significantly.",AUG_000258,GRP_008728,1,non_explicit
"When comparing weekly post frqency, some individuals may struggle to keep up with the trend.",0,neutral_statement,none,frqency,frequency,deletion,moderate,"When comparing weekly post frequency, some individuals may struggle to keep up with the trend.",AUG_000259,GRP_008730,1,non_explicit
"In the past year, my social media post frqency has increased by 20%.",0,neutral_statement,none,frqency,frequency,deletion,moderate,"In the past year, my social media post frequency has increased by 20%.",AUG_000260,GRP_008724,1,non_explicit
"Last month, my friend's Instagram post frqency dropped significantly.",0,neutral_statement,none,frqency,frequency,deletion,moderate,"Last month, my friend's Instagram post frequency dropped significantly.",AUG_000261,GRP_008728,1,non_explicit
"In the past year, my social media post frequuency has increased by 20%.",0,neutral_statement,none,frequuency,frequency,repetition,mild,"In the past year, my social media post frequency has increased by 20%.",AUG_000262,GRP_008724,1,non_explicit
"When comparing weekly post frequuency, some individuals may struggle to keep up with the trend.",0,neutral_statement,none,frequuency,frequency,repetition,mild,"When comparing weekly post frequency, some individuals may struggle to keep up with the trend.",AUG_000263,GRP_008730,1,non_explicit
"Last month, my friend's Instagram post frequuency dropped significantly.",0,neutral_statement,none,frequuency,frequency,repetition,mild,"Last month, my friend's Instagram post frequency dropped significantly.",AUG_000264,GRP_008728,1,non_explicit
"In the past year, my social media post frеquency has increased by 20%.",0,neutral_statement,none,frеquency,frequency,mixed_script,mild,"In the past year, my social media post frequency has increased by 20%.",AUG_000265,GRP_008724,1,non_explicit
"Last month, my friend's Instagram post frеquency dropped significantly.",0,neutral_statement,none,frеquency,frequency,mixed_script,mild,"Last month, my friend's Instagram post frequency dropped significantly.",AUG_000266,GRP_008728,1,non_explicit
"Last month, my friend's Instagram post frequencyy dropped significantly.",0,neutral_statement,none,frequencyy,frequency,repetition,mild,"Last month, my friend's Instagram post frequency dropped significantly.",AUG_000267,GRP_008728,1,non_explicit
"In the past year, my social media post frequencyy has increased by 20%.",0,neutral_statement,none,frequencyy,frequency,repetition,mild,"In the past year, my social media post frequency has increased by 20%.",AUG_000268,GRP_008724,1,non_explicit
"Your decision to skip a gihrahde was a brilliant move. You're clearly more than capable of tackling higher-level material, and I'm sure it'll open up many opportunities for you in the future.",0,genuine_compliment,individual,gihrahde,grade,insertion,moderate,"Your decision to skip a grade was a brilliant move. You're clearly more than capable of tackling higher-level material, and I'm sure it'll open up many opportunities for you in the future.",AUG_000269,GRP_020036,1,non_explicit
"Your intellect is truly remarkable, you managed to skip a gihrahde effortlessly!",1,backhanded_compliment,individual,gihrahde,grade,insertion,moderate,"Your intellect is truly remarkable, you managed to skip a grade effortlessly!",AUG_000270,GRP_019948,1,non_explicit
"Due to her outstanding academic performance, Emma decided to skip a gmrade in elementary school.",0,neutral_statement,individual,gmrade,grade,insertion,mild,"Due to her outstanding academic performance, Emma decided to skip a grade in elementary school.",AUG_000271,GRP_020063,1,non_explicit
"It was difficult to adjust to the expectations of the higher gmrade, but I found my way and learned to embrace the challenges.",0,venting_no_target,none,gmrade,grade,insertion,mild,"It was difficult to adjust to the expectations of the higher grade, but I found my way and learned to embrace the challenges.",AUG_000272,GRP_020031,1,non_explicit
"I heard that when Emma skipped a gmrade, she thought she was so smart. But now she's struggling to keep up, and her grades have tanked. 😕",1,rumor_spreading,individual,gmrade,grade,insertion,mild,"I heard that when Emma skipped a grade, she thought she was so smart. But now she's struggling to keep up, and her grades have tanked. 😕",AUG_000273,GRP_019944,1,non_explicit
"You're such a prodigy, able to skip a gradee so easily!",1,backhanded_compliment,individual,gradee,grade,repetition,mild,"You're such a prodigy, able to skip a grade so easily!",AUG_000274,GRP_019947,1,non_explicit
You're so talented you didn't even need to go through an entire gradee. Well played! 😜,1,fake_joke_deniability,individual,gradee,grade,repetition,mild,You're so talented you didn't even need to go through an entire grade. Well played! 😜,AUG_000275,GRP_020007,1,non_explicit
"Due to her outstanding academic performance, Emma decided to skip a gr4de in elementary school.",0,neutral_statement,individual,gr4de,grade,leetspeak,mild,"Due to her outstanding academic performance, Emma decided to skip a grade in elementary school.",AUG_000276,GRP_020063,1,non_explicit
"Remember when you skipped a gr4de to be 'smart'? Well, nobody likes a know-it-all anyway. Just see how fast you're left out when we're hanging out. We'll have a good laugh at your expense.",1,threat_clean,individual,gr4de,grade,leetspeak,mild,"Remember when you skipped a grade to be 'smart'? Well, nobody likes a know-it-all anyway. Just see how fast you're left out when we're hanging out. We'll have a good laugh at your expense.",AUG_000277,GRP_019963,1,non_explicit
"In the spring, some students who skip a gr4de in high school may struggle with the increased workload.",0,neutral_statement,topic,gr4de,grade,leetspeak,mild,"In the spring, some students who skip a grade in high school may struggle with the increased workload.",AUG_000278,GRP_020066,1,non_explicit
"I heard that when Emma skipped a grdaedeu, she thought she was so smart. But now she's struggling to keep up, and her grades have tanked. 😕",1,rumor_spreading,individual,grdaedeu,grade,insertion,moderate,"I heard that when Emma skipped a grade, she thought she was so smart. But now she's struggling to keep up, and her grades have tanked. 😕",AUG_000279,GRP_019944,1,non_explicit
"You know, you skipped a grdaedeu to 'impress' everyone. But guess what? You're just going to be the target of our jokes. We'll make sure nobody wants to be your friend, and you'll be all alone.",1,threat_clean,individual,grdaedeu,grade,insertion,moderate,"You know, you skipped a grade to 'impress' everyone. But guess what? You're just going to be the target of our jokes. We'll make sure nobody wants to be your friend, and you'll be all alone.",AUG_000280,GRP_019970,1,non_explicit
"In the spring, some students who skip a grafe in high school may struggle with the increased workload.",0,neutral_statement,topic,grafe,grade,keyboard_noise,mild,"In the spring, some students who skip a grade in high school may struggle with the increased workload.",AUG_000281,GRP_020066,1,non_explicit
I'm getting tired of having to explain things to John. He should have skipped a grafe like the rest of us did.,1,social_exclusion,individual,grafe,grade,keyboard_noise,mild,I'm getting tired of having to explain things to John. He should have skipped a grade like the rest of us did.,AUG_000282,GRP_019938,1,non_explicit
"It's funny how you think you're above everyone else because you skipped a gr_ade. I'm watching, and you'll soon learn that karma has a way of catching up.",1,cyberstalking_monitoring,individual,gr_ade,grade,spacing_noise,mild,"It's funny how you think you're above everyone else because you skipped a grade. I'm watching, and you'll soon learn that karma has a way of catching up.",AUG_000283,GRP_019996,1,non_explicit
It's not fair to skip a gr_ade just because you're 'ahead' academically.,1,topic_opinion_negative,none,gr_ade,grade,spacing_noise,mild,It's not fair to skip a grade just because you're 'ahead' academically.,AUG_000284,GRP_020016,1,non_explicit
I'm getting tired of having to explain things to John. He should have skipped a g rade like the rest of us did.,1,social_exclusion,individual,g rade,grade,spacing_noise,mild,I'm getting tired of having to explain things to John. He should have skipped a grade like the rest of us did.,AUG_000285,GRP_019938,1,non_explicit
John really needs to get his act together and skip a g rade like the rest of us did.,1,social_exclusion,individual,g rade,grade,spacing_noise,mild,John really needs to get his act together and skip a grade like the rest of us did.,AUG_000286,GRP_019937,1,non_explicit
Your brilliant mind allowed you to skip a g rade without breaking a sweat!,1,backhanded_compliment,individual,g rade,grade,spacing_noise,mild,Your brilliant mind allowed you to skip a grade without breaking a sweat!,AUG_000287,GRP_019951,1,non_explicit
"Well done on your storyy, but it could be even more powerful with some additional reflection on how it affected you and others.",0,constructive_criticism,none,storyy,story,repetition,mild,"Well done on your story, but it could be even more powerful with some additional reflection on how it affected you and others.",AUG_000288,GRP_008155,1,non_explicit
"Your storyy is important and powerful. Don't let the hardship define you, let it inspire you.",0,supportive_message,none,storyy,story,repetition,mild,"Your story is important and powerful. Don't let the hardship define you, let it inspire you.",AUG_000289,GRP_008165,1,non_explicit
"Yesterday, my friend shared her storyy about being bullied in school, and it really made me sad. I'm worried for her. 0, 'group'",1,victim_reporting,group,storyy,story,repetition,mild,"Yesterday, my friend shared her story about being bullied in school, and it really made me sad. I'm worried for her. 0, 'group'",AUG_000290,GRP_008201,1,non_explicit
"Sharing that storу is going to hurt your reputation, no one will want to be friends with someone like that.",1,threat_clean,self,storу,story,mixed_script,mild,"Sharing that story is going to hurt your reputation, no one will want to be friends with someone like that.",AUG_000291,GRP_008082,1,non_explicit
"You did a great job sharing your experience. To enhance your storу, consider including more vivid descriptions of the people and places involved.",0,constructive_criticism,none,storу,story,mixed_script,mild,"You did a great job sharing your experience. To enhance your story, consider including more vivid descriptions of the people and places involved.",AUG_000292,GRP_008162,1,non_explicit
"Your storhfiy is captivating, but it could be enhanced by providing some background details to create a stronger narrative.",0,constructive_criticism,none,storhfiy,story,insertion,moderate,"Your story is captivating, but it could be enhanced by providing some background details to create a stronger narrative.",AUG_000293,GRP_008156,1,non_explicit
"Your storhfiy has a strong impact, but it could be more relatable if you included some personal emotions and thoughts.",0,constructive_criticism,none,storhfiy,story,insertion,moderate,"Your story has a strong impact, but it could be more relatable if you included some personal emotions and thoughts.",AUG_000294,GRP_008160,1,non_explicit
"Hey there, James. You might want to be a bit more discreet with your storhfiy. I'm always watching...",1,cyberstalking_monitoring,individual,storhfiy,story,insertion,moderate,"Hey there, James. You might want to be a bit more discreet with your story. I'm always watching...",AUG_000295,GRP_008112,1,non_explicit
"I'm not trying to compete with anyone's stosrvy, I just want to share my own journey in a way that makes sense to me.",0,venting_no_target,none,stosrvy,story,insertion+keyboard_noise,heavy,"I'm not trying to compete with anyone's story, I just want to share my own journey in a way that makes sense to me.",AUG_000296,GRP_008139,1,non_explicit
"Man, that guy sure has a way of turning every conversation into a sob stosrvy. So much for 'strong and independent'.",1,implicit_mockery,individual,stosrvy,story,insertion+keyboard_noise,heavy,"Man, that guy sure has a way of turning every conversation into a sob story. So much for 'strong and independent'.",AUG_000297,GRP_008031,1,non_explicit
"Haha, I can't believe you still believe in the existence of Bigfoot. I mean, really? 😂 But hey, it makes for a good stroy, doesn't it? 😉",0,friendly_banter,individual,stroy,story,keyboard_noise,moderate,"Haha, I can't believe you still believe in the existence of Bigfoot. I mean, really? 😂 But hey, it makes for a good story, doesn't it? 😉",AUG_000298,GRP_008194,1,non_explicit
"If you think that stroy is going to make you popular, think again, you'll just become the laughing stock.",1,threat_clean,individual,stroy,story,keyboard_noise,moderate,"If you think that story is going to make you popular, think again, you'll just become the laughing stock.",AUG_000299,GRP_008085,1,non_explicit
"Sharing my stоry on social media can be really draining, but I also know that it helps me heal and connect with others.",0,venting_no_target,self,stоry,story,mixed_script,mild,"Sharing my story on social media can be really draining, but I also know that it helps me heal and connect with others.",AUG_000300,GRP_008138,1,non_explicit
"Your stоry is important and powerful. Don't let the hardship define you, let it inspire you.",0,supportive_message,none,stоry,story,mixed_script,mild,"Your story is important and powerful. Don't let the hardship define you, let it inspire you.",AUG_000301,GRP_008165,1,non_explicit
"Yesterday, my friend shared her stоry about being bullied in school, and it really made me sad. I'm worried for her. 0, 'group'",1,victim_reporting,group,stоry,story,mixed_script,mild,"Yesterday, my friend shared her story about being bullied in school, and it really made me sad. I'm worried for her. 0, 'group'",AUG_000302,GRP_008201,1,non_explicit
I can see the strength and resilience in your ѕtоry. Keep pushing forward and know that you have the support of many.,0,supportive_message,none,ѕtоry,story,mixed_script,moderate,I can see the strength and resilience in your story. Keep pushing forward and know that you have the support of many.,AUG_000303,GRP_008169,1,non_explicit
"Your ѕtоry is important and powerful. Don't let the hardship define you, let it inspire you.",0,supportive_message,none,ѕtоry,story,mixed_script,moderate,"Your story is important and powerful. Don't let the hardship define you, let it inspire you.",AUG_000304,GRP_008165,1,non_explicit
"Man, that guy sure has a way of turning every conversation into a sob stor. So much for 'strong and independent'.",1,implicit_mockery,individual,stor,story,deletion,mild,"Man, that guy sure has a way of turning every conversation into a sob story. So much for 'strong and independent'.",AUG_000305,GRP_008031,1,non_explicit
"Your stor is fantastic, but it could be even more powerful if you provided more details about the people and events involved.",0,constructive_criticism,none,stor,story,deletion,mild,"Your story is fantastic, but it could be even more powerful if you provided more details about the people and events involved.",AUG_000306,GRP_008161,1,non_explicit
"Sharing my stor on social media can be really draining, but I also know that it helps me heal and connect with others.",0,venting_no_target,self,stor,story,deletion,mild,"Sharing my story on social media can be really draining, but I also know that it helps me heal and connect with others.",AUG_000307,GRP_008138,1,non_explicit
You're doing a great job managing your worklоad! Just remember to take care of yourself too. Schedule some time for rest and self-care.,0,constructive_criticism,individual,worklоad,workload,mixed_script,mild,You're doing a great job managing your workload! Just remember to take care of yourself too. Schedule some time for rest and self-care.,AUG_000308,GRP_000804,1,non_explicit
You're doing a great job managing your workl! Just remember to take care of yourself too. Schedule some time for rest and self-care.,0,constructive_criticism,individual,workl,workload,deletion,moderate,You're doing a great job managing your workload! Just remember to take care of yourself too. Schedule some time for rest and self-care.,AUG_000309,GRP_000804,1,non_explicit
You're doing a great job managing your w0tkload! Just remember to take care of yourself too. Schedule some time for rest and self-care.,0,constructive_criticism,individual,w0tkload,workload,leetspeak+keyboard_noise,heavy,You're doing a great job managing your workload! Just remember to take care of yourself too. Schedule some time for rest and self-care.,AUG_000310,GRP_000804,1,non_explicit
You're doing a great job managing your wlrkload! Just remember to take care of yourself too. Schedule some time for rest and self-care.,0,constructive_criticism,individual,wlrkload,workload,keyboard_noise,mild,You're doing a great job managing your workload! Just remember to take care of yourself too. Schedule some time for rest and self-care.,AUG_000311,GRP_000804,1,non_explicit
You're doing a great job managing your worrkloadn! Just remember to take care of yourself too. Schedule some time for rest and self-care.,0,constructive_criticism,individual,worrkloadn,workload,insertion,moderate,You're doing a great job managing your workload! Just remember to take care of yourself too. Schedule some time for rest and self-care.,AUG_000312,GRP_000804,1,non_explicit
You're doing a great job managing your wrkload! Just remember to take care of yourself too. Schedule some time for rest and self-care.,0,constructive_criticism,individual,wrkload,workload,deletion,mild,You're doing a great job managing your workload! Just remember to take care of yourself too. Schedule some time for rest and self-care.,AUG_000313,GRP_000804,1,non_explicit
You're doing a great job managing your workllad! Just remember to take care of yourself too. Schedule some time for rest and self-care.,0,constructive_criticism,individual,workllad,workload,keyboard_noise,mild,You're doing a great job managing your workload! Just remember to take care of yourself too. Schedule some time for rest and self-care.,AUG_000314,GRP_000804,1,non_explicit
You're doing a great job managing your workkload! Just remember to take care of yourself too. Schedule some time for rest and self-care.,0,constructive_criticism,individual,workkload,workload,repetition,mild,You're doing a great job managing your workload! Just remember to take care of yourself too. Schedule some time for rest and self-care.,AUG_000315,GRP_000804,1,non_explicit
"You've been training so hard lately, I'm sure you'll reach that black b3ltr in no time! 🤣",0,friendly_banter,individual,b3ltr,belt,insertion+leetspeak,heavy,"You've been training so hard lately, I'm sure you'll reach that black belt in no time! 🤣",AUG_000316,GRP_013466,1,non_explicit
"I can't believe he claimed to have a black b3ltr, but he was struggling to remember the moves.",1,rumor_spreading,individual,b3ltr,belt,insertion+leetspeak,heavy,"I can't believe he claimed to have a black belt, but he was struggling to remember the moves.",AUG_000317,GRP_013332,1,non_explicit
"When we're playing soccer, don't let John participate because he keeps getting injured with his red bbbeelt.",1,social_exclusion,individual,bbbeelt,belt,repetition,moderate,"When we're playing soccer, don't let John participate because he keeps getting injured with his red belt.",AUG_000318,GRP_013314,1,non_explicit
"I can't believe she claimed to have a brown bbbeelt when in reality, she barely knows any techniques.",1,rumor_spreading,individual,bbbeelt,belt,repetition,moderate,"I can't believe she claimed to have a brown belt when in reality, she barely knows any techniques.",AUG_000319,GRP_013328,1,non_explicit
"Your purple b-elt is impressive, but try experimenting with different blocking techniques. The more varied your skills, the better equipped you'll be for any situation.",0,constructive_criticism,individual,b-elt,belt,spacing_noise,mild,"Your purple belt is impressive, but try experimenting with different blocking techniques. The more varied your skills, the better equipped you'll be for any situation.",AUG_000320,GRP_013432,1,non_explicit
"Your green b-elt is now a 'green-stained' dishrag. Haha, I'm just joking! 😜",1,fake_joke_deniability,individual,b-elt,belt,spacing_noise,mild,"Your green belt is now a 'green-stained' dishrag. Haha, I'm just joking! 😜",AUG_000321,GRP_013396,1,non_explicit
"Just saw your Instagram post about your recent b-elt test! 👏 You're doing great! Keep it up, buddy!",0,friendly_banter,individual,b-elt,belt,spacing_noise,mild,"Just saw your Instagram post about your recent belt test! 👏 You're doing great! Keep it up, buddy!",AUG_000322,GRP_013469,1,non_explicit
"Did you hear that your red beilt has turned into a 'reddy-knotted' piece of fabric? Haha, just kidding! 😝",1,fake_joke_deniability,individual,beilt,belt,insertion,mild,"Did you hear that your red belt has turned into a 'reddy-knotted' piece of fabric? Haha, just kidding! 😝",AUG_000323,GRP_013392,1,non_explicit
"Congratulations on your beilt. It's a great design, very fashionable. But tell me, did you earn it, or did you just luck out?",1,backhanded_compliment,individual,beilt,belt,insertion,mild,"Congratulations on your belt. It's a great design, very fashionable. But tell me, did you earn it, or did you just luck out?",AUG_000324,GRP_013338,1,non_explicit
I don't understand how this person can claim to be a black beilt when they can't even perform a basic punch.,1,pile_on_mob,individual,beilt,belt,insertion,mild,I don't understand how this person can claim to be a black belt when they can't even perform a basic punch.,AUG_000325,GRP_013374,1,non_explicit
"So, you've mastered the art of karate with your brown bely... 😶😶",1,implicit_mockery,individual,bely,belt,keyboard_noise,mild,"So, you've mastered the art of karate with your brown belt... 😶😶",AUG_000326,GRP_013310,1,non_explicit
"Your yellow bely shows dedication, but consider focusing more on your stances. Keeping your front foot perpendicular to your target can help improve your balance and power.",0,constructive_criticism,individual,bely,belt,keyboard_noise,mild,"Your yellow belt shows dedication, but consider focusing more on your stances. Keeping your front foot perpendicular to your target can help improve your balance and power.",AUG_000327,GRP_013430,1,non_explicit
I can't wait to see the look on your face when they give you the white bely. You'll be the laughingstock of the whole school.,1,threat_clean,individual,bely,belt,keyboard_noise,mild,I can't wait to see the look on your face when they give you the white belt. You'll be the laughingstock of the whole school.,AUG_000328,GRP_013360,1,non_explicit
"Congratulations on getting your 'black b*elt' so quickly. But let's be honest, you only got it because your instructor is a pushover.",1,manipulation_gaslighting,individual,b*elt,belt,spacing_noise,mild,"Congratulations on getting your 'black belt' so quickly. But let's be honest, you only got it because your instructor is a pushover.",AUG_000329,GRP_013365,1,non_explicit
"Your purple b*elt is impressive, but try experimenting with different blocking techniques. The more varied your skills, the better equipped you'll be for any situation.",0,constructive_criticism,individual,b*elt,belt,spacing_noise,mild,"Your purple belt is impressive, but try experimenting with different blocking techniques. The more varied your skills, the better equipped you'll be for any situation.",AUG_000330,GRP_013432,1,non_explicit
"Wow, your black b*elt in karate is truly an accomplishment. You're a shining example of dedication and determination. Congrats, Ben!",0,genuine_compliment,individual,b*elt,belt,spacing_noise,mild,"Wow, your black belt in karate is truly an accomplishment. You're a shining example of dedication and determination. Congrats, Ben!",AUG_000331,GRP_013426,1,non_explicit
Why do I always struggle to make it past this bbeeltt level? I just can't seem to get the hang of it.,0,venting_no_target,self,bbeeltt,belt,repetition,moderate,Why do I always struggle to make it past this belt level? I just can't seem to get the hang of it.,AUG_000332,GRP_013410,1,non_explicit
I can't believe you invited Michael to the team-building event. He's a brown bbeeltt and will monopolize the activities.,1,social_exclusion,individual,bbeeltt,belt,repetition,moderate,I can't believe you invited Michael to the team-building event. He's a brown belt and will monopolize the activities.,AUG_000333,GRP_013319,1,non_explicit
"Did you hear that your red blt has turned into a 'reddy-knotted' piece of fabric? Haha, just kidding! 😝",1,fake_joke_deniability,individual,blt,belt,deletion,mild,"Did you hear that your red belt has turned into a 'reddy-knotted' piece of fabric? Haha, just kidding! 😝",AUG_000334,GRP_013392,1,non_explicit
"So, you've mastered the art of karate with your brown blt... 😶😶",1,implicit_mockery,individual,blt,belt,deletion,mild,"So, you've mastered the art of karate with your brown belt... 😶😶",AUG_000335,GRP_013310,1,non_explicit
"Congratulations on your blt. It's a great design, very fashionable. But tell me, did you earn it, or did you just luck out?",1,backhanded_compliment,individual,blt,belt,deletion,mild,"Congratulations on your belt. It's a great design, very fashionable. But tell me, did you earn it, or did you just luck out?",AUG_000336,GRP_013338,1,non_explicit
"OMG, you made a t-ypo in your post! 'I love cats' should be 'I love CATS'! 😅 LOL! You need to slow down, you crazy typo machine. 😂",0,friendly_banter,individual,t-ypo,typo,spacing_noise,moderate,"OMG, you made a typo in your post! 'I love cats' should be 'I love CATS'! 😅 LOL! You need to slow down, you crazy typo machine. 😂",AUG_000337,GRP_006353,1,non_explicit
"Just a heads-up, your post has a t-ypo. It's a small thing, but just a friendly reminder!",1,manipulation_gaslighting,individual,t-ypo,typo,spacing_noise,moderate,"Just a heads-up, your post has a typo. It's a small thing, but just a friendly reminder!",AUG_000338,GRP_006253,1,non_explicit
"I can't believe you still haven't learned from your mistakes. I'm keeping tabs on every post you make about that t-ypo. Don't think I've forgotten it, because I haven't.",1,cyberstalking_monitoring,individual,t-ypo,typo,spacing_noise,moderate,"I can't believe you still haven't learned from your mistakes. I'm keeping tabs on every post you make about that typo. Don't think I've forgotten it, because I haven't.",AUG_000339,GRP_006271,1,non_explicit
"Hey, wanted to share your post with a friend and realized there's a little typ0 in it. You know how it goes!",1,manipulation_gaslighting,individual,typ0,typo,leetspeak,mild,"Hey, wanted to share your post with a friend and realized there's a little typo in it. You know how it goes!",AUG_000340,GRP_006251,1,non_explicit
I can't believe you're still making that same typ0 over and over again. Just know that I've been keeping tabs on all your posts about it. And every single one is getting saved on my phone.,1,cyberstalking_monitoring,individual,typ0,typo,leetspeak,mild,I can't believe you're still making that same typo over and over again. Just know that I've been keeping tabs on all your posts about it. And every single one is getting saved on my phone.,AUG_000341,GRP_006266,1,non_explicit
"Don't stress about the tyypoо in your post. It's okay. We all make mistakes, and it doesn't change the fact that you have valuable things to say. Keep sharing!",0,supportive_message,individual,tyypoо,typo,repetition+mixed_script,heavy,"Don't stress about the typo in your post. It's okay. We all make mistakes, and it doesn't change the fact that you have valuable things to say. Keep sharing!",AUG_000342,GRP_006333,1,non_explicit
"I see every post you make about that tyypoо. And every single one is getting saved on my phone. Be more careful, or I might just share them all with your friends.",1,cyberstalking_monitoring,individual,tyypoо,typo,repetition+mixed_script,heavy,"I see every post you make about that typo. And every single one is getting saved on my phone. Be more careful, or I might just share them all with your friends.",AUG_000343,GRP_006270,1,non_explicit
I can't believe they didn't catch that glaring tyypoо before publishing!,1,sarcasm_harmless,individual,tyypoо,typo,repetition+mixed_script,heavy,I can't believe they didn't catch that glaring typo before publishing!,AUG_000344,GRP_006371,1,non_explicit
"Haha, I'm laughing at your typо! 'Bring' should be 'bringing'! 🤣 You're like a human spellcheck! 😮",0,friendly_banter,individual,typо,typo,mixed_script,mild,"Haha, I'm laughing at your typo! 'Bring' should be 'bringing'! 🤣 You're like a human spellcheck! 😮",AUG_000345,GRP_006357,1,non_explicit
I'm sure you'll get a good laugh out of that typо you just made! 😄,1,threat_clean,individual,typо,typo,mixed_script,mild,I'm sure you'll get a good laugh out of that typo you just made! 😄,AUG_000346,GRP_006242,1,non_explicit
"Lol, what a typо! I'm glad I'm not the only one who noticed. 😏",1,pile_on_mob,individual,typо,typo,mixed_script,mild,"Lol, what a typo! I'm glad I'm not the only one who noticed. 😏",AUG_000347,GRP_006263,1,non_explicit
People will talk about your tyypoho for years to come! You better get used to the ridicule! 😠,1,threat_clean,individual,tyypoho,typo,repetition+insertion,heavy,People will talk about your typo for years to come! You better get used to the ridicule! 😠,AUG_000348,GRP_006247,1,non_explicit
"Hahaha, that tyypoho is gold. You're doing a great job of being the laughingstock. 🥳",1,pile_on_mob,individual,tyypoho,typo,repetition+insertion,heavy,"Hahaha, that typo is gold. You're doing a great job of being the laughingstock. 🥳",AUG_000349,GRP_006264,1,non_explicit
"Awesome tvjypo, 'that guy'. Really makes your point stand out. 😂",1,implicit_mockery,individual,tvjypo,typo,insertion,moderate,"Awesome typo, 'that guy'. Really makes your point stand out. 😂",AUG_000350,GRP_006195,1,non_explicit
Mocking someone's tvjypo is a waste of energy. Let's focus on the important stuff and give people the chance to learn and improve.,0,meta_commentary_condemning_bullying,none,tvjypo,typo,insertion,moderate,Mocking someone's typo is a waste of energy. Let's focus on the important stuff and give people the chance to learn and improve.,AUG_000351,GRP_006349,1,non_explicit
"Just a heads-up, your post has a 7yp0. It's a small thing, but just a friendly reminder!",1,manipulation_gaslighting,individual,7yp0,typo,leetspeak,moderate,"Just a heads-up, your post has a typo. It's a small thing, but just a friendly reminder!",AUG_000352,GRP_006253,1,non_explicit
"Just wanted to say, it's totally normal to have a 7yp0 in your post. We all make mistakes. Keep sharing your insights, you're doing a fantastic job!",0,supportive_message,individual,7yp0,typo,leetspeak,moderate,"Just wanted to say, it's totally normal to have a typo in your post. We all make mistakes. Keep sharing your insights, you're doing a fantastic job!",AUG_000353,GRP_006334,1,non_explicit
I just saw a post with a typooo in it. They're always easy to spot.,0,neutral_statement,none,typooo,typo,repetition,moderate,I just saw a post with a typo in it. They're always easy to spot.,AUG_000354,GRP_006335,1,non_explicit
"I see every post you make about that typooo. And every single one is getting saved on my phone. Be more careful, or I might just share them all with your friends.",1,cyberstalking_monitoring,individual,typooo,typo,repetition,moderate,"I see every post you make about that typo. And every single one is getting saved on my phone. Be more careful, or I might just share them all with your friends.",AUG_000355,GRP_006270,1,non_explicit
"Lol, what a typooo! I'm glad I'm not the only one who noticed. 😏",1,pile_on_mob,individual,typooo,typo,repetition,moderate,"Lol, what a typo! I'm glad I'm not the only one who noticed. 😏",AUG_000356,GRP_006263,1,non_explicit
